statuses_count,followers_count,friends_count,favourites_count,listed_count,default_profile,default_profile_image,geo_enabled,profile_use_background_image,utc_offset,is_translator,protected,verified,followers_friends_ratio,account_age_days,tweets_per_day,has_description,name_length,screen_name_digit_ratio,screen_name_has_digits,label
2177,208,332,265,1,,,1.0,,,,,,0.6246246246246246,689.0,3.1596516690856316,1,15,0.5,1,0
2660,330,485,3972,5,1.0,,1.0,1.0,32400.0,,,,0.6790123456790124,353.0,7.5354107648725215,1,5,0.5,1,0
1254,166,177,1185,0,,,,1.0,-14400.0,,,,0.9325842696629213,1457.0,0.8606726149622512,1,8,0.2222222222222222,1,0
202968,2248,981,60304,101,,,1.0,1.0,-7200.0,,,,2.2892057026476578,1686.0,120.38434163701068,1,17,0.0,0,0
82,21,79,5,0,1.0,,,1.0,,,,,0.2625,84.0,0.9761904761904762,1,8,0.5333333333333333,1,0
12915,641,1066,1568,7,,,,,-18000.0,,,,0.6007497656982193,549.0,23.524590163934427,1,2,0.3333333333333333,1,0
13676,1042,2000,19012,7,1.0,,1.0,1.0,,,,,0.5207396301849075,569.0,24.035149384885763,1,9,0.06666666666666667,1,0
61294,561,118,590,4,,,1.0,1.0,-14400.0,,,,4.714285714285714,1529.0,40.08763897972531,1,7,0.06666666666666667,1,0
4854,337,256,1407,4,1.0,,1.0,1.0,,,,,1.311284046692607,602.0,8.06312292358804,0,13,0.07692307692307693,1,0
2408,421,338,2227,5,1.0,,1.0,1.0,28800.0,,,,1.2418879056047198,753.0,3.197875166002656,1,12,0.125,1,0
24581,335,276,10570,4,,,,,-39600.0,,,,1.2093862815884477,1313.0,18.721249047981722,1,13,0.13333333333333333,1,0
2132,232,225,101,56,,,,1.0,-18000.0,,,,1.0265486725663717,2203.0,0.9677712210621879,1,20,0.07692307692307693,1,0
10354,1948,2096,3,88,,,,1.0,-25200.0,,,,0.9289461134954697,2255.0,4.591574279379158,1,13,0.2857142857142857,1,0
18484,271,216,8487,0,,,1.0,1.0,28800.0,,,,1.2488479262672811,672.0,27.50595238095238,1,10,0.16666666666666666,1,0
88,16,74,397,0,,,1.0,1.0,-25200.0,,,,0.21333333333333335,1367.0,0.06437454279444038,1,8,0.3333333333333333,1,0
2418,1190,355,1092,11,,,,1.0,28800.0,,,,3.342696629213483,951.0,2.5425867507886437,1,6,0.25,1,0
10839,7842,7836,8329,34,,,1.0,1.0,43200.0,,,,1.000637999234401,1814.0,5.975192943770672,1,14,0.0,0,0
4774,552,787,4029,11,1.0,,,1.0,,,,,0.700507614213198,467.0,10.222698072805139,1,20,0.07692307692307693,1,0
36,223,166,864,2,,,,1.0,-25200.0,,,,1.3353293413173652,444.0,0.08108108108108109,1,15,0.09090909090909091,1,0
9412,303,325,7304,2,,,1.0,1.0,,,,,0.9294478527607362,1602.0,5.8751560549313355,1,14,0.375,1,0
55052,1978,197,7274,7,1.0,,1.0,1.0,-28800.0,,,,9.98989898989899,1322.0,41.642965204236006,1,16,0.3076923076923077,1,0
69809,1605,969,12583,2,,,1.0,1.0,-18000.0,,,,1.6546391752577319,2129.0,32.789572569281354,1,13,0.3,1,0
7207,212,150,1877,0,1.0,,1.0,1.0,,,,,1.403973509933775,631.0,11.421553090332806,0,5,0.375,1,0
16677,1206,49,7008,6,1.0,,1.0,1.0,19800.0,,,,24.12,1402.0,11.89514978601997,1,16,0.4,1,0
24163,435,320,676,1,,,,1.0,7200.0,,,,1.355140186915888,1075.0,22.47720930232558,1,3,0.16666666666666666,1,0
45750,7644,359,54926,46,,,1.0,1.0,-25200.0,,,,21.233333333333334,396.0,115.53030303030303,1,4,0.3333333333333333,1,0
1203,182,117,136,0,,,1.0,1.0,28800.0,,,,1.5423728813559323,455.0,2.643956043956044,1,6,0.0,0,0
274989,9815,2190,40114,38,,,,,-18000.0,,,,4.479689639434048,1515.0,181.51089108910892,1,4,0.0,0,0
11334,349,348,2465,4,,,,1.0,7200.0,,,,1.0,1599.0,7.088180112570356,1,5,0.0,0,0
72102,726,28,165,23,,,1.0,1.0,-14400.0,,,,25.03448275862069,1171.0,61.57301451750641,1,20,0.0,0,0
15525,879,667,153,5,,,,1.0,-18000.0,,,,1.3158682634730539,2117.0,7.333490788852149,1,5,0.08333333333333333,1,0
31248,3205,2377,3650,282,,,1.0,1.0,-28800.0,,,,1.347771236333053,2014.0,15.515392254220457,1,12,0.0,0,0
105025,543,327,49956,1,,,1.0,1.0,-25200.0,,,,1.6554878048780488,1752.0,59.94577625570776,0,1,0.0,0,0
54,10,91,14,0,1.0,,,1.0,,,,,0.10869565217391304,1610.0,0.03354037267080745,0,12,0.3333333333333333,1,0
371,90,147,363,0,1.0,,1.0,1.0,,,,,0.6081081081081081,234.0,1.5854700854700854,1,2,0.0,0,0
2582,223,495,1668,3,1.0,,,1.0,-16200.0,,,,0.4495967741935484,350.0,7.377142857142857,0,16,0.0,0,0
427,75,77,279,0,,,,1.0,,,,,0.9615384615384616,2071.0,0.2061805890873974,1,5,0.125,1,0
416,25,28,2,1,,,,1.0,10800.0,,,,0.8620689655172413,1352.0,0.3076923076923077,1,19,0.0,0,0
34627,661,498,15474,1,,,,1.0,-14400.0,,,,1.3246492985971945,1242.0,27.880032206119164,1,4,0.14285714285714285,1,0
25098,832,644,6107,1,1.0,,1.0,1.0,28800.0,,,,1.289922480620155,818.0,30.682151589242054,1,5,0.0,0,0
283536,7785,424,1157,217,,,1.0,1.0,19800.0,,,,18.31764705882353,2189.0,129.52763819095478,1,15,0.2857142857142857,1,0
13634,697,103,5258,30,,,1.0,1.0,19800.0,,,,6.701923076923077,1909.0,7.141959140911472,1,12,0.25,1,0
10339,385,200,72,7,,,1.0,1.0,19800.0,,,,1.9154228855721394,1646.0,6.281287970838396,1,15,0.0,0,0
19390,385,252,11,1,1.0,,1.0,1.0,-14400.0,,,,1.5217391304347827,1366.0,14.194729136163982,0,16,0.0,0,0
1960,4910,1675,1043,22,,,1.0,1.0,-25200.0,,,,2.9295942720763724,786.0,2.4936386768447836,1,12,0.0,0,0
2766,79,196,587,0,,,,1.0,-25200.0,,,,0.4010152284263959,1396.0,1.981375358166189,1,11,0.0,0,0
3114,28,32,1,0,,,,,-14400.0,,,,0.8484848484848485,1849.0,1.6841535965386696,1,20,0.0,0,0
4236,249,278,1787,0,1.0,,1.0,1.0,,,,,0.8924731182795699,1796.0,2.3585746102449887,1,12,0.0,0,0
33298,698,600,4037,5,,,1.0,1.0,-18000.0,,,,1.161397670549085,1988.0,16.749496981891348,1,17,0.0,0,0
378,173,312,27,0,,,,1.0,-25200.0,,,,0.5527156549520766,503.0,0.7514910536779325,1,3,0.16666666666666666,1,0
46272,943,750,9355,3,,,,1.0,-21600.0,,,,1.255659121171771,1372.0,33.72594752186589,1,10,0.25,1,0
1043,81,77,2192,0,1.0,,1.0,1.0,,,,,1.0384615384615385,430.0,2.425581395348837,1,12,0.0,0,0
5194,247,177,3173,0,,,1.0,1.0,-18000.0,,1.0,,1.3876404494382022,1283.0,4.048324240062354,0,1,0.0,0,0
3547,1651,1754,1607,4,,,1.0,1.0,,,,,0.9407407407407408,406.0,8.736453201970443,1,13,0.0,0,0
6127,1233,1166,97,10,,,,1.0,-14400.0,,,,1.056555269922879,2204.0,2.77994555353902,1,12,0.0,0,0
3450,159,124,5059,5,1.0,,1.0,1.0,,,,,1.272,429.0,8.041958041958042,1,20,0.0,0,0
8102,241,273,1067,0,,,1.0,1.0,7200.0,,,,0.8795620437956204,1156.0,7.008650519031142,1,16,0.0,0,0
51961,1401,1335,48065,9,,,1.0,1.0,-18000.0,,,,1.0486526946107784,2008.0,25.87699203187251,1,16,0.3,1,0
23261,589,396,52,0,,,,1.0,-28800.0,,,,1.4836272040302267,1540.0,15.104545454545455,1,19,0.0,0,0
14187,358,967,280,8,1.0,,1.0,1.0,-18000.0,,,,0.36983471074380164,1568.0,9.047831632653061,1,9,0.0,0,0
169053,1193,351,3439,25,,,1.0,1.0,7200.0,,,,3.3892045454545454,1189.0,142.1808242220353,1,7,0.16666666666666666,1,0
3566,136,116,1330,0,,,1.0,1.0,7200.0,,,,1.1623931623931625,1690.0,2.110059171597633,1,15,0.0,0,0
2366,157,388,287,3,,,,1.0,28800.0,,,,0.40359897172236503,737.0,3.2103120759837176,1,18,0.0,0,0
639,120,64,407,1,,,1.0,1.0,18000.0,,,,1.8461538461538463,564.0,1.1329787234042554,1,19,0.26666666666666666,1,0
20291,1114,1292,11382,14,,,,1.0,-25200.0,,,,0.8615622583139985,1192.0,17.02265100671141,1,12,0.25,1,0
57768,348,389,13804,4,,,1.0,1.0,,,,,0.8923076923076924,739.0,78.17050067658998,1,6,0.0,0,0
844,93,385,27,0,,,,1.0,19800.0,,,,0.24093264248704663,1722.0,0.4901277584204414,1,13,0.0,0,0
7588,235,112,10979,0,1.0,,1.0,1.0,,,,,2.079646017699115,501.0,15.145708582834331,1,2,0.0,0,0
20388,399,402,529,3,,,1.0,1.0,-10800.0,,,,0.9900744416873449,1205.0,16.919502074688797,1,7,0.0,0,0
2287,71,56,295,3,,,,1.0,-28800.0,,,,1.2456140350877194,1977.0,1.1568032372281234,1,13,0.0,0,0
42077,763,97,922,18,,,1.0,1.0,-18000.0,,,,7.785714285714286,2251.0,18.692581075077744,1,19,0.0,0,0
16948,244,246,5500,3,1.0,,1.0,1.0,,,,,0.9878542510121457,802.0,21.13216957605985,1,4,0.0,0,0
4655,281,421,2466,1,,,,1.0,,,,,0.6658767772511849,566.0,8.224381625441696,1,7,0.0,0,0
23875,2134,654,241,8,1.0,,,1.0,-14400.0,,,,3.2580152671755727,807.0,29.584882280049566,1,20,0.0,0,0
14537,865,250,0,20,,,1.0,1.0,14400.0,,,,3.446215139442231,1083.0,13.422899353647276,1,16,0.0,0,0
8877,400,173,5293,2,,,1.0,1.0,7200.0,,,,2.2988505747126435,1214.0,7.312191103789127,1,6,0.0,0,0
5057,625,566,919,1,,,1.0,1.0,3600.0,,,,1.1022927689594357,1415.0,3.573851590106007,1,4,0.08333333333333333,1,0
7135,202,300,299,1,,,1.0,1.0,-10800.0,,,,0.6710963455149501,1105.0,6.457013574660634,1,15,0.0,0,0
346,451,403,1875,0,1.0,,,1.0,,,,,1.1163366336633664,718.0,0.4818941504178273,1,5,0.0,0,0
3629,269,187,1229,0,,,1.0,1.0,-18000.0,,,,1.4308510638297873,1937.0,1.8735157459989675,1,3,0.0,0,0
18745,553,1856,81,8,,,1.0,1.0,-18000.0,,,,0.29779213785675823,2138.0,8.767539756782039,1,15,0.0,0,0
9240,170,143,4567,2,1.0,,1.0,1.0,,,,,1.1805555555555556,317.0,29.14826498422713,0,7,0.0,0,0
8318,884,250,137,10,,,,,-18000.0,,,,3.5219123505976095,2129.0,3.9069985908877407,1,13,0.08333333333333333,1,0
1238,192,175,624,0,,,,1.0,-10800.0,,,,1.0909090909090908,691.0,1.7916063675832128,1,6,0.0,0,0
2182,254,292,620,1,1.0,,1.0,1.0,,,,,0.8668941979522184,733.0,2.9768076398362893,1,8,0.0,0,0
9156,285,205,4088,1,,,1.0,,,,1.0,,1.383495145631068,586.0,15.62457337883959,1,5,0.0,0,0
911,53,272,1177,1,,,,1.0,7200.0,,,,0.19413919413919414,1174.0,0.7759795570698467,0,8,0.0,0,0
38417,344,335,23322,4,,,1.0,1.0,-25200.0,,,,1.0238095238095237,1484.0,25.887466307277627,1,13,0.0,0,0
13572,701,708,6970,0,,,1.0,1.0,-18000.0,,,,0.9887165021156559,2090.0,6.49377990430622,1,5,0.0,0,0
1523,87,195,66,3,1.0,,1.0,1.0,,,,,0.44387755102040816,1828.0,0.8331509846827133,1,11,0.0,0,0
2055,142,129,489,0,1.0,,,1.0,,,,,1.0923076923076922,604.0,3.402317880794702,0,1,0.0,0,0
24986,650,348,4907,1,1.0,,,1.0,-25200.0,,,,1.8624641833810889,1229.0,20.33034987794955,1,16,0.0,0,0
21105,415,481,248,1,,,1.0,1.0,7200.0,,,,0.8609958506224067,1704.0,12.38556338028169,1,19,0.0,0,0
19515,689,470,2463,26,,,1.0,1.0,7200.0,,,,1.4628450106157111,2204.0,8.854355716878404,1,7,0.0,0,0
1000,108,155,1326,0,1.0,,,1.0,,,,,0.6923076923076923,131.0,7.633587786259542,1,20,0.2,1,0
2310,651,744,941,4,,,1.0,1.0,-25200.0,,,,0.8738255033557047,1560.0,1.4807692307692308,1,15,0.0,0,0
1182,220,1040,1388,7,1.0,,,1.0,43200.0,,,,0.21133525456292027,2274.0,0.5197889182058048,1,14,0.0,0,0
615,2544,262,979,4,,,1.0,1.0,7200.0,,,,9.673003802281368,803.0,0.7658779576587795,1,19,0.0,0,0
21207,631,213,408,12,,,1.0,1.0,19800.0,,,,2.9485981308411215,2139.0,9.914446002805049,1,10,0.0,0,0
37989,451,268,3140,9,,,1.0,1.0,-14400.0,,,,1.6765799256505576,2110.0,18.0042654028436,1,6,0.0,0,0
11452,389,297,5456,0,1.0,,1.0,1.0,,,,,1.3053691275167785,1293.0,8.856921887084301,1,15,0.15384615384615385,1,0
43447,1068,822,8097,2,,,1.0,,28800.0,,,,1.2976913730255164,825.0,52.663030303030304,1,6,0.0,0,0
17447,1953,1199,16715,15,,,1.0,1.0,-25200.0,,,,1.6275,780.0,22.367948717948718,1,4,0.0,0,0
15809,385,353,4688,5,,,1.0,1.0,,,,,1.0875706214689265,494.0,32.002024291497975,1,3,0.0,0,0
3559,99,105,663,0,,,1.0,1.0,19800.0,,,,0.9339622641509434,1964.0,1.8121181262729125,1,12,0.2222222222222222,1,0
4059,599,585,105,8,,,,1.0,7200.0,,,,1.022184300341297,1881.0,2.1578947368421053,1,8,0.0,0,0
87311,1878,1882,330,17,,,1.0,1.0,25200.0,,,,0.997344662772172,2111.0,41.360018948365706,1,16,0.0,0,0
13635,665,1168,4724,16,,,,1.0,-18000.0,,,,0.5688622754491018,2248.0,6.065391459074733,1,10,0.0,0,0
23799,462,272,4116,10,1.0,,,1.0,,,,,1.6923076923076923,1311.0,18.153318077803203,1,8,0.14285714285714285,1,0
4282,32,114,6,3,,,,1.0,-14400.0,,,,0.2782608695652174,265.0,16.158490566037734,1,11,0.0,0,0
36093,422,326,12075,7,,,,1.0,7200.0,,,,1.290519877675841,1080.0,33.419444444444444,1,3,0.0,0,0
3028,1915,1804,1441,72,,,1.0,1.0,,,,,1.0609418282548477,802.0,3.775561097256858,1,13,0.0,0,0
69,100,214,170,1,,,1.0,,-28800.0,,,,0.46511627906976744,25.0,2.76,1,14,0.0,0,0
157,23,102,23,0,1.0,,,1.0,,,,,0.22330097087378642,1236.0,0.12702265372168284,0,13,0.0,0,0
6747,592,254,7636,3,,,1.0,1.0,3600.0,,,,2.3215686274509806,1149.0,5.872062663185378,1,19,0.0,0,0
5414,486,305,2526,1,1.0,,1.0,1.0,,,,,1.588235294117647,1199.0,4.515429524603837,1,12,0.0,0,0
5051,167,351,80,4,,,,1.0,3600.0,,,,0.4744318181818182,1035.0,4.880193236714976,1,20,0.3076923076923077,1,0
29146,1347,736,2728,15,,,1.0,1.0,-28800.0,,,,1.8276797829036635,1797.0,16.219254312743463,1,11,0.0,0,0
9550,500,416,9175,4,,,1.0,1.0,28800.0,,,,1.1990407673860912,997.0,9.578736208625878,1,9,0.13333333333333333,1,0
718,118,224,180,2,,,,1.0,28800.0,,,,0.5244444444444445,460.0,1.5608695652173914,1,16,0.2,1,0
5939,720,727,420,6,1.0,,1.0,1.0,7200.0,,,,0.989010989010989,487.0,12.195071868583161,1,6,0.0,0,0
1271,14,38,62,0,1.0,,,1.0,,,,,0.358974358974359,419.0,3.0334128878281623,0,4,0.0,0,0
28255,1439,755,1983,3,,,1.0,,7200.0,,,,1.9034391534391535,1148.0,24.612369337979093,1,5,0.0,0,0
3259,175,116,1297,0,,,,1.0,,,,,1.4957264957264957,146.0,22.32191780821918,1,6,0.0,0,0
15595,1280,1985,3786,5,,,,1.0,-21600.0,,,,0.6445115810674723,1535.0,10.159609120521173,1,4,0.0,0,0
549,508,892,401,15,,,1.0,1.0,-14400.0,,,,0.568868980963046,2169.0,0.25311203319502074,1,11,0.0,0,0
2583,280,337,4537,0,,,,1.0,,,,,0.8284023668639053,129.0,20.023255813953487,0,9,0.0,0,0
44376,790,159,5517,18,1.0,,1.0,1.0,,,,,4.9375,515.0,86.16699029126214,1,17,0.0,0,0
108575,15305,1543,11161,132,,,,1.0,19800.0,,,,9.912564766839377,1180.0,92.01271186440678,1,14,0.0,0,0
1107,121,231,572,0,1.0,,,1.0,,,,,0.521551724137931,591.0,1.8730964467005076,1,15,0.0,0,0
2713,61,52,1032,1,1.0,,1.0,1.0,,,,,1.150943396226415,2107.0,1.2876127195064073,1,3,0.0,0,0
811,34,351,656,0,1.0,,,1.0,,,,,0.09659090909090909,584.0,1.3886986301369864,0,17,0.5333333333333333,1,0
5290,298,243,654,3,,,,1.0,,,,,1.221311475409836,2110.0,2.5071090047393363,1,18,0.0,0,0
82094,7689,207,30086,229,,,,1.0,46800.0,,,,36.96634615384615,1157.0,70.95419187554019,1,5,0.0,0,0
133,72,460,146,0,1.0,,,1.0,,,,,0.1561822125813449,11.0,12.090909090909092,0,13,0.0,0,0
10221,458,395,1813,3,,,,1.0,28800.0,,,,1.1565656565656566,1916.0,5.3345511482254695,1,10,0.0,0,0
50540,3491,3296,19086,72,,,1.0,1.0,10800.0,,,,1.0588413709432818,936.0,53.995726495726494,1,15,0.0,0,0
95069,1045,350,49312,20,,,1.0,1.0,7200.0,,,,2.977207977207977,1585.0,59.98044164037855,1,16,0.0,0,0
24117,788,405,6725,16,1.0,,1.0,1.0,7200.0,,,,1.9408866995073892,927.0,26.016181229773462,1,12,0.0,0,0
1303,147,138,71,4,,,1.0,1.0,28800.0,,,,1.0575539568345325,1646.0,0.7916160388821385,1,14,0.0,0,0
80,3,50,27,0,,,1.0,1.0,10800.0,,,,0.058823529411764705,1590.0,0.050314465408805034,0,14,0.0,0,0
8234,536,397,2684,0,,,1.0,1.0,-18000.0,,,,1.3467336683417086,1376.0,5.984011627906977,1,10,0.0,0,0
28655,462,290,413,15,,,1.0,1.0,19800.0,,,,1.5876288659793814,1834.0,15.62431842966194,1,10,0.0,0,0
9561,417,258,1130,0,,,1.0,1.0,-14400.0,,,,1.61003861003861,995.0,9.609045226130654,1,15,0.0,0,0
44535,314,290,16169,1,1.0,,1.0,1.0,,,,,1.0790378006872852,676.0,65.8801775147929,1,15,0.0,0,0
496,62,95,70,0,,,,1.0,,,,,0.6458333333333334,689.0,0.7198838896952104,1,17,0.0,0,0
325,101,230,20,0,1.0,,1.0,1.0,,,,,0.43722943722943725,1886.0,0.172322375397667,0,16,0.0,0,0
6877,247,838,1915,3,,,,,-14400.0,,,,0.2943980929678188,1334.0,5.155172413793103,1,15,0.0,0,0
2647,604,296,170,0,,,1.0,1.0,-14400.0,,,,2.0336700336700337,1179.0,2.2451229855810007,1,8,0.14285714285714285,1,0
3719,220,198,255,0,1.0,,,1.0,,,,,1.1055276381909547,553.0,6.725135623869801,1,8,0.0,0,0
6629,286,127,1110,2,,,1.0,1.0,10800.0,,,,2.234375,1021.0,6.4926542605288935,1,4,0.0,0,0
894,55,65,43,1,,,,1.0,,,,,0.8333333333333334,326.0,2.7423312883435584,1,11,0.0,0,0
31414,344,318,123,6,,,,1.0,-25200.0,,,,1.078369905956113,1981.0,15.857647652700656,1,11,0.0,0,0
10171,369,259,3192,0,,,1.0,1.0,-21600.0,,,,1.4192307692307693,1326.0,7.670437405731524,1,2,0.0,0,0
11133,6897,3735,22522,1,,,1.0,1.0,,,,,1.8460920770877944,595.0,18.7109243697479,1,6,0.0,0,0
14376,363,306,1753,1,1.0,,,1.0,-36000.0,,,,1.1824104234527688,1477.0,9.733243060257278,1,13,0.125,1,0
30812,252,234,45,7,,,1.0,1.0,-36000.0,,,,1.0723404255319149,2177.0,14.153422140560405,1,4,0.16666666666666666,1,0
1311,169,342,347,1,1.0,,,1.0,,,,,0.49271137026239065,725.0,1.8082758620689656,1,6,0.0,0,0
177,41,154,39,0,1.0,,,1.0,,,,,0.2645161290322581,2178.0,0.081267217630854,1,13,0.0,0,0
17348,321,231,7932,1,,,,1.0,28800.0,,,,1.3836206896551724,980.0,17.70204081632653,1,10,0.0,0,0
176950,35379,587,241,485,,,1.0,,-14400.0,,,,60.16836734693877,2240.0,78.99553571428571,1,6,0.0,0,0
265,26,107,442,0,,,1.0,1.0,32400.0,,,,0.24074074074074073,877.0,0.30216647662485746,1,3,0.0,0,0
2127,229,262,510,0,1.0,,1.0,1.0,-28800.0,,,,0.870722433460076,1221.0,1.742014742014742,1,14,0.0,0,0
41271,15171,210,7721,174,,,,1.0,32400.0,1.0,,,71.9004739336493,1913.0,21.573967590172504,1,5,0.0,0,0
1876,334,912,587,0,,,1.0,1.0,,,,,0.3658269441401972,2124.0,0.8832391713747646,1,13,0.0,0,0
1197,28,98,223,0,1.0,,,1.0,,,,,0.2828282828282828,247.0,4.846153846153846,0,3,0.0,0,0
1318,166,233,615,0,1.0,,,1.0,-18000.0,,,,0.7094017094017094,234.0,5.632478632478633,1,15,0.0,0,0
13209,204,115,3414,4,,,1.0,1.0,-18000.0,,,,1.7586206896551724,1280.0,10.31953125,1,13,0.0,0,0
84124,1575,1601,9220,21,,,,,-10800.0,,,,0.9831460674157303,1166.0,72.14751286449399,1,4,0.0,0,0
1410,844,1416,111,24,,,,1.0,-25200.0,,,,0.5956245589273113,2557.0,0.5514274540477122,1,20,0.0,0,0
85,74,121,307,0,1.0,,,1.0,,,,,0.6065573770491803,74.0,1.1486486486486487,1,11,0.25,1,0
25279,495,628,432,16,,,1.0,1.0,43200.0,,,,0.7869634340222575,1878.0,13.46059637912673,1,4,0.0,0,0
462,370,548,36,1,1.0,,1.0,1.0,,,,,0.6739526411657559,142.0,3.2535211267605635,1,5,0.0,0,0
24063,662,208,56035,19,,,,1.0,,,,,3.1674641148325358,291.0,82.69072164948453,1,14,0.0,0,0
2449,148,134,495,0,,,1.0,1.0,-18000.0,,,,1.0962962962962963,2201.0,1.1126760563380282,1,15,0.0,0,0
19678,423,261,10626,4,,,,1.0,-14400.0,,,,1.6145038167938932,1607.0,12.245177349097698,1,20,0.0,0,0
9510,1087,1096,4279,0,1.0,,1.0,1.0,-21600.0,,,,0.9908842297174111,1254.0,7.583732057416268,1,13,0.16666666666666666,1,0
4353,157,168,2083,0,,,,,,,,,0.9289940828402367,625.0,6.9648,1,4,0.0,0,0
2630,76,158,632,1,,,1.0,1.0,3600.0,,,,0.4779874213836478,1322.0,1.9894099848714069,1,4,0.0,0,0
249449,5169,3418,14341,218,,,,1.0,3600.0,,,,1.5118455688797894,2244.0,111.1626559714795,1,18,0.0,0,0
24457,841,482,7231,1,,,1.0,1.0,-25200.0,,,,1.74120082815735,703.0,34.78947368421053,1,5,0.0,0,0
32407,2418,2465,7282,90,,,1.0,1.0,-18000.0,,,,0.9805352798053528,2157.0,15.02410755679184,1,15,0.3333333333333333,1,0
79,8,24,23,0,1.0,,,1.0,,,,,0.32,324.0,0.24382716049382716,1,8,0.0,0,0
1515,3656,238,24,14,,,,1.0,-10800.0,,,,15.297071129707113,381.0,3.9763779527559056,1,19,0.0,0,0
361,60,223,99,0,,,,,-28800.0,,1.0,,0.26785714285714285,1372.0,0.2631195335276968,1,10,0.0,0,0
2689,380,155,27,0,,,1.0,1.0,10800.0,,,,2.4358974358974357,345.0,7.794202898550725,1,6,0.0,0,0
30259,1767,120,6774,14,1.0,,1.0,1.0,-25200.0,,,,14.603305785123966,317.0,95.45425867507886,1,8,0.0,0,0
8058,672,717,610,4,1.0,,1.0,1.0,-18000.0,,,,0.935933147632312,2000.0,4.029,1,18,0.0,0,0
1382,520,1302,1143,1,1.0,,,1.0,,,,,0.3990790483499616,508.0,2.720472440944882,1,16,0.0,0,0
26478,552,427,2975,0,,,1.0,1.0,-28800.0,,,,1.2897196261682242,1612.0,16.425558312655088,1,4,0.3,1,0
5352,384,187,877,2,,,1.0,1.0,-18000.0,,,,2.0425531914893615,2227.0,2.403233048944769,1,14,0.2857142857142857,1,0
52423,1940,305,14166,180,,,1.0,1.0,10800.0,,,,6.339869281045751,1943.0,26.98044261451364,1,11,0.25,1,0
242,187,152,86,2,,,,,,,,,1.2222222222222223,107.0,2.2616822429906542,1,13,0.0,0,0
2964,165,647,776,5,,,1.0,1.0,10800.0,,,,0.25462962962962965,456.0,6.5,1,20,0.0,0,0
1975,527,1778,196,15,,,,1.0,-18000.0,,,,0.2962338392355256,1755.0,1.1253561253561253,1,10,0.0,0,0
125,296,435,1071,0,,,1.0,1.0,,,,,0.6788990825688074,528.0,0.23674242424242425,1,15,0.0,0,0
160,165,574,31,1,1.0,,1.0,1.0,,,,,0.28695652173913044,2059.0,0.07770762506070908,1,11,0.0,0,0
10423,169,313,6879,1,1.0,,,1.0,7200.0,,,,0.5382165605095541,433.0,24.0715935334873,1,12,0.0,0,0
3517,274,635,1126,7,1.0,,,1.0,,,,,0.4308176100628931,77.0,45.675324675324674,0,20,0.0,0,0
1926,341,294,1451,0,1.0,,1.0,1.0,,,,,1.1559322033898305,821.0,2.3459196102314253,1,10,0.0,0,0
2391,148,258,943,0,1.0,,,1.0,-14400.0,,,,0.5714285714285714,953.0,2.508919202518363,1,5,0.0,0,0
776,196,134,379,0,1.0,,1.0,1.0,,,,,1.451851851851852,88.0,8.818181818181818,1,6,0.0,0,0
60715,616,604,3281,6,,,1.0,1.0,-28800.0,,,,1.018181818181818,1573.0,38.59821996185632,1,3,0.0,0,0
2178,93,210,88,1,,,1.0,1.0,,,,,0.44075829383886256,495.0,4.4,1,5,0.0,0,0
6641,1471,1977,7841,52,,,1.0,1.0,-25200.0,,,,0.743680485338726,2916.0,2.277434842249657,1,14,0.0,0,0
1296,351,422,682,0,1.0,,,1.0,,,,,0.8297872340425532,838.0,1.5465393794749402,1,7,0.13333333333333333,1,0
500,108,151,2027,0,1.0,,,1.0,,,,,0.7105263157894737,465.0,1.075268817204301,0,14,0.0,0,0
162921,1249,1724,1794,56,,,1.0,1.0,-18000.0,,,,0.7240579710144928,2290.0,71.14454148471616,1,5,0.0,0,0
23663,473,457,2988,2,,,1.0,1.0,7200.0,,,,1.0327510917030567,305.0,77.58360655737705,1,1,0.0,0,0
94113,1357,520,91458,17,,,1.0,1.0,-18000.0,,,,2.6046065259117084,1947.0,48.33744221879815,1,2,0.0,0,0
7811,244,242,5385,3,,,1.0,,3600.0,,,,1.0041152263374487,925.0,8.444324324324324,1,5,0.0,0,0
7051,189,206,2449,1,,,,1.0,-25200.0,,,,0.9130434782608695,2032.0,3.46998031496063,1,6,0.0,0,0
5210,641,426,1678,1,,,1.0,1.0,-18000.0,,,,1.5011709601873535,1540.0,3.383116883116883,1,13,0.0,0,0
711,49,205,74,0,,,,1.0,,,,,0.23786407766990292,465.0,1.5290322580645161,1,7,0.0,0,0
24257,510,322,8884,2,,,1.0,1.0,-18000.0,,,,1.5789473684210527,1159.0,20.929249352890423,0,9,0.18181818181818182,1,0
45,41,219,76,0,,,,,,,,,0.18636363636363637,69.0,0.6521739130434783,0,12,0.2,1,0
80156,1962,1094,1873,7,,,1.0,1.0,-18000.0,,,,1.7917808219178082,1880.0,42.636170212765954,1,9,0.0,0,0
2685,167,156,1888,1,,,1.0,1.0,-21600.0,,,,1.0636942675159236,1089.0,2.465564738292011,0,4,0.0,0,0
4952,22,301,150,0,,,1.0,1.0,-25200.0,,,,0.0728476821192053,706.0,7.014164305949008,1,9,0.2,1,0
160869,1592,1303,631,19,,,1.0,1.0,28800.0,,,,1.2208588957055215,2119.0,75.91741387446909,1,9,0.0,0,0
13,13,51,20,1,1.0,,,1.0,,,,,0.25,679.0,0.01914580265095729,1,14,0.0,0,0
61850,836,688,872,1,,,1.0,1.0,-18000.0,,,,1.2133526850507983,1445.0,42.80276816608997,1,12,0.0,0,0
78397,1712,1009,4558,10,,,1.0,,-28800.0,,,,1.695049504950495,1373.0,57.09905316824472,1,19,0.0,0,0
5297,1331,1943,63,44,,,1.0,1.0,-21600.0,,,,0.6846707818930041,2280.0,2.3232456140350877,1,15,0.0,0,0
4156,1242,1999,59,3,,,,1.0,7200.0,,,,0.621,848.0,4.900943396226415,1,11,0.0,0,0
22364,1236,624,16114,9,,,1.0,1.0,,,,,1.9776,472.0,47.38135593220339,1,3,0.0,0,0
23056,433,288,27152,0,,,1.0,1.0,-25200.0,,,,1.4982698961937717,1011.0,22.805143422354107,1,3,0.0,0,0
12230,1203,2001,5542,4,,,1.0,1.0,-25200.0,,,,0.6008991008991009,1045.0,11.703349282296651,1,15,0.0,0,0
26559,326,264,7777,0,,,1.0,1.0,-10800.0,,,,1.230188679245283,690.0,38.49130434782609,1,5,0.0,0,0
23645,1008,1756,897,66,1.0,,1.0,1.0,-18000.0,,,,0.5737051792828686,2341.0,10.100384451089278,1,13,0.0,0,0
94769,1477,908,126,1,1.0,,,1.0,7200.0,,,,1.624862486248625,1777.0,53.330894766460325,0,16,0.0,0,0
37857,372,547,663,6,,,1.0,1.0,28800.0,,,,0.6788321167883211,2229.0,16.98384925975774,1,10,0.0,0,0
5279,244,275,707,1,1.0,,1.0,1.0,-18000.0,,,,0.8840579710144928,904.0,5.839601769911504,0,9,0.09090909090909091,1,0
1002,302,275,1075,2,1.0,,1.0,1.0,,,,,1.0942028985507246,1446.0,0.6929460580912863,1,11,0.0,0,0
104,122,435,60,1,1.0,,,1.0,,,,,0.2798165137614679,925.0,0.11243243243243244,1,11,0.0,0,0
2348,193,191,387,0,,,,1.0,,,,,1.0052083333333333,1507.0,1.5580623755806238,0,13,0.0,0,0
32443,491,208,5631,1,1.0,,1.0,1.0,-14400.0,,,,2.349282296650718,1165.0,27.848068669527898,1,11,0.0,0,0
4265,171,129,1838,0,1.0,,1.0,1.0,,,,,1.3153846153846154,438.0,9.737442922374429,1,16,0.15384615384615385,1,0
2117,370,330,4254,1,1.0,,1.0,1.0,-25200.0,,,,1.1178247734138973,503.0,4.208747514910537,1,18,0.13333333333333333,1,0
14524,349,333,642,1,,,,1.0,,,,,1.0449101796407185,1395.0,10.411469534050179,1,3,0.0,0,0
1049,53,186,439,0,1.0,,1.0,1.0,,,,,0.28342245989304815,524.0,2.0019083969465647,0,6,0.15384615384615385,1,0
10383,374,372,137,15,,,1.0,1.0,3600.0,,,,1.002680965147453,2262.0,4.590185676392573,1,13,0.0,0,0
125,23,84,18,0,1.0,,1.0,1.0,,,,,0.27058823529411763,931.0,0.13426423200859292,1,12,0.15384615384615385,1,0
306,330,336,43,7,,,,1.0,,,,,0.9792284866468842,245.0,1.2489795918367348,1,13,0.0,0,0
16064,41442,4967,3079,80,,,,1.0,-25200.0,,,,8.341787439613526,2241.0,7.168228469433289,1,20,0.0,0,0
6509,315,317,4396,3,,,1.0,1.0,-25200.0,,,,0.9905660377358491,2034.0,3.2000983284169124,1,12,0.0,0,0
19697,746,237,66,25,,,1.0,1.0,19800.0,,,,3.134453781512605,2679.0,7.35237028742068,1,16,0.0,0,0
1916,221,265,2412,1,,,,1.0,-14400.0,,,,0.8308270676691729,1020.0,1.8784313725490196,1,14,0.2222222222222222,1,0
8158,158,347,5043,2,1.0,,1.0,1.0,-10800.0,,,,0.4540229885057471,1044.0,7.814176245210728,1,3,0.0,0,0
107367,2856,265,14885,24,,,1.0,,-25200.0,,,,10.736842105263158,1179.0,91.06615776081425,0,1,0.0,0,0
62631,52287,209,19,1342,,,,1.0,-18000.0,,,,248.9857142857143,1744.0,35.91227064220183,1,14,0.0,0,0
48397,1824,758,12787,8,1.0,,,1.0,-14400.0,,,,2.4031620553359683,323.0,149.8359133126935,1,5,0.0,0,0
15449,572,481,4311,0,1.0,,1.0,1.0,-18000.0,,,,1.1867219917012448,877.0,17.615735461801595,1,5,0.14285714285714285,1,0
22761,4056,101,10680,3,,,,1.0,28800.0,,,,39.76470588235294,737.0,30.883310719131615,1,5,0.0,0,0
3085,183,221,3183,2,,,1.0,1.0,-14400.0,,,,0.8243243243243243,1228.0,2.512214983713355,1,20,0.0,0,0
78,56,216,53,1,1.0,,,1.0,,,,,0.25806451612903225,1212.0,0.06435643564356436,0,10,0.0,0,0
4416,168,212,5707,0,1.0,,,1.0,,,,,0.7887323943661971,1206.0,3.6616915422885574,1,12,0.0,0,0
11770,1577,678,634,47,,,1.0,1.0,-25200.0,,,,2.322533136966127,3014.0,3.9051094890510947,1,12,0.0,0,0
40408,308,149,1446,0,,,1.0,1.0,-25200.0,,,,2.0533333333333332,1824.0,22.153508771929825,0,5,0.2857142857142857,1,0
54344,27856,756,291,605,,,1.0,1.0,-14400.0,,,1.0,36.797886393659184,2297.0,23.658685241619505,1,19,0.1,1,0
3078,309,421,13980,0,,,1.0,1.0,,,,,0.7322274881516587,1349.0,2.2816901408450705,1,13,0.2222222222222222,1,0
14018,1155,809,4376,3,,,1.0,1.0,28800.0,,,,1.4259259259259258,1804.0,7.770509977827051,1,15,0.0,0,0
3833,135,327,2951,2,,,,,28800.0,,,,0.4115853658536585,918.0,4.175381263616558,1,15,0.0,0,0
487,195,863,147,1,,,1.0,1.0,-18000.0,,,,0.22569444444444445,2308.0,0.2110051993067591,0,6,0.0,0,0
2501,118,109,218,0,,,1.0,1.0,28800.0,,,,1.0727272727272728,1490.0,1.6785234899328858,1,11,0.0,0,0
2984,1450,1798,316,41,1.0,,,1.0,,,,,0.8060033351862146,1083.0,2.755309325946445,1,12,0.0,0,0
14879,1080,1996,10479,3,,,1.0,1.0,,,,,0.5408112168252378,1647.0,9.034001214329082,1,6,0.375,1,0
16425,550,377,12316,14,,,1.0,1.0,-14400.0,,,,1.4550264550264551,1210.0,13.574380165289256,1,7,0.0,0,0
263,647,198,3213,2,,,,,3600.0,,,,3.251256281407035,529.0,0.497164461247637,0,2,0.0,0,0
66,15,49,129,0,1.0,,1.0,1.0,,,1.0,,0.3,241.0,0.27385892116182575,0,14,0.0,0,0
3621,73,71,156,0,,,,1.0,-25200.0,,,,1.0138888888888888,1112.0,3.256294964028777,1,5,0.0,0,0
780,147,171,1004,1,1.0,,1.0,1.0,,,,,0.8546511627906976,381.0,2.047244094488189,0,7,0.0,0,0
9209,439,564,1187,23,,,1.0,1.0,-25200.0,,,,0.7769911504424779,1741.0,5.289488799540494,1,19,0.0,0,0
86825,1050,145,134,35,,,1.0,1.0,-18000.0,,,,7.191780821917808,1100.0,78.93181818181819,1,9,0.0,0,0
410,85,179,133,0,1.0,,,1.0,10800.0,,,,0.4722222222222222,1038.0,0.394990366088632,1,20,0.0,0,0
52736,1293,1226,13256,6,,,1.0,1.0,,,,,1.0537897310513447,952.0,55.39495798319328,1,7,0.0,0,0
253,144,185,1030,0,1.0,,,1.0,,,,,0.7741935483870968,491.0,0.515274949083503,1,16,0.0,0,0
19036,423,427,1558,21,,,1.0,,43200.0,,,,0.9883177570093458,2309.0,8.244261585101775,1,13,0.0,0,0
2173,394,1012,2072,5,,,1.0,1.0,,,,,0.3889437314906219,1139.0,1.9078138718173836,1,12,0.0,0,0
5561,57,185,342,1,,,1.0,1.0,-10800.0,,,,0.3064516129032258,971.0,5.727085478887744,1,12,0.0,0,0
5042,331,261,1303,1,,,1.0,1.0,-25200.0,,,,1.2633587786259541,1263.0,3.9920823436262864,1,14,0.0,0,0
52000,465,272,4079,1,,,1.0,1.0,-25200.0,,,,1.7032967032967032,879.0,59.15813424345848,1,11,0.0,0,0
313,101,173,48,0,1.0,,,1.0,,,,,0.5804597701149425,85.0,3.6823529411764704,1,12,0.0,0,0
468,54,97,38,1,1.0,,1.0,1.0,,,,,0.5510204081632653,1244.0,0.3762057877813505,1,3,0.0,0,0
1745,289,215,3,26,,,,1.0,-18000.0,,,,1.337962962962963,2290.0,0.7620087336244541,1,14,0.0,0,0
63440,986,658,161,40,,,,1.0,3600.0,,,,1.4962063732928679,2589.0,24.503669370413288,1,12,0.0,0,0
89,41,284,28,1,,,1.0,,,,,,0.14385964912280702,987.0,0.09017223910840932,0,13,0.0,0,0
2631,255,169,1041,0,1.0,,,1.0,,,,,1.5,416.0,6.324519230769231,1,1,0.0,0,0
5816,359,441,14514,1,,,1.0,,,,,,0.8122171945701357,995.0,5.845226130653266,1,11,0.0,0,0
24185,558,354,3575,3,,,,1.0,-25200.0,,1.0,,1.5718309859154929,2201.0,10.98818718764198,1,17,0.0,0,0
11182,280,285,11857,3,1.0,,,1.0,,,,,0.9790209790209791,764.0,14.636125654450261,1,8,0.2,1,0
1323,333,272,4063,0,1.0,,,1.0,,,,,1.2197802197802199,1438.0,0.9200278164116829,1,4,0.0,0,0
9496,134,425,3895,1,,,,,-25200.0,,,,0.3145539906103286,835.0,11.37245508982036,1,16,0.08333333333333333,1,0
1102,202,258,20,18,,,,1.0,7200.0,,,,0.7799227799227799,1477.0,0.7461069735951252,1,9,0.0,0,0
25639,1187,434,26323,4,,,1.0,1.0,-25200.0,,,,2.7287356321839082,1682.0,15.243162901307967,1,13,0.0,0,0
9053,195,135,4675,1,,,1.0,1.0,-25200.0,,,,1.4338235294117647,1336.0,6.776197604790419,1,8,0.0,0,0
15793,549,307,13755,2,,,,1.0,-18000.0,,,,1.7824675324675325,1276.0,12.376959247648903,1,19,0.0,0,0
1353,133,98,311,0,,,1.0,1.0,28800.0,,,,1.3434343434343434,516.0,2.622093023255814,1,9,0.0,0,0
1325,256,313,963,0,,,1.0,1.0,28800.0,,,,0.8152866242038217,1199.0,1.1050875729774812,1,8,0.0,0,0
6607,245,151,1103,2,,,,1.0,-10800.0,,,,1.611842105263158,590.0,11.198305084745762,1,7,0.0,0,0
78147,1059,713,880,42,1.0,,1.0,1.0,3600.0,,,,1.4831932773109244,2407.0,32.46655587868716,1,11,0.0,0,0
14281,1261,1147,130,18,,,1.0,1.0,-18000.0,,,,1.098432055749129,2196.0,6.503187613843352,1,16,0.0,0,0
21241,363,342,12761,9,,,,,-25200.0,,,,1.0583090379008746,538.0,39.48141263940521,1,5,0.18181818181818182,1,0
14412,137,177,1632,0,,,,,28800.0,,,,0.7696629213483146,1095.0,13.161643835616438,1,16,0.0,0,0
7849,189,231,237,3,,,1.0,1.0,-18000.0,,,,0.8146551724137931,2114.0,3.7128666035950806,1,14,0.0,0,0
1431,224,302,48,7,,,1.0,1.0,-14400.0,,,,0.7392739273927392,2212.0,0.6469258589511754,1,19,0.0,0,0
8260,333,324,8478,3,,,1.0,1.0,-10800.0,,,,1.0246153846153847,1014.0,8.14595660749507,1,15,0.0,0,0
2466,3913,165,156,96,1.0,,1.0,1.0,7200.0,,,,23.572289156626507,1787.0,1.3799664241745944,1,17,0.0,0,0
247,51,382,50,4,,,,,43200.0,,,,0.13315926892950392,220.0,1.1227272727272728,1,17,0.0,0,0
6882,69,35,35,3,,,,1.0,28800.0,,,,1.9166666666666667,2156.0,3.192022263450835,0,8,0.0,0,0
10532,285,341,396,0,,,,1.0,-36000.0,,,,0.8333333333333334,682.0,15.442815249266863,1,6,0.0,0,0
61,2,20,9,0,1.0,1.0,,1.0,,,,,0.09523809523809523,858.0,0.07109557109557109,0,13,0.07692307692307693,1,0
1026,205,529,365,0,1.0,,,1.0,,,,,0.3867924528301887,371.0,2.765498652291105,1,2,0.07692307692307693,1,0
2249,304,194,2472,1,,,1.0,1.0,,,,,1.558974358974359,494.0,4.552631578947368,1,5,0.15384615384615385,1,0
1277,315,253,440,1,1.0,,1.0,1.0,,,,,1.2401574803149606,669.0,1.9088191330343798,1,10,0.0,0,0
16439,691,458,11204,12,,,1.0,1.0,-18000.0,,,,1.5054466230936818,986.0,16.67241379310345,1,14,0.0,0,0
4049,305,211,4008,7,,,1.0,,-10800.0,,,,1.4386792452830188,274.0,14.777372262773723,1,12,0.0,0,0
4871,1734,511,294,38,,,,1.0,,,,,3.38671875,1906.0,2.5556138509968522,1,18,0.0,0,0
1380,563,1670,2664,4,,,,1.0,-18000.0,,,,0.3369239976062238,1540.0,0.8961038961038961,1,5,0.0,0,0
4558,973,1165,2042,41,,,,1.0,-28800.0,,,,0.8344768439108061,2380.0,1.9151260504201681,1,15,0.0,0,0
34060,840,1242,26235,19,,,1.0,1.0,36000.0,,,,0.6757843925985519,1333.0,25.55138784696174,1,20,0.0,0,0
57581,153,97,7254,8,,,,,-10800.0,,,,1.5612244897959184,830.0,69.37469879518072,1,6,0.0,0,0
9548,162,168,842,1,,,,1.0,-25200.0,,,,0.9585798816568047,2153.0,4.434742220157919,1,18,0.2857142857142857,1,0
14374,1175,851,7304,4,1.0,,1.0,1.0,,,,,1.3791079812206573,611.0,23.525368248772505,1,15,0.07142857142857142,1,0
12689,523,495,14337,0,1.0,,,1.0,,,,,1.0544354838709677,550.0,23.07090909090909,1,14,0.0,0,0
651,26,62,8,0,1.0,,,1.0,,,,,0.4126984126984127,747.0,0.8714859437751004,1,6,0.0,0,0
2622,191,189,554,0,,,,1.0,-14400.0,,,,1.0052631578947369,1391.0,1.8849748382458662,1,5,0.0,0,0
5297,689,464,1035,0,,,1.0,1.0,-18000.0,,,,1.4817204301075269,1406.0,3.767425320056899,1,11,0.0,0,0
24,15,49,24,0,1.0,,,1.0,,,,,0.3,1171.0,0.02049530315969257,1,10,0.18181818181818182,1,0
2662,312,709,439,4,,,,1.0,,,,,0.4394366197183099,1026.0,2.594541910331384,1,12,0.16666666666666666,1,0
34050,1263,774,12660,4,1.0,,1.0,1.0,-25200.0,,,,1.6296774193548387,1071.0,31.792717086834735,1,11,0.0,0,0
11570,503,493,2511,5,1.0,,,1.0,,,,,1.0182186234817814,1597.0,7.244834063869756,1,8,0.0,0,0
6716,126,63,3727,3,,,1.0,1.0,-25200.0,,,,1.96875,793.0,8.469104665825977,1,6,0.0,0,0
7638,482,99,2028,1,1.0,,1.0,1.0,-21600.0,,,,4.82,1197.0,6.380952380952381,1,12,0.15384615384615385,1,0
437,113,167,207,0,1.0,,1.0,1.0,,,,,0.6726190476190477,107.0,4.08411214953271,1,10,0.1,1,0
50832,2621,1105,33353,69,,,1.0,,43200.0,,,,2.3698010849909585,1540.0,33.00779220779221,1,20,0.0,0,0
1560,350,106,806,35,1.0,,,1.0,,,,,3.2710280373831777,428.0,3.6448598130841123,1,5,0.0,0,0
610,1149,1995,32,61,,,1.0,1.0,-18000.0,,,,0.5756513026052105,2168.0,0.28136531365313655,1,14,0.0,0,0
869,60,116,1215,0,1.0,,,1.0,,,,,0.5128205128205128,662.0,1.3126888217522659,1,12,0.0,0,0
22664,576,323,6591,6,,,1.0,1.0,-18000.0,,,,1.7777777777777777,1973.0,11.487075519513432,1,12,0.0,0,0
12386,237,187,413,3,,,1.0,1.0,-14400.0,,,,1.2606382978723405,624.0,19.849358974358974,1,20,0.0,0,0
26783,22452,24691,195,492,,,,1.0,-25200.0,,,,0.9092823586586749,2572.0,10.413297045101089,1,18,0.0,0,0
10259,1070,357,4409,12,,,1.0,1.0,-18000.0,,,,2.988826815642458,1571.0,6.5302355187778485,1,12,0.0,0,0
3263,77,72,183,1,1.0,,,1.0,,,,,1.0547945205479452,288.0,11.32986111111111,1,18,0.0,0,0
31040,453,672,28037,6,,,1.0,,-14400.0,,,,0.6731054977711739,1253.0,24.772545889864325,1,11,0.0,0,0
7727,1118,755,254,3,,,,1.0,-18000.0,,,,1.4788359788359788,1592.0,4.853643216080402,1,15,0.13333333333333333,1,0
16,86,207,52,1,1.0,,,1.0,,,,,0.41346153846153844,405.0,0.03950617283950617,0,9,0.0,0,0
317,24,148,0,0,1.0,,,1.0,19800.0,,,,0.1610738255033557,754.0,0.4204244031830239,1,20,0.0,0,0
3830,331,622,2559,0,,,1.0,1.0,-18000.0,,,,0.5313001605136437,1218.0,3.1444991789819374,1,17,0.3076923076923077,1,0
11256,1249,1746,320,64,,,1.0,1.0,-25200.0,,,,0.7149398969662278,2234.0,5.038495971351836,1,13,0.0,0,0
2671,397,496,2820,0,1.0,,,1.0,,,,,0.7987927565392354,379.0,7.047493403693931,1,17,0.3333333333333333,1,0
1128,382,393,1643,4,1.0,,,1.0,,,,,0.9695431472081218,394.0,2.8629441624365484,1,5,0.0,0,0
2599,67,157,199,0,1.0,,1.0,1.0,,,,,0.4240506329113924,1127.0,2.306122448979592,1,13,0.0,0,0
2208,455,393,10609,1,,,1.0,1.0,-25200.0,,,,1.1548223350253808,1141.0,1.9351446099912357,1,8,0.0,0,0
16828,384,345,464,5,,,1.0,1.0,-18000.0,,,,1.1098265895953756,1195.0,14.082008368200837,1,16,0.16666666666666666,1,0
1977,124,304,461,2,1.0,,1.0,1.0,,,,,0.4065573770491803,2160.0,0.9152777777777777,1,19,0.0,0,0
57,31,117,17,0,,,,1.0,-14400.0,,,,0.2627118644067797,1158.0,0.04922279792746114,0,6,0.2222222222222222,1,0
5024,765,961,914,1,1.0,,,1.0,-25200.0,,,,0.7952182952182952,924.0,5.437229437229437,1,16,0.0,0,0
19707,344,434,29,12,,,1.0,1.0,43200.0,,,,0.7908045977011494,1691.0,11.654050857480781,1,13,0.0,0,0
1797,82,579,57,2,,,,1.0,-18000.0,,,,0.1413793103448276,1765.0,1.0181303116147309,1,10,0.0,0,0
2304,143,569,507,1,,,,1.0,10800.0,,,,0.25087719298245614,2253.0,1.022636484687084,1,9,0.16666666666666666,1,0
10977,687,600,5462,3,,,1.0,1.0,-28800.0,,,,1.1430948419301166,2114.0,5.192526017029328,1,11,0.0,0,0
5144,330,71,1815,3,,,1.0,,-14400.0,,,,4.583333333333333,983.0,5.232960325534079,1,18,0.0,0,0
1041,1086,256,132,4,,,1.0,1.0,-14400.0,,,,4.22568093385214,888.0,1.1722972972972974,1,7,0.14285714285714285,1,0
6095,710,373,539,6,,,1.0,1.0,-25200.0,,,,1.8983957219251337,1870.0,3.2593582887700534,1,14,0.0,0,0
3201,609,1493,2189,11,1.0,,1.0,1.0,-10800.0,,,,0.40763052208835343,773.0,4.141009055627426,1,4,0.0,0,0
17013,808,985,692,36,,,1.0,1.0,-14400.0,,,,0.8194726166328601,1601.0,10.626483447845096,1,13,0.3,1,0
23443,4326,231,6749,24,,,1.0,1.0,28800.0,,,,18.646551724137932,671.0,34.93740685543964,1,5,0.0,0,0
2050,220,310,1112,1,,,,1.0,28800.0,,,,0.707395498392283,1813.0,1.1307225592939878,0,19,0.0,0,0
134008,4411,841,278,14,,,1.0,1.0,-21600.0,,,,5.238717339667458,1920.0,69.79583333333333,1,14,0.0,0,0
3366,275,1260,630,4,,,,,-25200.0,,,,0.21808088818398097,1313.0,2.5635948210205637,0,17,0.4,1,0
1572,2736,2247,8804,7,,,,1.0,-25200.0,,,,1.217081850533808,1015.0,1.548768472906404,0,16,0.0,0,0
32547,716,610,5231,1,,,1.0,1.0,-25200.0,,,,1.1718494271685762,618.0,52.66504854368932,1,5,0.0,0,0
27242,548,492,1228,3,,,1.0,1.0,-18000.0,,,,1.1115618661257607,1500.0,18.161333333333335,1,11,0.0,0,0
23729,606,270,231,39,,,1.0,1.0,-18000.0,,,,2.236162361623616,2764.0,8.585021707670043,1,15,0.0,0,0
2775,249,271,2585,1,1.0,,,1.0,,,,,0.9154411764705882,1057.0,2.6253547776726585,1,12,0.125,1,0
27,13,49,27,0,1.0,,,1.0,,,,,0.26,70.0,0.38571428571428573,1,10,0.0,0,0
612,103,196,1648,0,,,1.0,,-25200.0,,,,0.5228426395939086,192.0,3.1875,1,12,0.0,0,0
11864,583,407,2007,0,,,1.0,1.0,-10800.0,,,,1.428921568627451,1120.0,10.592857142857143,1,16,0.0,0,0
3757,410,277,3528,0,1.0,,1.0,1.0,-14400.0,,,,1.474820143884892,891.0,4.2166105499438835,0,11,0.0,0,0
5716,271,261,2452,6,,,1.0,1.0,-18000.0,,,,1.034351145038168,1642.0,3.4811205846528623,1,13,0.0,0,0
14542,1029,552,14512,73,,,1.0,1.0,-18000.0,,,,1.860759493670886,1197.0,12.148705096073517,1,15,0.0,0,0
1471,171,212,1066,1,,,1.0,1.0,3600.0,,,,0.8028169014084507,1037.0,1.4185149469623914,1,5,0.1111111111111111,1,0
858,59,124,1194,0,1.0,,,1.0,,,,,0.472,243.0,3.5308641975308643,1,15,0.0,0,0
5471,243,304,415,4,,,1.0,1.0,-25200.0,,,,0.7967213114754098,1815.0,3.0143250688705234,1,14,0.0,0,0
3094,390,376,4138,1,,,1.0,1.0,-14400.0,,,,1.0344827586206897,1138.0,2.718804920913884,1,8,0.06666666666666667,1,0
1889,123,340,873,0,,,1.0,,3600.0,,,,0.36070381231671556,996.0,1.8965863453815262,1,15,0.0,0,0
2911,78,13,1062,4,,1.0,,,3600.0,,,,5.571428571428571,273.0,10.663003663003662,0,11,0.14285714285714285,1,0
41,3,36,5,0,,,1.0,1.0,28800.0,,,,0.08108108108108109,101.0,0.40594059405940597,1,18,0.0,0,0
48285,938,771,66,15,,,,,-21600.0,,,,1.2150259067357514,1680.0,28.741071428571427,1,14,0.0,0,0
412,32,33,78,2,,,,1.0,,,,,0.9411764705882353,58.0,7.103448275862069,1,10,0.2727272727272727,1,0
30783,515,846,36557,10,,,1.0,1.0,3600.0,,,,0.6080283353010626,393.0,78.32824427480917,1,12,0.08333333333333333,1,0
8793,637,915,570,0,,,1.0,1.0,32400.0,,,,0.6954148471615721,1218.0,7.219211822660099,1,8,0.09090909090909091,1,0
9052,758,971,5013,0,1.0,,,1.0,-18000.0,,,,0.779835390946502,267.0,33.90262172284644,1,5,0.0,0,0
27401,307,281,2392,2,,,1.0,,-14400.0,,,,1.0886524822695036,1670.0,16.407784431137724,1,5,0.0,0,0
7184,143,124,740,0,,,1.0,1.0,-18000.0,,,,1.144,1253.0,5.733439744612929,1,19,0.0,0,0
2689,473,448,1670,8,,,1.0,1.0,-18000.0,,,,1.0534521158129175,2109.0,1.2750118539592223,1,12,0.0,0,0
3101,126,158,179,1,,,,1.0,7200.0,,,,0.7924528301886793,1120.0,2.76875,0,6,0.2,1,0
57117,1732,1094,5807,110,,,,1.0,43200.0,,,,1.5817351598173517,2034.0,28.0811209439528,1,7,0.0,0,0
16004,590,894,806,12,,,1.0,1.0,-25200.0,,,,0.659217877094972,2224.0,7.196043165467626,1,10,0.0,0,0
16527,1199,795,8579,1,1.0,,,1.0,,,,,1.506281407035176,932.0,17.73283261802575,1,12,0.1111111111111111,1,0
10924,578,185,13651,13,,,,1.0,,,,,3.10752688172043,674.0,16.207715133531156,1,4,0.0,0,0
91288,1266,2001,7796,9,,,1.0,1.0,-10800.0,,,,0.6323676323676324,1861.0,49.05319720580333,0,19,0.0,0,0
152040,1478,538,21351,29,,,1.0,1.0,-10800.0,,,,2.7421150278293136,719.0,211.46036161335186,1,10,0.0,0,0
115585,3877,4241,11610,128,1.0,,1.0,1.0,-36000.0,,,,0.913955681282414,2038.0,56.71491658488714,1,4,0.0,0,0
14632,491,497,5714,9,1.0,,1.0,1.0,10800.0,,,,0.9859437751004017,1447.0,10.11195577055978,1,13,0.07692307692307693,1,0
4282,315,311,6284,0,,,,1.0,-25200.0,,,,1.0096153846153846,1755.0,2.43988603988604,1,9,0.0,0,0
44807,951,1011,843,55,1.0,,,1.0,10800.0,,,,0.9397233201581028,164.0,273.2134146341463,0,17,0.0,0,0
26577,2474,224,1962,77,,,,1.0,-14400.0,,,,10.995555555555555,2454.0,10.830073349633253,1,19,0.0,0,0
1784,140,159,971,0,,,1.0,1.0,-14400.0,,,,0.875,1615.0,1.1046439628482971,1,7,0.0,0,0
18047,407,420,7514,4,,,1.0,1.0,28800.0,,,,0.9667458432304038,1582.0,11.40771175726928,1,17,0.0,0,0
2071,283,225,956,1,1.0,,1.0,1.0,,,,,1.252212389380531,1132.0,1.8295053003533568,1,11,0.16666666666666666,1,0
23023,450,426,6462,7,,,1.0,1.0,-36000.0,,,,1.053864168618267,2142.0,10.748366013071895,1,10,0.0,0,0
38140,1098,525,4264,68,,,1.0,,28800.0,,,,2.08745247148289,2955.0,12.90693739424704,1,2,0.0,0,0
2218,182,120,258,1,1.0,,,1.0,,,,,1.5041322314049588,1173.0,1.8908780903665814,1,20,0.0,0,0
8890,230,222,3271,2,1.0,,,1.0,-14400.0,,,,1.031390134529148,1125.0,7.902222222222222,1,15,0.14285714285714285,1,0
10292,582,575,1946,0,,,1.0,1.0,28800.0,,,,1.0104166666666667,714.0,14.414565826330533,1,1,0.0,0,0
101,18,19,19,2,,,,1.0,-18000.0,,,,0.9,2073.0,0.04872165943077665,1,14,0.0,0,0
21475,863,2002,21746,84,,,,1.0,-14400.0,,,,0.4308537194208687,1544.0,13.908678756476684,1,7,0.0,0,0
124434,1818,1985,7452,41,,,1.0,1.0,-14400.0,,,,0.9154078549848943,2221.0,56.0261143628996,1,13,0.2857142857142857,1,0
3482,232,236,957,1,,,1.0,1.0,-10800.0,,,,0.9789029535864979,1602.0,2.1735330836454434,1,16,0.0,0,0
25541,586,297,10127,0,,,1.0,1.0,28800.0,,,,1.9664429530201342,951.0,26.856992639327025,1,5,0.0,0,0
7558,469,325,277,0,,,,,-28800.0,,,,1.4386503067484662,1272.0,5.9418238993710695,1,18,0.0,0,0
430,51,71,175,0,1.0,,1.0,1.0,,,,,0.7083333333333334,164.0,2.6219512195121952,0,12,0.0,0,0
1141,270,171,40,12,,,,1.0,,,,,1.569767441860465,702.0,1.6253561253561253,1,15,0.0,0,0
3189,219,309,238,3,,,,,,,,,0.7064516129032258,1142.0,2.7924693520140105,1,14,0.0,0,0
230131,1994,496,165741,29,,,1.0,1.0,19800.0,,,,4.012072434607646,1244.0,184.9927652733119,1,13,0.14285714285714285,1,0
3134,107,640,577,5,,,1.0,,19800.0,,,,0.1669266770670827,753.0,4.162018592297477,1,20,0.0,0,0
37955,465,538,2763,1,,,,1.0,,,,,0.862708719851577,1278.0,29.698748043818465,1,16,0.3333333333333333,1,0
137087,2134,1594,1021,16,,,1.0,1.0,-18000.0,,,,1.3379310344827586,1437.0,95.39805149617258,1,16,0.3,1,0
3184,428,467,2865,0,,,,1.0,,,,,0.9145299145299145,1046.0,3.043977055449331,1,8,0.18181818181818182,1,0
63771,1333,826,789,2,,,,1.0,-28800.0,,,,1.611850060459492,1966.0,32.43692777212615,1,5,0.0,0,0
7878,1415,2036,336,125,,,1.0,1.0,-14400.0,,,1.0,0.6946489936180658,1777.0,4.433314575126618,1,10,0.0,0,0
3101,345,219,1169,4,,,1.0,,-25200.0,,,,1.5681818181818181,2166.0,1.4316712834718375,0,13,0.0,0,0
10107,309,13,33,0,,,,1.0,-18000.0,,,,22.071428571428573,1508.0,6.702254641909814,1,11,0.0,0,0
156620,1103,642,35530,32,,,1.0,1.0,-25200.0,,,,1.7153965785381027,1121.0,139.71454058876003,1,4,0.0,0,0
750,104,102,266,6,,,,1.0,28800.0,,,,1.0097087378640777,372.0,2.0161290322580645,1,11,0.0,0,0
8359,86922,622,3373,614,,,1.0,1.0,-25200.0,,,,139.52166934189407,675.0,12.383703703703704,1,18,0.0,0,0
20641,7665,2576,538,23,,,,1.0,-18000.0,,,,2.9743888242142025,2022.0,10.208209693372899,1,15,0.0,0,0
194,22,407,79,1,,,,1.0,10800.0,,,,0.05392156862745098,1944.0,0.09979423868312758,1,5,0.0,0,0
4824,117,247,619,1,,,1.0,1.0,-18000.0,,,,0.4717741935483871,1268.0,3.804416403785489,1,12,0.0,0,0
16670,219,518,246,7,,,,1.0,19800.0,,,,0.42196531791907516,2118.0,7.870632672332389,1,9,0.0,0,0
56,15,28,0,0,,,1.0,1.0,43200.0,,,,0.5172413793103449,2229.0,0.02512337371018394,0,12,0.0,0,0
17418,523,172,5160,3,,,1.0,1.0,,,,,3.023121387283237,836.0,20.83492822966507,1,12,0.0,0,0
9576,97,158,3523,0,,,1.0,1.0,-18000.0,,,,0.610062893081761,451.0,21.232815964523283,1,20,0.2,1,0
18506,230,125,1564,1,1.0,,1.0,1.0,,,,,1.8253968253968254,504.0,36.71825396825397,0,15,0.42857142857142855,1,0
2733,177,239,2510,2,1.0,,1.0,1.0,-25200.0,,,,0.7375,150.0,18.22,1,6,0.0,0,0
27689,1282,838,4067,11,,,1.0,1.0,10800.0,,,,1.5280095351609058,1135.0,24.395594713656386,1,12,0.0,0,0
543,50,57,38,3,,,,1.0,7200.0,,,,0.8620689655172413,1074.0,0.505586592178771,1,6,0.0,0,0
24580,1057,484,3245,6,,,,1.0,-25200.0,,,,2.179381443298969,1118.0,21.985688729874777,1,18,0.0,0,0
27608,1061,313,180,25,,,,,-36000.0,,,,3.378980891719745,2118.0,13.034938621340888,1,7,0.0,0,0
908,190,218,452,1,,,,1.0,-18000.0,,,,0.867579908675799,2037.0,0.44575355915562104,1,10,0.0,0,0
6478,938,878,8353,3,,,1.0,1.0,28800.0,,,,1.0671217292377702,776.0,8.347938144329897,1,16,0.0,0,0
5332,449,369,234,7,,,,,-16200.0,,,,1.2135135135135136,2148.0,2.4823091247672253,1,13,0.07142857142857142,1,0
7511,113,97,196,6,,,,1.0,-25200.0,,,,1.153061224489796,1204.0,6.238372093023256,1,13,0.0,0,0
17879,404,396,29,1,1.0,,,1.0,,,,,1.0176322418136021,1554.0,11.505148005148005,1,13,0.07692307692307693,1,0
5459,1234,1996,4477,26,,,1.0,1.0,-18000.0,,,,0.6179268903355033,803.0,6.7982565379825655,1,14,0.0,0,0
3423,620,468,984,1,,,1.0,,,,,,1.3219616204690832,1276.0,2.6826018808777428,1,14,0.0,0,0
13444,511,231,90,1,,,1.0,1.0,,,,,2.2025862068965516,729.0,18.441700960219478,1,15,0.0,0,0
1219,127,148,678,1,1.0,,1.0,1.0,,,,,0.8523489932885906,1024.0,1.1904296875,0,6,0.0,0,0
17862,564,1085,66,21,,,1.0,,-18000.0,,,,0.5193370165745856,2088.0,8.554597701149426,1,13,0.0,0,0
5438,56,255,95,1,1.0,,,1.0,,,,,0.21875,597.0,9.108877721943049,1,9,0.5,1,0
3098,2506,1991,229,194,,,,1.0,-18000.0,,,,1.2580321285140563,2274.0,1.3623570800351803,1,12,0.0,0,0
13382,564,169,723,0,,,1.0,1.0,-18000.0,,,,3.3176470588235296,1293.0,10.349574632637278,1,14,0.16666666666666666,1,0
9457,46,163,486,1,,,,1.0,-25200.0,,,,0.2804878048780488,760.0,12.44342105263158,1,10,0.0,0,0
589,170,295,12,0,,,1.0,1.0,-14400.0,,,,0.5743243243243243,1100.0,0.5354545454545454,1,15,0.09090909090909091,1,0
24758,1216,842,15658,9,,,,1.0,-14400.0,,,,1.442467378410439,418.0,59.229665071770334,1,5,0.0,0,0
1121,89,147,864,7,1.0,,,1.0,,,,,0.6013513513513513,81.0,13.839506172839506,1,4,0.3333333333333333,1,0
944,81,92,1697,0,1.0,,,1.0,,,,,0.8709677419354839,207.0,4.5603864734299515,1,14,0.09090909090909091,1,0
471,72,229,81,0,1.0,,,1.0,,,,,0.3130434782608696,152.0,3.098684210526316,1,4,0.0,0,0
3839,226,419,1197,3,,,1.0,,,,,,0.5380952380952381,1041.0,3.6878001921229586,1,3,0.2,1,0
10215,557,998,14198,14,,,1.0,1.0,18000.0,,,,0.5575575575575575,1958.0,5.2170582226762,1,17,0.2727272727272727,1,0
15970,459,198,2869,2,,,,,-25200.0,,,,2.306532663316583,570.0,28.017543859649123,1,20,0.125,1,0
4537,486,591,3590,11,,,1.0,1.0,-18000.0,,,,0.8209459459459459,1520.0,2.9848684210526315,1,18,0.0,0,0
182,204,1221,48,2,1.0,,,1.0,,,,,0.16693944353518822,732.0,0.24863387978142076,1,10,0.0,0,0
16010,22513,15257,803,28,,,1.0,1.0,7200.0,,1.0,,1.475488268449338,1236.0,12.953074433656958,1,9,0.1,1,0
4629,489,102,10957,0,,,1.0,1.0,-25200.0,,,,4.747572815533981,418.0,11.074162679425838,1,3,0.0,0,0
4772,452,389,3744,1,1.0,,1.0,1.0,,,,,1.158974358974359,1150.0,4.149565217391304,1,14,0.13333333333333333,1,0
348,20,67,100,0,1.0,,1.0,1.0,,,,,0.29411764705882354,394.0,0.883248730964467,1,9,0.23076923076923078,1,0
1826,78,712,302,1,,,1.0,1.0,-28800.0,,,,0.1093969144460028,1450.0,1.2593103448275862,1,10,0.0,0,0
15767,408,411,381,2,,,1.0,1.0,-25200.0,,,,0.9902912621359223,1160.0,13.592241379310344,0,12,0.0,0,0
6564,337,346,9247,0,,,,1.0,-14400.0,,,,0.9711815561959655,2124.0,3.0903954802259888,1,4,0.2727272727272727,1,0
4834,240,175,2901,1,,,1.0,1.0,-28800.0,,,,1.3636363636363635,1202.0,4.021630615640599,1,5,0.0,0,0
6782,341,322,141,2,,,1.0,1.0,10800.0,,,,1.0557275541795665,1551.0,4.372662798194713,1,6,0.0,0,0
48449,4825,4572,309,30,,,,1.0,0.0,,,,1.0551060572928055,616.0,78.65097402597402,1,10,0.1111111111111111,1,0
16318,378,624,3248,4,,,1.0,1.0,28800.0,,,,0.6048,1628.0,10.023341523341523,1,9,0.0,0,0
178,60,100,26,0,1.0,,,1.0,,,,,0.594059405940594,234.0,0.7606837606837606,1,4,0.0,0,0
383,241,345,659,1,,,1.0,1.0,18000.0,,,,0.6965317919075145,1567.0,0.24441608168474793,1,5,0.2857142857142857,1,0
2024,1512,1030,0,15,,,,1.0,-18000.0,,,,1.466537342386033,1828.0,1.1072210065645514,1,5,0.0,0,0
1184,33,82,1230,6,,,1.0,,,,,,0.39759036144578314,835.0,1.4179640718562874,1,9,0.0,0,0
54809,1037,1179,11381,4,,,1.0,1.0,28800.0,,,,0.8788135593220339,840.0,65.24880952380953,1,10,0.0,0,0
37358,92,215,37,8,,,,1.0,-14400.0,,,,0.42592592592592593,2162.0,17.279370952821463,1,8,0.0,0,0
10348,466,186,1585,1,,,1.0,1.0,-18000.0,,,,2.4919786096256686,1407.0,7.354655294953802,1,7,0.0,0,0
283,60,180,266,1,1.0,,1.0,1.0,18000.0,,,,0.3314917127071823,713.0,0.39691444600280507,1,4,0.5555555555555556,1,0
19236,495,516,3712,10,,,1.0,1.0,-18000.0,,,,0.9574468085106383,2246.0,8.564559216384684,1,14,0.0,0,0
6250,227,453,1993,1,,,1.0,1.0,-21600.0,,,,0.5,2063.0,3.0295685894328646,1,15,0.4444444444444444,1,0
9284,342,334,13425,1,1.0,,,1.0,-18000.0,,,,1.0208955223880598,773.0,12.010349288486417,1,8,0.0,0,0
311,136,156,603,0,1.0,,,1.0,,,,,0.8662420382165605,73.0,4.260273972602739,1,12,0.0,0,0
13825,285,100,8089,1,1.0,,,1.0,-10800.0,,,,2.8217821782178216,1284.0,10.767133956386292,1,4,0.0,0,0
20276,187,180,45,7,,,1.0,1.0,7200.0,,,,1.0331491712707181,761.0,26.643889618922472,1,4,0.0,0,0
63388,2166,1996,4139,3,,,1.0,1.0,-18000.0,,,,1.084626940410616,1798.0,35.25472747497219,1,10,0.0,0,0
18263,491,886,9310,16,,,1.0,1.0,,,,,0.5535512965050733,882.0,20.706349206349206,1,8,0.0,0,0
2458,117,373,41,5,,,,1.0,,,,,0.31283422459893045,310.0,7.929032258064516,1,16,0.0,0,0
21288,2032,736,1077,4,,,,1.0,-25200.0,,,,2.757123473541384,1377.0,15.459694989106755,1,15,0.0,0,0
45234,876,410,3006,16,,,1.0,1.0,10800.0,,,,2.1313868613138687,630.0,71.8,1,6,0.0,0,0
189,29,109,3,0,1.0,,,1.0,,,,,0.2636363636363636,72.0,2.625,1,9,0.0,0,0
57528,286,47,57,2,,,1.0,1.0,-18000.0,,,,5.958333333333333,2215.0,25.972009029345372,1,10,0.0,0,0
16975,183,300,30,1,1.0,,1.0,1.0,14400.0,,,,0.6079734219269103,1087.0,15.616375344986201,1,1,0.0,0,0
4120,267,241,896,2,,,1.0,1.0,,,,,1.103305785123967,597.0,6.901172529313233,1,13,0.0,0,0
3141,399,99,31,3,,,1.0,1.0,18000.0,,,,3.99,2043.0,1.5374449339207048,1,12,0.0,0,0
22488,375,162,1941,7,,,,1.0,-18000.0,,,,2.3006134969325154,897.0,25.070234113712374,1,13,0.0,0,0
81569,1227,273,735,5,,,1.0,1.0,10800.0,,,,4.478102189781022,1647.0,49.52580449301761,1,15,0.0,0,0
1865,69,102,1205,0,1.0,,1.0,1.0,,,,,0.6699029126213593,1024.0,1.8212890625,0,10,0.0,0,0
321,5,14,19,0,,,1.0,,28800.0,,,,0.3333333333333333,1651.0,0.19442761962447003,1,10,0.4444444444444444,1,0
2081,6,2,6,1,,,,1.0,,,,,2.0,984.0,2.1148373983739837,1,17,0.0,0,0
2034,319,469,655,4,,,,,-18000.0,,,,0.6787234042553192,1277.0,1.5927956147220046,1,11,0.0,0,0
179448,2681,2700,168011,94,,,,1.0,-14400.0,,,,0.9925953350610884,323.0,555.5665634674923,1,17,0.0,0,0
7679,289,320,1756,1,1.0,,1.0,1.0,-25200.0,,,,0.9003115264797508,1507.0,5.095554080955541,1,4,0.0,0,0
28337,992,1064,18896,1,,,1.0,1.0,-14400.0,,,,0.9314553990610329,902.0,31.415742793791573,1,20,0.0,0,0
9596,1375,1079,429,98,,,1.0,1.0,7200.0,,,,1.2731481481481481,2363.0,4.060939483707152,1,20,0.0,0,0
2325,247,980,1740,3,1.0,,1.0,1.0,,,,,0.25178389398572887,497.0,4.678068410462776,0,7,0.0,0,0
44646,29139,906,2809,1277,,,1.0,1.0,16200.0,,,,32.12679162072767,2501.0,17.851259496201518,1,9,0.0,0,0
30450,2313,441,2193,93,1.0,,,1.0,10800.0,,,,5.233031674208145,994.0,30.633802816901408,1,11,0.0,0,0
244,109,81,3,0,,,1.0,,3600.0,,,,1.329268292682927,2289.0,0.10659676714722587,1,12,0.0,0,0
5573,1117,142,5202,4,,,,1.0,43200.0,,,,7.811188811188811,516.0,10.800387596899224,1,11,0.0,0,0
2885,304,189,3,0,1.0,,1.0,1.0,,,,,1.6,842.0,3.4263657957244655,1,18,0.0,0,0
15926,794,645,182,5,,,1.0,1.0,-36000.0,,,,1.2291021671826625,1737.0,9.168681635002878,1,13,0.0,0,0
24064,359,248,2905,0,1.0,,,1.0,-25200.0,,,,1.4417670682730923,1245.0,19.3285140562249,1,10,0.0,0,0
25177,351,135,24,1,,,1.0,1.0,-18000.0,,,,2.5808823529411766,1359.0,18.526122148638706,1,3,0.0,0,0
1728,387,1217,997,3,1.0,,,1.0,19800.0,,,,0.31773399014778325,1333.0,1.296324081020255,1,19,0.3333333333333333,1,0
1157,135,108,2309,0,1.0,,,1.0,,,,,1.238532110091743,437.0,2.6475972540045767,1,9,0.07142857142857142,1,0
398,144,387,18,9,,,1.0,1.0,-25200.0,,,,0.3711340206185567,1451.0,0.2742935906271537,1,12,0.0,0,0
12037,358,225,5742,0,1.0,,1.0,1.0,,,,,1.584070796460177,1226.0,9.818107667210441,0,10,0.0,0,0
24875,1639,1997,8372,39,,,,1.0,-18000.0,,,,0.8203203203203203,1410.0,17.641843971631207,1,11,0.0,0,0
43,46,183,32,0,1.0,,,1.0,,,,,0.25,1014.0,0.04240631163708087,1,11,0.0,0,0
53591,6375,6995,24446,153,1.0,,1.0,1.0,,,,,0.9112349914236707,767.0,69.870925684485,1,14,0.4444444444444444,1,0
19835,385,278,4775,4,,,1.0,1.0,18000.0,,,,1.3799283154121864,1970.0,10.068527918781726,1,19,0.0,0,0
315,317,629,121,1,,,,1.0,,,,,0.5031746031746032,1623.0,0.19408502772643252,1,15,0.0,0,0
2514,967,1003,276,49,,,1.0,1.0,-25200.0,,,,0.9631474103585658,2201.0,1.1422080872330758,1,6,0.0,0,0
54857,14844,139,2724,145,,,1.0,1.0,28800.0,,,,106.02857142857142,1916.0,28.63100208768267,1,1,0.0,0,0
2108,250,422,536,1,,,1.0,,36000.0,,,,0.5910165484633569,1394.0,1.5121951219512195,1,10,0.0,0,0
36,36,229,41,0,1.0,,,1.0,,,,,0.1565217391304348,1060.0,0.033962264150943396,1,12,0.375,1,0
87493,1604,141,21397,20,,,1.0,1.0,-25200.0,,,,11.295774647887324,662.0,132.16465256797582,1,20,0.0,0,0
1378,429,1989,983,6,1.0,,1.0,1.0,20700.0,,,,0.2155778894472362,1154.0,1.194107452339688,1,20,0.08333333333333333,1,0
7411,628,604,3623,2,1.0,,1.0,1.0,,,,,1.0380165289256198,542.0,13.673431734317344,1,20,0.0,0,0
4605,581,316,3730,0,,,1.0,,-18000.0,,,,1.832807570977918,1370.0,3.3613138686131387,1,16,0.0,0,0
4041,664,526,12721,4,,,,1.0,28800.0,,,,1.2599620493358634,29.0,139.3448275862069,1,7,0.0,0,0
3268,141,311,39,2,1.0,,,1.0,-14400.0,,,,0.4519230769230769,1660.0,1.9686746987951806,1,12,0.0,0,0
5125,806,723,26589,39,,,,,43200.0,,,,1.1132596685082874,248.0,20.66532258064516,1,5,0.0,0,0
7492,1860,1968,3783,4,1.0,,1.0,1.0,,,,,0.9446419502285424,487.0,15.383983572895277,1,13,0.0,0,0
12138,263,168,1977,3,,,1.0,,3600.0,,,,1.5562130177514792,2200.0,5.5172727272727276,1,8,0.2,1,0
4738,524,397,1594,1,1.0,,,1.0,,,,,1.3165829145728642,1267.0,3.7395422257300712,1,1,0.0,0,0
8213,642,675,18265,5,,,1.0,1.0,-10800.0,,,,0.9497041420118343,523.0,15.703632887189293,1,4,0.0,0,0
17952,277,417,8186,6,,,1.0,1.0,-7200.0,,,,0.6626794258373205,1456.0,12.32967032967033,1,19,0.0,0,0
8896,614,1170,275,13,,,1.0,1.0,-18000.0,,,,0.5243381725021349,1725.0,5.157101449275363,1,20,0.0,0,0
4741,111,85,1061,0,,,1.0,1.0,-25200.0,,,,1.2906976744186047,608.0,7.797697368421052,1,7,0.0,0,0
1148,82,157,38,8,,,,1.0,-25200.0,,,,0.5189873417721519,2257.0,0.5086397873283119,1,20,0.0,0,0
17939,377,367,5895,1,,,1.0,1.0,-18000.0,,,,1.0244565217391304,1419.0,12.642001409443269,1,8,0.0,0,0
47690,1685,1048,443,1,,,1.0,,-18000.0,,,,1.6062917063870352,1425.0,33.46666666666667,1,10,0.0,0,0
2061,106,153,107,1,,,1.0,1.0,7200.0,,,,0.6883116883116883,1270.0,1.6228346456692913,0,9,0.2857142857142857,1,0
15398,193,78,498,2,,,,1.0,3600.0,,,,2.4430379746835444,2214.0,6.95483288166215,1,6,0.0,0,0
9040,85,144,35,5,,,,1.0,-25200.0,,,,0.5862068965517241,1640.0,5.512195121951219,1,7,0.2222222222222222,1,0
408,144,187,261,0,1.0,,,1.0,,,,,0.7659574468085106,67.0,6.08955223880597,1,14,0.15384615384615385,1,0
12533,164,154,2618,0,,,1.0,1.0,-14400.0,,,,1.0580645161290323,897.0,13.972129319955407,1,10,0.0,0,0
64168,393,195,34711,5,,,,1.0,-36000.0,,,,2.0051020408163267,1117.0,57.44673231871083,1,5,0.0,0,0
3159,193,80,856,2,,,1.0,1.0,7200.0,,,,2.382716049382716,1451.0,2.177119228118539,1,7,0.0,0,0
77001,1574,1427,10150,13,,,1.0,,-14400.0,,,,1.1022408963585435,1389.0,55.436285097192226,1,5,0.0,0,0
6566,188,216,5359,1,1.0,,,1.0,,,,,0.8663594470046083,547.0,12.003656307129798,0,0,0.0,0,0
4504,374,1032,667,3,,,1.0,1.0,-28800.0,,,,0.36205227492739595,1455.0,3.09553264604811,1,6,0.0,0,0
2187,482,240,6631,0,1.0,,,1.0,,,,,2.0,863.0,2.5341830822711473,1,13,0.0,0,0
10212,193,184,7184,0,,,1.0,1.0,-14400.0,,,,1.0432432432432432,1900.0,5.374736842105263,1,12,0.2222222222222222,1,0
54081,4143,2518,52212,3,,,1.0,1.0,-25200.0,,,,1.6447002778880508,1434.0,37.71338912133891,0,4,0.0,0,0
1952,1745,1997,777,30,1.0,,1.0,1.0,,,,,0.8733733733733734,915.0,2.1333333333333333,1,11,0.0,0,0
28,90,536,315,3,,,1.0,1.0,28800.0,,,,0.16759776536312848,1803.0,0.01552967276760954,1,18,0.0,0,0
10158,1466,1321,1277,1,,,1.0,1.0,,,,,1.1089258698940998,1439.0,7.059068797776233,1,16,0.0,0,0
277,26,76,9,0,1.0,,,1.0,7200.0,,,,0.33766233766233766,1927.0,0.14374675661650232,0,18,0.0,0,0
5136,442,289,2759,1,,,1.0,1.0,,,,,1.5241379310344827,1091.0,4.707607699358387,1,6,0.0,0,0
135,42,55,0,1,,,1.0,,,,,,0.75,1091.0,0.12373968835930339,0,14,0.0,0,0
2171,189,129,2777,1,,,,1.0,10800.0,,,,1.4538461538461538,1085.0,2.000921658986175,1,17,0.0,0,0
6325,1102,1,16,16,,,,1.0,,,,,551.0,1417.0,4.463655610444602,1,15,0.0,0,0
7553,95,112,924,1,1.0,,,1.0,43200.0,,,,0.8407079646017699,1036.0,7.29054054054054,1,10,0.18181818181818182,1,0
108,45,74,204,0,,,,,,,,,0.6,669.0,0.16143497757847533,0,14,0.0,0,0
19532,483,241,3124,2,1.0,,,1.0,-25200.0,,,,1.9958677685950412,860.0,22.711627906976744,1,6,0.14285714285714285,1,0
5838,274,1150,639,7,,,1.0,1.0,-25200.0,,,,0.2380538662033015,1801.0,3.2415324819544695,1,12,0.2,1,0
47956,1299,2001,3538,37,,,1.0,1.0,7200.0,,,,0.6488511488511488,1797.0,26.686700055648302,1,17,0.0,0,0
5471,235,249,348,9,1.0,,,1.0,,,,,0.94,1016.0,5.38484251968504,1,4,0.0,0,0
24109,1339,483,5434,0,,,1.0,1.0,-21600.0,,,,2.7665289256198347,1294.0,18.631375579598146,1,10,0.0,0,0
306,203,18,6407,3,1.0,,,1.0,,,,,10.68421052631579,237.0,1.2911392405063291,1,8,0.2222222222222222,1,0
81000,1423,1360,10556,9,,,1.0,1.0,-18000.0,,,,1.0455547391623805,2204.0,36.7513611615245,1,6,0.09090909090909091,1,0
977,212,400,370,0,1.0,,1.0,1.0,,,,,0.5286783042394015,490.0,1.993877551020408,1,11,0.09090909090909091,1,0
2773,362,487,2732,0,1.0,,,1.0,,,,,0.7418032786885246,167.0,16.604790419161677,1,16,0.0,0,0
5361,435,375,1193,0,1.0,,,1.0,,,1.0,,1.1569148936170213,421.0,12.73396674584323,1,8,0.0,0,0
3278,204,459,396,11,,,,1.0,43200.0,,,,0.4434782608695652,1745.0,1.8785100286532952,1,13,0.0,0,0
10788,4685,4647,1816,118,,,,1.0,-36000.0,,,,1.007960413080895,1407.0,7.667377398720682,1,6,0.25,1,0
16763,118,98,134,3,,,1.0,1.0,-25200.0,,,,1.1919191919191918,1966.0,8.526449643947101,1,7,0.0,0,0
13698,334,223,14881,2,,,1.0,1.0,-25200.0,,,,1.4910714285714286,2021.0,6.777832756061356,1,8,0.0,0,0
15840,1532,517,983,9,,,,1.0,,,,,2.9575289575289574,518.0,30.57915057915058,1,6,0.0,0,0
5862,484,839,4751,1,,,1.0,1.0,28800.0,,,,0.5761904761904761,1465.0,4.0013651877133105,1,14,0.07142857142857142,1,0
4251,806,659,6059,1,1.0,,1.0,1.0,,,,,1.2212121212121212,817.0,5.2031823745410035,1,14,0.0,0,0
8106,499,506,878,0,1.0,,,1.0,,,,,0.9842209072978304,814.0,9.958230958230958,1,14,0.1111111111111111,1,0
8703,385,194,774,2,1.0,,1.0,1.0,10800.0,,,,1.9743589743589745,1554.0,5.600386100386101,1,4,0.0,0,0
5,24,34,9,0,1.0,,1.0,1.0,,,,,0.6857142857142857,424.0,0.01179245283018868,0,11,0.0,0,0
4160,191,257,978,6,,,,1.0,-18000.0,,,,0.7403100775193798,1399.0,2.973552537526805,1,14,0.0,0,0
328921,59178,32791,9539,2083,,,,1.0,32400.0,,,,1.804647474993901,2021.0,162.75160811479466,1,15,0.0,0,0
23657,380,333,43,1,,,1.0,1.0,-14400.0,,,,1.1377245508982037,1554.0,15.223294723294723,1,8,0.0,0,0
1350,227,786,33,3,,,1.0,1.0,3600.0,,,,0.2884371029224905,2029.0,0.665352390340069,1,10,0.0,0,0
19960,198,288,2110,6,,,1.0,1.0,18000.0,,,,0.6851211072664359,765.0,26.091503267973856,1,7,0.0,0,0
19764,777,587,4043,1,,,1.0,,-25200.0,,,,1.3214285714285714,1543.0,12.808813998703824,1,6,0.0,0,0
57,39,53,53,0,1.0,,,1.0,,,,,0.7222222222222222,349.0,0.16332378223495703,0,14,0.0,0,0
1186,144,193,1206,0,,,,1.0,28800.0,,1.0,,0.7422680412371134,546.0,2.172161172161172,0,11,0.0,0,0
40985,1238,1108,6619,3,1.0,,,1.0,,,,,1.1163210099188459,835.0,49.08383233532934,1,16,0.0,0,0
990,712,859,223,22,,,,1.0,-18000.0,,,,0.827906976744186,1405.0,0.7046263345195729,1,11,0.1,1,0
279,60,119,68,0,,,1.0,,,,,,0.5,344.0,0.811046511627907,0,6,0.0,0,0
49363,2084,1028,6356,45,,,1.0,1.0,-25200.0,,,,2.0252672497570456,1894.0,26.06282998944034,1,11,0.0,0,0
677,152,320,912,0,1.0,,,1.0,,,,,0.4735202492211838,951.0,0.711882229232387,1,12,0.15384615384615385,1,0
5343,159,273,10225,1,1.0,,1.0,1.0,,,,,0.5802919708029197,573.0,9.324607329842932,1,4,0.0,0,0
49648,592,392,2313,2,,,1.0,1.0,-18000.0,,,,1.5063613231552162,2053.0,24.18314661471018,0,13,0.0,0,0
5961,326,303,182,9,,,,1.0,-25200.0,,,,1.0723684210526316,2212.0,2.6948462929475587,1,6,0.0,0,0
525,36,71,53,0,,,1.0,1.0,28800.0,,,,0.5,1571.0,0.3341820496499045,1,11,0.0,0,0
23145,594,731,12009,26,,,,1.0,-18000.0,,,,0.8114754098360656,1615.0,14.3312693498452,1,12,0.0,0,0
10218,3152,2522,339,86,,,,1.0,-18000.0,,,,1.2493063812921126,2352.0,4.344387755102041,1,8,0.0,0,0
32984,789,271,1050,5,,,1.0,1.0,32400.0,,,,2.900735294117647,2130.0,15.48544600938967,1,20,0.0,0,0
63739,23717,189,27024,107,,,,,-36000.0,,1.0,,124.82631578947368,769.0,82.88556566970091,1,4,0.0,0,0
608,15,101,1,0,1.0,,,1.0,18000.0,,,,0.14705882352941177,405.0,1.5012345679012347,0,20,0.0,0,0
22837,211,700,6529,8,,,1.0,1.0,-14400.0,,,,0.30099857346647646,1818.0,12.561606160616062,1,2,0.0,0,0
29978,1706,653,9022,2,1.0,,,1.0,,,,,2.6085626911314983,752.0,39.86436170212766,1,13,0.0,0,0
59918,1377,209,3997,10,,,1.0,1.0,19800.0,,,,6.557142857142857,1663.0,36.030066145520145,1,18,0.0,0,0
16111,344,201,95,2,,,1.0,1.0,28800.0,,,,1.702970297029703,2174.0,7.410763569457222,1,18,0.0,0,0
1679,79,262,254,3,,,1.0,1.0,-25200.0,,,,0.30038022813688214,1729.0,0.9710815500289185,1,2,0.0,0,0
421,147,466,701,0,,,,,-25200.0,,,,0.3147751605995717,332.0,1.2680722891566265,1,14,0.0,0,0
28098,2317,1130,7162,78,,,,1.0,,,,,2.048629531388152,1182.0,23.771573604060915,1,17,0.0,0,0
3588,474,255,371,9,,,1.0,1.0,7200.0,,,,1.8515625,1818.0,1.9735973597359735,1,11,0.0,0,0
1096,71,187,533,0,1.0,,,1.0,,,,,0.3776595744680851,375.0,2.9226666666666667,1,8,0.0,0,0
5852,398,584,2295,1,,,1.0,1.0,,,,,0.6803418803418804,1497.0,3.9091516366065466,1,8,0.375,1,0
32572,68,68,1534,2,,,1.0,1.0,7200.0,,,,0.9855072463768116,1365.0,23.862271062271063,1,4,0.0,0,0
51563,1301,993,313954,64,,,,1.0,32400.0,,,,1.3088531187122736,2110.0,24.43744075829384,1,8,0.0,0,0
3484,408,244,174,0,,,1.0,1.0,7200.0,,,,1.6653061224489796,1137.0,3.064204045734389,1,14,0.0,0,0
7936,2622,2183,7212,2,,,1.0,1.0,19800.0,,,,1.2005494505494505,119.0,66.6890756302521,1,20,0.21428571428571427,1,0
20326,199,67,12821,1,,,1.0,,7200.0,,,,2.926470588235294,325.0,62.54153846153846,1,5,0.0,0,0
2521,1028,97,1276,10,1.0,,,1.0,,,,,10.489795918367347,97.0,25.989690721649485,1,11,0.0,0,0
2249,106,142,0,1,,,1.0,1.0,25200.0,,,,0.7412587412587412,1977.0,1.1375821952453211,1,11,0.0,0,0
1263,205,400,18,0,,,1.0,1.0,,,,,0.5112219451371571,647.0,1.9520865533230294,1,20,0.0,0,0
24586,1201,1679,265,24,1.0,,1.0,1.0,36000.0,,,,0.7148809523809524,1064.0,23.107142857142858,1,11,0.0,0,0
23704,1112,1549,53,25,,,,1.0,-25200.0,,,,0.7174193548387097,2074.0,11.429122468659594,1,12,0.16666666666666666,1,0
18636,361,82,4192,2,,,1.0,1.0,-28800.0,,,,4.349397590361446,1301.0,14.324365872405842,1,17,0.0,0,0
296,64,119,219,0,,,1.0,,,,,,0.5333333333333333,176.0,1.6818181818181819,1,20,0.13333333333333333,1,0
45923,931,266,6924,27,,,,1.0,,,,,3.48689138576779,839.0,54.73539928486293,1,15,0.0,0,0
24689,989,931,886,45,1.0,,1.0,1.0,10800.0,,,,1.0611587982832618,2128.0,11.601973684210526,1,17,0.0,0,0
350,5,4,0,0,1.0,,,1.0,,,,,1.0,586.0,0.5972696245733788,0,18,0.0,0,0
2675,309,470,5447,0,,,1.0,1.0,,,,,0.6560509554140127,781.0,3.4250960307298337,1,13,0.0,0,0
73940,1432,592,887,71,,,1.0,1.0,-25200.0,,,,2.414839797639123,2355.0,31.397027600849256,1,16,0.0,0,0
1898,50,143,152,2,,,1.0,1.0,7200.0,,,,0.3472222222222222,1013.0,1.8736426456071076,1,5,0.0,0,0
12559,479,2001,3064,1,,,1.0,1.0,28800.0,,,,0.23926073926073926,1460.0,8.602054794520548,1,4,0.0,0,0
22048,384,667,337,2,,,1.0,1.0,-14400.0,,,,0.5748502994011976,2201.0,10.017264879600182,1,14,0.0,0,0
4984,486,599,1002,14,,,,1.0,,,,,0.81,323.0,15.430340557275542,1,6,0.0,0,0
35667,1131,104,18223,16,1.0,,1.0,1.0,-25200.0,,,,10.771428571428572,723.0,49.33195020746888,1,4,0.0,0,0
18492,930,282,7159,7,,,1.0,1.0,7200.0,,,,3.2862190812720846,609.0,30.364532019704434,1,4,0.0,0,0
246,592,41,1530,6,1.0,,1.0,1.0,,,,,14.095238095238095,760.0,0.3236842105263158,1,12,0.0,0,0
1508,101,166,212,0,,,1.0,1.0,-10800.0,,,,0.6047904191616766,1350.0,1.117037037037037,0,6,0.14285714285714285,1,0
6599,243,429,238,2,,,,1.0,-25200.0,,,,0.5651162790697675,2145.0,3.0764568764568763,0,8,0.125,1,0
3661,287,419,1748,8,,,1.0,1.0,43200.0,,,,0.6833333333333333,1142.0,3.2057793345008756,1,11,0.0,0,0
187388,1645,1911,1310,17,,,1.0,1.0,-18000.0,,,,0.8603556485355649,2218.0,84.48512173128945,1,6,0.0,0,0
784,571,1991,14,11,,,1.0,1.0,-21600.0,,,,0.28664658634538154,2325.0,0.33720430107526883,1,8,0.0,0,0
9692,631,621,3337,0,,,1.0,1.0,-18000.0,,,,1.0144694533762058,1280.0,7.571875,1,14,0.2,1,0
1603,424,491,1720,0,,,,1.0,-18000.0,,,,0.8617886178861789,990.0,1.6191919191919193,1,12,0.3,1,0
261,210,693,2179,2,1.0,,1.0,1.0,,,,,0.3025936599423631,2205.0,0.11836734693877551,1,5,0.0,0,0
478,155,179,472,0,1.0,,,1.0,,,,,0.8611111111111112,198.0,2.414141414141414,0,12,0.14285714285714285,1,0
1940,104,64,129,3,,,,1.0,-18000.0,,,,1.6,968.0,2.0041322314049586,1,10,0.0,0,0
1779,256,564,1285,0,,,,1.0,28800.0,,,,0.45309734513274336,526.0,3.38212927756654,1,6,0.2,1,0
13430,1547,833,4,43,,,1.0,1.0,-21600.0,,,,1.854916067146283,1837.0,7.310832879695155,1,12,0.0,0,0
934,54,154,66,6,,,,1.0,-25200.0,,,,0.34838709677419355,2012.0,0.46421471172962225,1,7,0.42857142857142855,1,0
227,193,153,28,1,1.0,,1.0,1.0,,,,,1.2532467532467533,676.0,0.33579881656804733,1,11,0.0,0,0
2963,332,479,2456,1,1.0,,,1.0,,,,,0.6916666666666667,651.0,4.551459293394777,1,5,0.0,0,0
2105,257,86,100,30,,,1.0,,7200.0,,,,2.954022988505747,2195.0,0.958997722095672,1,18,0.0,0,0
3879,210,262,3187,2,,,1.0,1.0,-28800.0,,,,0.7984790874524715,1291.0,3.0046475600309837,1,7,0.0,0,0
15101,567,251,807,2,,,1.0,1.0,-14400.0,,,,2.25,264.0,57.20075757575758,1,13,0.0,0,0
13551,341,971,3285,3,,,1.0,1.0,28800.0,,,,0.3508230452674897,1764.0,7.681972789115647,1,13,0.0,0,0
14690,480,442,4019,0,1.0,,1.0,1.0,-25200.0,,,,1.0835214446952597,1135.0,12.94273127753304,1,5,0.0,0,0
13001,1380,1232,1553,2,,,1.0,1.0,28800.0,,,,1.119221411192214,1126.0,11.546181172291297,1,16,0.0,0,0
15325,92,84,344,0,,,,1.0,-25200.0,,,,1.0823529411764705,1445.0,10.60553633217993,0,15,0.0,0,0
2719,226,750,1498,7,,,,1.0,-25200.0,,,,0.3009320905459387,1877.0,1.4485881726158765,1,8,0.0,0,0
1379,344,572,665,1,1.0,,1.0,1.0,,,,,0.6003490401396161,217.0,6.354838709677419,1,20,0.0,0,0
10811,189,186,856,6,,,1.0,1.0,19800.0,,,,1.0106951871657754,1858.0,5.818622174381055,1,5,0.0,0,0
4403,123,113,2085,1,1.0,,1.0,1.0,,,,,1.0789473684210527,282.0,15.613475177304965,1,9,0.16666666666666666,1,0
952,249,61,4308,1,1.0,,,1.0,-25200.0,,,,4.016129032258065,329.0,2.893617021276596,1,14,0.0,0,0
3192,93,227,1291,0,,,,1.0,3600.0,,,,0.40789473684210525,991.0,3.220988900100908,1,15,0.0,0,0
8493,463,675,4632,2,,,,1.0,-14400.0,,,,0.6849112426035503,1067.0,7.959700093720712,1,17,0.14285714285714285,1,0
1597,415,392,14184,1,1.0,,1.0,1.0,,,,,1.0559796437659033,777.0,2.055341055341055,1,4,0.0,0,0
2024,1461,1448,915,73,,,1.0,,-18000.0,,,,1.0082815734989647,2247.0,0.9007565643079661,1,14,0.0,0,0
2499,103,460,26,9,,,,1.0,43200.0,,,,0.22342733188720174,2215.0,1.128216704288939,1,13,0.0,0,0
6643,373,1716,1052,4,,,1.0,1.0,-25200.0,,,,0.2172393709959231,1474.0,4.506784260515603,1,10,0.0,0,0
11631,1467,363,1466,2,,,1.0,1.0,,,,,4.03021978021978,1183.0,9.83178360101437,1,10,0.0,0,0
32744,268,265,17851,6,,,1.0,1.0,-14400.0,,,,1.0075187969924813,1014.0,32.29191321499014,1,11,0.0,0,0
22794,817,132,23960,4,,,,1.0,-18000.0,,,,6.142857142857143,107.0,213.02803738317758,1,6,0.0,0,0
1596,229,163,3051,1,,,1.0,1.0,-14400.0,,,,1.396341463414634,1365.0,1.1692307692307693,1,6,0.0,0,0
15,42,32,9,0,1.0,,,1.0,,,,,1.2727272727272727,1873.0,0.00800854244527496,1,14,0.0,0,0
6705,341,185,1012,4,,,,,-14400.0,,,,1.8333333333333333,624.0,10.745192307692308,1,5,0.0,0,0
647,72,49,177,0,1.0,,1.0,1.0,,,,,1.44,703.0,0.9203413940256046,1,15,0.0,0,0
410,50,141,610,1,1.0,,1.0,1.0,,,,,0.352112676056338,603.0,0.6799336650082919,1,15,0.15384615384615385,1,0
11834,497,825,65,6,,,,1.0,-18000.0,,,,0.6016949152542372,2133.0,5.548054383497422,1,18,0.0,0,0
2754,237,439,7269,1,,,1.0,,-25200.0,,,,0.5386363636363637,936.0,2.9423076923076925,1,10,0.0,0,0
82700,1110,997,3186,10,,,1.0,1.0,43200.0,,,,1.1122244488977955,2202.0,37.55676657584014,0,11,0.0,0,0
333,226,227,269,0,,,,,,,1.0,,0.9912280701754386,202.0,1.6485148514851484,0,10,0.0,0,0
1654,173,196,2277,0,1.0,,1.0,1.0,,,,,0.8781725888324873,731.0,2.26265389876881,1,5,0.2222222222222222,1,0
10073,345,731,5522,0,1.0,,1.0,1.0,-28800.0,,,,0.4713114754098361,1216.0,8.283717105263158,1,5,0.0,0,0
116,21,56,3,0,,,,1.0,-25200.0,,,,0.3684210526315789,959.0,0.12095933263816476,0,17,0.0,0,0
5497,372,260,3921,1,1.0,,,1.0,,,,,1.4252873563218391,724.0,7.592541436464089,1,14,0.0,0,0
1202,225,441,360,1,,,1.0,1.0,7200.0,,,,0.5090497737556561,1345.0,0.8936802973977696,1,14,0.0,0,0
1595,193,173,766,0,1.0,,1.0,1.0,,,,,1.1091954022988506,306.0,5.212418300653595,0,12,0.25,1,0
4349,6721,277,18,5,,,,1.0,-14400.0,,,,24.176258992805757,1512.0,2.876322751322751,1,8,0.0,0,0
9084,331,774,55,2,1.0,,,1.0,,,,,0.4270967741935484,1516.0,5.992084432717678,1,4,0.2,1,0
194518,5821,5133,8134,234,,,1.0,,-25200.0,,,,1.133813790416829,2153.0,90.34742220157919,1,15,0.0,0,0
1861,241,197,222,1,1.0,,1.0,1.0,,,,,1.2171717171717171,832.0,2.2367788461538463,1,9,0.0,0,0
9346,647,672,9556,0,1.0,,,1.0,,,,,0.9613670133729569,845.0,11.060355029585798,1,10,0.0,0,0
29670,191,194,18372,1,,,,1.0,7200.0,,,,0.9794871794871794,1066.0,27.833020637898688,0,4,0.3333333333333333,1,0
9,7,28,0,0,,,,1.0,,,,,0.2413793103448276,2009.0,0.004479840716774514,0,14,0.0,0,0
10066,296,625,3261,9,,,1.0,,19800.0,,,,0.4728434504792332,1550.0,6.494193548387097,1,11,0.0,0,0
8512,1277,1202,1892,0,,,,1.0,-14400.0,,,,1.061512884455528,1178.0,7.225806451612903,1,6,0.0,0,0
11239,639,559,4,22,,,,1.0,-18000.0,,,,1.1410714285714285,2225.0,5.05123595505618,1,12,0.0,0,0
4202,61,185,365,6,,,1.0,1.0,-25200.0,,,,0.3279569892473118,2007.0,2.0936721474838067,1,9,0.0,0,0
7629,214,101,19715,9,,,,1.0,28800.0,,,,2.0980392156862746,2227.0,3.425684777727885,1,3,0.5,1,0
957,35,131,86,0,1.0,,,1.0,,,,,0.26515151515151514,359.0,2.6657381615598887,1,3,0.4444444444444444,1,0
2151,2912,804,89,83,,,1.0,1.0,3600.0,,,,3.617391304347826,2311.0,0.9307659022068369,1,12,0.0,0,0
297,17,74,3,0,,,1.0,1.0,,,,,0.22666666666666666,1939.0,0.15317173800928313,0,15,0.6,1,0
1521,100,103,1064,3,,,1.0,1.0,,,,,0.9615384615384616,453.0,3.357615894039735,1,18,0.0,0,0
7130,6021,5032,773,218,,,1.0,1.0,-25200.0,,,,1.1963043910192728,2239.0,3.184457347029924,1,12,0.0,0,0
27233,614,551,25886,2,,,1.0,1.0,-14400.0,,,,1.1123188405797102,1264.0,21.54509493670886,1,6,0.0,0,0
4809,358,315,523,22,,,,1.0,-25200.0,,,,1.1329113924050633,1249.0,3.8502802241793437,1,16,0.0,0,0
2491,228,406,895,0,,,,1.0,-25200.0,,,,0.5601965601965602,128.0,19.4609375,1,4,0.0,0,0
3383,508,1158,1865,7,1.0,,1.0,1.0,,,,,0.4383088869715272,506.0,6.6857707509881426,1,8,0.2,1,0
7964,159,154,998,3,1.0,,1.0,1.0,,,,,1.0258064516129033,1056.0,7.541666666666667,1,18,0.0,0,0
383,28,374,25,2,,,1.0,1.0,-25200.0,,,,0.07466666666666667,2218.0,0.172678088367899,1,13,0.0,0,0
36373,1400,402,226,15,1.0,,,1.0,3600.0,,,,3.4739454094292803,1609.0,22.605966438781852,1,11,0.0,0,0
5529,1151,1125,1566,25,,,,1.0,-25200.0,,,,1.022202486678508,2174.0,2.5432382704691814,1,17,0.0,0,0
12125,1711,677,10891,1,1.0,,1.0,1.0,-18000.0,,,,2.523598820058997,1390.0,8.723021582733812,1,4,0.09090909090909091,1,0
20275,340,301,7793,1,1.0,,1.0,1.0,,,,,1.1258278145695364,828.0,24.48671497584541,1,12,0.25,1,0
67739,328,178,1066,8,,,1.0,1.0,-25200.0,,,,1.8324022346368716,2128.0,31.832236842105264,1,16,0.0,0,0
11859,348,317,1297,0,,,,1.0,-14400.0,,,,1.0943396226415094,1094.0,10.840036563071298,0,10,0.1111111111111111,1,0
950,34,73,82,1,1.0,,1.0,1.0,,,,,0.4594594594594595,446.0,2.1300448430493275,0,6,0.0,0,0
1893,246,172,719,0,1.0,,1.0,1.0,,,,,1.4219653179190752,523.0,3.6195028680688335,0,3,0.16666666666666666,1,0
2633,247,603,103,2,,,1.0,1.0,19800.0,,,,0.40894039735099336,1387.0,1.8983417447728912,1,20,0.0,0,0
1312,176,137,383,1,,,1.0,,-28800.0,,,,1.2753623188405796,1857.0,0.7065158858373721,1,7,0.0,0,0
299,59,74,156,1,,,,,28800.0,,,,0.7866666666666666,111.0,2.6936936936936937,1,3,0.0,0,0
9890,308,555,404,3,1.0,,1.0,1.0,28800.0,,,,0.5539568345323741,682.0,14.501466275659824,1,12,0.14285714285714285,1,0
8562,472,321,1209,0,,,1.0,,-25200.0,,,,1.4658385093167703,1342.0,6.380029806259315,1,6,0.0,0,0
96,66,1024,112,1,,1.0,,1.0,-25200.0,,,,0.06439024390243903,2257.0,0.04253433761630483,0,16,0.0,0,0
3645,153,35,60,24,,,1.0,1.0,28800.0,,,,4.25,1791.0,2.0351758793969847,1,9,0.0,0,0
9564,257,274,2607,1,1.0,,,1.0,,,,,0.9345454545454546,1019.0,9.38567222767419,1,9,0.0,0,0
65499,961,1397,5685,21,,,,1.0,-18000.0,,,,0.6874105865522174,2109.0,31.056899004267425,1,7,0.16666666666666666,1,0
803,100,680,32,3,,,,,,,,,0.14684287812041116,1121.0,0.7163247100802854,1,5,0.2857142857142857,1,0
9094,670,1223,278,18,,,,1.0,-25200.0,,,,0.5473856209150327,2201.0,4.131758291685597,1,13,0.0,0,0
6372,440,815,889,9,,,1.0,,-18000.0,,,,0.5392156862745098,2204.0,2.8911070780399273,1,11,0.0,0,0
4483,281,651,2324,3,,,1.0,,-18000.0,,,,0.43098159509202455,1986.0,2.25730110775428,1,15,0.3333333333333333,1,0
331,19,104,185,4,,,1.0,1.0,19800.0,,,,0.18095238095238095,2134.0,0.15510777881911902,1,20,0.0,0,0
2063,460,346,2921,0,1.0,,,1.0,,,,,1.3256484149855907,887.0,2.3258173618940248,1,6,0.0,0,0
9104,222,210,4150,0,1.0,,1.0,1.0,-25200.0,,,,1.052132701421801,1500.0,6.069333333333334,1,13,0.25,1,0
2193,455,1678,1653,5,,,1.0,1.0,,,,,0.27099463966646814,472.0,4.646186440677966,1,14,0.3,1,0
6585,178,564,1613,7,,,1.0,1.0,7200.0,,,,0.31504424778761064,1238.0,5.319063004846527,1,19,0.0,0,0
7409,151,150,3692,1,,,,1.0,-25200.0,,,,1.0,1807.0,4.10016602102933,1,9,0.0,0,0
5021,700,596,8775,0,,,,,-18000.0,,,,1.1725293132328307,407.0,12.336609336609337,1,6,0.0,0,0
764,91,125,244,1,,,1.0,1.0,-25200.0,,,,0.7222222222222222,913.0,0.836801752464403,1,5,0.0,0,0
16281,525,301,21269,2,,,1.0,1.0,-14400.0,,,,1.7384105960264902,1321.0,12.324753974261922,1,6,0.0,0,0
17362,2011,970,8480,10,,,1.0,1.0,-18000.0,,,,2.071060762100927,1449.0,11.982056590752244,1,9,0.0,0,0
890,155,536,74,4,,,,1.0,7200.0,,,,0.2886405959031657,2226.0,0.3998203054806828,0,5,0.0,0,0
51359,3226,284,250,51,,,1.0,1.0,19800.0,,,,11.319298245614036,1343.0,38.24199553239017,0,2,0.0,0,0
2892,287,237,999,0,1.0,,,1.0,,,,,1.2058823529411764,545.0,5.3064220183486235,0,12,0.0,0,0
39113,546,266,814,7,,,1.0,1.0,-25200.0,,,,2.044943820224719,1750.0,22.350285714285715,1,7,0.0,0,0
23134,1066,961,24596,3,,,1.0,1.0,-18000.0,,,,1.1081081081081081,2244.0,10.309269162210338,1,16,0.0,0,0
2855,767,175,1453,9,,,,1.0,-25200.0,,,,4.357954545454546,1033.0,2.7637947725072602,1,12,0.0,0,0
2177,139,133,1278,0,1.0,,,1.0,,,,,1.037313432835821,474.0,4.5928270042194095,0,7,0.0,0,0
3822,577,582,2501,2,1.0,,1.0,1.0,-25200.0,,,,0.9897084048027445,1120.0,3.4125,1,8,0.0,0,0
54336,717,638,56683,0,,,,1.0,-25200.0,,,,1.1220657276995305,1045.0,51.99617224880383,1,5,0.0,0,0
129650,1808,858,19629,45,,,1.0,1.0,-14400.0,,,,2.1047729918509894,1536.0,84.40755208333333,1,16,0.0,0,0
41152,5248,1780,1034,27,,,1.0,1.0,28800.0,,,,2.9466591802358226,1770.0,23.249717514124296,1,1,0.07692307692307693,1,0
21484,289,430,3536,2,,,1.0,1.0,3600.0,,,,0.6705336426914154,1627.0,13.204671173939767,1,5,0.1,1,0
12002,349,342,11107,1,,,1.0,1.0,28800.0,,,,1.0174927113702623,1088.0,11.03125,1,12,0.0,0,0
28353,343,320,6442,2,,,1.0,,,,,,1.0685358255451713,920.0,30.818478260869565,1,16,0.25,1,0
420,111,839,8,5,1.0,,1.0,1.0,,,,,0.13214285714285715,1212.0,0.3465346534653465,1,19,0.0,0,0
9493,12478,1131,5393,306,,,1.0,1.0,,,,,11.022968197879859,1273.0,7.457187745483111,1,10,0.0,0,0
46335,1029,765,2397,1,,,,,-18000.0,,,,1.343342036553525,1292.0,35.86300309597523,1,8,0.0,0,0
778,27,63,543,0,,,1.0,1.0,,,,,0.421875,740.0,1.0513513513513513,1,11,0.0,0,0
19549,323,204,2587,4,1.0,,,1.0,-28800.0,,,,1.575609756097561,2223.0,8.793972109761583,1,15,0.0,0,0
3146,1756,45,448,37,,,1.0,1.0,,,,,38.17391304347826,680.0,4.626470588235295,1,15,0.0,0,0
7837,233,196,630,0,1.0,,1.0,1.0,,,,,1.1827411167512691,617.0,12.701782820097245,1,7,0.0,0,0
13752,234,45,1696,5,,,,1.0,10800.0,,1.0,,5.086956521739131,927.0,14.83495145631068,1,8,0.0,0,0
7918,245,49,1410,3,,,1.0,1.0,19800.0,,,,4.9,393.0,20.147582697201017,1,5,0.0,0,0
86156,103,9,0,4,1.0,,,1.0,,,,,10.3,725.0,118.83586206896551,1,11,0.0,0,0
4860,924,1130,3376,1,1.0,,1.0,1.0,,,,,0.8169761273209549,1089.0,4.462809917355372,1,12,0.0,0,0
4025,1653,1879,28953,2,1.0,,1.0,1.0,,,,,0.8792553191489362,479.0,8.402922755741127,1,16,0.5333333333333333,1,0
1104,150,284,248,0,,,1.0,1.0,-18000.0,,,,0.5263157894736842,1419.0,0.7780126849894292,1,6,0.0,0,0
550,72,471,121,3,1.0,,1.0,1.0,,,,,0.15254237288135594,1933.0,0.28453181583031556,0,7,0.0,0,0
3753,151,137,1914,0,1.0,,1.0,1.0,-25200.0,,,,1.0942028985507246,749.0,5.01068090787717,1,4,0.0,0,0
5341,223,223,3119,0,,,1.0,1.0,,,,,0.9955357142857143,472.0,11.315677966101696,1,7,0.0,0,0
2309,282,197,864,4,,,1.0,1.0,19800.0,,,,1.4242424242424243,2137.0,1.0804866635470285,1,9,0.0,0,0
4019,150,256,157,1,1.0,,1.0,1.0,,,,,0.5836575875486382,820.0,4.901219512195122,1,10,0.18181818181818182,1,0
98,5,73,2,0,1.0,,,1.0,,,,,0.06756756756756757,101.0,0.9702970297029703,0,10,0.1,1,0
5732,209,315,3768,1,,,1.0,,10800.0,,,,0.6613924050632911,608.0,9.427631578947368,1,13,0.0,0,0
96,49,87,415,1,,,,,,,,,0.5568181818181818,347.0,0.276657060518732,1,14,0.0,0,0
54130,644,273,3239,11,,,1.0,1.0,7200.0,,,,2.3503649635036497,1815.0,29.823691460055098,1,7,0.0,0,0
4891,273,286,2216,0,1.0,,1.0,1.0,,,,,0.9512195121951219,1019.0,4.799803729146221,0,4,0.0,0,0
2205,91,187,2222,0,1.0,,1.0,1.0,,,,,0.48404255319148937,506.0,4.357707509881423,1,4,0.07692307692307693,1,0
12946,509,381,3624,0,1.0,,,1.0,-21600.0,,,,1.3324607329842932,1321.0,9.800151400454201,1,7,0.0,0,0
9770,292,232,7600,4,,,,1.0,-10800.0,,,,1.2532188841201717,678.0,14.410029498525073,1,7,0.0,0,0
3176,1625,1054,8125,4,,,1.0,1.0,7200.0,,,,1.5402843601895735,617.0,5.1474878444084275,1,3,0.0,0,0
48,56,25,5,0,1.0,,,1.0,-14400.0,,,,2.1538461538461537,1477.0,0.03249830737982397,0,11,0.0,0,0
7727,11,14,0,1,,,,1.0,,,,,0.7333333333333333,388.0,19.914948453608247,1,19,0.0,0,0
4477,113,173,1180,3,,,1.0,1.0,-25200.0,,,,0.6494252873563219,2262.0,1.9792219274977896,1,11,0.0,0,0
2819,93,304,133,0,,,1.0,1.0,-14400.0,,,,0.30491803278688523,1033.0,2.728944820909971,1,5,0.0,0,0
701,252,376,1781,0,1.0,,1.0,1.0,,,,,0.6684350132625995,403.0,1.739454094292804,1,18,0.0,0,0
6303,212,449,8849,4,,,1.0,1.0,-25200.0,,,,0.4711111111111111,1337.0,4.714285714285714,1,18,0.18181818181818182,1,0
642,495,574,8219,2,1.0,,1.0,1.0,-25200.0,,,,0.8608695652173913,634.0,1.0126182965299684,1,9,0.18181818181818182,1,0
2439,236,223,2940,2,,,,,36000.0,,,,1.0535714285714286,372.0,6.556451612903226,1,7,0.0,0,0
3023,611,305,598,4,,,1.0,1.0,-14400.0,,,,1.9967320261437909,1194.0,2.5318257956448913,1,12,0.0,0,0
710,309,306,756,0,,,1.0,1.0,-25200.0,,,,1.006514657980456,141.0,5.035460992907802,1,6,0.0,0,0
11907,490,510,36223,1,1.0,,,1.0,,,,,0.958904109589041,727.0,16.378266850068776,1,10,0.0,0,0
5110,289,543,1641,0,,,,1.0,-21600.0,,,,0.53125,1251.0,4.084732214228617,1,12,0.14285714285714285,1,0
1043,763,2004,448,1,1.0,,,1.0,,,,,0.38054862842892767,129.0,8.085271317829458,1,14,0.2,1,0
6073,221,308,471,1,,,,1.0,-18000.0,,,,0.7152103559870551,2068.0,2.9366537717601546,1,14,0.0,0,0
498,235,570,9,6,,,,1.0,-18000.0,,,,0.4115586690017513,2011.0,0.24763799104922923,1,12,0.0,0,0
29531,864,574,18322,1,,,1.0,1.0,-14400.0,,,,1.5026086956521738,1293.0,22.839133797370458,1,7,0.0,0,0
18366,180,548,1385,6,,,1.0,1.0,28800.0,,,,0.32786885245901637,1373.0,13.376547705753824,1,11,0.0,0,0
5181,26,22,115,1,,,,1.0,-25200.0,,,,1.1304347826086956,1711.0,3.028053769725307,1,1,0.0,0,0
3765,172,154,1370,0,,,1.0,1.0,28800.0,,,,1.1096774193548387,1263.0,2.980997624703088,1,12,0.0,0,0
6718,1083,640,991,0,,,1.0,,-14400.0,,,,1.6895475819032761,731.0,9.19015047879617,0,6,0.07692307692307693,1,0
3451,4956,2652,239,244,,,,1.0,16200.0,,,,1.8680738786279683,2523.0,1.367816091954023,1,20,0.0,0,0
12521,254,230,3880,1,,,1.0,1.0,28800.0,,,,1.0995670995670996,1956.0,6.401329243353783,1,19,0.0,0,0
3673,371,722,2227,3,,,1.0,1.0,-18000.0,,,,0.5131396957123098,1556.0,2.3605398457583546,1,12,0.0,0,0
2941,94,108,166,2,,,,1.0,-14400.0,,,,0.8623853211009175,760.0,3.8697368421052634,1,7,0.0,0,0
1820,129,236,173,1,,,1.0,1.0,-10800.0,,,,0.5443037974683544,2194.0,0.8295350957155879,0,10,0.3333333333333333,1,0
146442,2282,1787,10527,4,,,1.0,1.0,-18000.0,,,,1.2762863534675615,1478.0,99.08119079837618,1,10,0.0,0,0
2758,249,196,2687,0,1.0,,1.0,1.0,-25200.0,,,,1.263959390862944,790.0,3.491139240506329,1,11,0.0,0,0
33694,1073,428,586,6,,,1.0,1.0,-18000.0,,,,2.501165501165501,2191.0,15.378366042902783,1,8,0.0,0,0
7738,243,297,1329,6,,,1.0,1.0,28800.0,,,,0.8154362416107382,2038.0,3.7968596663395484,1,14,0.0,0,0
12574,201,178,5235,1,1.0,,1.0,1.0,-18000.0,,,,1.1229050279329609,1380.0,9.111594202898551,1,7,0.2857142857142857,1,0
48392,1824,499,36945,14,1.0,,1.0,1.0,-25200.0,,,,3.648,1613.0,30.001239925604462,1,10,0.0,0,0
53081,5273,3059,675,7,,,1.0,1.0,-25200.0,,,,1.723202614379085,2139.0,24.81580177653109,1,5,0.0,0,0
14460,633,387,7786,1,1.0,,1.0,1.0,-25200.0,,,,1.6314432989690721,844.0,17.13270142180095,1,8,0.0,0,0
16286,278,126,3363,3,1.0,,1.0,1.0,,,,,2.188976377952756,827.0,19.69286577992745,1,18,0.0,0,0
62378,853,875,3107,16,,,1.0,1.0,-25200.0,,,,0.973744292237443,1223.0,51.00408830744072,1,12,0.0,0,0
3997,670,672,20,4,,,1.0,1.0,-18000.0,,,,0.9955423476968797,1241.0,3.2207896857373086,1,14,0.0,0,0
505,178,227,636,6,1.0,,1.0,1.0,,,,,0.7807017543859649,475.0,1.063157894736842,1,12,0.0,0,0
25701,1487,726,352,79,,,1.0,1.0,-25200.0,,,,2.045392022008253,2582.0,9.95391169635941,1,13,0.0,0,0
9407,457,232,928,3,,,1.0,1.0,-36000.0,,,,1.96137339055794,1055.0,8.916587677725119,1,2,0.0,0,0
641,11,69,1,0,,,,1.0,,,,,0.15714285714285714,800.0,0.80125,0,13,0.0,0,0
718,32,189,39,2,,,,1.0,,,1.0,,0.16842105263157894,1241.0,0.5785656728444802,1,13,0.0,0,0
451,97,296,747,1,,,,1.0,28800.0,,,,0.3265993265993266,552.0,0.8170289855072463,1,15,0.0,0,0
11525,239,431,756,3,,,1.0,1.0,-18000.0,,,,0.5532407407407407,2447.0,4.709848794442174,1,3,0.0,0,0
1339,126,194,2495,1,,,,1.0,-14400.0,,,,0.6461538461538462,279.0,4.799283154121864,1,3,0.0,0,0
1826,540,1549,23,8,,,1.0,1.0,,,,,0.34838709677419355,1778.0,1.0269966254218224,1,10,0.0,0,0
715,117,214,262,0,1.0,,,1.0,,,,,0.5441860465116279,549.0,1.302367941712204,1,7,0.0,0,0
11847,776,604,15556,0,,,,1.0,,,,,1.2826446280991735,759.0,15.608695652173912,1,14,0.0,0,0
2235,398,319,1077,10,,,1.0,1.0,-18000.0,,,,1.24375,1294.0,1.7272024729520865,1,13,0.0,0,0
751,215,231,1589,0,1.0,,1.0,1.0,,,,,0.9267241379310345,632.0,1.1882911392405062,0,11,0.0,0,0
14483,1580,262,4574,7,,,,,-25200.0,,,,6.007604562737643,635.0,22.80787401574803,1,3,0.0,0,0
8494,524,948,1924,3,1.0,,,1.0,,,,,0.5521601685985248,286.0,29.6993006993007,1,11,0.2727272727272727,1,0
12688,393,202,221,1,,,1.0,1.0,28800.0,,1.0,,1.935960591133005,1132.0,11.208480565371024,1,14,0.0,0,0
166,39,90,444,0,1.0,,,1.0,,,,,0.42857142857142855,971.0,0.1709577754891864,0,8,0.0,0,0
48011,20004,2301,15958,315,,,1.0,1.0,7200.0,,,,8.689834926151173,1128.0,42.562943262411345,1,6,0.0,0,0
4969,436,943,740,2,,,1.0,1.0,28800.0,,,,0.461864406779661,1460.0,3.4034246575342464,1,7,0.0,0,0
42082,541,286,9243,24,,,,1.0,-28800.0,,,,1.8850174216027875,1946.0,21.62487153134635,1,11,0.0,0,0
373,39,133,6,1,,,,1.0,-21600.0,,,,0.291044776119403,1579.0,0.23622545915136162,1,6,0.0,0,0
10266,2181,1051,3808,3,,,1.0,1.0,32400.0,,,,2.07319391634981,1147.0,8.95030514385353,1,7,0.0,0,0
36903,1216,1146,38,23,,,,,32400.0,,,,1.060156931124673,306.0,120.59803921568627,1,11,0.0,0,0
22076,1976,1737,21731,89,,,,,-14400.0,,,,1.1369390103567318,926.0,23.840172786177106,1,9,0.0,0,0
1352,1048,2000,115,8,,,,,-25200.0,,,,0.5237381309345327,265.0,5.10188679245283,1,12,0.1,1,0
1126,331,647,525,0,,,1.0,1.0,28800.0,,,,0.5108024691358025,155.0,7.264516129032258,1,18,0.0,0,0
16761,152,91,107,4,1.0,,1.0,1.0,,,,,1.6521739130434783,2082.0,8.05043227665706,1,13,0.375,1,0
6758,324,238,1648,0,1.0,,1.0,1.0,-18000.0,,,,1.3556485355648535,1168.0,5.785958904109589,1,12,0.2,1,0
1063,58,92,6298,0,,,,1.0,,,,,0.6236559139784946,698.0,1.5229226361031518,0,5,0.15384615384615385,1,0
27166,737,298,4839,0,,,1.0,1.0,-25200.0,,,,2.4648829431438126,1418.0,19.157968970380818,1,6,0.0,0,0
2259,354,893,524,2,,,,1.0,3600.0,,,,0.3959731543624161,1707.0,1.3233743409490335,1,14,0.0,0,0
2656,37,68,241,1,,,1.0,1.0,28800.0,,,,0.5362318840579711,1189.0,2.2338099243061396,1,2,0.0,0,0
37,77,163,21,0,1.0,,,1.0,,,,,0.4695121951219512,64.0,0.578125,0,12,0.0,0,0
9665,271,223,58,1,,,1.0,1.0,,,,,1.2098214285714286,1581.0,6.1132194813409235,1,18,0.0,0,0
22993,504,43,10968,2,1.0,,1.0,1.0,-18000.0,,,,11.454545454545455,1039.0,22.12993262752647,1,20,0.0,0,0
64059,322,331,15265,6,,,1.0,1.0,7200.0,,,,0.9698795180722891,639.0,100.24882629107981,1,3,0.0,0,0
2041,734,728,101,1,,,,1.0,7200.0,,,,1.0068587105624143,735.0,2.7768707482993196,1,8,0.08333333333333333,1,0
3136,666,574,3908,3,,,,1.0,28800.0,,,,1.1582608695652175,421.0,7.448931116389549,1,9,0.0,0,0
19853,561,471,4570,11,1.0,,1.0,1.0,,,,,1.1885593220338984,507.0,39.15779092702169,1,4,0.0,0,0
2162,935,1798,1476,14,1.0,,,1.0,,,,,0.519733185102835,1244.0,1.7379421221864952,1,7,0.0,0,0
57,10,21,124,0,,,,,43200.0,,,,0.45454545454545453,118.0,0.4830508474576271,0,12,0.0,0,0
3741,601,986,4037,2,1.0,,1.0,1.0,,,,,0.6089159067882473,549.0,6.814207650273224,1,8,0.0,0,0
16484,282,306,2791,2,,,1.0,1.0,28800.0,,1.0,,0.9185667752442996,2287.0,7.2076956711849585,0,13,0.0,0,0
8297,321,570,1063,5,,,1.0,1.0,7200.0,,,,0.5621716287215411,2112.0,3.928503787878788,1,16,0.0,0,0
24375,592,874,7264,3,,,1.0,1.0,-18000.0,,,,0.6765714285714286,1537.0,15.858815875081326,1,6,0.0,0,0
33909,448,415,3729,2,,,1.0,1.0,-18000.0,,,,1.0769230769230769,812.0,41.75985221674877,1,6,0.0,0,0
4233,940,1808,3377,6,1.0,,,1.0,,,,,0.5196241017136539,47.0,90.06382978723404,1,5,0.07142857142857142,1,0
5587,223,217,7362,0,,,1.0,1.0,,,,,1.0229357798165137,1699.0,3.2884049440847556,1,11,0.0,0,0
41561,1285,715,17380,1,,,1.0,1.0,28800.0,,,,1.7946927374301676,1120.0,37.10803571428571,1,5,0.0,0,0
8513,463,433,2446,0,,,1.0,1.0,28800.0,,,,1.066820276497696,715.0,11.906293706293706,1,4,0.0,0,0
3647,183,170,824,1,,,1.0,1.0,3600.0,,,,1.0701754385964912,1951.0,1.8692977960020503,1,17,0.2,1,0
2235,187,248,668,0,1.0,,,1.0,,,,,0.751004016064257,160.0,13.96875,0,6,0.18181818181818182,1,0
66390,1693,2001,29592,13,,,1.0,1.0,10800.0,,,,0.8456543456543456,1391.0,47.72825305535586,1,11,0.0,0,0
8401,366,304,2298,2,,,1.0,1.0,,,,,1.2,542.0,15.5,1,6,0.0,0,0
7621,910,853,804,58,,,1.0,1.0,7200.0,,,,1.0655737704918034,2944.0,2.5886548913043477,1,14,0.0,0,0
607,11,8,17,0,1.0,,,1.0,,,,,1.2222222222222223,67.0,9.059701492537313,0,12,0.0,0,0
21159,2164,2081,29987,28,1.0,,1.0,1.0,,,,,1.0393852065321807,1060.0,19.961320754716983,1,11,0.0,0,0
2467,57,55,1606,2,,,,1.0,-14400.0,,,,1.0178571428571428,1618.0,1.5247218788627936,1,13,0.1111111111111111,1,0
4830,707,604,2776,3,,,,1.0,28800.0,,,,1.168595041322314,862.0,5.603248259860789,1,16,0.0,0,0
982,12,18,456,0,,,,1.0,-18000.0,,,,0.631578947368421,1032.0,0.9515503875968992,1,17,0.0,0,0
4519,2182,798,83,54,,,1.0,,-21600.0,,,,2.730913642052566,1629.0,2.774094536525476,1,20,0.0,0,0
543,29,46,336,0,1.0,,,1.0,-18000.0,,,,0.6170212765957447,2014.0,0.2696127110228401,1,3,0.0,0,0
13827,974,1428,161,94,,,1.0,1.0,32400.0,,,,0.6815955213435969,2590.0,5.338610038610039,1,9,0.0,0,0
33928,968,799,2955,5,,,1.0,1.0,-18000.0,,,,1.21,1921.0,17.66163456533056,1,19,0.0,0,0
2338,200,509,1977,6,,,1.0,1.0,7200.0,,,,0.39215686274509803,1242.0,1.8824476650563606,1,6,0.0,0,0
17229,271,418,1965,7,,,1.0,1.0,28800.0,,,,0.6467780429594272,2105.0,8.184798099762471,1,11,0.2,1,0
4596,325,180,2791,3,,,1.0,1.0,,,,,1.7955801104972375,2021.0,2.2741217219198417,1,13,0.0,0,0
30062,319,198,19857,13,,,,,-25200.0,,,,1.6030150753768844,1099.0,27.353958143767063,1,18,0.0,0,0
94383,2301,2196,4336,8,1.0,,1.0,1.0,-18000.0,,,,1.047337278106509,1558.0,60.579589216944804,1,10,0.0,0,0
9484,1100,880,6211,1,,,1.0,,,,,,1.2485811577752555,698.0,13.587392550143267,1,5,0.1,1,0
663,629,1423,51,0,1.0,,,1.0,,,,,0.4417134831460674,61.0,10.868852459016393,1,11,0.2857142857142857,1,0
8195,303,642,4656,3,,,1.0,1.0,,,,,0.4712286158631415,1445.0,5.671280276816609,1,15,0.0,0,0
15605,363,282,7921,1,1.0,,1.0,1.0,,,,,1.2826855123674912,854.0,18.272833723653395,1,11,0.0,0,0
3563,127,100,2619,0,1.0,,,1.0,,,,,1.2574257425742574,304.0,11.720394736842104,0,14,0.0,0,0
25,13,85,4,0,,,,1.0,46800.0,,,,0.1511627906976744,32.0,0.78125,1,16,0.0,0,0
20897,295,270,384,1,,,,1.0,-25200.0,,1.0,,1.088560885608856,2084.0,10.027351247600768,1,18,0.0,0,0
1920,408,421,704,0,,,1.0,1.0,-25200.0,,,,0.966824644549763,1858.0,1.0333692142088267,1,11,0.0,0,0
2995,94,334,83,3,,,,,-25200.0,,,,0.28059701492537314,1561.0,1.9186418962203715,1,4,0.2857142857142857,1,0
1278,60,113,227,0,,,,1.0,-25200.0,,1.0,,0.5263157894736842,1004.0,1.2729083665338645,1,4,0.0,0,0
420,144,94,934,1,,,1.0,1.0,,,1.0,,1.5157894736842106,1014.0,0.41420118343195267,1,12,0.0,0,0
32805,610,591,290,1,,,1.0,,-18000.0,,,,1.0304054054054055,2043.0,16.05726872246696,1,5,0.0,0,0
10957,429,394,4491,0,,,,1.0,-36000.0,,,,1.0860759493670886,1332.0,8.225975975975976,1,11,0.0,0,0
2329,121,208,708,1,,,1.0,1.0,18000.0,,,,0.5789473684210527,305.0,7.636065573770492,1,3,0.0,0,0
76589,5883,1146,994,41,,,1.0,1.0,-14400.0,,,,5.129032258064516,1647.0,46.50212507589557,1,13,0.125,1,0
4159,253,148,484,3,,,,1.0,3600.0,,,,1.6979865771812082,1125.0,3.6968888888888887,1,10,0.0,0,0
45,10,7,19,0,1.0,,,1.0,,,,,1.25,51.0,0.8823529411764706,1,20,0.0,0,0
67875,649,297,863,2,,,1.0,1.0,10800.0,,,,2.1778523489932886,1538.0,44.131989596879066,1,6,0.0,0,0
9349,327,353,8754,1,,,1.0,1.0,36000.0,,,,0.923728813559322,2167.0,4.314259344716198,1,14,0.0,0,0
21075,931,668,3966,0,,,1.0,1.0,-18000.0,,,,1.391629297458894,1212.0,17.388613861386137,1,10,0.0,0,0
33831,626,1189,9535,19,,,,1.0,-25200.0,,,,0.5260504201680672,2231.0,15.164051994621246,1,14,0.0,0,0
2380,496,989,2951,5,,,1.0,1.0,7200.0,,,,0.501010101010101,1359.0,1.7512877115526122,1,20,0.1,1,0
173,37,36,56,4,1.0,,,1.0,18000.0,,,,1.0,919.0,0.1882480957562568,0,11,0.0,0,0
9213,235,309,558,2,,,1.0,1.0,-25200.0,,,,0.7580645161290323,1822.0,5.056531284302964,1,5,0.0,0,0
17732,1013,693,9557,1,,,1.0,1.0,,,,,1.4596541786743515,1109.0,15.989179440937782,1,11,0.16666666666666666,1,0
68,14,76,3,0,,,,,18000.0,,,,0.18181818181818182,499.0,0.13627254509018036,1,15,0.07142857142857142,1,0
28606,24047,9671,21775,98,,,1.0,1.0,10800.0,,,,2.486248966087676,1091.0,26.21998166819432,1,18,0.0,0,0
20230,914,405,8495,1,,,1.0,,-21600.0,,,,2.251231527093596,1247.0,16.222935044105853,1,1,0.0,0,0
612,101,208,5,0,,,1.0,1.0,28800.0,,,,0.48325358851674644,1635.0,0.3743119266055046,1,18,0.125,1,0
1654,563,1120,334,17,,,1.0,,7200.0,,,,0.5022301516503123,2220.0,0.7450450450450451,1,15,0.0,0,0
30131,671,469,165,4,,,1.0,1.0,-21600.0,,,,1.4276595744680851,2011.0,14.983092988562904,1,15,0.1111111111111111,1,0
5690,488,571,4687,1,1.0,,1.0,1.0,,,,,0.8531468531468531,964.0,5.902489626556017,1,11,0.0,0,0
9996,875,563,3204,0,1.0,,,1.0,,,,,1.551418439716312,1528.0,6.541884816753926,1,12,0.15384615384615385,1,0
32704,1243,917,5599,59,,,1.0,1.0,10800.0,,,,1.3540305010893245,2262.0,14.458001768346596,1,11,0.0,0,0
11981,156,178,708,8,,,,1.0,,,,,0.8715083798882681,1212.0,9.885313531353136,1,13,0.0,0,0
34991,1777,478,14310,3,1.0,,,1.0,,,,,3.709812108559499,346.0,101.1300578034682,1,15,0.0,0,0
483,60,84,437,0,1.0,,,1.0,,,1.0,,0.7058823529411765,438.0,1.1027397260273972,0,8,0.0,0,0
3790,51,234,580,0,,,1.0,1.0,-25200.0,,,,0.2170212765957447,2147.0,1.7652538425710294,1,5,0.0,0,0
14586,901,1685,9447,12,,,1.0,1.0,,,,,0.5344009489916963,601.0,24.26955074875208,1,15,0.0,0,0
46788,557,193,1206,21,,,1.0,1.0,19800.0,,,,2.8711340206185567,2115.0,22.121985815602837,1,7,0.0,0,0
557,52,328,687,0,,,1.0,1.0,-28800.0,,,,0.1580547112462006,1881.0,0.2961190855927698,1,11,0.0,0,0
6151,234,147,1530,2,,,,1.0,7200.0,,,,1.5810810810810811,1271.0,4.839496459480724,1,18,0.2,1,0
1473,857,803,634,26,,,,1.0,28800.0,,,,1.0659203980099503,551.0,2.6733212341197823,1,15,0.0,0,0
19289,359,229,9247,0,,,1.0,1.0,-25200.0,,,,1.5608695652173914,809.0,23.84301606922126,1,2,0.15384615384615385,1,0
443,177,167,186,0,1.0,,1.0,1.0,,,,,1.0535714285714286,76.0,5.828947368421052,1,7,0.0,0,0
52377,1533,473,425,38,,,,,10800.0,,,,3.2341772151898733,1961.0,26.709331973482918,1,12,0.0,0,0
1322,218,1042,1857,0,,,1.0,1.0,-25200.0,,1.0,,0.20901246404602108,839.0,1.5756853396901074,1,13,0.0,0,0
51662,780,419,17019,2,,,1.0,1.0,-25200.0,,,,1.8571428571428572,698.0,74.01432664756447,1,9,0.0,0,0
3979,168,364,4673,4,,,1.0,1.0,-25200.0,,,,0.4602739726027397,2209.0,1.8012675418741513,0,17,0.0,0,0
3126,376,318,1565,3,,,,1.0,7200.0,,,,1.1786833855799372,1105.0,2.8289592760180997,1,11,0.0,0,0
1143,312,491,156,5,,,1.0,1.0,-14400.0,,,,0.6341463414634146,1694.0,0.6747343565525383,1,14,0.0,0,0
7847,388,513,1320,3,,,,1.0,-10800.0,,,,0.754863813229572,1417.0,5.537755822159492,1,11,0.3,1,0
5376,415,228,6122,0,,,1.0,1.0,-14400.0,,,,1.8122270742358078,839.0,6.407628128724673,1,4,0.0,0,0
29479,1559,799,1735,42,,,1.0,1.0,7200.0,,,,1.94875,2176.0,13.547334558823529,1,14,0.0,0,0
978,281,277,1019,0,,,1.0,,-25200.0,,,,1.0107913669064748,894.0,1.0939597315436242,1,12,0.0,0,0
16600,604,1996,10824,38,1.0,,,1.0,,,,,0.3024536805207812,1826.0,9.090909090909092,1,6,0.0,0,0
758,184,154,1260,0,,,1.0,1.0,,,1.0,,1.1870967741935483,624.0,1.2147435897435896,1,20,0.0,0,0
3995,325,316,4213,2,1.0,,1.0,1.0,-25200.0,,,,1.025236593059937,326.0,12.254601226993865,1,10,0.0,0,0
15132,432,1154,3053,13,,,1.0,1.0,-18000.0,,,,0.37402597402597404,2194.0,6.896991795806746,1,15,0.0,0,0
4477,482,590,787,0,,,,1.0,-25200.0,,,,0.8155668358714044,1493.0,2.998660415271266,1,12,0.0,0,0
52645,5456,349,31,27,,,,1.0,7200.0,,,,15.588571428571429,645.0,81.62015503875969,1,2,0.0,0,0
8952,297,192,9,0,1.0,,1.0,1.0,,,,,1.538860103626943,283.0,31.632508833922262,1,8,0.0,0,0
3218,273,258,2476,8,,,1.0,1.0,7200.0,,,,1.054054054054054,2313.0,1.3912667531344574,1,9,0.0,0,0
2328,15617,582,1045,214,,,,1.0,7200.0,,,,26.78730703259005,1430.0,1.627972027972028,1,11,0.0,0,0
990,65,126,215,2,1.0,,1.0,1.0,43200.0,,,,0.5118110236220472,751.0,1.3182423435419441,0,5,0.0,0,0
13251,1179,1211,4347,46,,,1.0,1.0,-25200.0,,,,0.9727722772277227,2174.0,6.095216191352346,1,14,0.0,0,0
633,173,277,58,0,,,,1.0,-18000.0,,,,0.6223021582733813,358.0,1.7681564245810055,1,11,0.0,0,0
1133,254,89,2645,1,1.0,,1.0,1.0,3600.0,,,,2.8222222222222224,1183.0,0.9577345731191885,0,17,0.0,0,0
676,346,456,196,3,1.0,,,1.0,-18000.0,,,,0.7571115973741794,988.0,0.6842105263157895,1,13,0.0,0,0
50769,11066,879,18862,45,1.0,,1.0,1.0,-14400.0,,,,12.575,2092.0,24.268164435946463,1,9,0.0,0,0
3643,431,565,7709,0,1.0,,1.0,1.0,,,,,0.7614840989399293,1126.0,3.2353463587921847,0,12,0.0,0,0
21101,1175,899,1497,35,,,1.0,,-14400.0,,,,1.3055555555555556,2213.0,9.53502033438771,1,11,0.0,0,0
10711,3551,2513,2051,123,,,,1.0,-36000.0,,,1.0,1.4124900556881463,1463.0,7.321257689678743,1,13,0.0,0,0
12288,164,397,5835,0,,,1.0,1.0,-18000.0,,,,0.4120603015075377,1111.0,11.06030603060306,1,13,0.0,0,0
1051,82,224,317,0,,,1.0,1.0,-18000.0,,,,0.36444444444444446,1820.0,0.5774725274725274,0,12,0.0,0,0
1543,79,118,3672,0,1.0,,,1.0,,,,,0.6638655462184874,873.0,1.7674684994272623,1,13,0.0,0,0
49,10,19,2,0,,,,,,,,,0.5,97.0,0.5051546391752577,1,15,0.0,0,0
81,62,81,43,0,,,1.0,,,,,,0.7560975609756098,58.0,1.396551724137931,0,17,0.08333333333333333,1,0
2540,108,30,2751,0,,,1.0,1.0,-14400.0,,,,3.4838709677419355,161.0,15.77639751552795,1,14,0.0,0,0
3696,107,538,4092,1,1.0,,1.0,1.0,18000.0,,,,0.19851576994434136,1980.0,1.8666666666666667,1,9,0.0,0,0
32704,4432,2672,2715,161,,,,1.0,-18000.0,,,1.0,1.658062102506547,2541.0,12.870523415977962,1,13,0.0,0,0
22977,180,336,24675,7,,,1.0,1.0,-28800.0,,,,0.5341246290801187,1534.0,14.978487614080834,1,12,0.25,1,0
20758,349,1487,6157,8,1.0,,,1.0,-25200.0,,,,0.23454301075268819,605.0,34.31074380165289,1,8,0.25,1,0
7093,397,170,1347,0,,,1.0,1.0,28800.0,,,,2.3216374269005846,2137.0,3.319138979878334,1,5,0.0,0,0
1704,677,1316,1512,3,1.0,,,1.0,7200.0,,,,0.5140470766894457,424.0,4.018867924528302,1,10,0.25,1,0
3100,185,376,1675,1,,,1.0,,-18000.0,,,,0.4907161803713528,866.0,3.579676674364896,1,14,0.0,0,0
49717,388,14,140,9,,,1.0,1.0,28800.0,,,,25.866666666666667,2114.0,23.517975402081362,1,17,0.0,0,0
36697,511,223,572,4,,,1.0,1.0,3600.0,,,,2.28125,1374.0,26.70815138282387,1,13,0.0,0,0
40475,1127,629,246,2,,,1.0,1.0,-25200.0,,,,1.788888888888889,1923.0,21.047841913676546,1,5,0.0,0,0
48673,678,250,357,85,,,1.0,1.0,-18000.0,,,,2.701195219123506,2030.0,23.976847290640393,1,6,0.0,0,0
73,22,210,130,0,1.0,,,1.0,,,,,0.10426540284360189,209.0,0.3492822966507177,1,18,0.0,0,0
254,10,14,73,0,1.0,,,1.0,28800.0,,,,0.6666666666666666,1611.0,0.15766604593420236,0,8,0.0,0,0
5142,205,397,2976,0,,,1.0,1.0,19800.0,,,,0.5150753768844221,805.0,6.3875776397515525,1,9,0.5,1,0
36754,2638,459,350,38,,,1.0,1.0,10800.0,,,,5.734782608695652,1546.0,23.77360931435964,1,12,0.0,0,0
9554,1446,1047,731,35,,,1.0,,-25200.0,,,,1.3797709923664123,2370.0,4.031223628691983,1,12,0.0,0,0
4121,97,172,1003,2,,,,1.0,43200.0,,,,0.5606936416184971,1745.0,2.3616045845272207,1,13,0.0,0,0
1051,244,800,58,12,,,1.0,1.0,-25200.0,,,,0.3046192259675406,2272.0,0.46258802816901406,1,13,0.0,0,0
192832,3062,381,603,63,,,,1.0,-25200.0,,,,8.015706806282722,2231.0,86.43298969072166,1,17,0.0,0,0
20405,156,144,813,10,,,1.0,1.0,32400.0,,,,1.0758620689655172,1946.0,10.485611510791367,1,4,0.0,0,0
14643,442,56,21547,2,1.0,,,1.0,,,,,7.754385964912281,508.0,28.8248031496063,1,15,0.18181818181818182,1,0
9019,354,216,8603,0,,,1.0,1.0,-18000.0,,,,1.631336405529954,1376.0,6.554505813953488,0,18,0.0,0,0
23209,566,419,2730,2,,,1.0,1.0,-25200.0,,,,1.3476190476190477,833.0,27.861944777911166,1,6,0.0,0,0
5331,74,268,348,3,1.0,,,1.0,-36000.0,,,,0.275092936802974,1129.0,4.721877767936227,1,10,0.09090909090909091,1,0
10577,2158,939,28304,16,,,1.0,,3600.0,,,,2.295744680851064,1173.0,9.017050298380221,1,17,0.0,0,0
786,93,371,1782,3,1.0,,1.0,1.0,,,,,0.25,185.0,4.248648648648649,1,15,0.0,0,0
1588,1297,1998,701,31,,,,1.0,-14400.0,,,,0.6488244122061031,2587.0,0.613838422883649,1,16,0.0,0,0
24928,832,169,4715,14,,,1.0,1.0,19800.0,,,,4.894117647058824,2023.0,12.322293623331685,1,5,0.0,0,0
5179,219,275,2047,8,,,,,3600.0,,,,0.7934782608695652,750.0,6.905333333333333,1,16,0.0,0,0
9095,2042,1733,3870,65,,,1.0,1.0,-18000.0,,,,1.1776239907727797,2121.0,4.288071664309288,1,11,0.0,0,0
2187,572,398,44,28,1.0,,,1.0,7200.0,,,,1.4335839598997493,1470.0,1.4877551020408164,1,7,0.0,0,0
1116,78,136,307,4,1.0,,1.0,1.0,3600.0,,,,0.5693430656934306,264.0,4.2272727272727275,1,6,0.0,0,0
184,78,201,193,2,1.0,,1.0,1.0,,,,,0.38613861386138615,1263.0,0.1456848772763262,1,19,0.0,0,0
25174,688,566,24244,4,,,1.0,1.0,10800.0,,,,1.2134038800705467,538.0,46.79182156133829,1,12,0.18181818181818182,1,0
11475,316,657,829,3,,,,1.0,-14400.0,,,,0.48024316109422494,1405.0,8.167259786476869,1,16,0.0,0,0
18699,471,337,24,5,,,1.0,1.0,-25200.0,,,,1.393491124260355,2239.0,8.35149620366235,1,12,0.0,0,0
167,37,309,279,1,,,,1.0,-25200.0,,,,0.11935483870967742,721.0,0.231622746185853,0,9,0.0,0,0
11498,690,733,638,28,,,1.0,1.0,3600.0,,,,0.9400544959128065,2253.0,5.103417665335109,1,8,0.0,0,0
1095,92,127,373,0,1.0,,,1.0,-14400.0,,,,0.71875,661.0,1.6565809379727685,1,16,0.0,0,0
802,106,203,11,3,,,,1.0,3600.0,,,,0.5196078431372549,1488.0,0.5389784946236559,1,14,0.0,0,0
9722,207,181,102,2,1.0,,,1.0,,,,,1.1373626373626373,352.0,27.619318181818183,1,2,0.13333333333333333,1,0
254,20,91,25,0,1.0,,,1.0,,,,,0.21739130434782608,401.0,0.6334164588528678,1,13,0.0,0,0
41531,2366,2229,5362,49,,,,1.0,-25200.0,,,,1.0609865470852018,2183.0,19.02473660100779,1,10,0.0,0,0
53800,1330,729,934,6,,,,1.0,-25200.0,,,,1.821917808219178,1585.0,33.943217665615144,1,8,0.0,0,0
32686,290,444,15580,13,,,,1.0,-18000.0,,,,0.651685393258427,441.0,74.11791383219955,1,4,0.0,0,0
19044,822,758,4960,67,,,1.0,1.0,-18000.0,,,,1.08300395256917,2102.0,9.059942911512845,1,14,0.0,0,0
124,40,159,388,0,1.0,,,1.0,,,,,0.25,143.0,0.8671328671328671,0,13,0.0,0,0
12213,653,1416,3123,10,1.0,,,1.0,3600.0,,,,0.460832745236415,1660.0,7.357228915662651,1,15,0.0,0,0
6141,223,318,23,1,,,1.0,1.0,-18000.0,,,,0.6990595611285266,1417.0,4.333803810868031,1,13,0.0,0,0
26826,584,424,8618,2,1.0,,1.0,1.0,-25200.0,,,,1.3741176470588234,1108.0,24.21119133574007,1,8,0.0,0,0
24525,1627,1997,6636,67,1.0,,1.0,1.0,-18000.0,,,,0.8143143143143143,1464.0,16.75204918032787,1,19,0.25,1,0
46557,457,599,20607,5,,,1.0,1.0,19800.0,,,,0.7616666666666667,1963.0,23.717269485481406,0,13,0.0,0,0
183,148,338,4,4,,,,1.0,32400.0,,,,0.4365781710914454,1804.0,0.10144124168514412,1,7,0.14285714285714285,1,0
631,12,9,1360,0,,1.0,,,32400.0,,1.0,,1.2,1814.0,0.3478500551267916,1,3,0.42857142857142855,1,0
13384,1923,503,2940,3,,,1.0,,-28800.0,,,,3.8154761904761907,1408.0,9.505681818181818,1,17,0.0,0,0
14654,1639,1793,2766,4,1.0,,1.0,1.0,,,,,0.9136008918617614,248.0,59.08870967741935,1,18,0.08333333333333333,1,0
70,26,77,9,2,1.0,,,1.0,,,,,0.3333333333333333,623.0,0.11235955056179775,1,17,0.3333333333333333,1,0
9848,833,1024,5327,0,,,1.0,1.0,-18000.0,,,,0.8126829268292682,2129.0,4.625645843118835,1,6,0.0,0,0
30560,2495,2745,1321,57,,,,1.0,-25200.0,,,,0.9085943190094683,2239.0,13.648950424296562,1,10,0.0,0,0
31247,212,143,5048,4,,,1.0,1.0,-18000.0,,,,1.4722222222222223,1740.0,17.958045977011494,1,12,0.0,0,0
10601,1051,1056,12480,23,,,1.0,1.0,-14400.0,,,,0.9943235572374646,1285.0,8.249805447470816,1,14,0.0,0,0
72088,1004,509,463,8,,,1.0,1.0,28800.0,,,,1.968627450980392,1561.0,46.180653427290196,1,9,0.0,0,0
2020,494,254,2025,1,,,1.0,1.0,-28800.0,,,,1.9372549019607843,1391.0,1.4521926671459382,1,12,0.0,0,0
66893,3623,2449,155,20,,,,1.0,7200.0,,,,1.4787755102040816,1274.0,52.50627943485086,1,12,0.0,0,0
1974,324,433,913,0,,,,1.0,,,,,0.7465437788018433,1271.0,1.5531077891424077,1,12,0.25,1,0
13578,201,243,38338,10,,,1.0,1.0,7200.0,,,,0.8237704918032787,1181.0,11.497036409822185,1,12,0.0,0,0
20133,763,436,955,1,,,1.0,1.0,-18000.0,,,,1.7459954233409611,1322.0,15.229198184568835,0,14,0.25,1,0
2317,151,472,1048,5,,,,1.0,7200.0,,,,0.3192389006342495,1434.0,1.6157601115760112,1,7,0.0,0,0
4893,3863,396,20,3,,,1.0,1.0,-16200.0,,,,9.730478589420654,1804.0,2.7123059866962307,1,20,0.0,0,0
17099,2256,447,2978,15,,,1.0,1.0,10800.0,,,,5.035714285714286,1548.0,11.045865633074936,1,12,0.0,0,0
399555,3584,2907,6455,135,,,1.0,1.0,3600.0,,,,1.2324621733149932,855.0,467.3157894736842,1,16,0.0,0,0
8899,38,155,112,0,,,,1.0,-18000.0,,,,0.24358974358974358,1669.0,5.33193529059317,1,16,0.0,0,0
532,71,89,95,1,,,1.0,1.0,,,,,0.7888888888888889,1728.0,0.30787037037037035,1,19,0.0,0,0
3371,238,712,10578,0,,,1.0,,28800.0,,1.0,,0.3338008415147265,357.0,9.442577030812325,1,7,0.08333333333333333,1,0
274,47,51,57,0,1.0,,,1.0,,,,,0.9038461538461539,117.0,2.341880341880342,1,13,0.0,0,0
3342,263,304,2743,0,,,,,,,1.0,,0.8622950819672132,199.0,16.79396984924623,1,11,0.0,0,0
12542,559,805,929,1,1.0,,1.0,1.0,,,,,0.6935483870967742,324.0,38.70987654320987,1,14,0.0,0,0
53239,1331,758,35,9,,,1.0,1.0,-25200.0,,,,1.7536231884057971,1819.0,29.268279274326552,1,13,0.0,0,0
14621,187,513,140,3,,,1.0,1.0,-36000.0,,,,0.3638132295719844,2023.0,7.227385071675729,1,2,0.2857142857142857,1,0
35417,10934,9263,10206,30,,,1.0,1.0,-21600.0,,,,1.1802677029360966,887.0,39.92897406989854,1,9,0.125,1,0
7360,106,529,1556,1,1.0,,1.0,1.0,,,,,0.2,247.0,29.79757085020243,1,12,0.0,0,0
25400,205,176,361,4,,,1.0,1.0,-10800.0,,,,1.1581920903954803,1551.0,16.37653127014829,1,7,0.0,0,0
8643,254,336,64,1,,,1.0,1.0,-25200.0,,,,0.7537091988130564,1610.0,5.368322981366459,1,7,0.1111111111111111,1,0
11189,355,263,156,1,,,1.0,1.0,-7200.0,,,,1.3446969696969697,1392.0,8.038074712643677,1,3,0.0,0,0
72773,2629,319,26616,40,,,1.0,1.0,10800.0,,,,8.215625,1349.0,53.945885841363975,1,6,0.0,0,0
4894,136,77,608,0,1.0,,1.0,1.0,-14400.0,,,,1.7435897435897436,1556.0,3.145244215938303,0,3,0.0,0,0
215,37,112,66,1,,,,1.0,-25200.0,,,,0.3274336283185841,2096.0,0.10257633587786259,1,11,0.0,0,0
329,80,198,13,1,,,1.0,1.0,7200.0,,,,0.4020100502512563,1317.0,0.2498101746393318,1,14,0.0,0,0
17619,615,580,3489,1,,,1.0,1.0,7200.0,,1.0,,1.0585197934595525,1087.0,16.20883164673413,0,19,0.0,0,0
57566,5203,957,94472,175,,,,1.0,7200.0,,,,5.431106471816284,1935.0,29.74987080103359,1,7,0.0,0,0
3395,3029,1569,1389,2,1.0,,1.0,1.0,,,,,1.9292993630573247,533.0,6.369606003752345,1,11,0.0,0,0
13382,397,519,168,8,,,,,-14400.0,,,,0.7634615384615384,2177.0,6.146991272393202,1,12,0.0,0,0
3380,1090,2001,27,17,,,,1.0,-25200.0,,,,0.5444555444555444,1487.0,2.273032952252858,1,11,0.0,0,0
1372,62,467,793,0,,,1.0,,,,,,0.13247863247863248,489.0,2.8057259713701432,0,14,0.0,0,0
74334,2546,1224,60,67,,,1.0,1.0,28800.0,,,,2.0783673469387756,1206.0,61.63681592039801,1,9,0.0,0,0
117,6,8,110,0,1.0,,,1.0,,,,,0.6666666666666666,194.0,0.6030927835051546,0,6,0.0,0,0
1922,2151,531,1399,69,1.0,,1.0,1.0,-18000.0,,,,4.043233082706767,830.0,2.31566265060241,1,12,0.0,0,0
2543,126,321,177,1,,,,1.0,-18000.0,,,,0.391304347826087,1463.0,1.7382091592617908,1,8,0.0,0,0
39813,619,613,17793,0,,,1.0,1.0,7200.0,,,,1.00814332247557,1054.0,37.77324478178368,1,7,0.0,0,0
7739,1667,1508,3590,40,,,1.0,,7200.0,,,,1.1047051027170312,1333.0,5.8057014253563395,1,9,0.0,0,0
3697,203,217,2459,2,,,,1.0,-14400.0,,,,0.9311926605504587,1861.0,1.9865663621708758,1,12,0.2,1,0
4413,445,484,4154,1,,,,1.0,20700.0,,,,0.9175257731958762,1383.0,3.190889370932755,1,5,0.2857142857142857,1,0
10251,616,306,3412,2,1.0,,,1.0,,,,,2.006514657980456,1053.0,9.735042735042734,1,6,0.0,0,0
16557,388,177,804,15,,,,1.0,-25200.0,,,,2.1797752808988764,2260.0,7.326106194690266,1,10,0.0,0,0
33023,980,491,4730,6,,,,1.0,-21600.0,,,,1.991869918699187,1589.0,20.782252989301448,1,7,0.0,0,0
11352,342,545,6,16,,,1.0,1.0,-14400.0,,,,0.6263736263736264,2164.0,5.245841035120148,1,13,0.0,0,0
1272,123,473,389,4,,,1.0,1.0,,,1.0,,0.25949367088607594,1416.0,0.8983050847457628,1,15,0.0,0,0
2053,409,1116,381,4,,,,1.0,-16200.0,,,,0.36615935541629363,535.0,3.8373831775700933,1,20,0.0,0,0
42346,1248,584,457,29,,,1.0,1.0,-25200.0,,,,2.1333333333333333,2229.0,18.99775684163302,1,12,0.0,0,0
5,20,41,0,0,1.0,,,1.0,,,,,0.47619047619047616,84.0,0.05952380952380952,1,13,0.0,0,0
14070,688,971,2291,0,,,1.0,1.0,-36000.0,,,,0.7078189300411523,1686.0,8.345195729537366,1,4,0.0,0,0
153,3,4,0,0,,,,1.0,,,,,0.6,732.0,0.20901639344262296,1,13,0.0,0,0
2334,172,357,89,3,1.0,,,1.0,19800.0,,,,0.48044692737430167,1370.0,1.7036496350364962,1,14,0.0,0,0
5025,129,249,66,2,,,1.0,1.0,10800.0,,,,0.516,1798.0,2.7947719688542825,1,11,0.08333333333333333,1,0
601,66,104,155,8,1.0,,1.0,1.0,18000.0,,,,0.6285714285714286,2288.0,0.26267482517482516,1,5,0.0,0,0
13234,557,723,14439,9,,,1.0,1.0,-18000.0,,,,0.7693370165745856,1541.0,8.587929915639195,1,15,0.0,0,0
16534,1158,1999,10911,25,,,,1.0,-18000.0,,,,0.579,1774.0,9.320180383314543,1,14,0.0,0,0
670,79,261,459,3,,,,1.0,-14400.0,,,,0.3015267175572519,740.0,0.9054054054054054,1,15,0.0,0,0
9105,1238,145,5376,19,,,1.0,1.0,-14400.0,,,,8.479452054794521,1503.0,6.057884231536926,1,5,0.0,0,0
71433,927,862,12433,46,,,,,7200.0,,,,1.0741599073001158,1431.0,49.918238993710695,1,18,0.0,0,0
15587,39,15,18,4,1.0,,,1.0,,,,,2.4375,107.0,145.6728971962617,0,13,0.0,0,0
12833,852,216,1003,1,1.0,,1.0,1.0,28800.0,,,,3.9262672811059907,2002.0,6.41008991008991,1,10,0.0,0,0
8017,328,330,958,1,,,,1.0,-18000.0,,,,0.9909365558912386,1562.0,5.132522407170295,1,11,0.0,0,0
150680,1035,84,16174,5,,,,1.0,-25200.0,,,,12.176470588235293,1374.0,109.66521106259097,1,7,0.0,0,0
4306,939,1983,373,51,,,1.0,1.0,7200.0,,,,0.4732862903225806,1688.0,2.550947867298578,1,15,0.0,0,0
28,10,51,0,0,1.0,,1.0,1.0,,,,,0.19230769230769232,76.0,0.3684210526315789,1,8,0.0,0,0
37240,713,383,23404,4,,,1.0,1.0,-14400.0,,,,1.8567708333333333,1200.0,31.033333333333335,1,16,0.0,0,0
4754,217,333,125,4,1.0,,1.0,1.0,,,,,0.6497005988023952,1348.0,3.526706231454006,1,13,0.125,1,0
3600,183,135,415,2,,,1.0,1.0,-28800.0,,,,1.3455882352941178,1743.0,2.0654044750430294,1,17,0.0,0,0
80768,1280,984,537,13,,,1.0,1.0,32400.0,,,,1.299492385786802,2125.0,38.00847058823529,1,16,0.0,0,0
6176,127,166,158,3,,,,1.0,7200.0,,,,0.7604790419161677,1882.0,3.281615302869288,1,10,0.0,0,0
2260,202,282,244,6,,,1.0,1.0,,,,,0.7137809187279152,1228.0,1.8403908794788273,1,12,0.0,0,0
10887,346,319,3393,1,1.0,,1.0,1.0,,,,,1.08125,578.0,18.835640138408305,1,7,0.0,0,0
14086,180,152,4629,2,1.0,,1.0,1.0,28800.0,,,,1.1764705882352942,1138.0,12.377855887521969,1,20,0.0,0,0
2037,305,1878,353,4,,,1.0,1.0,,,,,0.1623203831825439,687.0,2.965065502183406,1,11,0.5333333333333333,1,0
626,236,300,16,4,,,,1.0,7200.0,,,,0.7840531561461794,2973.0,0.21056172216616212,1,12,0.0,0,0
2287,189,187,1454,0,1.0,,,1.0,,,,,1.0053191489361701,420.0,5.445238095238095,1,14,0.0,0,0
258,82,145,372,0,,,1.0,1.0,,,,,0.5616438356164384,174.0,1.4827586206896552,1,15,0.0,0,0
4925,135,141,1016,0,1.0,,,1.0,-21600.0,,,,0.9507042253521126,1940.0,2.538659793814433,0,12,0.25,1,0
16155,352,424,20656,3,1.0,,1.0,1.0,,,,,0.8282352941176471,1083.0,14.916897506925208,0,8,0.0,0,0
5693,202,600,2688,3,,,1.0,1.0,-18000.0,,,,0.33610648918469216,1369.0,4.158509861212564,1,12,0.0,0,0
144,13,13,64,0,1.0,,1.0,1.0,,,,,0.9285714285714286,549.0,0.26229508196721313,1,12,0.15384615384615385,1,0
810,44,70,157,3,,,,1.0,32400.0,,,,0.6197183098591549,1452.0,0.5578512396694215,1,18,0.0,0,0
319,71,41,552,0,1.0,,1.0,1.0,,,,,1.6904761904761905,782.0,0.4079283887468031,1,9,0.0,0,0
4317,205,42,1253,1,1.0,,1.0,1.0,28800.0,,,,4.767441860465116,1067.0,4.045923149015932,1,12,0.0,0,0
9099,349,482,3370,1,,,1.0,1.0,-18000.0,,,,0.722567287784679,1362.0,6.680616740088106,1,15,0.09090909090909091,1,0
1044,240,146,167,4,,,,,43200.0,,,,1.6326530612244898,2020.0,0.5168316831683168,1,9,0.0,0,0
1429,351,360,5263,4,1.0,,,1.0,,,,,0.9722991689750693,104.0,13.740384615384615,1,7,0.3076923076923077,1,0
1649,140,549,1528,0,,,,,46800.0,,,,0.2545454545454545,2139.0,0.7709209911173446,0,8,0.0,0,0
1054,27,71,563,0,,,1.0,1.0,46800.0,,,,0.375,719.0,1.4659248956884563,1,10,0.0,0,0
7198,274,481,36,10,1.0,,1.0,1.0,28800.0,,,,0.5684647302904564,2254.0,3.1934338952972494,1,16,0.0,0,0
1116,49,80,257,0,,,1.0,1.0,10800.0,,,,0.6049382716049383,1095.0,1.0191780821917809,1,7,0.0,0,0
297,115,311,34,0,1.0,,1.0,1.0,,,,,0.3685897435897436,991.0,0.29969727547931385,1,13,0.07142857142857142,1,0
9404,2354,1710,2289,2,,,1.0,1.0,-14400.0,,,,1.3758036236119229,625.0,15.0464,1,8,0.0,0,0
60078,4073,142,13889,78,,,1.0,1.0,-14400.0,,,,28.482517482517483,363.0,165.50413223140495,1,8,0.0,0,0
20225,398,301,8486,21,,,,1.0,-25200.0,,,,1.3178807947019868,2962.0,6.828156650911546,1,14,0.0,0,0
6942,289,333,1348,3,,,1.0,1.0,-18000.0,,,,0.8652694610778443,1668.0,4.161870503597123,1,7,0.0,0,0
53383,1370,235,19063,48,,,1.0,1.0,32400.0,,,,5.805084745762712,1948.0,27.40400410677618,1,19,0.0,0,0
18732,416,345,87,1,,,1.0,1.0,-36000.0,,,,1.2023121387283238,1059.0,17.688385269121813,1,17,0.0,0,0
6389,1135,1763,4334,1,1.0,,1.0,1.0,-14400.0,,,,0.6434240362811792,1202.0,5.315307820299501,1,2,0.13333333333333333,1,0
24453,421,252,2311,4,,,1.0,1.0,-18000.0,,,,1.6640316205533596,1507.0,16.226277372262775,1,4,0.0,0,0
1138,275,215,414,0,1.0,,,1.0,,,,,1.2731481481481481,1260.0,0.9031746031746032,0,12,0.0,0,0
11007,808,661,1277,1,1.0,,1.0,1.0,,,1.0,,1.2205438066465257,264.0,41.69318181818182,1,8,0.0,0,0
2467,267,342,1194,0,1.0,,,1.0,,,,,0.7784256559766763,1392.0,1.7722701149425288,0,6,0.38461538461538464,1,0
601,46,257,439,0,1.0,,,1.0,,,,,0.17829457364341086,1720.0,0.3494186046511628,0,18,0.2222222222222222,1,0
360,243,886,284,2,,,,,-18000.0,,,,0.27395715896279593,1572.0,0.22900763358778625,1,16,0.0,0,0
4712,570,1975,2711,14,,,1.0,1.0,28800.0,,,,0.28846153846153844,845.0,5.576331360946746,1,14,0.0,0,0
7251,2326,2548,2945,4,,,1.0,1.0,28800.0,,,,0.9125147116516281,546.0,13.280219780219781,1,12,0.0,0,0
9321,76,57,977,3,1.0,,,1.0,,,,,1.3103448275862069,630.0,14.795238095238096,1,5,0.2,1,0
521,426,991,226,6,,,1.0,1.0,-18000.0,,,,0.42943548387096775,202.0,2.5792079207920793,1,11,0.2,1,0
2662,217,150,2021,2,1.0,,1.0,1.0,,,,,1.4370860927152318,1170.0,2.275213675213675,1,16,0.0,0,0
23775,451,240,23,0,,,1.0,1.0,28800.0,,,,1.8713692946058091,1837.0,12.94229722373435,1,11,0.0,0,0
11644,1884,337,361,41,,,1.0,,-18000.0,,,,5.57396449704142,2074.0,5.61427193828351,1,18,0.0,0,0
33917,338,254,5972,2,,,1.0,1.0,-18000.0,,,,1.3254901960784313,1010.0,33.58118811881188,1,6,0.16666666666666666,1,0
1918,82,269,407,0,,,1.0,1.0,,,1.0,,0.3037037037037037,428.0,4.481308411214953,1,12,0.0,0,0
427,241,309,1376,0,1.0,,1.0,1.0,,,,,0.7774193548387097,57.0,7.491228070175438,1,8,0.0,0,0
5293,307,275,2128,1,,,1.0,1.0,28800.0,,,,1.1123188405797102,1133.0,4.671668137687555,1,14,0.0,0,0
23163,967,1997,5559,2,,,,1.0,-25200.0,,,,0.48398398398398396,1159.0,19.985332182916306,1,4,0.0,0,0
169631,2338,973,230,79,1.0,,1.0,1.0,3600.0,,,,2.40041067761807,2275.0,74.56307692307692,1,6,0.0,0,0
16899,237,198,9697,0,,,1.0,1.0,-18000.0,,,,1.1909547738693467,996.0,16.966867469879517,1,15,0.14285714285714285,1,0
9737,253,325,2603,0,,,1.0,1.0,28800.0,,,,0.7760736196319018,1034.0,9.416827852998066,1,18,0.0,0,0
35047,15346,2904,1683,59,,,1.0,1.0,-18000.0,,,,5.282616179001721,2174.0,16.12097516099356,1,3,0.0,0,0
371,106,266,111,0,1.0,,,1.0,-14400.0,,,,0.3970037453183521,2223.0,0.16689158794421952,1,11,0.125,1,0
7085,168,146,2722,0,,,1.0,1.0,-18000.0,,,,1.1428571428571428,1259.0,5.627482128673551,1,13,0.18181818181818182,1,0
4153,1581,1000,864,66,,,1.0,1.0,43200.0,,,,1.5794205794205793,1692.0,2.4544917257683214,1,17,0.0,0,0
641,108,366,10,0,,,1.0,,,,,,0.29427792915531337,250.0,2.564,1,5,0.25,1,0
3566,225,230,3013,0,1.0,,1.0,1.0,,,,,0.974025974025974,230.0,15.504347826086956,1,4,0.0,0,0
649,18,62,710,0,1.0,1.0,1.0,1.0,32400.0,,,,0.2857142857142857,87.0,7.459770114942529,1,5,0.0,0,0
3683,566,542,1416,0,,,,1.0,-18000.0,,,,1.0423572744014733,2236.0,1.6471377459749552,1,10,0.25,1,0
654,234,190,416,0,,,1.0,1.0,-25200.0,,,,1.225130890052356,1295.0,0.505019305019305,1,14,0.25,1,0
30109,888,1813,3994,11,,,,,7200.0,,,,0.4895259095920617,1701.0,17.70076425631981,1,14,0.0,0,0
10665,227,691,311,3,,,1.0,1.0,,,,,0.32803468208092484,1871.0,5.700160342063068,0,9,0.0,0,0
6292,388,359,8291,0,,,1.0,1.0,-25200.0,,,,1.0777777777777777,885.0,7.109604519774011,1,4,0.0,0,0
4910,3799,3425,8,184,,,1.0,1.0,-25200.0,,,,1.10887332165791,1930.0,2.5440414507772022,1,20,0.0,0,0
29628,3298,2808,617,31,,,,1.0,-25200.0,,,,1.1740833036667853,970.0,30.544329896907218,1,12,0.0,0,0
59,20,108,16,0,1.0,,1.0,1.0,19800.0,,,,0.1834862385321101,1858.0,0.031754574811625406,0,15,0.0,0,0
4158,232,224,210,4,,,1.0,1.0,21600.0,,,,1.031111111111111,1880.0,2.2117021276595743,1,14,0.0,0,0
28280,970,253,3168,2,,,1.0,1.0,19800.0,,,,3.8188976377952755,1823.0,15.512890839275919,1,7,0.0,0,0
2208,73,228,1381,1,1.0,,,1.0,,,,,0.31877729257641924,1520.0,1.4526315789473685,1,9,0.0,0,0
16600,15936,2786,455,2,,,1.0,1.0,-18000.0,,,,5.717976318622174,1318.0,12.5948406676783,1,9,0.0,0,0
75164,1274,1085,118881,32,,,,1.0,-10800.0,,,,1.1731123388581952,1202.0,62.5324459234609,1,20,0.0,0,0
12,2,11,5,0,1.0,,1.0,1.0,,,,,0.16666666666666666,89.0,0.1348314606741573,1,13,0.0,0,0
15262,481,687,2429,2,1.0,,,1.0,-18000.0,,,,0.6991279069767442,1628.0,9.374692874692874,1,5,0.14285714285714285,1,0
791,37,54,73,0,1.0,,,1.0,,,,,0.6727272727272727,1091.0,0.7250229147571036,1,9,0.15384615384615385,1,0
96569,1109,1977,73630,77,,,,1.0,,,,,0.5606673407482305,954.0,101.22536687631028,1,15,0.4,1,0
6881,441,534,2584,0,,,1.0,1.0,28800.0,,,,0.8242990654205608,1311.0,5.248665141113654,1,15,0.0,0,0
18477,380,365,3985,3,,,,1.0,,,,,1.0382513661202186,1174.0,15.738500851788757,1,15,0.0,0,0
25281,48489,46310,251,6166,,,1.0,1.0,19800.0,,,,1.047029863315411,1884.0,13.418789808917197,1,5,0.25,1,0
283,29,81,376,2,1.0,,1.0,1.0,,,,,0.35365853658536583,573.0,0.493891797556719,0,5,0.2857142857142857,1,0
2308,139,322,336,0,,,1.0,1.0,28800.0,,1.0,,0.43034055727554177,840.0,2.7476190476190476,1,20,0.0,0,0
7654,347,67,13916,0,,,,1.0,10800.0,,,,5.102941176470588,1323.0,5.785336356764928,1,6,0.0,0,0
7688,197,206,1056,1,1.0,,1.0,1.0,,,,,0.9516908212560387,1166.0,6.593481989708405,1,13,0.0,0,0
20853,541,477,90,6,,,1.0,1.0,7200.0,,,,1.1317991631799162,1966.0,10.606815869786368,1,14,0.42857142857142855,1,0
52,46,240,165,0,,,1.0,1.0,,,,,0.1908713692946058,63.0,0.8253968253968254,1,19,0.15384615384615385,1,0
25595,277,188,3148,11,,,,,-14400.0,,,,1.4656084656084656,353.0,72.5070821529745,1,11,0.0,0,0
21420,1081,680,2098,2,,,1.0,1.0,-18000.0,,,,1.5873715124816445,1305.0,16.413793103448278,1,19,0.0,0,0
26304,328,110,1031,13,,,1.0,1.0,18000.0,,,,2.954954954954955,2185.0,12.038443935926773,1,11,0.0,0,0
11901,3920,468,3417,1,1.0,,,1.0,-21600.0,,,,8.35820895522388,1289.0,9.232738557020946,1,17,0.0,0,0
9344,600,46,570,2,,,1.0,1.0,19800.0,,,,12.76595744680851,773.0,12.08796895213454,1,20,0.0,0,0
834,70,88,483,1,,,,1.0,,,,,0.7865168539325843,160.0,5.2125,0,19,0.2222222222222222,1,0
676,248,855,104,0,,,,1.0,,,,,0.2897196261682243,584.0,1.1575342465753424,1,19,0.0,0,0
7998,11,1,0,3,1.0,1.0,,1.0,,,,,5.5,112.0,71.41071428571429,0,4,0.0,0,0
549,551,811,379,0,1.0,,,1.0,-25200.0,,,,0.6785714285714286,52.0,10.557692307692308,1,4,0.0,0,0
81,21,118,20,0,,,1.0,1.0,,,,,0.17647058823529413,989.0,0.08190091001011122,1,4,0.0,0,0
5565,147,423,745,0,1.0,,1.0,1.0,,,,,0.3466981132075472,1202.0,4.629783693843594,1,11,0.25,1,0
14611,267,459,306,8,,,1.0,,43200.0,,,,0.5804347826086956,2237.0,6.531515422440769,1,5,0.0,0,0
8119,759,346,1759,0,,,1.0,1.0,-25200.0,,,,2.1873198847262247,695.0,11.68201438848921,1,7,0.0,0,0
8340,946,753,60,55,,,1.0,1.0,-18000.0,,,,1.2546419098143236,2160.0,3.861111111111111,1,12,0.0,0,0
14209,129,139,87,3,,,1.0,1.0,7200.0,,,,0.9214285714285714,1936.0,7.339359504132231,1,13,0.0,0,0
34025,10640,10573,19986,21,,,1.0,1.0,-10800.0,,,,1.0062417249858142,402.0,84.63930348258707,1,16,0.0,0,0
5440,165,260,111,0,,,1.0,1.0,-18000.0,,,,0.632183908045977,1605.0,3.3894080996884735,1,13,0.0,0,0
27745,809,490,616,3,,,1.0,1.0,-21600.0,,,,1.6476578411405296,1243.0,22.320997586484314,1,4,0.0,0,0
33118,1416,401,12200,8,1.0,,1.0,1.0,7200.0,,,,3.5223880597014925,1087.0,30.467341306347745,1,6,0.0,0,0
77869,4941,420,39704,34,,,1.0,1.0,,,,,11.736342042755345,451.0,172.65853658536585,1,12,0.0,0,0
5907,483,244,2690,1,1.0,,1.0,1.0,-25200.0,,,,1.9714285714285715,1194.0,4.947236180904523,1,9,0.1111111111111111,1,0
6089,171,169,4165,0,,,1.0,1.0,-25200.0,,,,1.0058823529411764,1567.0,3.885768985322272,1,13,0.0,0,0
342,31,119,270,0,1.0,,1.0,1.0,,,,,0.25833333333333336,574.0,0.5958188153310104,0,16,0.0,0,0
47459,1627,558,14637,5,,,,,-18000.0,,,,2.9105545617173525,1382.0,34.340810419681624,0,3,0.0,0,0
15,19,152,18,0,1.0,,,1.0,,,,,0.12418300653594772,508.0,0.02952755905511811,0,12,0.15384615384615385,1,0
1760,243,393,324,2,,,,1.0,-14400.0,,,,0.616751269035533,1152.0,1.5277777777777777,1,18,0.0,0,0
19061,243,241,487,22,1.0,,,1.0,,,,,1.0041322314049588,17.0,1121.235294117647,1,8,0.0,0,0
10963,1050,348,837,4,1.0,,1.0,1.0,-25200.0,,,,3.008595988538682,126.0,87.0079365079365,1,4,0.0,0,0
6497,513,968,1312,0,,,1.0,1.0,-14400.0,,,,0.5294117647058824,1116.0,5.82168458781362,0,11,0.0,0,0
36118,780,470,381,21,1.0,,,1.0,-18000.0,,,,1.6560509554140128,1721.0,20.986635676932018,1,14,0.0,0,0
13768,250,188,3132,0,1.0,,1.0,1.0,-25200.0,,,,1.3227513227513228,1250.0,11.0144,1,6,0.0,0,0
410,126,876,26,6,,,1.0,1.0,-21600.0,,,,0.14367160775370583,1925.0,0.21298701298701297,1,11,0.2857142857142857,1,0
14869,1069,1009,7487,8,,,1.0,,-7200.0,,,,1.0584158415841585,2197.0,6.767865270823851,1,7,0.0,0,0
613,12307,2498,10,13,,,,1.0,,,,,4.924769907963185,1544.0,0.39702072538860106,1,17,0.0,0,0
1373,148,318,56,4,,,,1.0,-18000.0,,,,0.46394984326018807,1461.0,0.9397672826830937,1,15,0.0,0,0
24289,500,409,7750,2,1.0,,1.0,1.0,,,,,1.2195121951219512,976.0,24.88627049180328,1,15,0.0,0,0
5850,608,262,2784,1,,,1.0,1.0,-25200.0,,,,2.311787072243346,441.0,13.26530612244898,1,3,0.0,0,0
16833,664,419,8100,0,,,1.0,1.0,-25200.0,,,,1.5809523809523809,1759.0,9.569641841955656,1,9,0.1,1,0
2839,63,61,211,2,,,,1.0,28800.0,,,,1.0161290322580645,262.0,10.835877862595419,1,4,0.0,0,0
6900,204,1339,6686,7,,,1.0,1.0,-10800.0,,,,0.15223880597014924,1771.0,3.896103896103896,1,6,0.0,0,0
2677,123,159,2943,0,,,,,-18000.0,,,,0.76875,1382.0,1.9370477568740956,1,4,0.0,0,0
2505,175,58,1412,4,,,1.0,1.0,-18000.0,,,,2.9661016949152543,1263.0,1.9833729216152018,1,4,0.0,0,0
54834,9642,2447,3221,29,,,1.0,,43200.0,,,,3.9387254901960786,1017.0,53.91740412979351,1,6,0.0,0,0
46294,187,366,875,6,,,1.0,1.0,-25200.0,,,,0.5095367847411444,1522.0,30.416557161629434,1,12,0.0,0,0
8295,1738,1837,8825,5,1.0,,1.0,1.0,,,,,0.9455930359085963,533.0,15.562851782363978,0,7,0.0,0,0
7924,531,263,3677,1,,,1.0,1.0,,,,,2.0113636363636362,1057.0,7.496688741721854,0,5,0.0,0,0
3045,336,320,670,0,,,1.0,1.0,28800.0,,,,1.0467289719626167,413.0,7.372881355932203,1,4,0.0,0,0
106773,2880,1049,3499,19,,,1.0,1.0,-25200.0,,,,2.742857142857143,2150.0,49.66186046511628,1,18,0.0,0,0
1476,813,837,207,21,,,1.0,1.0,-25200.0,,,,0.9701670644391408,2491.0,0.5925331192292252,1,9,0.0,0,0
15121,298,276,2518,2,1.0,,1.0,1.0,,,,,1.075812274368231,1229.0,12.303498779495525,1,13,0.0,0,0
86520,6624,234,9428,3,,,1.0,1.0,25200.0,,,,28.187234042553193,381.0,227.08661417322836,1,13,0.0,0,0
1313,243,832,117,10,,,1.0,,,,,,0.2917166866746699,1144.0,1.1477272727272727,1,20,0.1111111111111111,1,0
24831,1232,1040,672,20,,,,1.0,-25200.0,,,,1.1834774255523535,2249.0,11.040907069808805,1,1,0.3333333333333333,1,0
4229,2561,318,4994,3,1.0,,1.0,1.0,-18000.0,,,,8.0282131661442,877.0,4.82212086659065,1,6,0.0,0,0
7368,332,419,5261,4,1.0,,1.0,1.0,,,,,0.7904761904761904,1245.0,5.918072289156626,1,7,0.0,0,0
1193,62,43,836,0,1.0,,,1.0,-10800.0,,,,1.4090909090909092,88.0,13.556818181818182,0,17,0.14285714285714285,1,0
63492,1616,1196,23832,27,,,1.0,1.0,-25200.0,,,,1.3500417710944026,1175.0,54.03574468085107,1,9,0.0,0,0
6095,816,643,4002,3,1.0,,1.0,1.0,,,,,1.2670807453416149,1058.0,5.760869565217392,1,5,0.0,0,0
190,86,224,97,1,,,,,,,,,0.38222222222222224,337.0,0.5637982195845698,1,5,0.0,0,0
4711,530,586,4580,32,,,,,,,,,0.9028960817717206,456.0,10.331140350877194,1,19,0.0,0,0
41569,1592,359,8577,15,,,1.0,1.0,28800.0,,,,4.4222222222222225,601.0,69.16638935108153,1,8,0.0,0,0
53506,658,82,6305,5,,,,1.0,10800.0,,,,7.927710843373494,1153.0,46.40589765828274,1,7,0.0,0,0
33757,332,239,64,2,,,,1.0,-14400.0,,,,1.3833333333333333,1457.0,23.168840082361015,1,11,0.0,0,0
10757,840,1433,407,18,1.0,,1.0,1.0,-18000.0,,,,0.5857740585774058,1829.0,5.88135593220339,1,17,0.0,0,0
2682,107,210,2204,5,,,,1.0,36000.0,,,,0.5071090047393365,1728.0,1.5520833333333333,1,4,0.0,0,0
5493,147,641,32,2,,,1.0,1.0,18000.0,,,,0.22897196261682243,1254.0,4.380382775119617,1,10,0.07692307692307693,1,0
7356,1259,559,2867,0,,,1.0,1.0,28800.0,,,,2.2482142857142855,710.0,10.36056338028169,1,17,0.0,0,0
12828,390,487,7295,6,,,1.0,1.0,,,,,0.7991803278688525,1332.0,9.63063063063063,1,14,0.0,0,0
5352,2834,2003,42,56,,,1.0,1.0,-14400.0,,,,1.4141716566866267,2220.0,2.4108108108108106,1,14,0.0,0,0
280,17,28,76,1,1.0,,1.0,1.0,,,1.0,,0.5862068965517241,114.0,2.456140350877193,1,10,0.0,0,0
1183,305,312,1112,0,1.0,,1.0,1.0,,,,,0.9744408945686901,997.0,1.1865596790371113,0,13,0.0,0,0
905,428,1293,1484,10,,,,,-14400.0,,,,0.33075734157650694,119.0,7.605042016806722,1,13,0.0,0,0
28920,679,319,2169,3,,,1.0,1.0,7200.0,,,,2.121875,1164.0,24.84536082474227,1,4,0.0,0,0
1023,202,353,127,5,,,,1.0,43200.0,,,,0.5706214689265536,1271.0,0.8048780487804879,1,14,0.0,0,0
69272,740,626,21788,23,1.0,,,1.0,,,,,1.1802232854864434,695.0,99.67194244604316,1,3,0.0,0,0
3978,259,530,32,0,,,1.0,1.0,25200.0,,,,0.487758945386064,1271.0,3.129819040125885,1,17,0.0,0,0
44367,1136,382,7452,2,,,1.0,1.0,-25200.0,,,,2.966057441253264,882.0,50.302721088435376,1,5,0.0,0,0
9483,259,619,2597,3,1.0,,1.0,1.0,,,,,0.41774193548387095,1031.0,9.197866149369544,1,9,0.0,0,0
5090,232,492,339,2,,,1.0,1.0,,,,,0.47058823529411764,2023.0,2.5160652496292633,1,15,0.23076923076923078,1,0
6287,481,470,11023,1,,,1.0,1.0,-14400.0,,,,1.0212314225053079,1117.0,5.628469113697403,1,9,0.0,0,0
22770,294,114,234,17,,,1.0,1.0,3600.0,,,,2.5565217391304347,2206.0,10.321849501359928,1,12,0.0,0,0
50171,783,497,24217,5,1.0,,,1.0,,,,,1.572289156626506,977.0,51.35209825997953,1,3,0.0,0,0
36161,2044,1740,2447,56,,,1.0,1.0,19800.0,,,,1.1740379092475588,2343.0,15.433632095603926,1,14,0.0,0,0
2466,174,184,658,0,1.0,,1.0,1.0,,,,,0.9405405405405406,173.0,14.254335260115607,0,4,0.0,0,0
20348,510,103,33,2,,,,,19800.0,,,,4.903846153846154,1524.0,13.351706036745407,1,6,0.0,0,0
1778,108,127,713,1,,,,,,,,,0.84375,71.0,25.04225352112676,1,3,0.0,0,0
33917,2139,1279,6111,21,,,1.0,1.0,7200.0,,,,1.67109375,1223.0,27.73262469337694,1,14,0.0,0,0
13224,881,547,22520,2,,,1.0,1.0,,,,,1.6076642335766422,634.0,20.858044164037857,1,15,0.0,0,0
23036,2737,2919,7904,54,,,1.0,,,,,,0.9373287671232877,100.0,230.36,1,9,0.0,0,0
2218,275,297,3299,1,1.0,,1.0,1.0,3600.0,,,,0.9228187919463087,1556.0,1.4254498714652957,0,7,0.0,0,0
493,113,81,1065,0,,,1.0,1.0,-25200.0,,,,1.3780487804878048,1036.0,0.47586872586872586,1,5,0.0,0,0
3252,61,138,309,1,,,,1.0,-25200.0,,,,0.43884892086330934,1651.0,1.9697153240460328,1,5,0.16666666666666666,1,0
4877,392,283,1963,17,,,1.0,1.0,32400.0,,,,1.380281690140845,555.0,8.787387387387387,1,19,0.0,0,0
19586,468,155,1070,5,,,1.0,1.0,-18000.0,,,,3.0,1708.0,11.467213114754099,1,2,0.0,0,0
574,112,211,1477,0,,,,1.0,-25200.0,,1.0,,0.5283018867924528,200.0,2.87,1,14,0.0,0,0
1855,160,278,200,7,1.0,,1.0,1.0,3600.0,,,,0.5734767025089605,1268.0,1.4629337539432177,1,12,0.15384615384615385,1,0
5,15,52,2,0,,,1.0,,-25200.0,,,,0.2830188679245283,1447.0,0.0034554250172771253,0,11,0.0,0,0
53679,435,357,18242,3,,,1.0,1.0,-14400.0,,,,1.2150837988826815,1390.0,38.61798561151079,1,3,0.0,0,0
1304,145,109,1484,0,,,1.0,1.0,,,,,1.3181818181818181,919.0,1.4189336235038086,1,15,0.21428571428571427,1,0
956,96,266,171,1,1.0,,1.0,1.0,,,,,0.3595505617977528,73.0,13.095890410958905,1,8,0.0,0,0
8641,393,985,4128,34,,,1.0,1.0,-25200.0,,,,0.39858012170385393,2747.0,3.1456133964324717,1,13,0.0,0,0
1015,76,52,178,0,,,1.0,1.0,28800.0,,,,1.4339622641509433,1327.0,0.7648831951770911,1,11,0.0,0,0
41546,3031,2485,2558,17,,,1.0,1.0,-25200.0,,,,1.2192276749798874,1341.0,30.981357196122296,1,3,0.0,0,0
397,187,288,1,7,1.0,1.0,,1.0,-25200.0,,,,0.6470588235294118,452.0,0.8783185840707964,1,12,0.07692307692307693,1,0
2559,210,416,22887,2,,,,1.0,-14400.0,,,,0.5035971223021583,845.0,3.0284023668639053,1,13,0.14285714285714285,1,0
299,32,196,13,7,,,1.0,1.0,-18000.0,,,,0.16243654822335024,2143.0,0.1395240317312179,1,6,0.0,0,0
9734,177,77,1908,8,1.0,,1.0,1.0,32400.0,,,,2.269230769230769,334.0,29.143712574850298,1,10,0.0,0,0
1891,66,76,1662,1,,,1.0,1.0,-25200.0,,,,0.8571428571428571,949.0,1.9926238145416229,1,7,0.0,0,0
72807,555,419,71,2,,,1.0,1.0,-14400.0,,,,1.3214285714285714,2021.0,36.02523503216229,1,6,0.0,0,0
15934,54,48,1993,2,1.0,,,1.0,-25200.0,,,,1.1020408163265305,579.0,27.51986183074266,1,20,0.0,0,0
54485,304,307,790,4,,,1.0,1.0,-16200.0,,,,0.987012987012987,1270.0,42.90157480314961,1,18,0.0,0,0
27859,919,1003,144,21,,,1.0,,-18000.0,,,,0.9153386454183267,241.0,115.59751037344398,1,19,0.0,0,0
3934,230,364,247,0,,,1.0,1.0,-10800.0,,,,0.6301369863013698,1202.0,3.2728785357737107,1,14,0.3333333333333333,1,0
19820,744,132,2338,15,,,1.0,1.0,14400.0,,,,5.593984962406015,1407.0,14.086709310589908,1,12,0.0,0,0
32217,387,948,435,7,,,1.0,1.0,28800.0,,,,0.4077976817702845,1952.0,16.504610655737704,1,14,0.0,0,0
67024,771,301,12040,3,,,1.0,1.0,-18000.0,,,,2.552980132450331,1585.0,42.28643533123029,1,12,0.0,0,0
3446,79,116,555,0,,,,1.0,-25200.0,,,,0.6752136752136753,2054.0,1.6777020447906523,1,14,0.0,0,0
11079,1276,337,2852,53,,,,,-25200.0,,,,3.775147928994083,2338.0,4.738665526090676,1,14,0.0,0,0
17566,456,274,2874,0,,,1.0,1.0,-14400.0,,,,1.6581818181818182,1491.0,11.781354795439302,1,14,0.0,0,0
1606,261,235,1696,0,,,1.0,,-25200.0,,,,1.1059322033898304,745.0,2.155704697986577,1,10,0.0,0,0
21426,1253,1137,2818,1,,,1.0,1.0,,,,,1.101054481546573,1221.0,17.547911547911546,1,7,0.18181818181818182,1,0
74500,633,451,254,3,,,1.0,1.0,-14400.0,,,,1.4004424778761062,2193.0,33.97172822617419,0,10,0.0,0,0
130,10,20,43,0,,,,1.0,-18000.0,,,,0.47619047619047616,1943.0,0.06690684508492023,1,13,0.2,1,0
6923,1884,2069,8391,28,,,1.0,1.0,-25200.0,,,,0.9101449275362319,2251.0,3.075521990226566,1,11,0.5,1,0
3786,102,316,6,1,1.0,,,1.0,,,,,0.3217665615141956,218.0,17.36697247706422,0,14,0.0,0,0
8638,344,28,1845,9,,,,1.0,,,,,11.862068965517242,290.0,29.786206896551725,1,12,0.26666666666666666,1,0
753,443,308,669,0,1.0,,1.0,1.0,,,,,1.4336569579288025,1025.0,0.7346341463414634,1,12,0.14285714285714285,1,0
3733,621,437,10165,0,1.0,,,1.0,,,,,1.417808219178082,546.0,6.836996336996337,1,9,0.2,1,0
15148,5819,5899,162,190,,,,1.0,-25200.0,,,,0.986271186440678,1268.0,11.946372239747634,1,12,0.0,0,0
28583,13095,7672,3568,664,,,,,-25200.0,,,,1.7066336504626614,2379.0,12.014712063892391,1,12,0.0,0,0
39940,372,289,2609,3,,,1.0,1.0,28800.0,,,,1.282758620689655,1326.0,30.120663650075414,1,2,0.0,0,0
2289,280,327,11406,6,1.0,,1.0,1.0,,,,,0.8536585365853658,1397.0,1.6385110952040085,1,13,0.0,0,0
4272,122,215,42,2,,,1.0,1.0,-14400.0,,,,0.5648148148148148,1355.0,3.1527675276752767,1,15,0.0,0,0
10740,640,533,1498,1,,,1.0,1.0,-25200.0,,,,1.198501872659176,1132.0,9.487632508833922,1,14,0.125,1,0
8095,843,622,3320,15,,,1.0,1.0,32400.0,,,,1.3531300160513644,1864.0,4.342811158798283,1,3,0.0,0,0
381,27,40,1179,0,1.0,,,1.0,,,1.0,,0.6585365853658537,330.0,1.1545454545454545,1,5,0.0,0,0
7824,252,712,7720,1,1.0,,1.0,1.0,,,,,0.3534361851332398,799.0,9.79224030037547,1,15,0.09090909090909091,1,0
25013,82,249,2683,2,,,,1.0,-25200.0,,,,0.328,1580.0,15.831012658227849,1,7,0.14285714285714285,1,0
3556,852,1754,266,16,,,1.0,1.0,,,,,0.48547008547008547,2373.0,1.4985250737463127,1,7,0.0,0,0
9812,324,199,4971,0,,,1.0,1.0,-25200.0,,,,1.62,1314.0,7.467275494672755,0,13,0.0,0,0
13900,7184,1649,696,314,,,1.0,1.0,,,,,4.3539393939393936,2332.0,5.960548885077187,1,10,0.0,0,0
813,113,252,98,16,,,1.0,1.0,-25200.0,,,,0.44664031620553357,760.0,1.069736842105263,1,11,0.0,0,0
1174,171,57,9,5,,,,1.0,-10800.0,,,,2.9482758620689653,788.0,1.4898477157360406,1,16,0.0,0,0
3602,152,92,954,7,,,1.0,1.0,7200.0,,,,1.6344086021505377,936.0,3.8482905982905984,1,8,0.0,0,0
6652,221,122,1739,18,,,1.0,1.0,-25200.0,,,,1.7967479674796747,1364.0,4.87683284457478,1,9,0.3333333333333333,1,0
13199,23604,4308,1199,23,,,1.0,1.0,-14400.0,,,,5.477837085170573,567.0,23.278659611992946,1,11,0.0,0,0
78449,1097,632,717,87,,,,1.0,-25200.0,,,,1.7330173775671407,1775.0,44.19661971830986,1,13,0.0,0,0
19669,9684,456,10898,292,,,,1.0,-25200.0,,,,21.190371991247265,2146.0,9.16542404473439,1,19,0.0,0,0
55738,816,638,11034,4,,,1.0,1.0,-28800.0,,,,1.2769953051643192,1403.0,39.727726300784035,1,10,0.0,0,0
10147,322,175,653,7,,,1.0,1.0,-25200.0,,,,1.8295454545454546,1877.0,5.405966968566862,1,12,0.0,0,0
8759,424,463,3387,3,1.0,,1.0,1.0,,,,,0.9137931034482759,816.0,10.73406862745098,1,11,0.1,1,0
8054,189,619,1432,2,,,,1.0,19800.0,,,,0.30483870967741933,1756.0,4.586560364464693,1,12,0.0,0,0
26220,162,258,785,3,,,1.0,1.0,7200.0,,,,0.6254826254826255,1789.0,14.65623253214086,1,5,0.0,0,0
304,192,156,3525,4,,,1.0,,-25200.0,,,,1.2229299363057324,1791.0,0.16973757677275264,1,12,0.0,0,0
4535,263,91,4435,1,1.0,,,1.0,,,,,2.858695652173913,87.0,52.12643678160919,1,11,0.0,0,0
378,26,180,92,2,1.0,,1.0,1.0,7200.0,,,,0.143646408839779,1341.0,0.28187919463087246,0,16,0.0,0,0
29074,313,177,5467,3,,,,1.0,-25200.0,,,,1.7584269662921348,1444.0,20.134349030470915,1,5,0.0,0,0
5527,3747,868,162,77,,,,1.0,-25200.0,,,,4.311852704257768,2141.0,2.5815039701074265,1,20,0.0,0,0
128568,2431,1652,120,6,,,1.0,1.0,-18000.0,,,,1.470659407138536,2074.0,61.990356798457086,0,3,0.1111111111111111,1,0
44397,1340,1725,25143,26,,,1.0,1.0,-25200.0,,,,0.776361529548088,1348.0,32.93545994065282,1,10,0.1,1,0
276,234,137,544,2,1.0,,,1.0,,,,,1.6956521739130435,1121.0,0.24620874219446923,1,15,0.0,0,0
8263,723,836,9286,0,,,,1.0,-18000.0,,,,0.8637992831541219,1310.0,6.30763358778626,1,13,0.0,0,0
35802,480,369,10964,3,,,,1.0,,,,,1.2972972972972974,895.0,40.002234636871506,1,8,0.0,0,0
16377,812,376,7920,2,1.0,,1.0,1.0,-14400.0,,,,2.1538461538461537,721.0,22.714285714285715,1,6,0.0,0,0
7102,2077,197,920,13,1.0,,1.0,1.0,-36000.0,,,,10.48989898989899,1049.0,6.77025738798856,1,5,0.0,0,0
82541,18255,17,12133,170,,,,1.0,19800.0,,,,1014.1666666666666,1895.0,43.55725593667546,1,14,0.0,0,0
9292,553,359,2279,4,1.0,,1.0,1.0,,,,,1.5361111111111112,161.0,57.714285714285715,1,9,0.06666666666666667,1,0
523,120,137,25,2,,,1.0,1.0,19800.0,,,,0.8695652173913043,2223.0,0.2352676563202879,1,12,0.0,0,0
376,257,276,571,0,1.0,,,1.0,43200.0,,,,0.927797833935018,69.0,5.449275362318841,1,17,0.0,0,0
66011,6737,1681,3110,205,,,1.0,1.0,19800.0,,,,4.005350772889417,1932.0,34.16718426501035,1,8,0.0,0,0
32284,1638,661,28296,6,1.0,,,1.0,,,,,2.474320241691843,396.0,81.52525252525253,0,10,0.0,0,0
13217,286,161,12603,0,1.0,,1.0,1.0,-25200.0,,,,1.7654320987654322,519.0,25.466281310211947,1,6,0.0,0,0
784,430,1,64,13,,,,,-14400.0,,,,215.0,1073.0,0.7306616961789375,1,10,0.0,0,0
18273,1227,871,7213,40,,,1.0,1.0,,,,,1.4071100917431192,1757.0,10.400113830392716,1,13,0.0,0,0
28548,1800,1950,8895,14,1.0,,1.0,1.0,,,,,0.9226037929267042,1326.0,21.529411764705884,1,11,0.3333333333333333,1,0
19582,1108,998,713,43,,,,1.0,-18000.0,,,,1.1091091091091092,2230.0,8.781165919282511,1,15,0.0,0,0
557,20,239,125,1,1.0,,1.0,1.0,-18000.0,,,,0.08333333333333333,1159.0,0.48058671268334774,1,5,0.0,0,0
3493,308,649,2532,1,1.0,,1.0,1.0,,,,,0.47384615384615386,345.0,10.12463768115942,1,16,0.13333333333333333,1,0
5589,88,131,2095,0,,,,1.0,-25200.0,,,,0.6666666666666666,863.0,6.4762456546929315,1,4,0.06666666666666667,1,0
47098,1226,597,149,43,,,,1.0,7200.0,,,,2.0501672240802677,2242.0,21.007136485281,1,10,0.0,0,0
36701,597,1202,4419,1,1.0,,1.0,1.0,-18000.0,,,,0.49625935162094764,1729.0,21.22672064777328,1,3,0.3076923076923077,1,0
44603,768,1557,4151,7,,,,1.0,3600.0,,,,0.49293966623876767,1775.0,25.12845070422535,1,15,0.0,0,0
143045,879,640,17871,33,,,,1.0,-36000.0,,,,1.3712948517940717,2282.0,62.6840490797546,1,9,0.2857142857142857,1,0
38257,1045,1588,1203,45,,,1.0,1.0,43200.0,,,,0.65764631843927,1645.0,23.256534954407297,1,10,0.0,0,0
4252,295,427,114,22,,,1.0,1.0,19800.0,,,,0.6892523364485982,1158.0,3.6718480138169256,1,12,0.0,0,0
8172,133,109,1729,16,1.0,,,1.0,,,,,1.209090909090909,1192.0,6.855704697986577,1,14,0.0,0,0
3263,749,733,293,0,1.0,,1.0,1.0,,,,,1.0204359673024523,149.0,21.899328859060404,1,17,0.1,1,0
231,34,219,41,0,,,,1.0,,,,,0.15454545454545454,1979.0,0.1167256189994947,0,14,0.1,1,0
865,155,868,1512,0,1.0,,1.0,1.0,,,,,0.17836593785960875,470.0,1.8404255319148937,1,13,0.5333333333333333,1,0
3072,316,276,1618,0,,,1.0,1.0,,,,,1.1407942238267148,834.0,3.683453237410072,1,3,0.0,0,0
4905,116,275,147,0,,,1.0,1.0,28800.0,,,,0.42028985507246375,1340.0,3.66044776119403,1,14,0.07692307692307693,1,0
32341,857,130,1452,10,,,1.0,1.0,19800.0,,,,6.541984732824427,1309.0,24.70664629488159,0,8,0.0,0,0
1305,36,213,28,0,,,1.0,1.0,,,,,0.16822429906542055,1406.0,0.9281650071123755,1,17,0.0,0,0
15364,337,355,2421,0,,,1.0,1.0,-14400.0,,,,0.9466292134831461,1078.0,14.252319109461967,1,10,0.0,0,0
22314,4476,4845,8786,68,1.0,,,1.0,,,,,0.9236483697895171,1179.0,18.92620865139949,1,14,0.07142857142857142,1,0
13155,3153,167,1604,13,,,1.0,1.0,-25200.0,,,,18.767857142857142,315.0,41.76190476190476,1,15,0.0,0,0
16747,330,312,8720,0,,,1.0,,-14400.0,,,,1.0543130990415335,371.0,45.14016172506739,1,3,0.0,0,0
22435,1753,789,4363,8,,,1.0,1.0,3600.0,,,,2.2189873417721517,1783.0,12.582725743129556,1,6,0.0,0,0
12565,2565,226,17990,7,,,,,10800.0,,,,11.299559471365638,835.0,15.047904191616766,1,9,0.0,0,0
7801,765,975,974,16,,,1.0,1.0,-18000.0,,,,0.7838114754098361,1310.0,5.954961832061069,1,13,0.0,0,0
18656,200,78,784,0,,,1.0,1.0,3600.0,,,,2.5316455696202533,2264.0,8.240282685512367,1,6,0.0,0,0
17269,219,332,18043,5,,,1.0,1.0,-10800.0,,,,0.6576576576576577,1017.0,16.9803343166175,1,12,0.13333333333333333,1,0
540,18,33,11,1,,,,1.0,28800.0,,,,0.5294117647058824,678.0,0.7964601769911505,1,5,0.0,0,0
11845,1123,1115,2997,1,,,1.0,1.0,-14400.0,,,,1.0062724014336917,1236.0,9.583333333333334,1,10,0.0,0,0
38242,448,350,38,32,,,1.0,1.0,43200.0,,,,1.2763532763532763,2230.0,17.148878923766816,0,5,0.0,0,0
65927,2355,1904,735,14,,,1.0,1.0,19800.0,,,,1.236220472440945,1010.0,65.27425742574258,1,16,0.0,0,0
1128,21,36,773,1,1.0,,,1.0,7200.0,,,,0.5675675675675675,1201.0,0.9392173189009159,0,12,0.0,0,0
410,49,117,35,5,1.0,,,1.0,,,,,0.4152542372881356,1344.0,0.30505952380952384,1,10,0.0,0,0
44370,2295,592,1193,31,,,1.0,1.0,-14400.0,,,,3.8701517706576727,2240.0,19.808035714285715,1,13,0.0,0,0
1047,135,159,1064,0,,,,1.0,-18000.0,,,,0.84375,2103.0,0.4978601997146933,0,14,0.0,0,0
4226,679,677,5780,0,,,1.0,1.0,-25200.0,,1.0,,1.0014749262536873,924.0,4.573593073593074,1,16,0.0,0,0
1267,77,94,965,1,1.0,,,1.0,,,1.0,,0.8105263157894737,160.0,7.91875,0,3,0.0,0,0
204,22,146,40,0,1.0,,1.0,1.0,,,,,0.14965986394557823,97.0,2.1030927835051547,1,11,0.5333333333333333,1,0
457,49,47,92,0,1.0,,1.0,1.0,,,,,1.0208333333333333,308.0,1.4837662337662338,0,13,0.0,0,0
766,249,489,688,0,1.0,,,1.0,,,,,0.5081632653061224,243.0,3.152263374485597,1,11,0.0,0,0
42651,670,628,7325,12,,,1.0,1.0,3600.0,,,,1.0651828298887123,1130.0,37.74424778761062,1,20,0.0,0,0
10008,253,359,209,3,,,1.0,1.0,-25200.0,,,,0.7027777777777777,1788.0,5.597315436241611,1,19,0.0,0,0
283,206,662,191,0,1.0,,1.0,1.0,,,,,0.31070889894419307,427.0,0.6627634660421545,1,20,0.0,0,0
1116,777,296,82,4,,,1.0,1.0,-10800.0,,,,2.6161616161616164,1108.0,1.0072202166064983,1,10,0.0,0,0
13009,367,245,8327,13,,,,1.0,-10800.0,,,,1.491869918699187,1004.0,12.957171314741036,1,4,0.0,0,0
3681,184,166,869,0,1.0,,1.0,1.0,,,,,1.1017964071856288,1094.0,3.3647166361974405,1,5,0.0,0,0
32374,333,192,10396,0,,,1.0,1.0,-25200.0,,,,1.7253886010362693,1426.0,22.70266479663394,1,7,0.0,0,0
55820,1930,1259,18314,33,1.0,,1.0,1.0,10800.0,,,,1.5317460317460319,1744.0,32.00688073394495,1,19,0.0,0,0
3849,217,2001,2734,9,1.0,,,1.0,,,,,0.10839160839160839,555.0,6.935135135135135,1,4,0.0,0,0
15890,973,1994,566,12,,,1.0,1.0,-36000.0,,,,0.48771929824561405,2112.0,7.523674242424242,1,14,0.0,0,0
37856,376,327,6065,20,1.0,,,1.0,-18000.0,,,,1.146341463414634,1074.0,35.24767225325885,1,11,0.0,0,0
42719,118,202,5585,1,,,,1.0,-18000.0,,,,0.5812807881773399,1005.0,42.506467661691545,1,14,0.0,0,0
6307,490,555,5073,2,,,1.0,1.0,-18000.0,,,,0.8812949640287769,1560.0,4.042948717948718,1,13,0.0,0,0
44068,804,279,34742,2,1.0,,1.0,1.0,,,,,2.8714285714285714,654.0,67.38226299694189,0,3,0.0,0,0
1814,221,78,147,2,1.0,,1.0,1.0,,,,,2.7974683544303796,691.0,2.625180897250362,1,16,0.0,0,0
6752,211,959,139,12,,,1.0,1.0,-21600.0,,,,0.21979166666666666,1982.0,3.406659939455096,1,14,0.0,0,0
68297,1229,284,2251,6,,,1.0,1.0,-14400.0,,,,4.312280701754386,2225.0,30.695280898876405,1,11,0.0,0,0
19652,1352,1003,18083,11,,,,1.0,3600.0,,,,1.346613545816733,1355.0,14.503321033210332,1,19,0.0,0,0
2323,158,152,744,3,,,1.0,,,,,,1.0326797385620916,1182.0,1.9653130287648055,1,10,0.0,0,0
41096,1342,1199,1465,2,,,,1.0,28800.0,,,,1.1183333333333334,1377.0,29.84458968772694,1,18,0.0,0,0
6904,46,118,176,3,,,,1.0,-18000.0,,,,0.3865546218487395,2168.0,3.1845018450184504,1,12,0.0,0,0
18989,149,123,2556,4,,,,1.0,46800.0,,,,1.2016129032258065,957.0,19.84221525600836,1,7,0.0,0,0
347,149,228,2149,0,1.0,,1.0,1.0,-25200.0,,,,0.6506550218340611,550.0,0.6309090909090909,1,13,0.0,0,0
25123,881,1061,36405,12,,,1.0,1.0,18000.0,,,,0.8295668549905838,1835.0,13.691008174386921,1,12,0.0,0,0
857,54,157,465,0,,,1.0,1.0,-25200.0,,,,0.34177215189873417,1232.0,0.6956168831168831,1,16,0.0,0,0
4707,761,1387,5,2,1.0,,,1.0,-25200.0,,,,0.5482708933717579,973.0,4.8376156217882835,1,8,0.13333333333333333,1,0
26501,408,336,2213,6,,,1.0,1.0,-18000.0,,,,1.2106824925816024,1794.0,14.772017837235229,1,11,0.0,0,0
1765,58,74,283,2,1.0,,,1.0,18000.0,,,,0.7733333333333333,885.0,1.9943502824858756,1,10,0.0,0,0
50,28,32,1,0,,,,,-25200.0,,,,0.8484848484848485,50.0,1.0,1,10,0.0,0,0
12865,1504,1314,6309,14,,,,1.0,19800.0,,,,1.1437262357414448,207.0,62.14975845410628,1,9,0.0,0,0
6146,662,1824,847,3,,,1.0,1.0,-18000.0,,,,0.36273972602739724,1284.0,4.786604361370716,1,11,0.0,0,0
14052,1009,812,6037,3,,,1.0,1.0,28800.0,,,,1.2410824108241083,1534.0,9.160365058670143,1,3,0.0,0,0
8153,705,580,2561,3,,,1.0,1.0,-14400.0,,,,1.2134251290877798,1170.0,6.9683760683760685,1,8,0.2222222222222222,1,0
562,41,128,333,0,,,,,-10800.0,,,,0.3178294573643411,832.0,0.6754807692307693,1,17,0.0,0,0
1305,285,286,10,9,1.0,,,1.0,,,,,0.9930313588850174,1272.0,1.025943396226415,1,14,0.0,0,0
633,39,71,1846,2,,,,1.0,-25200.0,,,,0.5416666666666666,256.0,2.47265625,1,14,0.0,0,0
38625,1299,1164,14114,12,,,1.0,1.0,-21600.0,,,,1.1150214592274679,1231.0,31.376929325751423,1,11,0.0,0,0
797,59,90,329,5,,,,1.0,7200.0,,,,0.6483516483516484,1011.0,0.7883283877349159,1,12,0.15384615384615385,1,0
5881,188,107,2061,0,,,,1.0,-10800.0,,,,1.7407407407407407,834.0,7.051558752997602,1,8,0.0,0,0
12228,254,333,15813,2,1.0,,1.0,1.0,,,,,0.7604790419161677,787.0,15.537484116899618,0,3,0.0,0,0
5152,392,302,858,0,1.0,,,1.0,,,,,1.2937293729372936,575.0,8.96,1,14,0.0,0,0
27337,1045,106,305,19,,,,1.0,-25200.0,,,,9.766355140186915,2067.0,13.225447508466376,0,15,0.06666666666666667,1,0
42806,529,132,5467,0,,,,1.0,-10800.0,,,,3.9774436090225564,659.0,64.95599393019727,1,6,0.0,0,0
16424,273,121,12957,0,,,1.0,1.0,-25200.0,,,,2.237704918032787,1208.0,13.596026490066226,1,2,0.0,0,0
22328,777,246,5071,29,,,,1.0,43200.0,,,,3.145748987854251,2091.0,10.678144428503108,1,10,0.0,0,0
40857,467,172,5226,2,,,1.0,1.0,3600.0,,,,2.699421965317919,1932.0,21.14751552795031,1,5,0.0,0,0
27105,22,9,0,0,1.0,,,1.0,,,,,2.2,664.0,40.82078313253012,1,9,0.0,0,0
8261,1392,1977,1150,4,,,,1.0,-10800.0,,,,0.7037411526794742,837.0,9.869772998805256,1,13,0.0,0,0
136700,2135,1799,2361,70,,,,1.0,-25200.0,,,,1.1861111111111111,2876.0,47.53129346314326,1,5,0.0,0,0
24797,265,214,8019,5,,,1.0,1.0,10800.0,,,,1.2325581395348837,1511.0,16.41098610191926,1,4,0.0,0,0
3583,243,623,2239,1,,,1.0,,-14400.0,,,,0.3894230769230769,596.0,6.011744966442953,1,17,0.2857142857142857,1,0
5842,192,323,578,2,,,1.0,,32400.0,,,,0.5925925925925926,2264.0,2.5803886925795054,1,10,0.0,0,0
476,18,235,439,0,,,,1.0,7200.0,,,,0.07627118644067797,1405.0,0.3387900355871886,1,9,0.0,0,0
7717,16,25,9,0,,,,1.0,-18000.0,,,,0.6153846153846154,91.0,84.8021978021978,0,14,0.16666666666666666,1,0
814,2924,1106,4122,0,,,,1.0,-14400.0,,,,2.6413730803974707,221.0,3.683257918552036,1,3,0.0,0,0
53,126,366,163,1,1.0,,1.0,1.0,10800.0,,,,0.34332425068119893,1038.0,0.051059730250481696,1,14,0.0,0,0
2572,669,648,1076,1,1.0,,1.0,1.0,,,,,1.0308166409861326,178.0,14.44943820224719,1,16,0.2,1,0
1362,301,500,24,4,1.0,,,1.0,,,,,0.6007984031936128,1439.0,0.9464906184850591,1,13,0.0,0,0
48108,658,941,0,3,,,,1.0,-25200.0,,,,0.6985138004246284,1581.0,30.428842504743834,1,8,0.0,0,0
27257,1299,1108,5753,2,,,1.0,1.0,-18000.0,,,,1.1713255184851217,2148.0,12.689478584729981,1,4,0.0,0,0
15764,545,623,2463,1,,,1.0,1.0,-14400.0,,,,0.8733974358974359,1569.0,10.047163798597833,1,13,0.14285714285714285,1,0
24759,1652,1487,13059,76,,,1.0,1.0,-21600.0,,,,1.1102150537634408,2314.0,10.699654278305964,1,14,0.0,0,0
18521,568,449,5113,0,1.0,,1.0,1.0,-18000.0,,,,1.2622222222222221,2143.0,8.642557162855809,1,4,0.0,0,0
90237,1719,1243,7975,7,1.0,,1.0,1.0,,,,,1.3818327974276527,924.0,97.6590909090909,1,7,0.23076923076923078,1,0
28150,563,590,1885,25,,,1.0,1.0,,,,,0.9526226734348562,1633.0,17.238211879975506,1,18,0.0,0,0
2060,172,155,897,0,,,1.0,1.0,,,,,1.1025641025641026,123.0,16.747967479674795,1,20,0.07692307692307693,1,0
21794,2810,199,714,1,,,1.0,1.0,-25200.0,,1.0,,14.05,937.0,23.259338313767344,1,4,0.0,0,0
5840,1226,1183,2111,48,,,1.0,1.0,43200.0,,,,1.035472972972973,1091.0,5.35288725939505,1,14,0.0,0,0
17233,436,633,883,3,,,1.0,1.0,-10800.0,,,,0.6876971608832808,1196.0,14.408862876254181,1,5,0.0,0,0
5425,432,147,577,0,1.0,,,1.0,,,,,2.918918918918919,1371.0,3.9569657184536835,1,13,0.2222222222222222,1,0
60296,23854,20017,8275,26,,,1.0,1.0,-21600.0,,,,1.1916275352183034,2001.0,30.132933533233384,1,18,0.0,0,0
1178,54,156,617,2,1.0,,,1.0,,,,,0.34394904458598724,1083.0,1.087719298245614,1,15,0.0,0,0
849,13,12,47,0,1.0,,1.0,1.0,,,,,1.0,1040.0,0.8163461538461538,0,6,0.0,0,0
179,13,48,564,1,1.0,,,1.0,,,,,0.2653061224489796,54.0,3.314814814814815,1,12,0.0,0,0
19086,48,19,7,3,1.0,,,1.0,,,,,2.4,365.0,52.29041095890411,1,10,0.0,0,0
1268,275,369,549,15,1.0,,1.0,1.0,43200.0,,,,0.7432432432432432,2027.0,0.6255550074000986,1,7,0.0,0,0
6691,768,245,7499,6,,,,,43200.0,,,,3.1219512195121952,274.0,24.419708029197082,1,3,0.0,0,0
40490,1414,151,1562,12,,,1.0,1.0,18000.0,,,,9.302631578947368,1433.0,28.255408234473133,1,14,0.0,0,0
99563,6473,588,43,26,,,1.0,,-14400.0,,,,10.98981324278438,1058.0,94.10491493383743,0,1,0.0,0,0
1491,201,385,585,0,,,1.0,1.0,-18000.0,,,,0.5207253886010362,2120.0,0.7033018867924529,1,14,0.0,0,0
1468,132,221,1466,0,,,,1.0,-14400.0,,,,0.5945945945945946,1154.0,1.2720970537261698,1,11,0.2222222222222222,1,0
7406,769,469,1188,1,1.0,,,1.0,,,,,1.6361702127659574,530.0,13.973584905660378,0,2,0.0,0,0
360,346,329,281,0,1.0,,1.0,1.0,,,,,1.0484848484848486,142.0,2.535211267605634,1,9,0.5,1,0
6793,5730,4331,11741,33,,,,1.0,-14400.0,,,,1.3227146814404431,425.0,15.983529411764707,1,8,0.0,0,0
121,18,73,28,0,1.0,,1.0,1.0,-14400.0,,,,0.24324324324324326,2204.0,0.05490018148820327,0,15,0.0,0,0
11585,764,250,1565,5,,,,1.0,7200.0,,,,3.043824701195219,1253.0,9.245810055865922,1,10,0.0,0,0
4783,397,428,973,1,,,1.0,1.0,-7200.0,,,,0.9254079254079254,1281.0,3.7338017174082747,1,7,0.0,0,0
12861,237,547,977,6,,,1.0,1.0,,,,,0.4324817518248175,2177.0,5.90767110702802,1,11,0.0,0,0
2161,293,408,2939,0,,,,1.0,,,,,0.7163814180929096,957.0,2.258098223615465,1,13,0.0,0,0
220719,214,186,946,2,,,1.0,,-14400.0,,,,1.1443850267379678,1031.0,214.08244422890397,1,6,0.0,0,0
2541,302,366,1035,2,,,1.0,1.0,19800.0,,,,0.8228882833787466,690.0,3.6826086956521737,1,12,0.0,0,0
15368,325,1530,197,8,,,1.0,1.0,43200.0,,,,0.2122795558458524,1432.0,10.731843575418994,1,5,0.07692307692307693,1,0
23736,516,286,668,13,,,,1.0,-14400.0,,,,1.7979094076655053,1274.0,18.631083202511775,1,9,0.0,0,0
652,21,37,599,0,,,,,,,,,0.5526315789473685,163.0,4.0,1,8,0.0,0,0
19172,259,420,1387,51,,,1.0,1.0,,,,,0.6152019002375297,317.0,60.4794952681388,1,15,0.13333333333333333,1,0
147109,1986,1064,10351,5,,,1.0,1.0,-18000.0,,,,1.8647887323943662,1670.0,88.08922155688623,1,10,0.0,0,0
18462,1060,557,2500,2,,,1.0,1.0,-18000.0,,,,1.8996415770609318,1765.0,10.460056657223795,1,15,0.0,0,0
1127,352,994,1929,2,1.0,,,1.0,,,,,0.35376884422110555,537.0,2.0986964618249533,1,8,0.0,0,0
1287,79,219,57,0,,,1.0,1.0,28800.0,,,,0.35909090909090907,2153.0,0.5977705527171389,1,16,0.0,0,0
10666,1324,717,6908,1,,,1.0,1.0,-25200.0,,,,1.8440111420612812,1015.0,10.508374384236452,1,4,0.0,0,0
285,13,101,328,0,1.0,,,1.0,-14400.0,,,,0.12745098039215685,357.0,0.7983193277310925,0,10,0.1111111111111111,1,0
148445,2554,2308,857,112,,,,1.0,-25200.0,,,,1.1061065396275445,2261.0,65.65457762052189,1,10,0.3,1,0
10574,904,695,3014,1,,,1.0,1.0,-39600.0,,,,1.2988505747126438,808.0,13.086633663366337,1,7,0.0,0,0
24315,1023,321,1496,6,,,,1.0,-18000.0,,,,3.1770186335403725,1399.0,17.380271622587564,1,3,0.0,0,0
5697,264,120,4234,0,,,1.0,1.0,,,,,2.1818181818181817,488.0,11.674180327868852,1,5,0.0,0,0
4350,284,707,74,4,,,1.0,1.0,-25200.0,,,,0.4011299435028249,2219.0,1.960342496620099,1,19,0.0,0,0
9662,146,21,1,0,1.0,1.0,,1.0,19800.0,,,,6.636363636363637,40.0,241.55,0,13,0.0,0,0
10164,783,870,2045,32,,,,1.0,-18000.0,,,,0.8989667049368542,2109.0,4.8193456614509245,1,7,0.0,0,0
558,41,275,761,1,1.0,,,1.0,,,,,0.14855072463768115,1429.0,0.390482855143457,1,8,0.0,0,0
477,70,100,122,1,,,,1.0,,,,,0.693069306930693,214.0,2.2289719626168223,1,13,0.0,0,0
62548,338,329,2657,1,,,1.0,1.0,25200.0,,,,1.0242424242424242,1001.0,62.485514485514486,1,3,0.0,0,0
33110,729,823,10096,2,,,1.0,1.0,,,,,0.8847087378640777,416.0,79.59134615384616,1,6,0.0,0,0
85611,535,373,164,2,,,,,-18000.0,,,,1.4304812834224598,1450.0,59.04206896551724,1,16,0.0,0,0
3737,295,286,214,3,1.0,,1.0,1.0,,,,,1.0278745644599303,86.0,43.45348837209303,1,9,0.0,0,0
6679,350,210,2008,3,,,1.0,1.0,10800.0,,,,1.6587677725118484,594.0,11.244107744107744,1,20,0.0,0,0
804,15,20,7,1,,,,1.0,3600.0,,,,0.7142857142857143,121.0,6.644628099173554,1,3,0.5,1,0
13730,1122,141,859,1,,,1.0,1.0,28800.0,,,,7.901408450704225,1292.0,10.626934984520124,1,8,0.0,0,0
21080,504,489,7268,0,1.0,,,1.0,43200.0,,,,1.0285714285714285,951.0,22.166140904311252,1,8,0.0,0,0
2630,128,60,118,0,,,,1.0,14400.0,,,,2.098360655737705,1149.0,2.288946910356832,1,3,0.18181818181818182,1,0
367,168,398,384,0,1.0,,,1.0,,,1.0,,0.42105263157894735,89.0,4.123595505617978,0,12,0.0,0,0
70334,422,97,71,7,,,1.0,1.0,,,,,4.3061224489795915,1458.0,48.2400548696845,1,12,0.0,0,0
72221,759,299,2272,53,,,,1.0,32400.0,,,,2.53,2107.0,34.27669672520171,1,3,0.0,0,0
42332,699,473,10222,0,,,,1.0,28800.0,,1.0,,1.4746835443037976,985.0,42.97664974619289,1,6,0.0,0,0
7428,92,94,187,2,,,,1.0,-25200.0,,,,0.968421052631579,1772.0,4.191873589164786,1,13,0.07142857142857142,1,0
9129,840,75,555,0,,,,1.0,43200.0,,,,11.052631578947368,694.0,13.154178674351584,1,4,0.0,0,0
5099,482,316,16050,0,1.0,,1.0,1.0,,,,,1.5205047318611988,563.0,9.056838365896981,1,5,0.0,0,0
1276,44,156,653,2,,,1.0,1.0,43200.0,,,,0.2802547770700637,2261.0,0.5643520566121185,1,13,0.0,0,0
46809,1525,1335,539,2,,,1.0,1.0,-21600.0,,,,1.1414670658682635,1548.0,30.238372093023255,1,18,0.0,0,0
29910,249,185,9304,4,,,,,,,,,1.3387096774193548,499.0,59.93987975951904,1,12,0.0,0,0
5234,243,243,424,3,,,1.0,1.0,-18000.0,,,,0.9959016393442623,2158.0,2.4253938832252087,1,11,0.0,0,0
6900,336,334,646,5,,,1.0,1.0,-18000.0,,,,1.0029850746268656,2205.0,3.129251700680272,0,10,0.0,0,0
19247,758,461,1557,3,,,1.0,,10800.0,,,,1.6406926406926408,1016.0,18.943897637795274,1,10,0.0,0,0
9053,313,175,8251,0,1.0,,1.0,1.0,-25200.0,,,,1.7784090909090908,883.0,10.252548131370329,1,6,0.0,0,0
54639,1307,319,6893,12,,,,1.0,-18000.0,,,,4.084375,1311.0,41.67734553775744,1,14,0.0,0,0
27844,1936,1920,734,29,,,1.0,1.0,,,,,1.0078084331077564,1866.0,14.921757770632368,1,14,0.0,0,0
107,146,336,24,1,,,,,,,,,0.4332344213649852,15.0,7.133333333333334,1,10,0.0,0,0
12655,642,571,7839,1,,,1.0,1.0,,,,,1.1223776223776223,879.0,14.397042093287826,1,6,0.0,0,0
12561,787,1007,5967,7,,,,1.0,-21600.0,,,,0.7807539682539683,1563.0,8.036468330134356,1,20,0.0,0,0
1660,121,105,596,1,,,,,,,1.0,,1.1415094339622642,1014.0,1.6370808678500985,1,14,0.0,0,0
53749,1361,1492,9321,80,,,1.0,1.0,32400.0,,,,0.9115874079035499,2646.0,20.313303099017386,1,9,0.0,0,0
5121,218,522,2584,2,1.0,,,1.0,,,,,0.4168260038240918,121.0,42.32231404958678,1,7,0.16666666666666666,1,0
73,12,15,15,1,,,,1.0,28800.0,,,,0.75,114.0,0.6403508771929824,1,7,0.0,0,0
4652,251,331,3467,1,,,1.0,1.0,,,,,0.7560240963855421,363.0,12.81542699724518,1,13,0.0,0,0
12778,696,2000,94,5,,,1.0,1.0,32400.0,,,,0.34782608695652173,2074.0,6.161041465766634,1,7,0.0,0,0
9358,223,389,4774,6,,,1.0,1.0,43200.0,,,,0.5717948717948718,2172.0,4.308471454880294,1,8,0.0,0,0
386,11,112,809,0,,,1.0,,,,,,0.09734513274336283,386.0,1.0,0,12,0.3,1,0
44785,6093,92,6,195,,,1.0,1.0,-18000.0,,,,65.51612903225806,1742.0,25.708955223880597,1,12,0.0,0,0
21667,211,183,10498,1,,,1.0,1.0,-28800.0,,,,1.1467391304347827,1631.0,13.284488044144696,1,2,0.0,0,0
11187,416,292,2600,0,1.0,,,1.0,,,,,1.4197952218430034,1023.0,10.935483870967742,1,9,0.0,0,0
25130,1327,739,1497,5,,,1.0,1.0,-18000.0,,,,1.7932432432432432,864.0,29.08564814814815,1,1,0.0,0,0
43857,1495,1019,15647,5,,,1.0,1.0,-25200.0,,,,1.4656862745098038,1696.0,25.859080188679247,1,9,0.2857142857142857,1,0
26429,840,665,4823,3,,,1.0,1.0,-14400.0,,,,1.2612612612612613,809.0,32.668726823238565,1,4,0.18181818181818182,1,0
2759,555,422,1730,0,,,1.0,1.0,-25200.0,,,,1.3120567375886525,2157.0,1.2790913305516922,1,5,0.0,0,0
27165,424,165,6703,1,1.0,,1.0,1.0,,,,,2.5542168674698793,1023.0,26.55425219941349,1,5,0.15384615384615385,1,0
104,23,26,168,1,1.0,,,1.0,,,,,0.8518518518518519,132.0,0.7878787878787878,0,12,0.07142857142857142,1,0
26504,584,329,10475,2,1.0,,1.0,1.0,-18000.0,,,,1.7696969696969698,1382.0,19.178002894356005,1,5,0.2,1,0
10088,176,217,619,4,,,1.0,,-18000.0,,,,0.8073394495412844,1695.0,5.951622418879056,1,9,0.0,0,0
19286,731,426,4704,0,,,1.0,1.0,-14400.0,,,,1.711943793911007,1025.0,18.81560975609756,1,4,0.0,0,0
140388,293,289,8574,6,,,,1.0,-14400.0,,,,1.0103448275862068,1791.0,78.38525963149078,1,11,0.0,0,0
1349,110,106,182,0,1.0,,1.0,1.0,,,,,1.02803738317757,56.0,24.089285714285715,1,8,0.0,0,0
84759,766,1099,357,23,,,,1.0,-18000.0,,,,0.6963636363636364,2297.0,36.89986939486286,1,13,0.0,0,0
13740,269,98,1819,6,,,1.0,1.0,-14400.0,,,,2.717171717171717,2276.0,6.036906854130053,1,13,0.0,0,0
2164,1121,425,2089,2,1.0,,1.0,1.0,,,,,2.631455399061033,421.0,5.140142517814727,1,9,0.08333333333333333,1,0
3299,177,641,232,7,1.0,,1.0,1.0,28800.0,,,,0.2757009345794392,2262.0,1.4584438549955792,1,13,0.0,0,0
3688,237,218,7966,0,,,1.0,1.0,-18000.0,,,,1.082191780821918,1382.0,2.6685962373371925,1,5,0.16666666666666666,1,0
50738,310,409,1403,7,,,1.0,,,,,,0.7560975609756098,1731.0,29.311380704794917,1,20,0.0,0,0
1735,209,438,5934,2,,,,1.0,-21600.0,,,,0.4760820045558087,1282.0,1.3533541341653665,0,10,0.0,0,0
53599,755,318,2785,12,,,1.0,1.0,-14400.0,,,,2.366771159874608,1038.0,51.63680154142582,1,5,0.0,0,0
8272,120,114,898,0,,,1.0,1.0,28800.0,,,,1.0434782608695652,622.0,13.29903536977492,1,3,0.0,0,0
3438,522,281,3466,16,,,,1.0,43200.0,,,,1.851063829787234,1301.0,2.6425826287471175,1,4,0.25,1,0
50310,1979,2104,11035,0,1.0,,1.0,1.0,-14400.0,,,,0.9401425178147268,1373.0,36.64238892935178,1,6,0.0,0,0
25217,798,408,691,2,,,1.0,1.0,-14400.0,,,,1.9511002444987775,1022.0,24.674168297455967,1,6,0.0,0,0
126607,1002,506,1071,13,,,,1.0,-14400.0,,,,1.9763313609467457,2026.0,62.49111549851925,1,1,0.0,0,0
14761,895,540,6670,0,,,,1.0,-25200.0,,,,1.6543438077634012,1820.0,8.110439560439561,1,5,0.0,0,0
15871,1145,897,7538,7,,,1.0,1.0,7200.0,,,,1.2750556792873051,634.0,25.033123028391167,1,11,0.0,0,0
64459,2122,1585,13784,1,,,1.0,1.0,-25200.0,,,,1.3379571248423707,570.0,113.0859649122807,1,20,0.0,0,0
38420,2293,2198,1987,2,,,,1.0,-14400.0,,,,1.0427467030468394,903.0,42.547065337763016,1,7,0.0,0,0
476,77,75,845,0,1.0,,,1.0,,,,,1.013157894736842,58.0,8.206896551724139,1,17,0.0,0,0
9080,419,1159,215,0,,,1.0,1.0,3600.0,,,,0.3612068965517241,2214.0,4.101174345076784,1,18,0.0,0,0
36705,599,256,76,8,,,1.0,1.0,-25200.0,,,,2.330739299610895,2079.0,17.655122655122653,1,7,0.0,0,0
1076,205,276,2133,2,1.0,,,1.0,,,,,0.740072202166065,260.0,4.138461538461539,1,8,0.0,0,0
12957,2360,2145,586,0,,,1.0,1.0,-36000.0,,,,1.0997204100652376,2163.0,5.990291262135922,1,12,0.0,0,0
13595,490,140,2570,0,,,1.0,1.0,-18000.0,,,,3.475177304964539,1246.0,10.91091492776886,1,7,0.0,0,0
4790,3325,1327,235,5,,,1.0,,,,,,2.503765060240964,1431.0,3.347309573724668,1,10,0.16666666666666666,1,0
2850,633,584,1624,0,,,1.0,1.0,-25200.0,,,,1.082051282051282,473.0,6.025369978858351,1,5,0.0,0,0
2843,608,466,1654,0,1.0,,,1.0,-14400.0,,,,1.3019271948608138,1467.0,1.9379686434901158,1,11,0.25,1,0
502,490,119,1326,0,1.0,,1.0,1.0,-14400.0,,1.0,,4.083333333333333,531.0,0.9453860640301318,0,14,0.16666666666666666,1,0
11600,615,436,1873,2,1.0,,1.0,1.0,-25200.0,,,,1.4073226544622426,1226.0,9.461663947797716,1,6,0.0,0,0
17775,858,624,365,3,,,1.0,1.0,-21600.0,,,,1.3728,1235.0,14.392712550607287,1,10,0.0,0,0
35972,646,604,16146,4,,,1.0,1.0,-10800.0,,,,1.0677685950413223,568.0,63.33098591549296,1,15,0.0,0,0
783,164,22,191,1,1.0,,,1.0,,,,,7.130434782608695,631.0,1.2408874801901744,1,13,0.0,0,0
15937,323,234,3024,4,,,1.0,1.0,-18000.0,,,,1.374468085106383,1272.0,12.529088050314465,1,4,0.0,0,0
8019,205,191,2616,0,1.0,,1.0,1.0,,,,,1.0677083333333333,452.0,17.741150442477878,1,9,0.125,1,0
24728,2097,888,5166,10,,,1.0,1.0,18000.0,,,,2.358830146231721,902.0,27.414634146341463,1,8,0.0,0,0
11,56,48,18,2,,,,,36000.0,,,,1.1428571428571428,103.0,0.10679611650485436,0,11,0.0,0,0
19161,797,774,4966,13,,,1.0,1.0,-14400.0,,,,1.0283870967741935,1127.0,17.001774622892636,1,8,0.0,0,0
58095,1494,468,5519,4,,,,1.0,-18000.0,,,,3.185501066098081,1315.0,44.1787072243346,1,6,0.0,0,0
7443,173,244,1024,0,1.0,,,1.0,-18000.0,,,,0.7061224489795919,850.0,8.756470588235294,1,8,0.0,0,0
2520,189,226,587,1,1.0,,1.0,1.0,,,,,0.8325991189427313,213.0,11.830985915492958,1,11,0.3333333333333333,1,0
6506,254,214,5472,1,1.0,,1.0,1.0,-25200.0,,,,1.1813953488372093,154.0,42.246753246753244,1,6,0.0,0,0
33478,1125,866,3690,2,,,1.0,,-18000.0,,,,1.2975778546712802,644.0,51.984472049689444,1,12,0.0,0,0
3093,393,306,3385,1,1.0,,1.0,1.0,,,,,1.280130293159609,999.0,3.096096096096096,0,3,0.0,0,0
7773,334,238,844,0,,,1.0,1.0,-14400.0,,,,1.397489539748954,1331.0,5.839969947407964,0,14,0.0,0,0
5899,311,381,196,1,,,1.0,1.0,28800.0,,,,0.8141361256544503,1569.0,3.7597195666029317,1,7,0.0,0,0
1536,85,137,1042,0,1.0,,,1.0,,,,,0.6159420289855072,358.0,4.290502793296089,1,14,0.0,0,0
327,120,124,1015,0,1.0,,,1.0,,,,,0.96,213.0,1.5352112676056338,0,5,0.0,0,0
1430,405,584,192,6,1.0,,,1.0,28800.0,,,,0.6923076923076923,285.0,5.017543859649122,1,16,0.0,0,0
3239,134,288,437,0,,,1.0,1.0,-10800.0,,,,0.46366782006920415,1466.0,2.209413369713506,1,6,0.0,0,0
2078,529,911,3741,1,,,1.0,1.0,43200.0,,,,0.5800438596491229,833.0,2.4945978391356545,1,4,0.0,0,0
18001,550,129,5952,1,,,1.0,1.0,,,,,4.230769230769231,1315.0,13.688973384030419,1,6,0.3333333333333333,1,0
6931,375,298,4560,0,1.0,,1.0,1.0,,,,,1.254180602006689,471.0,14.715498938428874,1,17,0.0,0,0
9001,126,135,3987,1,,,1.0,1.0,28800.0,,,,0.9264705882352942,574.0,15.681184668989546,1,16,0.0,0,0
3765,171,283,4644,5,,,1.0,1.0,-18000.0,,,,0.602112676056338,307.0,12.26384364820847,0,4,0.4444444444444444,1,0
6164,256,255,615,1,1.0,,1.0,1.0,,,,,1.0,364.0,16.934065934065934,0,6,0.1111111111111111,1,0
449,129,163,287,0,1.0,,1.0,1.0,,,,,0.7865853658536586,315.0,1.4253968253968254,1,14,0.0,0,0
50446,1047,365,9805,1,,,1.0,1.0,-28800.0,,,,2.860655737704918,1645.0,30.666261398176292,1,20,0.0,0,0
20500,249,219,7458,0,1.0,,,1.0,,,,,1.1318181818181818,502.0,40.83665338645418,1,3,0.0,0,0
29277,563,350,41935,0,1.0,,1.0,1.0,-18000.0,,,,1.603988603988604,946.0,30.948202959830866,1,5,0.0,0,0
7226,228,113,19,19,,,,,36000.0,,,,2.0,2536.0,2.8493690851735014,1,12,0.0,0,0
1770,179,132,1224,0,1.0,,,1.0,,,,,1.3458646616541354,627.0,2.8229665071770333,0,13,0.0,0,0
38617,1356,591,6822,6,,,1.0,1.0,-21600.0,,,,2.2905405405405403,1699.0,22.729252501471453,1,11,0.0,0,0
6898,837,816,1092,0,1.0,,,1.0,,,,,1.0244798041615668,562.0,12.274021352313166,1,5,0.0,0,0
36769,616,564,5216,2,,,1.0,1.0,-25200.0,,,,1.0902654867256638,1100.0,33.42636363636364,1,2,0.0,0,0
2939,222,155,888,0,1.0,,1.0,1.0,,,,,1.4230769230769231,295.0,9.96271186440678,1,6,0.0,0,0
28189,614,578,3218,4,,,1.0,,-25200.0,,,,1.0604490500863557,1351.0,20.865284974093264,1,16,0.0,0,0
40968,1957,1286,1949,1,,,1.0,1.0,-21600.0,,,,1.5205905205905206,1402.0,29.22111269614836,1,5,0.0,0,0
8594,436,320,4641,0,,,,1.0,-21600.0,,,,1.3582554517133956,1246.0,6.897271268057785,0,7,0.0,0,0
3204,242,152,960,0,1.0,,1.0,1.0,,,,,1.5816993464052287,663.0,4.832579185520362,1,6,0.0,0,0
5458,141,209,218,11,,,1.0,1.0,-36000.0,,,,0.6714285714285714,1811.0,3.013804527885146,1,12,0.0,0,0
1214,422,819,2875,0,1.0,,1.0,1.0,,,,,0.5146341463414634,286.0,4.244755244755245,1,9,0.0,0,0
91853,2380,957,27355,35,,,,1.0,7200.0,,,,2.4843423799582465,1703.0,53.93599530240752,1,5,0.0,0,0
30800,808,635,348,1,,,1.0,1.0,-18000.0,,,,1.270440251572327,1490.0,20.671140939597315,0,1,0.0,0,0
13861,199,134,7478,1,,,,1.0,-25200.0,,,,1.474074074074074,1002.0,13.833333333333334,1,3,0.0,0,0
8901,406,744,1006,13,1.0,,1.0,1.0,-36000.0,,,,0.5449664429530201,2271.0,3.919418758256275,0,16,0.0,0,0
24365,661,439,6142,0,,,1.0,,-25200.0,,,,1.5022727272727272,1082.0,22.518484288354898,1,3,0.0,0,0
14154,308,320,22245,0,1.0,,,1.0,,,,,0.9595015576323987,651.0,21.741935483870968,1,14,0.0,0,0
9676,499,496,4152,2,,,1.0,1.0,28800.0,,,,1.0040241448692153,784.0,12.341836734693878,1,6,0.0,0,0
37018,512,641,1586,8,,,1.0,,-25200.0,,,,0.7975077881619937,2292.0,16.150959860383946,1,17,0.0,0,0
40078,585,262,16018,1,,,1.0,1.0,-14400.0,,,,2.2243346007604563,1138.0,35.21792618629174,1,6,0.0,0,0
3049,400,363,7295,0,1.0,,,1.0,,,,,1.098901098901099,789.0,3.864385297845374,1,5,0.0,0,0
8154,293,254,9795,2,,,1.0,1.0,-25200.0,,,,1.1490196078431372,662.0,12.317220543806647,1,17,0.0,0,0
1041,78,204,125,0,1.0,,1.0,1.0,,,,,0.3804878048780488,382.0,2.725130890052356,0,8,0.16666666666666666,1,0
3068,1542,341,9882,4,1.0,,,1.0,,,,,4.508771929824562,428.0,7.168224299065421,1,6,0.0,0,0
11567,102,123,6072,0,,,,1.0,-14400.0,,,,0.8225806451612904,813.0,14.227552275522756,1,9,0.0,0,0
2128,87,92,322,0,1.0,,1.0,1.0,,,,,0.9354838709677419,560.0,3.8,0,13,0.0,0,0
25977,321,862,5812,3,1.0,,1.0,1.0,19800.0,,,,0.3719582850521437,1863.0,13.943639291465379,1,18,0.0,0,0
988,23,299,170,4,,,,1.0,28800.0,,,,0.07666666666666666,737.0,1.3405698778833106,0,2,0.0,0,0
13816,1077,940,224,2,,,1.0,,-18000.0,,,,1.1445270988310308,1287.0,10.735042735042734,1,5,0.0,0,0
18375,1213,1180,1161,7,,,1.0,1.0,3600.0,,,,1.0270956816257408,1280.0,14.35546875,1,13,0.0,0,0
80,30,351,21,0,1.0,,,1.0,,,,,0.08522727272727272,247.0,0.32388663967611336,0,5,0.0,0,0
4073,347,185,2352,0,,,1.0,1.0,-25200.0,,,,1.8655913978494623,1517.0,2.6849044166117335,1,10,0.0,0,0
15957,1272,970,6259,2,,,1.0,1.0,-21600.0,,,,1.309989701338826,1850.0,8.625405405405406,1,16,0.0,0,0
571,249,193,344,0,1.0,,1.0,1.0,,,,,1.2835051546391754,1866.0,0.3060021436227224,1,12,0.1111111111111111,1,0
2559,145,298,541,4,,,,1.0,19800.0,,,,0.48494983277591974,1506.0,1.699203187250996,1,3,0.3333333333333333,1,0
2588,93,162,407,0,,,1.0,1.0,-25200.0,,,,0.5705521472392638,2157.0,1.1998145572554473,1,11,0.0,0,0
2640,189,328,2552,0,1.0,,,1.0,,,,,0.574468085106383,681.0,3.8766519823788546,1,20,0.2727272727272727,1,0
3849,257,240,7090,0,1.0,,,1.0,,,,,1.066390041493776,492.0,7.823170731707317,1,10,0.0,0,0
15542,858,638,5473,6,,,1.0,1.0,,,,,1.3427230046948357,775.0,20.054193548387097,1,19,0.0,0,0
4602,520,243,2185,2,,,1.0,1.0,28800.0,,,,2.1311475409836067,2111.0,2.1800094741828517,1,2,0.0,0,0
4438,350,411,59,3,1.0,,,1.0,,,,,0.8495145631067961,68.0,65.26470588235294,1,11,0.0,0,0
747,222,340,362,5,1.0,,,1.0,,,,,0.6510263929618768,413.0,1.8087167070217918,1,7,0.0,0,0
783,47,70,143,0,1.0,,,1.0,,,,,0.6619718309859155,162.0,4.833333333333333,1,5,0.08333333333333333,1,0
8346,824,1496,8625,17,,,1.0,,,,,,0.5504342017368069,1150.0,7.257391304347826,1,10,0.0,0,0
4073,138,385,6302,0,,,,1.0,-28800.0,,,,0.35751295336787564,1847.0,2.2051976177585275,1,15,0.0,0,0
11816,1234,532,3576,95,,,,1.0,-18000.0,,,,2.3151969981238274,2554.0,4.62646828504307,1,13,0.0,0,0
4628,61,42,9,5,,,1.0,1.0,19800.0,,,,1.4186046511627908,1263.0,3.6642913697545527,1,12,0.25,1,0
826,93,81,12,0,1.0,,1.0,1.0,,,,,1.1341463414634145,536.0,1.541044776119403,1,18,0.0,0,0
37153,1908,1156,444,72,,,1.0,1.0,,,,,1.6490924805531546,2380.0,15.610504201680673,1,14,0.0,0,0
1875,461,533,897,3,1.0,,1.0,1.0,,,,,0.8632958801498127,97.0,19.329896907216494,1,8,0.15384615384615385,1,0
7580,205,221,35,0,,,,1.0,28800.0,,,,0.9234234234234234,1361.0,5.569434239529757,1,17,0.0,0,0
19735,1209,713,8668,0,,,1.0,1.0,7200.0,,,,1.6932773109243697,1125.0,17.54222222222222,1,1,0.0,0,0
996,584,407,1304,0,,,,,,,,,1.4313725490196079,254.0,3.921259842519685,1,10,0.0,0,0
4503,96,119,1365,1,1.0,,,1.0,,,1.0,,0.8,509.0,8.846758349705304,1,5,0.0,0,0
39599,3949,166,10163,6,,,1.0,1.0,28800.0,,,,23.646706586826348,905.0,43.75580110497238,1,19,0.0,0,0
3427,174,47,29,5,,,,1.0,-18000.0,,,,3.625,1629.0,2.103744628606507,1,11,0.0,0,0
165,4,11,118,0,1.0,,,1.0,,,,,0.3333333333333333,512.0,0.322265625,0,12,0.0,0,0
40574,1645,1292,11964,8,,,1.0,1.0,-18000.0,,,,1.2722351121423048,2125.0,19.093647058823528,1,2,0.0,0,0
40796,535,444,1337,3,,,1.0,1.0,43200.0,,,,1.202247191011236,1410.0,28.933333333333334,1,10,0.0,0,0
3970,513,592,453,4,,,1.0,1.0,21600.0,,,,0.8650927487352446,1297.0,3.0609097918272936,1,11,0.2857142857142857,1,0
965,257,144,9803,0,,,,1.0,,,,,1.7724137931034483,482.0,2.0020746887966805,1,15,0.0,0,0
10523,423,453,681,0,1.0,,1.0,1.0,,,,,0.9317180616740088,2231.0,4.716718960107575,1,4,0.14285714285714285,1,0
1908,65,88,1601,0,1.0,,1.0,1.0,,,,,0.7303370786516854,388.0,4.917525773195877,1,3,0.2222222222222222,1,0
711,46,31,604,0,1.0,,1.0,1.0,,,,,1.4375,351.0,2.0256410256410255,1,18,0.14285714285714285,1,0
6160,195,228,4842,0,,,1.0,1.0,,,1.0,,0.851528384279476,539.0,11.428571428571429,1,2,0.0,0,0
1801,360,369,256,8,1.0,,1.0,1.0,-25200.0,,,,0.972972972972973,2095.0,0.8596658711217183,1,12,0.0,0,0
39968,939,753,625,22,,,1.0,1.0,19800.0,,,,1.2453580901856764,2214.0,18.052393857271905,1,17,0.0,0,0
129517,1962,1334,8175,14,,,1.0,1.0,18000.0,,,,1.4696629213483146,1806.0,71.71483942414174,1,5,0.0,0,0
257,127,132,46,9,,,1.0,,-25200.0,,,,0.9548872180451128,2073.0,0.12397491558128317,1,13,0.0,0,0
3233,119,394,187,5,1.0,,1.0,1.0,,,,,0.3012658227848101,2078.0,1.555822906641001,1,9,0.0,0,0
17282,242,139,466,16,,,1.0,1.0,7200.0,,,,1.7285714285714286,2570.0,6.724513618677043,1,10,0.0,0,0
2364,178,224,252,3,,,1.0,1.0,28800.0,,,,0.7911111111111111,1019.0,2.319921491658489,1,8,0.16666666666666666,1,0
6182,321,464,312,22,,,1.0,1.0,19800.0,,,,0.6903225806451613,2163.0,2.858067498844198,1,13,0.0,0,0
32717,2052,2246,4803,17,,,1.0,1.0,-10800.0,,,,0.9132176234979973,852.0,38.40023474178404,1,3,0.0,0,0
13579,1458,1548,10172,70,,,,1.0,-28800.0,,,,0.9412524209167205,1477.0,9.193635748138117,1,8,0.0,0,0
24314,213,578,125,2,,,1.0,1.0,-18000.0,,,,0.36787564766839376,1858.0,13.08611410118407,1,13,0.3,1,0
29,43,46,49,0,1.0,,,1.0,,,,,0.9148936170212766,190.0,0.15263157894736842,1,14,0.0,0,0
2859,209,296,1395,1,1.0,,,1.0,,,,,0.7037037037037037,259.0,11.038610038610038,1,11,0.2857142857142857,1,0
3440,242,191,1365,0,1.0,,,1.0,,,,,1.2604166666666667,727.0,4.731774415405777,1,16,0.14285714285714285,1,0
10070,131,295,368,2,,,1.0,1.0,28800.0,,,,0.44256756756756754,730.0,13.794520547945206,1,10,0.0,0,0
21537,2622,1231,5837,63,,,1.0,1.0,-18000.0,,,,2.1282467532467533,2449.0,8.794201714985709,0,9,0.0,0,0
13373,221,307,8927,4,1.0,,1.0,1.0,-25200.0,,,,0.7175324675324676,746.0,17.92627345844504,1,10,0.15384615384615385,1,0
12068,505,196,14001,1,1.0,,1.0,1.0,-25200.0,,,,2.563451776649746,774.0,15.591731266149871,1,2,0.0,0,0
1810,171,183,7623,0,1.0,,1.0,1.0,,,,,0.9293478260869565,416.0,4.350961538461538,1,7,0.2857142857142857,1,0
1076,139,118,5776,2,,,,,,,,,1.1680672268907564,374.0,2.877005347593583,1,13,0.0,0,0
1052,189,248,362,0,1.0,,,1.0,-18000.0,,,,0.7590361445783133,1434.0,0.7336122733612274,1,11,0.25,1,0
4605,139,138,2027,3,1.0,,1.0,1.0,,,,,1.0,314.0,14.665605095541402,1,6,0.0,0,0
7733,705,577,18190,0,1.0,,1.0,1.0,-25200.0,,,,1.2197231833910034,631.0,12.255150554675119,1,15,0.16666666666666666,1,0
6700,170,169,1430,1,1.0,,,1.0,,,,,1.0,942.0,7.112526539278131,1,9,0.0,0,0
258,27,114,237,0,1.0,,1.0,1.0,,,,,0.23478260869565218,285.0,0.9052631578947369,1,5,0.5454545454545454,1,0
6727,393,391,3889,0,,,1.0,1.0,-14400.0,,,,1.0025510204081634,1012.0,6.647233201581027,1,10,0.0,0,0
2037,253,150,675,1,1.0,,1.0,1.0,,,,,1.6754966887417218,667.0,3.0539730134932532,1,16,0.18181818181818182,1,0
7259,863,819,19271,5,,,,1.0,28800.0,,,,1.052439024390244,2009.0,3.6132404181184667,1,4,0.0,0,0
17068,629,838,3202,3,,,1.0,1.0,,,,,0.7497020262216925,880.0,19.395454545454545,1,10,0.0,0,0
92,52,266,629,0,1.0,,1.0,1.0,,,,,0.1947565543071161,540.0,0.17037037037037037,1,12,0.26666666666666666,1,0
20502,226,116,883,2,,,1.0,1.0,-7200.0,,,,1.9316239316239316,1897.0,10.807590933052188,1,14,0.0,0,0
2785,435,684,11141,0,,,1.0,1.0,-25200.0,,,,0.635036496350365,1502.0,1.8541944074567243,1,4,0.13333333333333333,1,0
6611,484,1388,3562,12,,,1.0,1.0,43200.0,,,,0.3484521238300936,1729.0,3.8235974551764027,1,15,0.0,0,0
3956,423,524,3697,0,,,1.0,1.0,,,,,0.8057142857142857,583.0,6.785591766723842,1,5,0.2857142857142857,1,0
451,109,91,60,2,1.0,,1.0,1.0,,,,,1.184782608695652,558.0,0.8082437275985663,1,12,0.0,0,0
3145,278,257,701,1,1.0,,,1.0,,,,,1.0775193798449612,738.0,4.261517615176151,1,3,0.375,1,0
195,142,391,7,4,,,,,19800.0,,,,0.3622448979591837,883.0,0.22083805209513024,1,11,0.0,0,0
70365,618,453,15626,3,,,1.0,1.0,,,,,1.3612334801762114,1133.0,62.10503089143866,1,12,0.0,0,0
6497,351,264,5209,0,1.0,,1.0,1.0,,,,,1.3245283018867924,1300.0,4.997692307692308,1,11,0.0,0,0
36430,1439,1591,6761,91,,,1.0,1.0,,,,,0.9038944723618091,2545.0,14.31434184675835,1,11,0.0,0,0
59543,4126,4094,2170,195,,,1.0,1.0,-18000.0,,,,1.0075702075702075,2453.0,24.27354260089686,1,11,0.0,0,0
1120,79,261,49,2,,,,1.0,,,,,0.3015267175572519,2152.0,0.5204460966542751,0,11,0.0,0,0
4371,515,939,12,5,,,1.0,1.0,,,,,0.5478723404255319,1386.0,3.153679653679654,1,18,0.0,0,0
889,31,45,155,0,,,,1.0,-14400.0,,,,0.6739130434782609,459.0,1.9368191721132897,1,7,0.0,0,0
1826,227,123,4913,0,1.0,,,1.0,-25200.0,,,,1.8306451612903225,992.0,1.840725806451613,1,4,0.0,0,0
16942,534,860,41,22,,,1.0,1.0,-25200.0,,,,0.6202090592334495,2513.0,6.741742936729009,1,10,0.0,0,0
60463,568,387,15599,1,,,1.0,1.0,28800.0,,,,1.4639175257731958,1176.0,51.4141156462585,0,4,0.0,0,0
127,105,348,8,1,,,,,-25200.0,,,,0.3008595988538682,123.0,1.032520325203252,1,6,0.0,0,0
17761,409,359,3186,3,,,1.0,,-28800.0,,,,1.136111111111111,2173.0,8.173492867004141,1,13,0.0,0,0
10964,656,575,1861,53,,,1.0,1.0,,,,,1.1388888888888888,1950.0,5.622564102564103,1,19,0.36363636363636365,1,0
103921,2902,660,1619,34,,,,1.0,7200.0,,,,4.390317700453858,1175.0,88.44340425531915,1,6,0.0,0,0
11162,214,573,5378,0,,,,1.0,,,,,0.37282229965156793,112.0,99.66071428571429,1,17,0.25,1,0
14998,322,263,4973,1,,,1.0,1.0,-25200.0,,,,1.2196969696969697,1521.0,9.860618014464169,1,10,0.16666666666666666,1,0
3347,570,980,1339,5,1.0,,,1.0,,,,,0.581039755351682,958.0,3.4937369519832986,1,10,0.0,0,0
1157,112,106,361,0,1.0,,1.0,1.0,,,,,1.0467289719626167,211.0,5.483412322274882,1,8,0.0,0,0
3438,116,126,2722,2,,,,1.0,-7200.0,,,,0.9133858267716536,2149.0,1.599813866914844,1,3,0.0,0,0
294,147,126,723,0,1.0,,1.0,1.0,,,,,1.1574803149606299,123.0,2.3902439024390243,1,4,0.14285714285714285,1,0
46114,877,655,6643,5,,,1.0,1.0,-18000.0,,,,1.336890243902439,1789.0,25.776411403018447,1,4,0.0,0,0
11539,387,1108,812,17,1.0,,,1.0,-14400.0,,,,0.3489630297565374,1080.0,10.684259259259258,1,13,0.0,0,0
460,73,473,236,2,,,1.0,1.0,3600.0,,,,0.1540084388185654,1797.0,0.25598219254312743,0,11,0.0,0,0
27575,4960,4386,31200,97,,,1.0,1.0,-25200.0,,,,1.1306131752906314,291.0,94.7594501718213,1,13,0.0,0,0
2111,113,329,99,3,1.0,,,1.0,,,,,0.3424242424242424,2408.0,0.8766611295681063,0,10,0.0,0,0
12042,10011,1812,814,10,,,1.0,1.0,-25200.0,,,,5.521787093215664,938.0,12.837953091684435,1,14,0.0,0,0
12512,506,527,168,27,,,1.0,1.0,18000.0,,,,0.9583333333333334,2212.0,5.656419529837251,1,13,0.0,0,0
21545,679,358,2845,1,,,1.0,1.0,-14400.0,,,,1.8913649025069639,1950.0,11.048717948717949,1,14,0.0,0,0
453,266,1413,169,0,1.0,,,1.0,,,,,0.18811881188118812,557.0,0.8132854578096947,1,8,0.09090909090909091,1,0
4202,170,230,4560,0,1.0,,1.0,1.0,,,,,0.7359307359307359,259.0,16.223938223938223,1,3,0.0,0,0
84919,3975,1803,14566,153,,,1.0,1.0,-25200.0,,,,2.203436807095344,2356.0,36.0437181663837,1,19,0.0,0,0
13853,314,247,1812,1,1.0,,1.0,1.0,,,,,1.2661290322580645,760.0,18.227631578947367,1,14,0.0,0,0
2042,123,320,1426,0,,,1.0,1.0,,,,,0.38317757009345793,1071.0,1.9066293183940244,1,13,0.0,0,0
856,252,271,2461,0,1.0,,,1.0,,,,,0.9264705882352942,149.0,5.74496644295302,1,14,0.1111111111111111,1,0
1677,834,264,34,28,,,,1.0,19800.0,,,,3.147169811320755,2677.0,0.6264475158759806,1,9,0.0,0,0
10823,312,39,12,3,,,1.0,,-18000.0,,,,7.8,1348.0,8.02893175074184,1,7,0.0,0,0
771,33,59,910,1,,,,1.0,18000.0,,,,0.55,1307.0,0.5899005355776588,0,10,0.5,1,0
843,51,42,1137,0,1.0,,1.0,1.0,7200.0,,,,1.186046511627907,132.0,6.386363636363637,0,5,0.0,0,0
3024,123,168,729,0,,,1.0,1.0,-25200.0,,,,0.727810650887574,737.0,4.103120759837178,1,9,0.0,0,0
3914,258,564,7440,6,,,1.0,1.0,,,,,0.45663716814159294,1358.0,2.882179675994109,1,14,0.0,0,0
720,111,67,788,0,1.0,,1.0,1.0,-25200.0,,,,1.6323529411764706,373.0,1.9302949061662198,1,5,0.0,0,0
1899,424,316,5,3,,,1.0,1.0,,,,,1.337539432176656,2218.0,0.8561767357980162,1,9,0.0,0,0
37,10,35,135,0,1.0,,,1.0,,,,,0.2777777777777778,368.0,0.10054347826086957,1,11,0.0,0,0
4213,131,147,5506,5,,,1.0,1.0,-10800.0,,,,0.8851351351351351,1167.0,3.6101113967437874,1,18,0.0,0,0
6753,295,647,2660,2,1.0,,1.0,1.0,-25200.0,,,,0.45524691358024694,2104.0,3.209600760456274,1,10,0.0,0,0
1503,178,174,100,8,1.0,,1.0,1.0,19800.0,,,,1.0171428571428571,2136.0,0.7036516853932584,1,11,0.2222222222222222,1,0
9086,255,300,5586,1,,,,1.0,-14400.0,,,,0.8471760797342193,1730.0,5.252023121387284,1,5,0.26666666666666666,1,0
146,175,219,125,1,1.0,,1.0,1.0,,,,,0.7954545454545454,73.0,2.0,1,14,0.2727272727272727,1,0
2824,81,228,121,1,,,,,18000.0,,,,0.3537117903930131,753.0,3.750332005312085,1,12,0.21428571428571427,1,0
5191,321,226,3930,0,,,1.0,1.0,3600.0,,,,1.4140969162995596,1700.0,3.053529411764706,1,6,0.08333333333333333,1,0
14210,320,193,13278,1,,,1.0,,-25200.0,,,,1.6494845360824741,652.0,21.79447852760736,1,6,0.0,0,0
7199,395,71,270,0,,,,,28800.0,,,,5.486111111111111,1443.0,4.988911988911989,1,15,0.0,0,0
4130,79,264,75,2,,,,1.0,18000.0,,,,0.2981132075471698,1132.0,3.648409893992933,1,18,0.0,0,0
19170,1558,625,5323,52,,,1.0,1.0,-18000.0,,,,2.488817891373802,1629.0,11.767955801104973,1,9,0.0,0,0
8316,392,261,168,2,,,1.0,1.0,28800.0,,,,1.4961832061068703,1861.0,4.46856528747985,1,15,0.0,0,0
881,67,53,454,1,1.0,,1.0,1.0,,,,,1.2407407407407407,318.0,2.770440251572327,0,7,0.2222222222222222,1,0
229,43,26,336,4,,,,1.0,28800.0,,,,1.5925925925925926,2128.0,0.10761278195488722,1,5,0.0,0,0
36738,1137,282,21157,0,,,1.0,1.0,,,,,4.017667844522968,1795.0,20.466852367688023,1,3,0.07142857142857142,1,0
5856,129,123,2041,3,1.0,,,1.0,,,,,1.0403225806451613,583.0,10.04459691252144,1,14,0.0,0,0
5768,567,539,1057,2,,,1.0,1.0,28800.0,,,,1.05,1271.0,4.5381589299763965,1,6,0.0,0,0
77,89,187,113,0,1.0,,,1.0,-18000.0,,,,0.4734042553191489,52.0,1.4807692307692308,1,6,0.0,0,0
16008,287,276,8749,1,,,1.0,1.0,,,,,1.036101083032491,1625.0,9.851076923076922,1,5,0.0,0,0
1190,74,114,1419,1,,,1.0,,,,,,0.6434782608695652,176.0,6.761363636363637,1,6,0.0,0,0
8179,138,276,179,3,,,1.0,1.0,-28800.0,,,,0.4981949458483754,2105.0,3.8855106888361046,1,20,0.0,0,0
13,9,43,44,0,1.0,,1.0,1.0,,,1.0,,0.20454545454545456,308.0,0.04220779220779221,0,11,0.16666666666666666,1,0
7966,514,1313,4971,3,1.0,,1.0,1.0,,,,,0.3911719939117199,844.0,9.438388625592417,1,11,0.15384615384615385,1,0
7512,783,1993,578,0,,,1.0,1.0,28800.0,,,,0.3926780341023069,935.0,8.034224598930482,1,6,0.3333333333333333,1,0
960,804,636,2134,10,,,1.0,,3600.0,,,,1.262166405023548,206.0,4.660194174757281,1,8,0.0,0,0
2440,166,118,8468,0,1.0,,1.0,1.0,,,,,1.3949579831932772,477.0,5.115303983228512,1,7,0.2727272727272727,1,0
10308,31,47,1343,1,,,,1.0,28800.0,,,,0.6458333333333334,431.0,23.916473317865428,1,4,0.0,0,0
81091,2199,465,4639,44,,,,1.0,-36000.0,,,,4.718884120171674,1666.0,48.67406962785114,1,1,0.0,0,0
14987,253,373,1114,0,,,1.0,1.0,28800.0,,,,0.6764705882352942,1866.0,8.031618435155412,1,18,0.0,0,0
3264,150,53,4836,0,1.0,,1.0,1.0,-25200.0,,,,2.7777777777777777,560.0,5.828571428571428,1,4,0.0,0,0
1342,79,179,329,0,,,,1.0,-36000.0,,,,0.4388888888888889,1178.0,1.1392190152801358,0,8,0.0,0,0
4565,4558,669,1552,71,,,1.0,1.0,,,,1.0,6.802985074626866,931.0,4.903329752953813,1,13,0.0,0,0
7698,535,331,4470,0,,,,1.0,-25200.0,,,,1.6114457831325302,1039.0,7.409047160731473,1,7,0.0,0,0
25584,1071,379,1010,4,,,1.0,1.0,-25200.0,,,,2.818421052631579,65.0,393.6,1,8,0.0,0,0
194,60,222,4,0,1.0,,1.0,1.0,,,,,0.26905829596412556,286.0,0.6783216783216783,1,6,0.0,0,0
56379,847,932,750,9,,,1.0,,-14400.0,,,,0.9078242229367631,1972.0,28.58975659229209,1,7,0.0,0,0
1890,252,889,345,3,,,,1.0,-18000.0,,,,0.28314606741573034,1753.0,1.0781517398745009,1,11,0.0,0,0
43671,5363,667,6682,88,,,1.0,1.0,-10800.0,,,,8.028443113772456,483.0,90.41614906832298,1,5,0.0,0,0
2997,249,740,1887,6,,,1.0,1.0,-14400.0,,,,0.3360323886639676,648.0,4.625,1,17,0.0,0,0
33905,6817,311,12137,36,,,1.0,,3600.0,,,,21.849358974358974,556.0,60.98021582733813,1,1,0.0,0,0
5311,587,494,4388,2,1.0,,1.0,1.0,,,,,1.185858585858586,418.0,12.705741626794259,1,7,0.2222222222222222,1,0
1127,599,901,869,5,,,,1.0,-18000.0,,,,0.664079822616408,2320.0,0.4857758620689655,1,7,0.0,0,0
6901,342,146,459,1,,,1.0,1.0,-28800.0,,,,2.326530612244898,1518.0,4.546113306982872,1,7,0.0,0,0
24427,293,372,6997,2,,,1.0,1.0,-18000.0,,,,0.7855227882037533,1306.0,18.703675344563553,1,7,0.0,0,0
86119,762,303,5654,11,,,,1.0,28800.0,,,,2.5065789473684212,674.0,127.77299703264094,1,4,0.0,0,0
67418,16186,5242,22044,243,,,1.0,1.0,3600.0,,,,3.087163837497616,607.0,111.0675453047776,1,6,0.0,0,0
41032,1320,150,65896,60,1.0,,1.0,1.0,43200.0,,,,8.741721854304636,1290.0,31.807751937984495,1,12,0.0,0,0
13234,590,585,16745,18,,,1.0,1.0,43200.0,,,,1.006825938566553,1400.0,9.452857142857143,1,4,0.0,0,0
27114,649,389,15779,1,,,1.0,1.0,,,,,1.6641025641025642,663.0,40.89592760180995,1,3,0.0,0,0
5705,272,232,95,2,,,,,-10800.0,,,,1.167381974248927,757.0,7.536327608982827,1,10,0.0,0,0
28817,854,556,216,12,,,,1.0,7200.0,,,,1.533213644524237,1744.0,16.523509174311926,1,11,0.0,0,0
14258,341,748,1474,3,,,1.0,1.0,-14400.0,,,,0.4552736982643525,765.0,18.637908496732027,1,17,0.16666666666666666,1,0
82175,1283,734,8612,20,,,1.0,,-25200.0,,,,1.745578231292517,1779.0,46.19168071950534,1,2,0.0,0,0
2759,227,338,28,10,,,1.0,1.0,7200.0,,,,0.6696165191740413,2271.0,1.2148833113166007,1,14,0.0,0,0
7832,1273,1898,3326,4,,,1.0,1.0,28800.0,,,,0.6703528172722486,1126.0,6.9555950266429845,1,7,0.0,0,0
11749,2407,526,3951,36,,,,1.0,,,,,4.567362428842505,587.0,20.015332197614992,1,9,0.0,0,0
2216,364,376,74,17,1.0,,1.0,1.0,-36000.0,,,,0.9655172413793104,2123.0,1.0438059349976447,1,16,0.0,0,0
2387,538,1724,398,0,,,1.0,1.0,20700.0,,,,0.3118840579710145,1211.0,1.9710982658959537,1,16,0.0,0,0
3435,859,1588,11185,1,,,1.0,1.0,-10800.0,,,,0.540591567023285,469.0,7.32409381663113,1,13,0.0,0,0
9731,394,311,4086,5,,,1.0,1.0,18000.0,,,,1.2628205128205128,1961.0,4.962264150943396,1,5,0.25,1,0
6176,7769,321,5,78,1.0,,1.0,1.0,3600.0,,,1.0,24.127329192546583,1815.0,3.402754820936639,1,15,0.0,0,0
6523,389,892,295,0,,,1.0,1.0,28800.0,,,,0.43561030235162373,777.0,8.395109395109396,1,11,0.0,0,0
163,46,124,55,0,1.0,,,1.0,,,,,0.368,1602.0,0.1017478152309613,1,14,0.0,0,0
2782,212,185,5120,4,,,,,-10800.0,,,,1.1397849462365592,1169.0,2.3798118049615056,1,20,0.0,0,0
234,322,234,1,8,,,,1.0,18000.0,,,,1.3702127659574468,2064.0,0.11337209302325581,1,11,0.0,0,0
4990,368,281,4189,1,,,,,-25200.0,,,,1.3049645390070923,1478.0,3.3761840324763193,1,6,0.0,0,0
3505,368,381,3361,0,1.0,,1.0,1.0,-18000.0,,,,0.9633507853403142,818.0,4.284841075794621,1,14,0.0,0,0
110,24,38,32,0,1.0,,,1.0,,,,,0.6153846153846154,1510.0,0.0728476821192053,1,9,0.0,0,0
10139,302,232,2047,5,,,,1.0,-25200.0,,,,1.296137339055794,469.0,21.618336886993603,1,6,0.0,0,0
21519,352,394,1223,1,,,1.0,1.0,28800.0,,,,0.8911392405063291,2168.0,9.925738007380074,1,4,0.0,0,0
1937,887,743,51,1,,,,1.0,43200.0,,,,1.1922043010752688,85.0,22.788235294117648,1,20,0.0,0,0
2216,522,793,1102,4,1.0,,,1.0,,,,,0.6574307304785895,503.0,4.405566600397615,1,14,0.0,0,0
434,149,153,9,0,1.0,,1.0,1.0,,,,,0.9675324675324676,485.0,0.8948453608247423,1,17,0.09090909090909091,1,0
9293,443,471,14142,0,1.0,,,1.0,,,,,0.9385593220338984,227.0,40.93832599118943,1,13,0.09090909090909091,1,0
3997,141,140,831,0,1.0,,1.0,1.0,,,,,1.0,457.0,8.74617067833698,1,11,0.5,1,0
59052,332,833,1862,45,,,,1.0,43200.0,,,,0.3980815347721823,2518.0,23.451945988880063,1,4,0.0,0,0
21936,1532,187,14874,4,,,,1.0,,,,,8.148936170212766,234.0,93.74358974358974,1,8,0.0,0,0
905,258,206,517,0,1.0,,1.0,1.0,,,,,1.2463768115942029,80.0,11.3125,1,4,0.0,0,0
11688,1201,1191,351,61,,,1.0,1.0,43200.0,,,,1.0075503355704698,2181.0,5.359009628610729,1,5,0.0,0,0
25583,149,317,4,25,1.0,,,1.0,7200.0,,,,0.46855345911949686,1532.0,16.699086161879894,1,10,0.0,0,0
8096,642,1996,7114,3,,,1.0,1.0,28800.0,,,,0.3214822233350025,453.0,17.8719646799117,1,19,0.0,0,0
3979,2249,950,339,66,,,,1.0,43200.0,,,,2.3648790746582544,1969.0,2.0208227526663283,1,12,0.0,0,0
966,136,348,149,0,,,1.0,,,,,,0.38968481375358166,73.0,13.232876712328768,1,8,0.0,0,0
8860,178,493,715,6,,,,1.0,,,,,0.3603238866396761,2014.0,4.399205561072493,1,3,0.0,0,0
3027,111,207,159,8,1.0,,1.0,1.0,-14400.0,,,,0.5336538461538461,2005.0,1.5097256857855361,1,15,0.25,1,0
4340,226,186,9190,0,,,1.0,1.0,,,,,1.2085561497326203,456.0,9.517543859649123,1,16,0.0,0,0
1090,179,271,710,0,,,,1.0,-14400.0,,,,0.6580882352941176,1096.0,0.9945255474452555,1,14,0.13333333333333333,1,0
27538,2104,972,2045,8,,,1.0,1.0,28800.0,,,,2.1623843782117165,1221.0,22.553644553644553,1,12,0.13333333333333333,1,0
316,67,59,340,0,1.0,,1.0,1.0,,,,,1.1166666666666667,257.0,1.2295719844357977,0,6,0.0,0,0
7453,261,354,6643,0,,,1.0,1.0,-25200.0,,,,0.7352112676056338,1386.0,5.3773448773448775,1,6,0.0,0,0
6622,102,325,214,9,,,1.0,1.0,-14400.0,,,,0.3128834355828221,1022.0,6.47945205479452,1,12,0.3,1,0
6359,312,195,11456,0,,,1.0,,-25200.0,,1.0,,1.5918367346938775,823.0,7.726609963547995,1,4,0.0,0,0
21206,304,310,403,2,,,1.0,1.0,-28800.0,,,,0.977491961414791,2181.0,9.723062815222375,1,14,0.0,0,0
11711,344,383,10042,4,1.0,,1.0,1.0,-14400.0,,,,0.8958333333333334,1050.0,11.153333333333334,1,5,0.0,0,0
10862,71,181,3501,4,,,,,-25200.0,,,,0.3901098901098901,1184.0,9.173986486486486,1,6,0.2,1,0
12508,921,2003,5944,5,1.0,,1.0,1.0,,,,,0.4595808383233533,924.0,13.536796536796537,1,15,0.07692307692307693,1,0
103,26,189,40,1,1.0,,,1.0,,,,,0.1368421052631579,1043.0,0.0987535953978907,0,2,0.2222222222222222,1,0
3150,413,412,23829,3,1.0,,1.0,1.0,-14400.0,,,,1.0,1002.0,3.143712574850299,1,14,0.4,1,0
66292,421,280,28862,2,,,,1.0,-25200.0,,,,1.498220640569395,1026.0,64.61208576998051,1,9,0.23076923076923078,1,0
61932,12466,122,14412,148,,,1.0,1.0,-14400.0,,,,101.34959349593495,360.0,172.03333333333333,1,4,0.0,0,0
27509,636,592,25461,13,,,1.0,1.0,-18000.0,,,,1.0725126475548061,1339.0,20.544436146377894,1,14,0.0,0,0
9685,652,419,12042,0,,,1.0,,-25200.0,,,,1.5523809523809524,1309.0,7.39877769289534,0,14,0.0,0,0
1671,167,176,10708,0,1.0,,1.0,1.0,-14400.0,,,,0.943502824858757,925.0,1.8064864864864865,1,18,0.14285714285714285,1,0
19643,608,483,1011,18,,,1.0,1.0,-18000.0,,,,1.256198347107438,2249.0,8.734104046242775,1,11,0.0,0,0
130705,35272,35095,10395,186,,,1.0,1.0,32400.0,,,,1.0050148165033053,765.0,170.8562091503268,1,14,0.0,0,0
107299,1402,958,2076,11,,,,1.0,-14400.0,,,,1.461939520333681,2215.0,48.44198645598194,1,4,0.2,1,0
10854,9527,887,3363,15,,,,,-28800.0,,,,10.728603603603604,1742.0,6.230769230769231,1,5,0.0,0,0
167,130,189,1108,3,1.0,,1.0,1.0,,,,,0.6842105263157895,1434.0,0.11645746164574616,1,11,0.14285714285714285,1,0
818,152,417,159,6,,,,1.0,28800.0,,,,0.36363636363636365,1361.0,0.6010286554004408,1,15,0.0,0,0
381,49,189,3,1,1.0,,,1.0,-18000.0,,,,0.2578947368421053,1351.0,0.2820133234641007,1,13,0.0,0,0
29538,414,270,4053,3,,,1.0,1.0,-25200.0,,,,1.5276752767527675,2124.0,13.90677966101695,1,7,0.0,0,0
99085,1212,1630,761,49,,,1.0,1.0,-14400.0,,,,0.7431023911710607,2205.0,44.93650793650794,1,13,0.5714285714285714,1,0
41214,819,758,294,2,1.0,,1.0,1.0,-14400.0,,,,1.0790513833992095,474.0,86.9493670886076,1,15,0.0,0,0
3806,2746,2547,2901,14,,,1.0,1.0,46800.0,,,,1.0777080062794349,1037.0,3.670202507232401,1,10,0.0,0,0
37891,521,605,879,7,,,1.0,1.0,28800.0,,,,0.8597359735973598,2322.0,16.318260120585702,1,14,0.0,0,0
1662,742,497,8992,2,,,,1.0,7200.0,,,,1.4899598393574298,993.0,1.6737160120845922,1,7,0.0,0,0
3621,370,266,5596,1,1.0,,1.0,1.0,-18000.0,,,,1.3857677902621723,576.0,6.286458333333333,1,8,0.0,0,0
30256,1536,1208,20063,7,,,1.0,1.0,-7200.0,,,,1.2704714640198511,1414.0,21.397454031117398,1,9,0.0,0,0
11840,604,305,10480,0,,,1.0,1.0,-10800.0,,,,1.973856209150327,973.0,12.168550873586845,1,5,0.0,0,0
52158,1166,893,9429,1,,,1.0,1.0,-14400.0,,,,1.3042505592841163,743.0,70.19919246298788,0,4,0.0,0,0
50959,768,140,1340,2,,,1.0,1.0,-25200.0,,,,5.446808510638298,1286.0,39.62597200622084,1,9,0.0,0,0
16954,1997,2028,8331,5,,,1.0,1.0,28800.0,,,,0.984228684080828,1190.0,14.24705882352941,1,5,0.0,0,0
25245,361,349,3022,6,,,1.0,1.0,-21600.0,,,,1.0314285714285714,2246.0,11.239982190560998,1,9,0.2,1,0
2642,158,182,159,0,1.0,,,1.0,,,,,0.8633879781420765,120.0,22.016666666666666,1,20,0.0,0,0
2545,96,127,6043,1,,,,,-25200.0,,1.0,,0.75,362.0,7.030386740331492,0,14,0.18181818181818182,1,0
103153,7921,512,23337,19,1.0,,1.0,1.0,-25200.0,,,,15.440545808966862,887.0,116.29425028184893,1,3,0.0,0,0
206,237,394,227,1,1.0,,1.0,1.0,,,,,0.6,72.0,2.861111111111111,1,5,0.0,0,0
145,174,536,181,1,,,1.0,1.0,,,,,0.3240223463687151,361.0,0.40166204986149584,1,14,0.0,0,0
1992,72,142,1808,0,,,,1.0,-25200.0,,,,0.5034965034965035,2157.0,0.9235048678720446,1,11,0.0,0,0
9881,399,368,1900,0,,,1.0,1.0,28800.0,,,,1.08130081300813,932.0,10.601931330472103,1,5,0.0,0,0
10093,823,757,21005,0,,,1.0,1.0,-14400.0,,,,1.0857519788918206,1314.0,7.681126331811264,1,11,0.0,0,0
32311,655,512,4023,12,,,1.0,1.0,28800.0,,1.0,,1.2768031189083822,1810.0,17.851381215469612,1,2,0.3333333333333333,1,0
2178,224,213,2936,0,1.0,,1.0,1.0,,,,,1.0467289719626167,358.0,6.083798882681564,1,13,0.0,0,0
5171,241,193,337,5,,,1.0,1.0,-25200.0,,,,1.2422680412371134,2075.0,2.4920481927710845,1,8,0.0,0,0
453,23,147,1638,2,1.0,,,1.0,-25200.0,,,,0.1554054054054054,536.0,0.8451492537313433,1,13,0.0,0,0
902,144,273,28,5,,,1.0,1.0,28800.0,,,,0.5255474452554745,2793.0,0.32295023272466883,0,8,0.0,0,0
5154,355,406,2484,0,1.0,,1.0,1.0,,,,,0.8722358722358723,243.0,21.209876543209877,1,6,0.0,0,0
32334,557,349,318,14,,,1.0,1.0,19800.0,,,,1.5914285714285714,1800.0,17.963333333333335,1,3,0.0,0,0
64811,2634,888,784,186,,,1.0,1.0,32400.0,,,,2.9628796400449944,2313.0,28.020319930825767,1,15,0.0,0,0
14544,206,356,1620,20,1.0,,,1.0,-25200.0,,,,0.5770308123249299,2244.0,6.481283422459893,1,7,0.0,0,0
937,753,1942,535,7,1.0,,1.0,1.0,36000.0,,,,0.38754503345342256,778.0,1.2043701799485862,1,7,0.0,0,0
3516,138,416,831,7,,,,1.0,43200.0,,,,0.33093525179856115,1505.0,2.3362126245847175,1,6,0.0,0,0
97198,649,895,24840,11,,,1.0,,7200.0,,,,0.7243303571428571,1843.0,52.73901247965274,1,18,0.0,0,0
1108,48,172,131,0,1.0,,1.0,1.0,,,,,0.2774566473988439,594.0,1.8653198653198653,1,16,0.5714285714285714,1,0
2780,128,117,658,0,,,,1.0,-21600.0,,,,1.0847457627118644,1686.0,1.6488730723606169,1,13,0.0,0,0
4692,458,603,1832,9,,,1.0,1.0,46800.0,,,,0.7582781456953642,1114.0,4.211849192100539,1,13,0.2,1,0
41690,3174,772,607,57,,,1.0,1.0,20700.0,,,,4.106080206985769,2041.0,20.42626163645272,1,14,0.0,0,0
2330,84,57,3631,1,1.0,,1.0,1.0,,,,,1.4482758620689655,637.0,3.6577708006279437,1,7,0.15384615384615385,1,0
1242,248,194,527,2,,,,1.0,28800.0,,,,1.2717948717948717,1307.0,0.9502677888293802,1,8,0.0,0,0
115,101,149,96,0,,,1.0,,,,,,0.6733333333333333,32.0,3.59375,1,14,0.0,0,0
17190,257,222,13364,4,,,1.0,1.0,,,,,1.1524663677130045,1309.0,13.132161955691368,1,14,0.0,0,0
20861,151,71,4763,1,,,,1.0,-10800.0,,,,2.0972222222222223,1030.0,20.253398058252426,1,8,0.0,0,0
14046,1247,740,49185,2,,,1.0,,,,,,1.6828609986504723,604.0,23.25496688741722,1,7,0.0,0,0
593,543,445,514,9,1.0,,1.0,1.0,-25200.0,,,,1.2174887892376682,2559.0,0.23173114497850722,1,14,0.0,0,0
2461,325,205,12164,1,,,,1.0,-7200.0,,,,1.5776699029126213,580.0,4.243103448275862,1,18,0.0,0,0
92927,461,677,1816,22,,,1.0,1.0,-25200.0,,,,0.6799410029498525,1542.0,60.26394293125811,1,16,0.0,0,0
7836,552,373,2451,0,1.0,,,1.0,-14400.0,,,,1.4759358288770053,961.0,8.154006243496358,1,14,0.13333333333333333,1,0
236,168,360,4,5,,,,,-25200.0,,,,0.46537396121883656,1319.0,0.17892342683851403,1,15,0.0,0,0
4984,240,127,1192,3,,,1.0,1.0,-18000.0,,,,1.875,954.0,5.2243186582809225,1,7,0.2,1,0
1024,92,137,43,3,,,1.0,1.0,28800.0,,,,0.6666666666666666,2053.0,0.4987822698490015,1,5,0.2222222222222222,1,0
35436,1877,731,114,35,1.0,,1.0,1.0,-18000.0,,,,2.564207650273224,1293.0,27.406032482598608,1,12,0.0,0,0
16780,296,408,1813,5,,,,1.0,-36000.0,,,,0.7237163814180929,2017.0,8.319286068418442,1,14,0.0,0,0
10126,269,183,14472,30,,,,,-18000.0,,,,1.4619565217391304,627.0,16.149920255183414,1,16,0.0,0,0
118073,3030,283,68,106,,,,1.0,19800.0,,,,10.669014084507042,2583.0,45.711575687185444,1,2,0.3333333333333333,1,0
16068,1068,678,3626,33,1.0,,1.0,1.0,-18000.0,,,,1.572901325478645,1865.0,8.615549597855228,1,13,0.0,0,0
1377,33,52,968,1,,,,1.0,-25200.0,,,,0.6226415094339622,1555.0,0.8855305466237942,1,13,0.0,0,0
29997,558,674,6414,50,,,1.0,1.0,-25200.0,,,,0.8266666666666667,2981.0,10.062730627306273,1,17,0.0,0,0
1022,150,300,867,1,1.0,,,1.0,,,,,0.4983388704318937,264.0,3.871212121212121,0,1,0.0,0,0
5108,352,223,1180,0,,,,1.0,7200.0,,,,1.5714285714285714,1269.0,4.02521670606777,0,16,0.06666666666666667,1,0
1518,270,264,2163,6,1.0,,,1.0,-28800.0,,,,1.0188679245283019,2317.0,0.6551575312904618,0,15,0.0,0,0
15674,785,550,9166,8,,,1.0,1.0,-7200.0,,,,1.4246823956442831,1685.0,9.302077151335311,1,6,0.0,0,0
129,21,168,48,0,1.0,,,1.0,,,,,0.1242603550295858,1068.0,0.12078651685393259,0,17,0.14285714285714285,1,0
54210,1341,1971,5011,37,,,1.0,1.0,3600.0,,,,0.6800202839756593,2262.0,23.96551724137931,1,17,0.0,0,0
83,59,116,476,0,1.0,,,1.0,,,,,0.5042735042735043,292.0,0.2842465753424658,1,1,0.0,0,0
11950,702,367,7058,1,,,1.0,1.0,28800.0,,,,1.9076086956521738,1075.0,11.116279069767442,1,15,0.0,0,0
1682,131,407,11999,1,1.0,,1.0,1.0,,,,,0.32107843137254904,1541.0,1.0914990266061,1,3,0.5454545454545454,1,0
13276,248,201,297,13,,,1.0,1.0,-25200.0,,,,1.2277227722772277,2080.0,6.382692307692308,1,5,0.0,0,0
14159,1209,378,629,80,,,1.0,1.0,-25200.0,,,,3.1899736147757256,2426.0,5.836356141797197,1,5,0.0,0,0
903,68,466,1017,4,1.0,,,1.0,,,,,0.145610278372591,399.0,2.263157894736842,0,7,0.0,0,0
30611,287,904,4728,7,,,1.0,1.0,,,,,0.31712707182320443,1673.0,18.297071129707113,1,6,0.18181818181818182,1,0
23942,1024,562,16216,0,,,1.0,1.0,-18000.0,,1.0,,1.8188277087033748,1367.0,17.51426481346013,1,5,0.0,0,0
11984,197,303,720,4,,,1.0,1.0,28800.0,,,,0.6480263157894737,1011.0,11.853610286844708,1,12,0.0,0,0
2553,114,161,1275,0,1.0,,,1.0,,,,,0.7037037037037037,680.0,3.7544117647058823,1,8,0.0,0,0
24572,211,327,1358,4,,,1.0,1.0,-28800.0,,,,0.6432926829268293,1483.0,16.569116655428186,1,8,0.0,0,0
1759,96,87,4300,4,1.0,,,1.0,-25200.0,,,,1.0909090909090908,169.0,10.408284023668639,1,12,0.0,0,0
4193,114,751,927,6,,,1.0,1.0,-18000.0,,,,0.15159574468085107,1836.0,2.283769063180828,1,15,0.0,0,0
8165,32,7,45,2,1.0,,,1.0,,,,,4.0,208.0,39.25480769230769,1,9,0.0,0,0
388,25,66,216,3,1.0,,,1.0,,,,,0.373134328358209,76.0,5.105263157894737,1,3,0.13333333333333333,1,0
4991,157,145,1214,0,,,,1.0,28800.0,,,,1.0753424657534247,154.0,32.40909090909091,1,13,0.0,0,0
32,1,2,206,0,,,,1.0,19800.0,,,,0.3333333333333333,43.0,0.7441860465116279,1,4,0.0,0,0
3236,29,16,188,5,,,,,7200.0,,,,1.7058823529411764,1792.0,1.8058035714285714,1,15,0.0,0,0
9207,389,107,453,2,,,1.0,,-25200.0,,,,3.6018518518518516,1538.0,5.986345903771132,0,13,0.0,0,0
692,100,100,1285,0,,,1.0,1.0,,,,,0.9900990099009901,88.0,7.863636363636363,1,16,0.0,0,0
7109,864,634,1493,1,,,1.0,1.0,-18000.0,,,,1.3606299212598425,1516.0,4.689313984168866,1,12,0.08333333333333333,1,0
23381,864,1122,12734,14,,,,,3600.0,,,,0.7693677649154052,898.0,26.036748329621382,0,3,0.0,0,0
12822,168,403,524,5,,,1.0,1.0,28800.0,,,,0.4158415841584158,1584.0,8.094696969696969,1,3,0.0,0,0
22769,657,398,16705,1,1.0,,,1.0,-18000.0,,,,1.6466165413533835,603.0,37.759535655058045,1,8,0.0,0,0
1776,545,458,1038,0,1.0,,,1.0,,,,,1.187363834422658,455.0,3.903296703296703,1,11,0.2857142857142857,1,0
10161,132,621,1037,1,,,1.0,1.0,-18000.0,,,,0.21221864951768488,1628.0,6.2414004914004915,1,13,0.0,0,0
99,130,102,539,0,1.0,,,1.0,,,,,1.2621359223300972,244.0,0.4057377049180328,0,13,0.2,1,0
32124,351,941,18399,18,1.0,,1.0,1.0,,,,,0.37261146496815284,821.0,39.1278928136419,1,14,0.0,0,0
893,51,152,775,2,1.0,,1.0,1.0,,,,,0.3333333333333333,581.0,1.5370051635111877,0,16,0.0,0,0
10714,4158,76,26583,4,,,,,-21600.0,,,,54.0,378.0,28.343915343915345,1,18,0.0,0,0
365,150,77,114,1,1.0,,,1.0,-18000.0,,,,1.9230769230769231,966.0,0.3778467908902691,1,13,0.07692307692307693,1,0
36359,6154,2329,20012,64,,,1.0,1.0,-25200.0,,,,2.6412017167381974,1004.0,36.21414342629482,1,6,0.0,0,0
7210,160,88,791,1,,,1.0,1.0,-28800.0,,,,1.797752808988764,1921.0,3.7532535137948986,1,11,0.0,0,0
8117,223,177,1129,0,,,1.0,,-14400.0,,,,1.252808988764045,1078.0,7.529684601113172,0,4,0.0,0,0
104,32,123,39,0,1.0,,,1.0,,,,,0.25806451612903225,780.0,0.13333333333333333,0,14,0.0,0,0
17963,1077,696,9466,1,,,1.0,1.0,-14400.0,,1.0,,1.54519368723099,1190.0,15.094957983193277,1,10,0.0,0,0
963,547,1026,1222,0,1.0,,1.0,1.0,,,,,0.5326192794547225,125.0,7.704,1,6,0.0,0,0
8303,535,375,1596,11,,,1.0,1.0,-25200.0,,,,1.422872340425532,2562.0,3.2408274785323967,1,14,0.0,0,0
32885,672,665,15423,3,,,1.0,1.0,-25200.0,,,,1.009009009009009,867.0,37.92964244521338,1,19,0.0,0,0
12853,988,1111,972,5,,,1.0,1.0,10800.0,,,,0.8884892086330936,1217.0,10.561216105176664,1,18,0.0,0,0
3494,146,300,272,11,,,1.0,1.0,-36000.0,,,,0.4850498338870432,2017.0,1.732275656916212,1,12,0.0,0,0
146971,276,412,4359,21,,,,1.0,-25200.0,,,,0.6682808716707022,2177.0,67.51079467156637,1,11,0.14285714285714285,1,0
554,82,245,1185,2,,,,1.0,28800.0,,,,0.3333333333333333,100.0,5.54,1,15,0.0,0,0
26645,537,286,842,5,1.0,,1.0,1.0,-14400.0,,,,1.8710801393728222,874.0,30.486270022883296,0,4,0.0,0,0
936,162,153,225,0,1.0,,,1.0,,,,,1.051948051948052,52.0,18.0,1,4,0.0,0,0
102429,777,88,3836,8,,,1.0,1.0,-25200.0,,,,8.730337078651685,1476.0,69.39634146341463,1,6,0.0,0,0
10542,176,355,8937,4,,,,1.0,-25200.0,,,,0.4943820224719101,1823.0,5.782775644541964,1,17,0.0,0,0
45041,615,445,4446,0,,,1.0,1.0,-18000.0,,,,1.3789237668161436,1232.0,36.559253246753244,0,6,0.0,0,0
48821,934,387,98,18,,,,1.0,10800.0,,,,2.4072164948453607,1757.0,27.786568013659647,0,13,0.0,0,0
53520,1092,983,1881,74,,,,1.0,-25200.0,,,,1.1097560975609757,2079.0,25.743145743145742,1,11,0.0,0,0
2117,137,212,13,6,,,1.0,1.0,32400.0,,,,0.6431924882629108,1529.0,1.3845650752125571,1,9,0.0,0,0
10576,76,92,13,0,,,1.0,1.0,,,,,0.8172043010752689,283.0,37.371024734982335,1,10,0.0,0,0
61428,6219,144,22468,69,1.0,,1.0,1.0,-25200.0,,,,42.889655172413796,800.0,76.785,1,6,0.0,0,0
979,77,289,254,1,,,1.0,1.0,-25200.0,,,,0.2655172413793103,2192.0,0.4466240875912409,1,4,0.0,0,0
35,15,20,762,0,1.0,,,1.0,,,,,0.7142857142857143,164.0,0.21341463414634146,1,8,0.5,1,0
8431,484,475,4318,1,,,1.0,1.0,28800.0,,,,1.0168067226890756,1146.0,7.356893542757417,1,10,0.0,0,0
85783,1239,338,2581,6,,,1.0,1.0,-28800.0,,,,3.6548672566371683,1560.0,54.989102564102566,1,14,0.0,0,0
36869,7841,89,25542,9,,,,1.0,19800.0,,,,87.12222222222222,765.0,48.19477124183007,1,19,0.2,1,0
48804,116,87,46,1,1.0,,,1.0,-18000.0,,,,1.3181818181818181,1711.0,28.523670368205728,0,5,0.0,0,0
8643,458,455,2071,0,,,1.0,1.0,-18000.0,,,,1.0043859649122806,1601.0,5.398500936914428,0,7,0.0,0,0
1323,411,831,40,4,1.0,,,1.0,-18000.0,,,,0.49399038461538464,2235.0,0.5919463087248322,1,14,0.0,0,0
5232,359,409,291,0,1.0,,1.0,1.0,28800.0,,,,0.875609756097561,882.0,5.931972789115647,1,12,0.0,0,0
10187,88,181,179,2,,,1.0,1.0,28800.0,,,,0.4835164835164835,2190.0,4.651598173515982,1,13,0.0,0,0
54850,1468,313,6043,13,,,1.0,1.0,7200.0,,,,4.67515923566879,1523.0,36.01444517399869,1,13,0.0,0,0
1597,336,312,19,12,,,1.0,1.0,28800.0,,,,1.073482428115016,2243.0,0.7119928666963887,1,14,0.0,0,0
1290,1782,164,1057,16,,,,1.0,,,,,10.8,809.0,1.5945611866501854,1,20,0.0,0,0
4073,349,392,2411,0,1.0,,,1.0,,,,,0.8880407124681934,1172.0,3.4752559726962455,1,8,0.14285714285714285,1,0
34930,1321,937,7644,3,1.0,,1.0,1.0,,,,,1.408315565031983,1307.0,26.72532517214996,1,13,0.13333333333333333,1,0
5261,451,406,5188,3,,,1.0,1.0,28800.0,,,,1.1081081081081081,1103.0,4.7697189483227564,1,5,0.0,0,0
2497,427,303,3151,0,1.0,,,1.0,-25200.0,,,,1.4046052631578947,800.0,3.12125,1,17,0.4444444444444444,1,0
1108,243,326,7,13,,,1.0,1.0,10800.0,,,,0.7431192660550459,2128.0,0.5206766917293233,1,15,0.0,0,0
2844,656,386,4979,1,1.0,,,1.0,,,,,1.6950904392764858,886.0,3.2099322799097068,1,15,0.5333333333333333,1,0
7036,591,525,5740,1,,,1.0,,-25200.0,,,,1.123574144486692,1177.0,5.977909940526763,1,9,0.0,0,0
851,131,249,8735,0,1.0,,,1.0,-25200.0,,,,0.524,205.0,4.151219512195122,1,4,0.0,0,0
5077,459,389,4399,0,1.0,,1.0,1.0,-14400.0,,,,1.176923076923077,944.0,5.378177966101695,1,8,0.0,0,0
314,51,95,389,0,1.0,,,1.0,,,,,0.53125,208.0,1.5096153846153846,0,8,0.09090909090909091,1,0
17172,331,234,0,5,,,,,32400.0,,,,1.4085106382978723,1279.0,13.426114151681,1,11,0.0,0,0
25819,493,595,34,10,,,1.0,1.0,-18000.0,,,,0.8271812080536913,1958.0,13.18641470888662,1,4,0.25,1,0
14256,243,97,3299,1,,,1.0,1.0,-18000.0,,,,2.479591836734694,1938.0,7.356037151702786,1,5,0.2857142857142857,1,0
7410,324,292,5131,1,,,1.0,,,,,,1.10580204778157,475.0,15.6,1,8,0.0,0,0
500,28,196,868,1,1.0,,,1.0,3600.0,,,,0.14213197969543148,1250.0,0.4,0,12,0.0,0,0
6218,484,629,6868,2,,,1.0,1.0,-25200.0,,,,0.7682539682539683,877.0,7.090079817559864,1,17,0.25,1,0
57000,421,436,2061,6,,,,,-28800.0,,,,0.9633867276887872,2216.0,25.72202166064982,1,5,0.2857142857142857,1,0
2721,186,171,4201,0,1.0,,1.0,1.0,-14400.0,,,,1.0813953488372092,562.0,4.841637010676156,1,6,0.0,0,0
10449,205,90,2242,3,,,1.0,1.0,28800.0,,1.0,,2.2527472527472527,827.0,12.634824667472794,1,10,0.0,0,0
3007,744,642,1502,0,1.0,,1.0,1.0,-36000.0,,,,1.157076205287714,1315.0,2.2866920152091255,1,11,0.125,1,0
1922,1206,909,362,20,,,1.0,1.0,19800.0,,,,1.3252747252747252,2142.0,0.8972922502334267,1,5,0.0,0,0
20045,555,505,11690,0,1.0,,1.0,1.0,,,,,1.0968379446640317,561.0,35.73083778966132,0,14,0.0,0,0
811,118,113,3328,1,1.0,,1.0,1.0,,,,,1.0350877192982457,425.0,1.908235294117647,0,15,0.18181818181818182,1,0
4494,667,1120,778,24,1.0,,1.0,1.0,,,,,0.5950044603033007,320.0,14.04375,1,14,0.0,0,0
323,137,1898,3629,1,1.0,,,1.0,,,,,0.07214323328067404,310.0,1.0419354838709678,0,18,0.0,0,0
35914,771,392,4718,9,,,1.0,1.0,28800.0,,1.0,,1.9618320610687023,2079.0,17.274651274651276,1,17,0.0,0,0
1849,1846,776,319,65,,,1.0,,-36000.0,,,1.0,2.3758043758043756,1598.0,1.1570713391739675,1,14,0.0,0,0
10272,3388,2699,2890,115,,,1.0,1.0,-25200.0,,,1.0,1.2548148148148148,2212.0,4.64376130198915,1,14,0.0,0,0
6039,393,775,2603,17,,,1.0,,-14400.0,,,,0.5064432989690721,2158.0,2.798424467099166,1,5,0.0,0,0
5705,151,143,883,2,,,,1.0,-25200.0,,,,1.0486111111111112,333.0,17.13213213213213,1,8,0.0,0,0
21397,850,399,13703,0,,,1.0,1.0,-14400.0,,,,2.125,1103.0,19.398912058023573,0,4,0.0,0,0
4364,291,295,2275,1,,,1.0,1.0,-25200.0,,,,0.9831081081081081,1061.0,4.113100848256362,1,12,0.0,0,0
2790,62,103,311,1,,,,,,,,,0.5961538461538461,41.0,68.04878048780488,1,4,0.0,0,0
3188,45,24,19,0,,,,1.0,19800.0,,,,1.8,1978.0,1.6117290192113245,1,7,0.0,0,0
35866,1128,863,1118,0,,,,1.0,-18000.0,,,,1.3055555555555556,1244.0,28.831189710610932,1,8,0.0,0,0
12574,280,814,5935,4,,,1.0,1.0,28800.0,,,,0.34355828220858897,631.0,19.927099841521393,1,17,0.18181818181818182,1,0
25007,1527,1901,864,24,,,,1.0,-25200.0,,,,0.8028391167192429,1282.0,19.506240249609984,1,17,0.2222222222222222,1,0
25631,739,691,13006,5,1.0,,1.0,1.0,,,,,1.0679190751445087,404.0,63.443069306930695,1,5,0.0,0,0
12740,434,54,41,0,,,1.0,,28800.0,,,,7.890909090909091,799.0,15.944931163954944,1,10,0.0,0,0
1232,88,95,135,1,,,1.0,1.0,28800.0,,,,0.9166666666666666,1685.0,0.7311572700296736,1,18,0.0,0,0
2011,124,112,4349,0,,,,1.0,,,,,1.0973451327433628,457.0,4.400437636761488,1,5,0.0,0,0
1186,29,260,6,1,,,,1.0,-36000.0,,,,0.1111111111111111,1457.0,0.8140013726835964,1,13,0.1,1,0
1913,300,193,54,8,,,1.0,,43200.0,,,,1.5463917525773196,2694.0,0.7100965107646622,1,12,0.0,0,0
18166,253,75,6312,1,,,1.0,,-28800.0,,,,3.3289473684210527,1512.0,12.014550264550264,0,14,0.0,0,0
12196,141,342,519,5,,,1.0,1.0,36000.0,,,,0.4110787172011662,2169.0,5.622867680958967,1,8,0.0,0,0
2904,357,201,7344,0,1.0,,1.0,1.0,,,,,1.7673267326732673,1222.0,2.376432078559738,1,5,0.2,1,0
3626,101,125,2130,0,,,,1.0,21600.0,,,,0.8015873015873016,1902.0,1.9064143007360672,1,14,0.0,0,0
5690,128,249,597,1,,,,1.0,28800.0,,,,0.512,686.0,8.294460641399416,1,10,0.0,0,0
1708,376,155,2506,0,,,,1.0,,,,,2.41025641025641,1416.0,1.2062146892655368,0,1,0.0,0,0
18822,904,1996,30438,12,,,1.0,1.0,,,,,0.4526790185277917,725.0,25.961379310344828,1,13,0.13333333333333333,1,0
2388,369,306,198,5,1.0,,1.0,1.0,,,,,1.201954397394137,667.0,3.580209895052474,1,6,0.0,0,0
50703,520,473,17380,17,1.0,,1.0,1.0,,,,,1.0970464135021096,1022.0,49.611545988258314,1,13,0.0,0,0
4212,736,148,3377,5,1.0,,1.0,1.0,-18000.0,,,,4.939597315436242,284.0,14.830985915492958,1,2,0.0,0,0
131,8,9,3,0,1.0,,1.0,1.0,-36000.0,,,,0.8,1422.0,0.09212376933895922,1,4,0.0,0,0
7098,421,785,1778,0,1.0,,1.0,1.0,,,,,0.5356234096692112,1157.0,6.134831460674158,1,11,0.0,0,0
571,142,93,50,3,1.0,,1.0,1.0,,,,,1.5106382978723405,1099.0,0.5195632393084623,1,14,0.0,0,0
9625,428,394,5806,0,1.0,,1.0,1.0,,,,,1.0835443037974684,158.0,60.91772151898734,1,15,0.25,1,0
11656,95,92,3079,0,,,,1.0,-14400.0,,,,1.021505376344086,1122.0,10.388591800356506,1,5,0.3333333333333333,1,0
8622,292,634,2503,1,,,1.0,1.0,-25200.0,,,,0.45984251968503936,1737.0,4.963730569948186,1,3,0.0,0,0
8024,183,120,390,3,,,1.0,1.0,28800.0,,,,1.512396694214876,1769.0,4.535895986433013,1,14,0.0,0,0
1749,101,438,309,2,,,1.0,1.0,,,,,0.23006833712984054,1943.0,0.9001544004117344,1,18,0.0,0,0
5529,315,319,595,2,,,1.0,1.0,-14400.0,,,,0.984375,2291.0,2.413356612832824,1,9,0.0,0,0
1079,236,401,730,0,,,,1.0,-25200.0,,,,0.5870646766169154,1055.0,1.0227488151658768,1,6,0.0,0,0
1189,369,337,250,0,,,1.0,1.0,,,,,1.0917159763313609,82.0,14.5,1,10,0.07142857142857142,1,0
2507,70,105,1645,0,,,1.0,1.0,28800.0,,1.0,,0.660377358490566,1851.0,1.3544030253916801,1,14,0.0,0,0
11978,132,375,326,3,,,1.0,1.0,-18000.0,,,,0.35106382978723405,2284.0,5.24430823117338,1,8,0.1,1,0
13301,879,409,9200,1,1.0,,1.0,1.0,-18000.0,,,,2.1439024390243904,1529.0,8.699149771092218,1,12,0.09090909090909091,1,0
21611,3535,2689,5201,16,,,1.0,1.0,7200.0,,,,1.3141263940520447,1183.0,18.267962806424343,1,4,0.0,0,0
8694,240,228,2915,0,,,1.0,1.0,28800.0,,,,1.0480349344978166,1744.0,4.985091743119266,0,4,0.0,0,0
1089,192,521,2598,0,1.0,,,1.0,,,,,0.367816091954023,1063.0,1.024459078080903,1,17,0.2727272727272727,1,0
49037,2333,764,205,12,,,1.0,1.0,28800.0,,,,3.049673202614379,1640.0,29.900609756097563,1,5,0.0,0,0
30078,514,468,10444,1,,,1.0,1.0,-28800.0,,,,1.095948827292111,1576.0,19.08502538071066,1,6,0.0,0,0
3190,512,277,7302,7,1.0,,1.0,1.0,-25200.0,,,,1.841726618705036,347.0,9.193083573487032,1,1,0.2857142857142857,1,0
5679,992,2002,982,282,,,1.0,1.0,-18000.0,,,,0.4952571143285072,2053.0,2.7661958110082807,1,16,0.18181818181818182,1,0
5085,815,576,9465,1,1.0,,1.0,1.0,,,,,1.4124783362218372,827.0,6.148730350665055,0,5,0.0,0,0
35448,1171,182,184,2,,,1.0,1.0,-18000.0,,,,6.398907103825136,2249.0,15.761671854157404,0,8,0.0,0,0
267,579,281,25537,3,,,,1.0,-25200.0,,,,2.0531914893617023,847.0,0.3152302243211334,1,7,0.0,0,0
1088,151,148,13888,3,,,1.0,1.0,-10800.0,,,,1.0134228187919463,684.0,1.590643274853801,1,4,0.0,0,0
2708,54,374,676,3,,,,1.0,-25200.0,,,,0.144,1300.0,2.083076923076923,1,11,0.0,0,0
23295,514,610,36609,14,,,1.0,1.0,-25200.0,,,,0.8412438625204582,2207.0,10.555052106932488,1,9,0.3333333333333333,1,0
82194,4493,1894,1636,132,,,1.0,1.0,-14400.0,,,,2.370976253298153,2696.0,30.487388724035608,1,13,0.0,0,0
8455,903,728,9680,13,1.0,,1.0,1.0,,,,,1.2386831275720165,211.0,40.07109004739336,1,18,0.06666666666666667,1,0
224,22,121,93,0,1.0,,1.0,1.0,28800.0,,,,0.18032786885245902,962.0,0.23284823284823286,0,10,0.0,0,0
38916,515,494,536,9,,,1.0,1.0,-18000.0,,,,1.0404040404040404,2172.0,17.917127071823206,1,8,0.0,0,0
252,56,140,426,0,1.0,,,1.0,,,,,0.3971631205673759,258.0,0.9767441860465116,1,11,0.0,0,0
708,820,491,32,39,,,,1.0,-14400.0,,,,1.6666666666666667,1409.0,0.5024840312278211,1,14,0.0,0,0
16007,165,142,3080,0,,,1.0,,-25200.0,,,,1.1538461538461537,1232.0,12.992694805194805,1,1,0.0,0,0
14211,507,238,4823,2,1.0,,1.0,1.0,,,,,2.1213389121338913,1500.0,9.474,1,2,0.0,0,0
3191,1116,2000,578,4,,,,1.0,10800.0,,,,0.5577211394302849,1007.0,3.168818272095333,1,17,0.3333333333333333,1,0
159099,2213,828,3910,7,,,1.0,1.0,-18000.0,,,,2.669481302774427,1646.0,96.65795868772783,1,1,0.0,0,0
1976,364,500,7842,0,1.0,,1.0,1.0,,,,,0.7265469061876247,279.0,7.082437275985663,1,6,0.0,0,0
25,192,471,134,0,1.0,,,1.0,,,,,0.4067796610169492,170.0,0.14705882352941177,0,14,0.25,1,0
2485,179,339,257,4,,,1.0,1.0,28800.0,,,,0.5264705882352941,2282.0,1.0889570552147239,1,16,0.0,0,0
4303,611,404,3812,0,,,1.0,1.0,-14400.0,,,,1.508641975308642,1036.0,4.153474903474904,1,12,0.0,0,0
4547,403,383,2352,0,,,1.0,1.0,-18000.0,,,,1.0494791666666667,1636.0,2.7793398533007334,1,12,0.15384615384615385,1,0
46978,4964,2288,156,23,,,1.0,1.0,-25200.0,,,,2.1686325906509394,1065.0,44.11079812206573,1,5,0.0,0,0
10730,225,218,9650,0,1.0,,1.0,1.0,,,,,1.0273972602739727,262.0,40.954198473282446,1,11,0.08333333333333333,1,0
26,67,150,98,0,1.0,,,1.0,,,,,0.44370860927152317,486.0,0.053497942386831275,1,2,0.0,0,0
11242,333,379,969,9,,,1.0,1.0,-14400.0,,,,0.8763157894736842,2331.0,4.822822822822823,1,9,0.0,0,0
7447,112,99,7840,3,,,1.0,1.0,-25200.0,,,,1.12,982.0,7.583503054989817,1,20,0.0,0,0
21918,3138,1247,1828,19,,,,1.0,-25200.0,,,,2.514423076923077,1939.0,11.30376482723053,1,9,0.0,0,0
217,25,68,176,0,1.0,,1.0,1.0,43200.0,,,,0.36231884057971014,448.0,0.484375,0,13,0.0,0,0
7103,267,308,1416,14,1.0,,1.0,1.0,7200.0,,,,0.8640776699029126,2229.0,3.186630776132795,1,7,0.0,0,0
5372,146,150,454,2,,,1.0,1.0,,,,,0.9668874172185431,817.0,6.575275397796817,1,18,0.0,0,0
2401,396,585,663,24,,,,1.0,-18000.0,,,,0.6757679180887372,2243.0,1.0704413731609452,1,14,0.0,0,0
7158,328,491,197,2,,,1.0,1.0,3600.0,,,,0.6666666666666666,1424.0,5.026685393258427,1,16,0.0,0,0
1529,305,764,1045,1,,,1.0,1.0,,,,,0.39869281045751637,336.0,4.550595238095238,1,4,0.14285714285714285,1,0
5956,158,96,7394,1,1.0,,,1.0,,,,,1.6288659793814433,321.0,18.554517133956388,1,7,0.2,1,0
15613,467,338,15361,0,,,,1.0,,,,,1.3775811209439528,848.0,18.411556603773583,1,5,0.0,0,0
28927,3268,1113,12391,17,,,1.0,,-25200.0,,,,2.933572710951526,380.0,76.12368421052632,1,6,0.0,0,0
18295,146,80,5781,4,,,1.0,1.0,-25200.0,,,,1.8024691358024691,490.0,37.33673469387755,1,6,0.0,0,0
71,38,28,179,0,1.0,,1.0,1.0,,,,,1.3103448275862069,659.0,0.10773899848254932,1,15,0.0,0,0
3377,349,596,5616,2,,,1.0,1.0,,,,,0.5845896147403685,587.0,5.75298126064736,1,3,0.0,0,0
181,27,108,513,0,,,,1.0,10800.0,,,,0.24770642201834864,720.0,0.2513888888888889,1,13,0.2222222222222222,1,0
11662,478,469,4476,8,,,1.0,1.0,-25200.0,,,,1.0170212765957447,1345.0,8.670631970260223,1,13,0.0,0,0
2314,372,508,5629,0,1.0,,,1.0,-25200.0,,,,0.730844793713163,675.0,3.428148148148148,1,13,0.0,0,0
2829,594,842,6508,1,1.0,,1.0,1.0,,,,,0.7046263345195729,546.0,5.181318681318682,1,1,0.0,0,0
2586,86,92,87,1,1.0,,1.0,1.0,32400.0,,,,0.9247311827956989,482.0,5.365145228215767,1,6,0.0,0,0
120993,1440,880,6094,8,1.0,,1.0,1.0,,,,,1.6345062429057888,1129.0,107.16829052258636,1,9,0.0,0,0
2123,569,1840,43,22,,,1.0,,-14400.0,,,,0.30907115697990223,2231.0,0.9515912147019274,1,10,0.0,0,0
3524,296,239,6175,0,,,,1.0,-25200.0,,,,1.2333333333333334,734.0,4.801089918256131,1,6,0.0,0,0
1473,77,111,65,1,,,,1.0,-18000.0,,,,0.6875,2235.0,0.6590604026845638,1,12,0.0,0,0
16375,395,164,2029,0,,,,1.0,-25200.0,,,,2.393939393939394,943.0,17.36479321314952,1,7,0.0,0,0
364,29,88,180,0,1.0,,1.0,1.0,,,,,0.3258426966292135,127.0,2.8661417322834644,1,12,0.7333333333333333,1,0
12659,592,694,7351,1,,,1.0,1.0,-14400.0,,,,0.8517985611510791,971.0,13.037075180226571,1,7,0.14285714285714285,1,0
1648,79,185,2275,0,1.0,,1.0,1.0,,,,,0.42473118279569894,262.0,6.290076335877862,1,6,0.0,0,0
7530,345,514,919,4,,,,1.0,28800.0,,,,0.6699029126213593,1726.0,4.362688296639629,0,11,0.0,0,0
409,137,242,1050,3,1.0,,1.0,1.0,-18000.0,,,,0.5637860082304527,435.0,0.9402298850574713,1,11,0.0,0,0
8718,233,739,2523,2,,,,1.0,-18000.0,,,,0.31486486486486487,759.0,11.486166007905139,1,9,0.0,0,0
21694,609,403,2472,1,,,1.0,,28800.0,,,,1.5074257425742574,1791.0,12.112786152987159,1,15,0.0,0,0
9846,582,64,5576,1,,,,1.0,18000.0,,,,8.953846153846154,1918.0,5.133472367049009,1,16,0.0,0,0
75414,268,530,1853,6,,,1.0,1.0,28800.0,,,,0.504708097928437,2121.0,35.55586987270156,1,13,0.0,0,0
39610,57179,762,3765,291,,,,1.0,,,,,74.9397116644823,2120.0,18.683962264150942,1,8,0.0,0,0
17384,3261,68,7690,21,,,1.0,,-10800.0,,,,47.26086956521739,1089.0,15.963269054178145,1,4,0.0,0,0
64276,1853,636,23768,35,,,,1.0,-25200.0,,,,2.9089481946624804,524.0,122.66412213740458,1,6,0.0,0,0
406,207,107,670,2,,,1.0,1.0,-14400.0,,,,1.9166666666666667,941.0,0.4314558979808714,1,1,0.0,0,0
19176,1027,446,4271,32,,,1.0,1.0,43200.0,,,,2.2975391498881432,1639.0,11.699816961561927,1,5,0.0,0,0
89,29,69,73,0,1.0,,1.0,1.0,,,,,0.4142857142857143,1045.0,0.08516746411483253,1,15,0.06666666666666667,1,0
291,53,137,61,0,1.0,,1.0,1.0,,,,,0.38405797101449274,1021.0,0.2850146914789422,0,14,0.15384615384615385,1,0
154,65,52,72,0,1.0,,,1.0,,,,,1.2264150943396226,22.0,7.0,1,4,0.0,0,0
196,120,350,104,0,,,,1.0,-14400.0,,,,0.3418803418803419,2109.0,0.09293504030346135,1,14,0.0,0,0
37732,14613,11076,8172,79,,,1.0,1.0,-28800.0,,,,1.319220005416629,1278.0,29.524256651017215,1,11,0.0,0,0
322470,3798,2886,11224,153,,,1.0,1.0,-18000.0,,,,1.315552476619328,2247.0,143.5113484646195,1,9,0.0,0,0
4932,246,498,799,12,1.0,,1.0,1.0,,,,,0.49298597194388777,2105.0,2.342992874109264,0,14,0.0,0,0
8652,541,467,483,26,,,1.0,1.0,-25200.0,,,,1.1559829059829059,2795.0,3.0955277280858677,1,9,0.0,0,0
163168,6314,6735,6568,367,,,1.0,1.0,43200.0,,,,0.9373515439429929,2363.0,69.05120609394837,1,13,0.16666666666666666,1,0
50655,161,236,469,8,,,,1.0,32400.0,,,,0.679324894514768,756.0,67.00396825396825,1,10,0.2,1,0
5258,583,367,4525,6,,,1.0,1.0,,,,,1.5842391304347827,486.0,10.818930041152264,1,8,0.0,0,0
8316,612,1613,648,4,,,,1.0,28800.0,,,,0.379182156133829,1122.0,7.411764705882353,1,8,0.0,0,0
8991,1048,772,2193,4,,,1.0,1.0,,,,,1.3557567917205693,302.0,29.771523178807946,1,20,0.0,0,0
2690,261,359,846,1,,,1.0,1.0,-18000.0,,,,0.725,1146.0,2.3472949389179756,1,6,0.36363636363636365,1,0
8021,123,102,3465,0,1.0,,1.0,1.0,-18000.0,,,,1.1941747572815533,1154.0,6.950606585788561,1,10,0.0,0,0
980,21,27,22,1,1.0,,,1.0,,,,,0.75,127.0,7.716535433070866,0,7,0.0,0,0
2416,124,161,402,0,,,,,-25200.0,,,,0.7654320987654321,567.0,4.261022927689594,1,1,0.0,0,0
193,117,129,110,0,1.0,,,1.0,36000.0,,,,0.9,712.0,0.2710674157303371,1,6,0.0,0,0
1774,231,141,2871,0,,,1.0,1.0,-28800.0,,,,1.6267605633802817,1729.0,1.0260266049739735,1,11,0.0,0,0
31737,1641,1692,28,9,,,1.0,1.0,-14400.0,,,,0.9692852923803899,1823.0,17.409215578716402,1,13,0.0,0,0
3717,255,225,3432,1,1.0,,1.0,1.0,-25200.0,,,,1.1283185840707965,1114.0,3.336624775583483,1,14,0.0,0,0
82454,4016,314,46049,44,,,1.0,1.0,,,,,12.749206349206348,760.0,108.4921052631579,1,6,0.0,0,0
8485,15,9,28,2,1.0,,,1.0,-25200.0,,,,1.5,118.0,71.90677966101696,1,11,0.0,0,0
3659,239,286,1122,2,,,1.0,1.0,-18000.0,,,,0.8327526132404182,1794.0,2.039576365663322,1,16,0.0,0,0
21061,248,290,2665,1,,,1.0,1.0,28800.0,,,,0.852233676975945,2038.0,10.334151128557409,1,16,0.0,0,0
14676,282,487,2028,4,1.0,,,1.0,3600.0,,,,0.5778688524590164,1359.0,10.799116997792494,0,7,0.0,0,0
12814,218,179,396,16,,,1.0,,-25200.0,,,,1.211111111111111,2219.0,5.774673276250564,1,7,0.0,0,0
17213,636,552,12140,1,1.0,,,1.0,,,,,1.1500904159132008,831.0,20.713598074608903,1,14,0.0,0,0
12338,703,1643,27,20,,,,,3600.0,,,,0.4276155717761557,1840.0,6.7054347826086955,1,11,0.0,0,0
4637,439,587,10270,0,1.0,,,1.0,,,,,0.7465986394557823,510.0,9.092156862745098,1,5,0.0,0,0
9735,401,165,438,6,,,1.0,1.0,,,,,2.4156626506024095,484.0,20.113636363636363,1,20,0.0,0,0
5101,146,300,94,5,1.0,,,1.0,-14400.0,,,,0.4850498338870432,996.0,5.121485943775101,0,14,0.0,0,0
63,17,105,20,2,,,,,,,,,0.16037735849056603,403.0,0.15632754342431762,1,5,0.09090909090909091,1,0
1785,181,216,14,1,,,1.0,1.0,3600.0,,,,0.8341013824884793,1642.0,1.087088915956151,1,6,0.0,0,0
14197,713,932,1128,9,1.0,,,1.0,28800.0,,,,0.7642015005359056,446.0,31.831838565022423,1,4,0.0,0,0
5223,271,738,2809,3,,,,1.0,-25200.0,,,,0.36671177266576455,1615.0,3.2340557275541797,1,5,0.0,0,0
27226,3420,1519,8380,181,,,1.0,1.0,28800.0,,,,2.25,2915.0,9.339965694682675,1,11,0.0,0,0
21570,1228,132,8751,14,,,1.0,1.0,-18000.0,,,,9.233082706766917,704.0,30.639204545454547,0,1,0.0,0,0
1114,120,177,1962,0,,,1.0,,,,,,0.6741573033707865,260.0,4.2846153846153845,0,4,0.0,0,0
110996,525,166,0,41,,,1.0,,32400.0,,,,3.143712574850299,2526.0,43.94140934283452,1,12,0.0,0,0
26290,1368,1433,6411,4,,,1.0,1.0,28800.0,,,,0.9539748953974896,1057.0,24.872280037842952,1,6,0.0,0,0
3546,359,306,2140,1,,,1.0,1.0,-18000.0,,,,1.1693811074918568,896.0,3.9575892857142856,1,10,0.0,0,0
27764,1052,1505,26920,6,,,1.0,1.0,-25200.0,,,,0.6985391766268261,1383.0,20.07519884309472,1,18,0.0,0,0
227,131,322,51,0,1.0,,,1.0,,,,,0.4055727554179567,82.0,2.768292682926829,0,13,0.0,0,0
526,224,303,5333,2,,,1.0,1.0,-25200.0,,,,0.7368421052631579,1861.0,0.28264373992477165,1,10,0.0,0,0
613,86,197,648,0,1.0,,1.0,1.0,,,,,0.43434343434343436,220.0,2.786363636363636,1,4,0.125,1,0
3416,190,285,3175,1,1.0,,,1.0,,,,,0.6643356643356644,364.0,9.384615384615385,1,12,0.0,0,0
31793,587,434,571,0,,,1.0,1.0,-10800.0,,,,1.349425287356322,768.0,41.397135416666664,1,15,0.0,0,0
36119,1061,666,3754,3,,,1.0,1.0,3600.0,,,,1.590704647676162,1440.0,25.082638888888887,0,11,0.0,0,0
2308,479,652,390,21,,,1.0,1.0,19800.0,,,,0.7335375191424196,723.0,3.1922544951590597,1,15,0.36363636363636365,1,0
8818,325,1911,9742,10,1.0,,1.0,1.0,19800.0,,,,0.16997907949790794,2101.0,4.197049024274155,1,6,0.36363636363636365,1,0
10772,830,1048,6816,31,,,1.0,1.0,3600.0,,,,0.7912297426120114,2092.0,5.149139579349904,1,11,0.0,0,0
460,81,345,98,2,1.0,,1.0,1.0,28800.0,,,,0.23410404624277456,2084.0,0.22072936660268713,1,12,0.0,0,0
7165,375,368,6634,0,,,1.0,1.0,-21600.0,,,,1.016260162601626,1845.0,3.883468834688347,1,11,0.0,0,0
81721,231,92,287,1,,,1.0,1.0,25200.0,,,,2.4838709677419355,1836.0,44.510348583878,1,3,0.0,0,0
5937,148,203,3411,3,,,,1.0,,,,,0.7254901960784313,1529.0,3.8829300196206673,1,18,0.0,0,0
1802,464,457,1171,1,,,,1.0,32400.0,,,,1.0131004366812226,367.0,4.91008174386921,1,13,0.0,0,0
3409,228,342,2741,0,1.0,,,1.0,-18000.0,,,,0.6647230320699709,1678.0,2.0315852205005958,0,10,0.0,0,0
12208,812,848,7127,0,,,1.0,1.0,7200.0,,,,0.9564193168433451,1013.0,12.051332675222113,1,1,0.0,0,0
1703,133,215,1287,0,,,1.0,,32400.0,,,,0.6157407407407407,1780.0,0.9567415730337079,1,4,0.0,0,0
41598,3577,774,107,19,,,1.0,1.0,-14400.0,,,,4.615483870967742,1317.0,31.585421412300683,1,19,0.0,0,0
46932,533,421,7242,1,,,1.0,1.0,-18000.0,,,,1.2630331753554502,1472.0,31.883152173913043,1,7,0.0,0,0
172,116,135,24,4,,,,1.0,-25200.0,,,,0.8529411764705882,2248.0,0.07651245551601424,1,12,0.0,0,0
3496,321,95,441,0,1.0,,,1.0,-14400.0,,,,3.34375,1214.0,2.8797364085667216,0,16,0.0,0,0
18087,423,152,28,24,,,1.0,1.0,10800.0,,,,2.764705882352941,2558.0,7.070758405003909,1,7,0.0,0,0
33958,338,946,717,11,,,1.0,1.0,-28800.0,,,,0.35691657866948256,2152.0,15.779739776951672,1,8,0.0,0,0
40986,1309,230,7999,2,,,,1.0,14400.0,,,,5.666666666666667,928.0,44.16594827586207,1,1,0.0,0,0
290,95,237,45,0,1.0,,,1.0,,,,,0.39915966386554624,359.0,0.807799442896936,0,14,0.3,1,0
1838,106,151,7,1,,,,1.0,-18000.0,,,,0.6973684210526315,2143.0,0.8576761549230051,1,16,0.0,0,0
1211,24,63,6,6,1.0,,1.0,1.0,,,,,0.375,1393.0,0.8693467336683417,1,14,0.0,0,0
18598,1318,722,6637,9,,,1.0,,7200.0,,,,1.8229598893499308,313.0,59.4185303514377,1,15,0.0,0,0
43009,579,663,1944,43,,,1.0,1.0,-18000.0,,,,0.8719879518072289,2572.0,16.722006220839813,1,8,0.0,0,0
141,321,316,51,0,,,,,-25200.0,,,,1.0126182965299684,291.0,0.4845360824742268,1,5,0.2,1,0
11843,1019,1223,2649,4,1.0,,,1.0,,,,,0.8325163398692811,537.0,22.054003724394786,1,10,0.0,0,0
139,33,40,519,2,,,,,-14400.0,,,,0.8048780487804879,659.0,0.2109256449165402,1,6,0.0,0,0
25637,1204,1711,1555,71,,,1.0,1.0,-18000.0,,,,0.7032710280373832,2186.0,11.727813357731016,1,19,0.0,0,0
1919,50,90,1015,0,1.0,,,1.0,,,1.0,,0.5494505494505495,272.0,7.055147058823529,1,5,0.0,0,0
3635,919,2001,1743,17,,,1.0,1.0,-18000.0,,,,0.45904095904095904,1487.0,2.444519166106254,1,17,0.0,0,0
2064,120,969,5,2,,,,1.0,-18000.0,,,,0.12371134020618557,1440.0,1.4333333333333333,1,12,0.0,0,0
2794,184,314,50,18,,,1.0,1.0,7200.0,,,,0.5841269841269842,2131.0,1.3111215391834818,1,12,0.0,0,0
4840,7816,1749,256,290,1.0,,,1.0,32400.0,,,,4.466285714285714,1884.0,2.5690021231422504,1,15,0.0,0,0
62901,12143,166,13747,136,,,,,-36000.0,,,,72.7125748502994,1310.0,48.016030534351145,1,5,0.0,0,0
285,72,109,194,0,1.0,,,1.0,,,,,0.6545454545454545,211.0,1.3507109004739337,1,15,0.5,1,0
282,93,103,4215,1,1.0,,,1.0,,,1.0,,0.8942307692307693,437.0,0.6453089244851259,0,14,0.13333333333333333,1,0
850,41,112,115,2,,,1.0,1.0,-28800.0,,,,0.36283185840707965,2014.0,0.42204568023833167,1,16,0.2857142857142857,1,0
2451,382,365,1675,0,1.0,,,1.0,,,,,1.0437158469945356,495.0,4.951515151515151,1,6,0.0,0,0
7573,552,1836,1777,1,,,1.0,1.0,28800.0,,,,0.3004899292324442,985.0,7.688324873096446,1,1,0.0,0,0
7901,879,59,30730,3,,,,1.0,3600.0,,,,14.65,835.0,9.462275449101796,1,8,0.0,0,0
98,14,51,580,0,1.0,,1.0,1.0,,,,,0.2692307692307692,202.0,0.48514851485148514,1,1,0.6666666666666666,1,0
252,32,606,3,1,,,1.0,1.0,43200.0,,,,0.05271828665568369,2039.0,0.12358999509563512,1,15,0.0,0,0
24494,780,175,7978,0,,,,1.0,,,,,4.431818181818182,983.0,24.9175991861648,1,5,0.0,0,0
5494,480,303,5614,1,,,,1.0,-25200.0,,,,1.5789473684210527,770.0,7.135064935064935,1,5,0.0,0,0
23996,1903,790,2811,61,1.0,,,1.0,,,,,2.4058154235145386,1669.0,14.377471539844217,1,18,0.0,0,0
5361,261,485,713,3,,,,1.0,,,,,0.5370370370370371,2203.0,2.4334997730367682,1,6,0.2857142857142857,1,0
4706,346,490,2847,0,,,1.0,1.0,-25200.0,,,,0.7046843177189409,1371.0,3.4325309992706052,0,5,0.08333333333333333,1,0
4697,391,763,555,0,,,1.0,1.0,25200.0,,,,0.5117801047120419,1261.0,3.724821570182395,1,14,0.0,0,0
39158,623,529,42,37,,,,1.0,32400.0,,,,1.1754716981132076,3006.0,13.026613439787093,1,2,0.0,0,0
36045,887,628,2085,12,,,1.0,1.0,-39600.0,,,,1.410174880763116,2135.0,16.882903981264636,1,5,0.0,0,0
42,22,34,23,0,1.0,,1.0,1.0,,,,,0.6285714285714286,36.0,1.1666666666666667,0,13,0.0,0,0
1034,139,472,272,5,,,,1.0,-18000.0,,,,0.2938689217758985,329.0,3.142857142857143,1,12,0.0,0,0
4083,154,107,12030,3,1.0,,,1.0,,,,,1.4259259259259258,471.0,8.668789808917197,1,10,0.25,1,0
3537,295,262,7758,1,,,1.0,1.0,-25200.0,,,,1.1216730038022813,1316.0,2.6876899696048633,1,12,0.0,0,0
2910,56,68,2445,2,,,1.0,,,,,,0.8115942028985508,1011.0,2.878338278931751,0,7,0.0,0,0
16991,1051,603,2225,13,,,,1.0,18000.0,,,,1.740066225165563,1810.0,9.387292817679558,1,11,0.0,0,0
6433,357,341,5881,1,,,1.0,1.0,-21600.0,,,,1.043859649122807,1289.0,4.990690457719162,1,7,0.0,0,0
23001,573,396,7878,0,,,,1.0,-18000.0,,,,1.4433249370277077,1303.0,17.652340752110515,1,11,0.0,0,0
90601,62370,427,16576,1547,,,,1.0,-25200.0,,,,145.72429906542055,2870.0,31.568292682926828,1,12,0.0,0,0
4459,794,1463,6552,0,,,,1.0,,,,,0.5423497267759563,909.0,4.905390539053905,1,8,0.14285714285714285,1,0
6962,237,100,3503,1,,,1.0,1.0,-18000.0,,,,2.3465346534653464,1116.0,6.238351254480286,1,6,0.0,0,0
9840,820,588,4612,0,,,1.0,,-14400.0,,,,1.3921901528013583,395.0,24.911392405063292,1,11,0.15384615384615385,1,0
4540,232,223,1802,1,,,1.0,1.0,,,1.0,,1.0357142857142858,356.0,12.752808988764045,0,12,0.0,0,0
10485,678,550,1510,5,,,,1.0,32400.0,,,,1.2304900181488203,1462.0,7.1716826265389875,1,4,0.0,0,0
5451,1526,1011,3339,10,,,,,-25200.0,,,,1.507905138339921,146.0,37.33561643835616,1,9,0.0,0,0
17113,407,376,21692,1,1.0,,1.0,1.0,-18000.0,,,,1.0795755968169762,1714.0,9.984247374562427,1,14,0.0,0,0
9990,484,1977,5302,3,,,,1.0,-25200.0,,,,0.24469160768452983,1930.0,5.176165803108808,1,12,0.2857142857142857,1,0
8310,1192,709,2335,1,,,1.0,1.0,,,,,1.6788732394366197,1403.0,5.923022095509622,1,15,0.2222222222222222,1,0
11409,643,364,14401,2,,,1.0,,-25200.0,,,,1.7616438356164383,802.0,14.22568578553616,0,8,0.0,0,0
45825,7065,1822,3804,596,,,,,-14400.0,,,,3.875479978058146,3021.0,15.168818272095333,1,12,0.0,0,0
16031,2674,2841,550,17,,,,,-14400.0,,,,0.9408866995073891,1895.0,8.459630606860157,1,5,0.0,0,0
19140,455,336,7048,0,,,1.0,1.0,-25200.0,,,,1.3501483679525224,1014.0,18.875739644970412,1,6,0.0,0,0
2212,421,488,2120,0,1.0,,1.0,1.0,,,,,0.8609406952965235,178.0,12.426966292134832,1,5,0.0,0,0
5109,306,679,608,3,,,,1.0,7200.0,,,,0.45,172.0,29.703488372093023,1,12,0.0,0,0
96709,14665,389,15836,195,,,1.0,1.0,10800.0,,,,37.6025641025641,693.0,139.55122655122656,1,3,0.0,0,0
24433,2024,1385,9647,9,,,1.0,1.0,28800.0,,,,1.4603174603174602,1387.0,17.615717375630858,1,4,0.0,0,0
44627,5051,454,19312,99,,,1.0,1.0,19800.0,,,,11.1010989010989,1756.0,25.41400911161731,1,7,0.0,0,0
26208,674,343,3724,0,,,,1.0,-25200.0,,,,1.9593023255813953,1401.0,18.70663811563169,1,5,0.0,0,0
8441,448,400,3454,1,,,1.0,1.0,28800.0,,,,1.1172069825436408,1392.0,6.063936781609195,1,15,0.0,0,0
272,33,98,25,1,,,,1.0,-18000.0,,,,0.3333333333333333,2236.0,0.12164579606440072,0,8,0.0,0,0
19086,371,86,11209,3,,,1.0,1.0,28800.0,,,,4.264367816091954,1013.0,18.84106614017769,1,13,0.0,0,0
2581,406,401,8443,0,1.0,,1.0,1.0,,,,,1.0099502487562189,443.0,5.826185101580135,1,7,0.0,0,0
18357,1234,442,3766,4,,,,1.0,28800.0,,,,2.785553047404063,1060.0,17.317924528301887,1,7,0.0,0,0
28629,3750,1093,5892,24,,,,,-10800.0,,,,3.4277879341864717,1020.0,28.06764705882353,1,6,0.0,0,0
17093,371,238,46158,17,,,1.0,1.0,-18000.0,,,,1.5523012552301256,1361.0,12.55914768552535,1,11,0.0,0,0
19270,1170,1118,3606,1,,,1.0,1.0,-25200.0,,,,1.0455764075067024,1224.0,15.743464052287582,1,9,0.0,0,0
1895,71,173,25,3,,,1.0,1.0,19800.0,,,,0.40804597701149425,1934.0,0.9798345398138573,1,14,0.0,0,0
741,22,197,170,0,1.0,,,1.0,,,,,0.1111111111111111,262.0,2.8282442748091605,1,2,0.42857142857142855,1,0
16799,765,1995,18796,20,,,1.0,1.0,18000.0,,,,0.3832665330661323,2078.0,8.084215591915303,1,19,0.1111111111111111,1,0
3331,198,138,6203,0,1.0,,,1.0,,,,,1.4244604316546763,322.0,10.34472049689441,1,5,0.1111111111111111,1,0
2846,286,432,3847,2,1.0,,1.0,1.0,,,,,0.6605080831408776,850.0,3.348235294117647,1,14,0.1,1,0
3967,256,454,1381,7,,,1.0,1.0,-21600.0,,,,0.5626373626373626,2244.0,1.767825311942959,1,16,0.0,0,0
7343,1063,79,309,8,,,,1.0,14400.0,,,,13.2875,489.0,15.01635991820041,1,4,0.0,0,0
211,65,221,830,0,1.0,,,1.0,,,,,0.2927927927927928,335.0,0.6298507462686567,0,13,0.0,0,0
28605,6291,4741,15887,15,,,1.0,1.0,-18000.0,,,,1.3266554196541545,1493.0,19.159410582719357,1,14,0.0,0,0
13069,644,1326,603,14,1.0,,1.0,1.0,,,,,0.4853051996985682,226.0,57.82743362831859,1,20,0.0,0,0
1162,19,117,26,0,,,1.0,1.0,19800.0,,,,0.16101694915254236,1624.0,0.7155172413793104,1,12,0.0,0,0
12871,3232,2439,744,1,,,,1.0,-25200.0,,,,1.3245901639344262,1089.0,11.819100091827364,1,20,0.0,0,0
1288,346,316,2887,0,1.0,,,1.0,,,,,1.0914826498422714,554.0,2.324909747292419,1,2,0.0,0,0
3139,1668,57,1527,3,,,1.0,1.0,28800.0,,,,28.75862068965517,964.0,3.2562240663900415,1,13,0.0,0,0
2799,276,313,2285,0,,,1.0,1.0,-36000.0,,,,0.8789808917197452,1008.0,2.7767857142857144,1,7,0.0,0,0
7959,1231,1997,1465,32,,,1.0,1.0,43200.0,,,,0.6161161161161162,2491.0,3.195102368526696,1,13,0.0,0,0
14449,361,278,14448,0,,,1.0,1.0,-25200.0,,,,1.2939068100358424,711.0,20.32208157524613,1,3,0.0,0,0
15258,1635,1610,2082,3,,,1.0,1.0,-18000.0,,,,1.0148975791433892,475.0,32.12210526315789,0,10,0.0,0,0
2698,166,346,142,5,,,,1.0,14400.0,,,,0.4783861671469741,1319.0,2.045489006823351,1,3,0.0,0,0
13,43,155,3,0,1.0,,,1.0,,,,,0.27564102564102566,2239.0,0.005806163465832961,0,11,0.0,0,0
8209,562,217,12535,1,,,,1.0,,,,,2.5779816513761467,1305.0,6.290421455938698,1,6,0.0,0,0
15529,354,290,1762,6,,,1.0,1.0,-25200.0,,,,1.2164948453608246,1977.0,7.854830551340415,1,16,0.0,0,0
16755,723,446,21680,5,,,1.0,1.0,-28800.0,,,,1.6174496644295302,1658.0,10.105548854041013,1,6,0.16666666666666666,1,0
199,23,168,11,4,1.0,,,1.0,3600.0,,,,0.13609467455621302,2258.0,0.08813108945969884,1,12,0.0,0,0
173,304,1349,851,2,,,,1.0,-25200.0,,,,0.22518518518518518,337.0,0.5133531157270029,1,13,0.0,0,0
406,24,28,240,0,1.0,,,1.0,,,,,0.8275862068965517,17.0,23.88235294117647,1,13,0.0,0,0
9961,267,73,881,3,,,1.0,1.0,10800.0,,,,3.608108108108108,1250.0,7.9688,1,7,0.0,0,0
257,57,224,26,0,,,1.0,1.0,-28800.0,,,,0.25333333333333335,1215.0,0.21152263374485597,1,14,0.0,0,0
21805,453,302,4093,3,,,,1.0,28800.0,,,,1.495049504950495,1111.0,19.626462646264628,1,10,0.0,0,0
27500,1373,834,274,3,1.0,,1.0,1.0,,,,,1.644311377245509,680.0,40.44117647058823,1,7,0.0,0,0
8863,278,302,582,2,,,1.0,1.0,28800.0,,,,0.9174917491749175,561.0,15.798573975044564,1,10,0.0,0,0
183431,759,115,94,32,1.0,,1.0,1.0,7200.0,,,,6.543103448275862,1789.0,102.53269983230855,1,11,0.0,0,0
2454,340,797,96,1,,,1.0,1.0,,,,,0.42606516290726815,1322.0,1.8562783661119515,1,20,0.0,0,0
3076,56,537,363,0,,,1.0,1.0,28800.0,,,,0.10408921933085502,1271.0,2.420141620771046,1,17,0.0,0,0
251,114,164,185,0,,,1.0,1.0,46800.0,,,,0.6909090909090909,339.0,0.7404129793510325,1,13,0.0,0,0
358,71,318,28,0,,,1.0,1.0,28800.0,,,,0.2225705329153605,1879.0,0.19052687599787121,1,18,0.0,0,0
19585,1294,272,20134,6,,,1.0,1.0,18000.0,,,,4.73992673992674,705.0,27.78014184397163,1,9,0.2222222222222222,1,0
1014,54,52,523,1,,,1.0,1.0,28800.0,,1.0,,1.0188679245283019,1885.0,0.5379310344827586,1,2,0.0,0,0
631,243,76,1,0,1.0,,,1.0,19800.0,,,,3.155844155844156,1995.0,0.3162907268170426,1,9,0.0,0,0
455,135,383,685,0,,,1.0,1.0,21600.0,,,,0.3515625,889.0,0.5118110236220472,1,18,0.5,1,0
503,41,141,5095,0,,,,,-18000.0,,,,0.2887323943661972,925.0,0.5437837837837838,1,16,0.0,0,0
1748,142,122,241,2,,,1.0,1.0,28800.0,,,,1.1544715447154472,2121.0,0.8241395568128241,1,14,0.0,0,0
2857,1885,2064,12051,5,1.0,,1.0,1.0,,,,,0.9128329297820823,1688.0,1.6925355450236967,1,12,0.14285714285714285,1,0
4278,929,726,4837,1,1.0,,,1.0,,,,,1.2778541953232463,502.0,8.52191235059761,1,14,0.08333333333333333,1,0
5326,169,847,3595,0,1.0,,1.0,1.0,-14400.0,,,,0.19929245283018868,2136.0,2.493445692883895,1,10,0.0,0,0
634,91,81,113,0,,,,1.0,-25200.0,,,,1.1097560975609757,1422.0,0.44585091420534456,1,17,0.0,0,0
26486,1232,270,16802,14,,,1.0,1.0,7200.0,,,,4.546125461254612,1220.0,21.70983606557377,1,7,0.0,0,0
37291,864,360,10959,6,1.0,,1.0,1.0,,,,,2.3933518005540164,751.0,49.655126498002666,1,12,0.0,0,0
46768,1813,320,43723,5,1.0,,1.0,1.0,,,,,5.64797507788162,311.0,150.37942122186496,1,15,0.0,0,0
261,17,13,37,0,1.0,,,1.0,19800.0,,,,1.2142857142857142,660.0,0.39545454545454545,0,6,0.18181818181818182,1,0
5955,236,124,8134,1,,,,1.0,-18000.0,,,,1.888,2452.0,2.4286296900489397,0,6,0.0,0,0
60,57,169,7,2,,,1.0,1.0,,,,,0.3352941176470588,1803.0,0.033277870216306155,1,13,0.0,0,0
10952,328,292,2480,0,1.0,,1.0,1.0,,,,,1.1194539249146758,777.0,14.095238095238095,1,4,0.0,0,0
7,64,191,8,1,,,,1.0,-25200.0,,,,0.3333333333333333,1833.0,0.0038188761593016913,1,3,0.0,0,0
14009,159,182,341,4,,,1.0,1.0,28800.0,,,,0.8688524590163934,2029.0,6.90438639724002,1,9,0.0,0,0
5901,236,298,3731,2,,,1.0,1.0,-25200.0,,,,0.7892976588628763,777.0,7.594594594594595,1,7,0.0,0,0
11444,191,247,59,0,,,1.0,1.0,28800.0,,,,0.7701612903225806,1685.0,6.791691394658754,1,12,0.0,0,0
3852,219,391,1986,0,1.0,,1.0,1.0,,,1.0,,0.5586734693877551,858.0,4.489510489510489,1,5,0.0,0,0
18523,1641,153,3103,1,,,1.0,1.0,-28800.0,,,,10.655844155844155,1335.0,13.874906367041199,1,5,0.0,0,0
62899,321,231,144,4,,,,1.0,43200.0,,,,1.3836206896551724,1578.0,39.85994930291508,1,14,0.0,0,0
4796,1408,1533,3171,4,,,1.0,1.0,,,,,0.9178617992177314,987.0,4.8591691995947315,1,10,0.0,0,0
12363,476,519,4690,13,,,1.0,1.0,-18000.0,,,,0.9153846153846154,2263.0,5.4631020768890854,1,8,0.0,0,0
275,756,1885,4,9,,,,,,,,,0.40084835630965004,103.0,2.6699029126213594,1,15,0.0,0,0
249,56,146,372,0,,,,1.0,,,,,0.38095238095238093,78.0,3.1923076923076925,1,9,0.0,0,0
73443,2844,1861,9562,71,,,1.0,1.0,-25200.0,,,,1.5273899033297529,1583.0,46.39481996209728,1,9,0.0,0,0
882,73,87,867,0,1.0,,,1.0,3600.0,,,,0.8295454545454546,219.0,4.027397260273973,1,20,0.2222222222222222,1,0
8396,470,480,9197,0,,,1.0,,-25200.0,,,,0.9771309771309772,1263.0,6.647664291369755,1,14,0.4444444444444444,1,0
36721,5650,69,9879,36,,,,1.0,-14400.0,,,,80.71428571428571,710.0,51.719718309859154,1,7,0.0,0,0
333504,986837,1111,1937,4840,,,1.0,1.0,28800.0,,,1.0,887.443345323741,2480.0,134.4774193548387,1,14,0.0,0,0
96566,4955,4359,14265,48,,,,1.0,10800.0,,,,1.136467889908257,1100.0,87.78727272727272,1,5,0.0,0,0
8355,274,142,878,0,,,,1.0,28800.0,,,,1.916083916083916,863.0,9.681344148319814,1,13,0.0,0,0
9040,5209,1120,1841,37,,,,1.0,,,,,4.646743978590544,1793.0,5.041829336307864,1,12,0.0,0,0
2811,1032,1908,649,0,1.0,,1.0,1.0,,,,,0.5405971712938711,113.0,24.876106194690266,1,12,0.0,0,0
1238,228,378,147,1,,,1.0,1.0,3600.0,,,,0.6015831134564644,2110.0,0.5867298578199052,1,16,0.0,0,0
134,17,39,23,0,1.0,,,1.0,,,,,0.425,142.0,0.9436619718309859,0,10,0.0,0,0
5400,196,333,4376,1,1.0,,1.0,1.0,,,,,0.5868263473053892,985.0,5.482233502538071,1,13,0.07692307692307693,1,0
947,141,50,567,1,,,,,-36000.0,,,,2.764705882352941,1666.0,0.5684273709483794,0,12,0.0,0,0
7602,2605,2580,63,1,1.0,,1.0,1.0,7200.0,,,,1.009298721425804,2048.0,3.7119140625,1,16,0.0,0,0
22251,347,433,495,3,,,,1.0,-18000.0,,,,0.7995391705069125,2220.0,10.022972972972973,1,8,0.0,0,0
49,33,295,1611,0,1.0,,,1.0,,,,,0.11148648648648649,662.0,0.07401812688821752,1,14,0.0,0,0
4242,1582,1500,2675,2,,,1.0,1.0,28800.0,,,,1.0539640239840107,1098.0,3.8633879781420766,1,17,0.0,0,0
7686,113,255,128,4,,,1.0,1.0,19800.0,,,,0.44140625,1731.0,4.440207972270364,1,7,0.125,1,0
34655,999,908,928,4,,,1.0,1.0,-25200.0,,,,1.099009900990099,1226.0,28.266721044045678,1,5,0.0,0,0
1727,266,386,5055,2,,,1.0,1.0,-25200.0,,,,0.6873385012919897,1213.0,1.4237427864798022,1,13,0.0,0,0
1249,139,466,38,0,,,1.0,1.0,43200.0,,,,0.29764453961456105,1311.0,0.9527078565980168,1,18,0.16666666666666666,1,0
2203,490,673,1228,1,1.0,,1.0,1.0,-25200.0,,,,0.7270029673590505,1319.0,1.670204700530705,1,12,0.0,0,0
807,38,288,7,1,1.0,,1.0,1.0,19800.0,,,,0.1314878892733564,1226.0,0.6582381729200653,1,12,0.0,0,0
10304,127,225,216,2,,,1.0,,-18000.0,,,,0.5619469026548672,2411.0,4.273745333886354,1,7,0.0,0,0
3012,88,94,1256,0,1.0,,,1.0,,,1.0,,0.9263157894736842,254.0,11.858267716535433,1,14,0.0,0,0
2795,64,221,97,1,1.0,,1.0,1.0,,,,,0.2882882882882883,1391.0,2.0093457943925235,1,12,0.0,0,0
20027,1497,2004,32479,3,,,1.0,1.0,10800.0,,,,0.7466334164588528,1107.0,18.091237579042456,1,8,0.0,0,0
18657,449,302,5993,2,,,1.0,1.0,-25200.0,,,,1.481848184818482,1372.0,13.598396501457726,0,15,0.0,0,0
9747,384,489,6313,2,,,1.0,1.0,-25200.0,,,,0.7836734693877551,880.0,11.076136363636364,1,14,0.0,0,0
531,26,24,5,0,1.0,,,1.0,-25200.0,,1.0,,1.04,621.0,0.855072463768116,1,13,0.0,0,0
1448,93,500,372,0,,,1.0,1.0,28800.0,,,,0.18562874251497005,1097.0,1.3199635369188696,1,15,0.07692307692307693,1,0
23508,276,152,409,2,,,1.0,1.0,28800.0,,,,1.803921568627451,2207.0,10.651563207974625,1,14,0.0,0,0
29129,354,243,11995,1,,,1.0,1.0,-25200.0,,,,1.4508196721311475,1147.0,25.395815170008717,1,12,0.0,0,0
559,236,207,402,1,,,,,7200.0,,,,1.1346153846153846,756.0,0.7394179894179894,1,12,0.2222222222222222,1,0
9927,312,235,5340,5,,,1.0,1.0,,,,,1.3220338983050848,699.0,14.201716738197424,1,8,0.0,0,0
8507,306,377,12989,1,1.0,,1.0,1.0,,,,,0.8095238095238095,823.0,10.336573511543135,1,6,0.4444444444444444,1,0
1121,47,125,123,2,,,,,,,,,0.373015873015873,304.0,3.6875,1,18,0.14285714285714285,1,0
6601,187,164,320,4,,,,1.0,-14400.0,,,,1.1333333333333333,1406.0,4.694879089615932,1,1,0.375,1,0
15,2,32,100,0,1.0,,,1.0,,,,,0.06060606060606061,207.0,0.07246376811594203,0,17,0.13333333333333333,1,0
3287,2035,1957,95,0,,,,1.0,,,,,1.0393258426966292,257.0,12.789883268482491,1,9,0.42857142857142855,1,0
17147,588,1646,10524,1,1.0,,1.0,1.0,,,,,0.3570127504553734,981.0,17.479102956167175,1,4,0.2222222222222222,1,0
8316,2844,326,943,24,1.0,,1.0,1.0,16200.0,,,,8.697247706422019,1181.0,7.041490262489416,1,11,0.0,0,0
1432,108,105,3786,5,,,1.0,1.0,,,,,1.0188679245283019,454.0,3.154185022026432,1,6,0.0,0,0
32143,574,631,31826,2,,,,,,,,,0.9082278481012658,411.0,78.20681265206812,0,2,0.0,0,0
3030,248,352,1399,1,,,1.0,,3600.0,,,,0.7025495750708215,409.0,7.408312958435208,1,4,0.0,0,0
21351,411,375,9746,3,,,1.0,1.0,-18000.0,,,,1.0930851063829787,361.0,59.14404432132964,1,15,0.0,0,0
6356,356,818,31,6,1.0,,1.0,1.0,-25200.0,,,,0.4346764346764347,2057.0,3.089936801166748,1,12,0.0,0,0
6715,152,339,728,2,,,1.0,1.0,14400.0,,1.0,,0.4470588235294118,1373.0,4.89075018208303,1,3,0.0,0,0
2045,252,438,378,4,1.0,,1.0,1.0,,,,,0.5740318906605922,2243.0,0.9117253678109675,1,11,0.0,0,0
19472,2280,801,2,108,,,1.0,1.0,28800.0,,,,2.8428927680798006,1628.0,11.960687960687961,1,10,0.0,0,0
109,122,229,211,0,1.0,,1.0,1.0,,,,,0.5304347826086957,122.0,0.8934426229508197,0,5,0.0,0,0
14898,502,653,4535,5,,,,1.0,-10800.0,,,,0.7675840978593272,1427.0,10.440084092501753,1,8,0.0,0,0
92,16,107,28,0,1.0,,,1.0,,,,,0.14814814814814814,470.0,0.19574468085106383,1,7,0.14285714285714285,1,0
3298,460,480,1898,4,1.0,,1.0,1.0,-36000.0,,,,0.9563409563409564,576.0,5.725694444444445,1,7,0.0,0,0
157,20,82,254,1,1.0,,,1.0,,,,,0.24096385542168675,101.0,1.5544554455445545,1,6,0.4,1,0
8763,660,157,581,22,,,1.0,,28800.0,,,,4.177215189873418,1364.0,6.424486803519062,1,11,0.0,0,0
8435,131,78,3012,0,1.0,,1.0,1.0,28800.0,,,,1.6582278481012658,1107.0,7.6196928635953025,1,12,0.0,0,0
328,193,378,50,4,,,,,-10800.0,,,,0.5092348284960422,1185.0,0.2767932489451477,1,15,0.0,0,0
20368,510,655,5788,2,,,,1.0,28800.0,,,,0.7774390243902439,1260.0,16.165079365079364,1,15,0.0,0,0
4908,299,261,3074,0,1.0,,1.0,1.0,,,,,1.1412213740458015,886.0,5.539503386004514,1,11,0.0,0,0
1479,314,188,1603,3,1.0,,1.0,1.0,,,,,1.6613756613756614,928.0,1.59375,1,3,0.0,0,0
541,32,164,364,1,1.0,,,1.0,-25200.0,,,,0.19393939393939394,1328.0,0.40737951807228917,1,10,0.0,0,0
1765,139,300,823,0,1.0,,,1.0,,,,,0.46179401993355484,1264.0,1.3963607594936709,0,5,0.0,0,0
434,123,164,655,0,1.0,,,1.0,,,,,0.7454545454545455,500.0,0.868,0,8,0.15384615384615385,1,0
1251,248,274,17,17,,,,1.0,-18000.0,,,,0.9018181818181819,1707.0,0.7328646748681898,1,12,0.0,0,0
26709,483,539,2646,29,,,1.0,1.0,19800.0,,,,0.8944444444444445,1918.0,13.925443169968718,1,13,0.0,0,0
372,76,36,26,6,,,1.0,1.0,-10800.0,,,,2.054054054054054,1878.0,0.19808306709265175,1,17,0.0,0,0
82176,10241,340,32111,59,,,,1.0,-14400.0,,,,30.032258064516128,1504.0,54.638297872340424,1,7,0.0,0,0
22103,314,248,17569,3,,,,1.0,-14400.0,,,,1.2610441767068272,852.0,25.9424882629108,1,6,0.0,0,0
76086,1120,340,3372,42,,,,1.0,-25200.0,,,,3.2844574780058653,2596.0,29.30893682588598,1,8,0.0,0,0
5378,335,362,5424,0,,,1.0,1.0,-18000.0,,,,0.9228650137741047,1770.0,3.0384180790960453,1,4,0.2727272727272727,1,0
49634,752,201,22587,4,1.0,,1.0,1.0,,,,,3.722772277227723,558.0,88.94982078853046,1,6,0.07142857142857142,1,0
4351,169,121,205,1,1.0,,1.0,1.0,,,,,1.3852459016393444,157.0,27.713375796178344,1,2,0.0,0,0
2383,155,80,1743,2,,,,,-14400.0,,,,1.9135802469135803,573.0,4.158813263525305,1,9,0.0,0,0
734,172,171,6859,0,,,1.0,1.0,-14400.0,,,,1.0,1414.0,0.5190947666195191,1,4,0.0,0,0
3755,279,1078,6041,3,,,1.0,1.0,-18000.0,,,,0.25857275254865614,1302.0,2.8840245775729647,1,15,0.16666666666666666,1,0
409,71,66,3,4,1.0,,,1.0,7200.0,,,,1.0597014925373134,1392.0,0.2938218390804598,1,19,0.0,0,0
187,38,138,975,0,1.0,,1.0,1.0,-28800.0,,,,0.2733812949640288,1295.0,0.1444015444015444,1,14,0.0,0,0
6970,151,760,1429,1,1.0,,1.0,1.0,-18000.0,,,,0.19842312746386334,2142.0,3.253968253968254,1,11,0.0,0,0
468,148,523,473,0,,,1.0,1.0,28800.0,,,,0.2824427480916031,2032.0,0.23031496062992127,1,11,0.0,0,0
23298,6534,5227,6794,10,,,,1.0,7200.0,,,,1.2498087222647283,1025.0,22.729756097560976,1,3,0.0,0,0
3886,81,218,0,4,1.0,1.0,1.0,1.0,-14400.0,,,,0.3698630136986301,863.0,4.502896871378911,0,13,0.1111111111111111,1,0
20154,286,261,11126,4,1.0,,1.0,1.0,-25200.0,,,,1.0916030534351144,1218.0,16.54679802955665,1,4,0.2727272727272727,1,0
2313,284,282,1613,0,,,1.0,1.0,28800.0,,,,1.0035335689045937,336.0,6.883928571428571,1,4,0.0,0,0
32549,774,698,26037,0,,,1.0,1.0,-25200.0,,,,1.1072961373390557,1131.0,28.7789566755084,1,8,0.0,0,0
2167,36,125,70,0,,,1.0,1.0,28800.0,,,,0.2857142857142857,1743.0,1.2432587492828457,1,8,0.0,0,0
12043,824,241,35,7,,,1.0,,-25200.0,,,,3.4049586776859506,2031.0,5.9295913343180695,1,12,0.0,0,0
439,62,71,83,0,,,,,,,,,0.8611111111111112,190.0,2.3105263157894735,1,9,0.0,0,0
1987,145,279,3565,2,,,,1.0,,,,,0.5178571428571429,1855.0,1.0711590296495956,1,13,0.2222222222222222,1,0
16838,1671,1668,5199,49,,,,1.0,-18000.0,,,,1.0011983223487118,2234.0,7.53715308863026,1,19,0.2727272727272727,1,0
3651,151,550,56,2,1.0,,,1.0,-18000.0,,,,0.27404718693284935,2253.0,1.6205059920106524,1,16,0.25,1,0
6964,897,633,638,30,,,1.0,1.0,-18000.0,,,,1.414826498422713,2403.0,2.8980441115272577,1,20,0.0,0,0
3927,53,256,877,3,1.0,,,1.0,-25200.0,,,,0.20622568093385213,2200.0,1.785,1,10,0.0,0,0
52525,1227,413,88,55,,,,1.0,-25200.0,,,,2.963768115942029,2241.0,23.438197233377956,1,4,0.0,0,0
338,59,70,55,0,1.0,,,1.0,,,,,0.8309859154929577,1459.0,0.23166552433173407,0,15,0.0,0,0
35987,12875,392,1264,202,,,,1.0,-25200.0,,,1.0,32.76081424936387,2313.0,15.558581928231733,1,14,0.0,0,0
341,26,16,44,0,1.0,,,1.0,-18000.0,,,,1.5294117647058822,82.0,4.158536585365853,1,4,0.2,1,0
2111,382,645,1012,3,,,1.0,1.0,-18000.0,,,,0.5913312693498453,1780.0,1.1859550561797754,1,3,0.0,0,0
466,206,414,532,2,1.0,,,1.0,,,,,0.4963855421686747,152.0,3.0657894736842106,1,12,0.08333333333333333,1,0
194,82,220,1,0,1.0,,1.0,1.0,43200.0,,,,0.37104072398190047,1511.0,0.128391793514229,1,13,0.0,0,0
60,58,264,24,0,,,1.0,1.0,,,,,0.2188679245283019,1488.0,0.04032258064516129,1,13,0.18181818181818182,1,0
12022,6602,1162,8019,52,,,1.0,,28800.0,,,,5.676698194325022,1473.0,8.161575016972165,1,13,0.0,0,0
6773,1237,1189,3744,0,1.0,,1.0,1.0,,,,,1.0394957983193278,512.0,13.228515625,0,12,0.3,1,0
23246,1046,687,3825,2,,,1.0,1.0,-25200.0,,,,1.5203488372093024,644.0,36.09627329192546,1,7,0.0,0,0
842,219,356,47,4,1.0,,,1.0,-18000.0,,,,0.6134453781512605,2207.0,0.3815133665609425,0,11,0.0,0,0
2831,887,1598,52,5,,,1.0,1.0,-18000.0,,,,0.5547217010631644,2547.0,1.1115037298782882,1,8,0.0,0,0
1952,154,234,3704,1,1.0,,1.0,1.0,,,1.0,,0.6553191489361702,77.0,25.350649350649352,1,5,0.1,1,0
6275,2008,1462,4046,0,,,1.0,1.0,28800.0,,,,1.3725222146274778,335.0,18.73134328358209,1,6,0.0,0,0
8774,414,488,3678,6,,,1.0,1.0,28800.0,,,,0.8466257668711656,1198.0,7.323873121869783,1,3,0.0,0,0
4614,384,320,68,0,,,,1.0,,,,,1.1962616822429906,1511.0,3.0536068828590337,1,15,0.4,1,0
3575,179,249,6348,2,,,,1.0,-25200.0,,,,0.716,616.0,5.803571428571429,1,14,0.0,0,0
3517,190,252,124,2,,,1.0,1.0,28800.0,,,,0.7509881422924901,1406.0,2.501422475106686,1,14,0.0,0,0
26594,2696,154,12554,36,1.0,,1.0,1.0,-25200.0,,,,17.393548387096775,326.0,81.57668711656441,1,5,0.0,0,0
16808,978,126,106,8,,,1.0,1.0,19800.0,,,,7.700787401574803,587.0,28.63373083475298,1,8,0.0,0,0
1972,247,244,182,6,,,,1.0,,,,,1.0081632653061225,2181.0,0.9041723979825768,1,11,0.0,0,0
44839,2162,792,9428,93,,,1.0,,-18000.0,,,,2.7263556116015133,2942.0,15.240992522093814,1,18,0.3333333333333333,1,0
3954,284,218,1205,6,,,1.0,1.0,-18000.0,,,,1.2968036529680365,2214.0,1.7859078590785908,1,15,0.0,0,0
4414,57,71,112,0,,,1.0,1.0,7200.0,,,,0.7916666666666666,1315.0,3.356653992395437,1,6,0.0,0,0
17511,4774,3822,1031,214,,,,1.0,-18000.0,,,,1.2487575202720376,2350.0,7.451489361702127,1,13,0.0,0,0
79,31,61,232,0,1.0,,,1.0,,,,,0.5,366.0,0.21584699453551912,1,3,0.07142857142857142,1,0
2612,177,442,3031,0,,,,,-14400.0,,,,0.39954853273137697,1704.0,1.5328638497652582,1,6,0.0,0,0
497,45,54,2,4,,,,1.0,-25200.0,,,,0.8181818181818182,2214.0,0.22448057813911473,1,9,0.0,0,0
50292,714,484,17795,2,1.0,,1.0,1.0,-25200.0,,,,1.4721649484536083,718.0,70.04456824512535,1,19,0.0,0,0
5003,89,120,22,0,,,,1.0,-18000.0,,,,0.7355371900826446,1725.0,2.900289855072464,1,12,0.0,0,0
13849,2147,197,7573,5,,,1.0,1.0,3600.0,,,,10.843434343434344,86.0,161.03488372093022,1,14,0.0,0,0
13449,951,426,6801,1,1.0,,1.0,1.0,,,,,2.2271662763466042,373.0,36.056300268096514,1,7,0.2727272727272727,1,0
4,4,40,0,0,1.0,1.0,,1.0,,,,,0.0975609756097561,280.0,0.014285714285714285,0,6,0.0,0,0
18871,365,322,3702,2,,,,1.0,28800.0,,,,1.130030959752322,1180.0,15.992372881355932,1,5,0.0,0,0
9648,198,228,24,5,,,1.0,1.0,10800.0,,,,0.8646288209606987,1809.0,5.333333333333333,1,6,0.1111111111111111,1,0
9782,262,265,13229,1,,,1.0,,,,,,0.9849624060150376,742.0,13.183288409703504,1,16,0.0,0,0
8236,346,1235,1744,10,,,1.0,1.0,-25200.0,,,,0.27993527508090615,2966.0,2.7768037761294675,1,6,0.0,0,0
6423,87,55,842,0,,,1.0,1.0,-14400.0,,,,1.5535714285714286,1081.0,5.941720629047179,1,18,0.36363636363636365,1,0
16486,549,435,6850,1,1.0,,1.0,1.0,,,,,1.2591743119266054,1021.0,16.146914789422134,1,14,0.13333333333333333,1,0
107,12,41,10,0,1.0,,1.0,1.0,,,,,0.2857142857142857,822.0,0.13017031630170317,0,7,0.0,0,0
1389,140,332,35,0,,,1.0,1.0,28800.0,,,,0.42042042042042044,2006.0,0.6924227318045862,0,6,0.0,0,0
189,26,111,123,0,,,,,,,,,0.23214285714285715,80.0,2.3625,1,11,0.0,0,0
6890,236,331,111,1,,,,1.0,-25200.0,,,,0.7108433734939759,1233.0,5.587996755879968,1,19,0.0,0,0
24839,383,269,4876,0,1.0,,1.0,1.0,-18000.0,,,,1.4185185185185185,796.0,31.204773869346734,1,5,0.18181818181818182,1,0
22456,445,354,3265,2,,,1.0,1.0,-21600.0,,,,1.2535211267605635,1510.0,14.871523178807948,1,1,0.0,0,0
1754,137,534,2141,1,1.0,,,1.0,,,,,0.2560747663551402,296.0,5.925675675675675,1,14,0.2727272727272727,1,0
3291,665,96,10758,2,,,1.0,,28800.0,,,,6.855670103092783,899.0,3.660734149054505,1,15,0.0,0,0
4789,439,287,7911,1,,,1.0,1.0,-25200.0,,,,1.5243055555555556,928.0,5.160560344827586,1,6,0.15384615384615385,1,0
633,70,174,138,1,,,,,28800.0,,,,0.4,1364.0,0.4640762463343108,1,15,0.5454545454545454,1,0
65562,837,834,2103,6,,,1.0,1.0,-14400.0,,1.0,,1.0023952095808384,2174.0,30.157313707451703,1,18,0.0,0,0
216,150,125,351,0,1.0,,,1.0,,,,,1.1904761904761905,261.0,0.8275862068965517,0,5,0.0,0,0
2300,128,170,1773,1,1.0,,1.0,1.0,,,,,0.7485380116959064,859.0,2.6775320139697323,1,10,0.0,0,0
8337,60,250,2628,1,,,,1.0,-18000.0,,,,0.23904382470119523,1258.0,6.627186009538951,1,13,0.0,0,0
22017,466,386,4278,2,,,1.0,,28800.0,,,,1.2041343669250646,323.0,68.16408668730651,1,9,0.0,0,0
95364,8304,100,34966,146,,,,1.0,-10800.0,,,,82.21782178217822,635.0,150.17952755905512,1,3,0.0,0,0
31522,177,127,2957,3,,,1.0,1.0,-14400.0,,,,1.3828125,115.0,274.10434782608695,1,20,0.0,0,0
11604,400,288,2747,2,,,1.0,1.0,,,,,1.3840830449826989,1431.0,8.10901467505241,1,18,0.0,0,0
138,41,42,20,2,1.0,,,1.0,28800.0,,,,0.9534883720930233,562.0,0.24555160142348753,1,11,0.0,0,0
5918,268,160,3334,0,1.0,,1.0,1.0,,,,,1.6645962732919255,945.0,6.262433862433863,1,13,0.0,0,0
210,50,86,320,0,1.0,,1.0,1.0,,,,,0.5747126436781609,483.0,0.43478260869565216,1,13,0.0,0,0
4264,134,240,4740,0,1.0,,1.0,1.0,,,,,0.5560165975103735,851.0,5.010575793184489,0,9,0.15384615384615385,1,0
1984,88,124,856,3,,,1.0,1.0,-14400.0,,,,0.704,854.0,2.323185011709602,1,11,0.2,1,0
1528,41,171,43,2,,,1.0,1.0,-28800.0,,,,0.23837209302325582,1972.0,0.7748478701825557,1,12,0.0,0,0
21581,654,544,12277,0,1.0,,1.0,1.0,,,,,1.2,394.0,54.7741116751269,1,5,0.4444444444444444,1,0
3405,168,346,1135,0,1.0,,1.0,1.0,,,,,0.484149855907781,1149.0,2.9634464751958225,1,15,0.36363636363636365,1,0
32808,1835,258,6952,3,,,1.0,1.0,-25200.0,,,,7.084942084942085,1219.0,26.913863822805578,1,4,0.0,0,0
114851,4382,864,21076,51,,,1.0,,-7200.0,,,,5.0658959537572255,1669.0,68.81426003594967,1,6,0.0,0,0
4231,692,2001,381,8,,,1.0,1.0,19800.0,,,,0.34565434565434566,2635.0,1.6056925996204934,1,12,0.0,0,0
14213,638,337,4738,4,,,1.0,1.0,28800.0,,,,1.8875739644970415,768.0,18.506510416666668,1,13,0.18181818181818182,1,0
6903,167,186,1255,1,,,1.0,1.0,-14400.0,,,,0.893048128342246,1447.0,4.770559778852799,1,10,0.0,0,0
12235,337,389,6056,2,1.0,,1.0,1.0,28800.0,,,,0.8641025641025641,229.0,53.427947598253276,1,15,0.0,0,0
5334,413,307,3318,0,,,1.0,1.0,,,,,1.3409090909090908,309.0,17.262135922330096,1,2,0.0,0,0
185456,481,188,15353,23,,,,1.0,7200.0,,,,2.544973544973545,2021.0,91.7644730331519,1,4,0.0,0,0
3211,418,410,5937,1,1.0,,,1.0,,,,,1.0170316301703164,509.0,6.30844793713163,1,4,0.2222222222222222,1,0
9920,761,353,7925,0,,,1.0,,28800.0,,,,2.1497175141242937,1105.0,8.97737556561086,1,6,0.0,0,0
183,88,117,310,0,1.0,,,1.0,,,,,0.7457627118644068,107.0,1.7102803738317758,1,13,0.0,0,0
101,27,79,63,0,,,,1.0,10800.0,,,,0.3375,924.0,0.10930735930735931,1,15,0.0,0,0
4032,66,162,259,0,,,1.0,1.0,28800.0,,,,0.4049079754601227,2081.0,1.9375300336376742,1,10,0.0,0,0
52,26,62,143,0,1.0,,,1.0,,,,,0.4126984126984127,524.0,0.09923664122137404,0,11,0.0,0,0
625,92,105,235,0,,,,,-10800.0,,,,0.8679245283018868,1381.0,0.4525706010137581,1,9,0.0,0,0
30710,135,404,1147,11,,,,,32400.0,,,,0.3333333333333333,2704.0,11.357248520710058,1,1,0.0,0,0
944,158,249,1355,0,,,,1.0,-28800.0,,,,0.632,1820.0,0.5186813186813187,1,16,0.0,0,0
47489,1502,1504,4631,9,,,1.0,1.0,-25200.0,,,,0.9980066445182725,2165.0,21.93487297921478,1,13,0.3333333333333333,1,0
22011,358,198,24541,7,1.0,,1.0,1.0,,,,,1.7989949748743719,423.0,52.0354609929078,1,14,0.0,0,0
7945,694,632,4227,0,,,1.0,1.0,-25200.0,,,,1.0963665086887835,1016.0,7.81988188976378,1,7,0.0,0,0
310,88,198,23,0,,,1.0,1.0,-14400.0,,,,0.44221105527638194,107.0,2.897196261682243,0,6,0.0,0,0
9405,703,223,6,9,,,1.0,1.0,-25200.0,,,,3.138392857142857,2226.0,4.225067385444744,1,14,0.0,0,0
38975,1003,512,4738,6,,,1.0,1.0,28800.0,,,,1.9551656920077973,2179.0,17.886645250114732,1,10,0.0,0,0
8467,589,517,4151,19,,,,1.0,28800.0,,,,1.1370656370656371,2687.0,3.1510978786751025,1,13,0.0,0,0
45741,782,1243,5357,2,,,,1.0,,,,,0.6286173633440515,1493.0,30.63697253851306,1,7,0.0,0,0
1804,88,956,107,3,,,1.0,1.0,18000.0,,,,0.09195402298850575,2161.0,0.8347987043035632,1,12,0.0,0,0
3551,156,200,3908,0,1.0,,1.0,1.0,,,,,0.7761194029850746,248.0,14.318548387096774,1,2,0.0,0,0
493,89,320,477,1,1.0,,,1.0,,,,,0.2772585669781931,557.0,0.8850987432675045,1,12,0.0,0,0
537,92,19,7502,1,,,1.0,1.0,-14400.0,,1.0,,4.6,417.0,1.2877697841726619,0,5,0.0,0,0
15813,1787,838,829,87,,,,1.0,-18000.0,,,,2.129916567342074,2495.0,6.337875751503006,1,19,0.0,0,0
7652,140,81,4341,2,,,1.0,1.0,7200.0,,,,1.7073170731707317,730.0,10.482191780821918,1,3,0.0,0,0
2204,180,158,363,0,1.0,,,1.0,,,,,1.1320754716981132,303.0,7.273927392739274,1,6,0.07142857142857142,1,0
67,18,216,2,0,1.0,,1.0,1.0,-36000.0,,,,0.08294930875576037,1667.0,0.04019196160767846,1,9,0.0,0,0
59092,85,59,662,1,,,,1.0,32400.0,,,,1.4166666666666667,630.0,93.7968253968254,1,10,0.0,0,0
1645,784,508,620,7,,,1.0,,-18000.0,,,,1.5402750491159136,1702.0,0.9665099882491187,1,15,0.0,0,0
4904,216,201,4542,1,,,1.0,1.0,28800.0,,,,1.0693069306930694,756.0,6.4867724867724865,1,13,0.0,0,0
7201,442,177,489,37,,,,1.0,36000.0,,,,2.4831460674157304,2222.0,3.2407740774077407,1,5,0.0,0,0
2254,105,183,11,0,,,1.0,1.0,-18000.0,,,,0.5706521739130435,1540.0,1.4636363636363636,1,10,0.0,0,0
11256,322,227,1086,0,,,1.0,1.0,-25200.0,,,,1.412280701754386,1562.0,7.206145966709347,0,13,0.0,0,0
1396,26,300,780,0,1.0,,,1.0,,,,,0.08637873754152824,175.0,7.977142857142857,1,3,0.0,0,0
19081,938,524,8860,6,,,1.0,1.0,36000.0,,,,1.7866666666666666,630.0,30.287301587301588,1,8,0.0,0,0
2855,109,278,517,4,,,1.0,1.0,28800.0,,,,0.3906810035842294,2094.0,1.3634192932187201,1,10,0.0,0,0
2590,293,818,756,1,,,1.0,1.0,,,,,0.35775335775335776,1444.0,1.793628808864266,1,8,0.0,0,0
1307,178,142,1194,0,1.0,,,1.0,-28800.0,,,,1.2447552447552448,118.0,11.076271186440678,1,12,0.0,0,0
1587,191,152,10221,0,1.0,,1.0,1.0,,,,,1.2483660130718954,261.0,6.080459770114943,1,4,0.0,0,0
13693,3937,3616,1913,169,,,,1.0,-18000.0,,,,1.0884711086535803,2307.0,5.9354139575205895,1,10,0.0,0,0
1437,256,516,1247,0,1.0,,1.0,1.0,,,,,0.4951644100580271,111.0,12.945945945945946,1,8,0.14285714285714285,1,0
10158,416,298,3434,1,,,,1.0,,,,,1.391304347826087,1460.0,6.957534246575342,1,7,0.0,0,0
33279,900,600,31879,1,,,1.0,,,,,,1.497504159733777,930.0,35.78387096774193,1,6,0.0,0,0
718,48,395,196,2,,,1.0,1.0,-28800.0,,,,0.12121212121212122,2116.0,0.3393194706994329,1,16,0.0,0,0
1187,376,399,728,15,,,1.0,,-18000.0,,,,0.94,2547.0,0.46603847663918335,1,13,0.0,0,0
10122,1034,869,63837,1,,,1.0,1.0,-25200.0,,,,1.1885057471264369,1416.0,7.148305084745763,1,12,0.0,0,0
15922,2917,2305,4628,12,,,1.0,1.0,28800.0,,,,1.2649609713790113,1451.0,10.973121984838043,1,6,0.0,0,0
3627,72,54,573,0,,,1.0,,,,,,1.309090909090909,90.0,40.3,1,6,0.0,0,0
2509,356,382,200,2,1.0,,1.0,1.0,28800.0,,,,0.9295039164490861,1672.0,1.500598086124402,1,12,0.0,0,0
231,72,334,15,1,1.0,,1.0,1.0,,,,,0.21492537313432836,2134.0,0.10824742268041238,1,2,0.0,0,0
3233,308,276,2277,3,,,1.0,,-25200.0,,,,1.111913357400722,1454.0,2.223521320495186,1,5,0.0,0,0
29249,1658,2002,29875,11,,,1.0,1.0,-25200.0,,,,0.8277583624563155,312.0,93.74679487179488,1,7,0.0,0,0
9352,524,510,4532,1,1.0,,1.0,1.0,,,,,1.025440313111546,487.0,19.20328542094456,1,2,0.18181818181818182,1,0
40034,515,312,26039,0,,,1.0,1.0,-28800.0,,1.0,,1.645367412140575,1630.0,24.56073619631902,1,5,0.15384615384615385,1,0
585,98,199,27,7,1.0,,1.0,1.0,28800.0,,,,0.49,2186.0,0.267612076852699,1,14,0.0,0,0
13372,10483,11711,3672,9,,,,1.0,-21600.0,,,,0.8950648907103825,1705.0,7.842815249266862,1,5,0.0,0,0
85,70,150,93,1,1.0,,1.0,1.0,-25200.0,,,,0.46357615894039733,162.0,0.5246913580246914,1,6,0.0,0,0
48572,503,225,61,5,,,1.0,1.0,28800.0,,,,2.225663716814159,2185.0,22.229748283752862,1,3,0.0,0,0
22530,2068,1420,2140,29,,,,1.0,14400.0,,,,1.4553131597466573,1985.0,11.350125944584383,1,15,0.0,0,0
2508,326,177,935,1,1.0,,1.0,1.0,,,1.0,,1.8314606741573034,643.0,3.900466562986003,1,14,0.15384615384615385,1,0
1300,212,524,675,0,1.0,,1.0,1.0,,,,,0.4038095238095238,454.0,2.8634361233480177,1,7,0.14285714285714285,1,0
9984,244,380,54,3,,,1.0,1.0,-10800.0,,,,0.6404199475065617,1314.0,7.598173515981735,0,15,0.0,0,0
11310,791,194,6212,4,,,,1.0,-14400.0,,,,4.056410256410256,589.0,19.202037351443124,1,12,0.0,0,0
141,200,659,1529,4,,,1.0,1.0,-25200.0,,,,0.30303030303030304,149.0,0.9463087248322147,1,20,0.0,0,0
2568,1207,138,4243,9,1.0,,1.0,1.0,19800.0,,,,8.683453237410072,88.0,29.181818181818183,1,6,0.0,0,0
41468,1154,232,22,3,,,1.0,1.0,-25200.0,,,,4.952789699570816,2141.0,19.36851938346567,1,9,0.0,0,0
28431,1876,990,352,78,,,1.0,1.0,19800.0,,,,1.8930373360242179,1989.0,14.294117647058824,1,7,0.0,0,0
4099,414,1116,3505,1,,,,1.0,-14400.0,,,,0.37063563115487913,850.0,4.8223529411764705,1,6,0.0,0,0
811,68,328,454,2,,,1.0,1.0,,,,,0.2066869300911854,1405.0,0.5772241992882562,1,20,0.0,0,0
362,16,99,0,0,,,,1.0,28800.0,,,,0.16,1017.0,0.3559488692232055,1,15,0.2222222222222222,1,0
3692,489,1999,3629,3,1.0,,1.0,1.0,-14400.0,,,,0.2445,425.0,8.687058823529412,1,8,0.0,0,0
10674,27789,1403,118225,595,,,,1.0,-18000.0,,,,19.792735042735043,2240.0,4.765178571428572,1,5,0.0,0,0
13334,194,132,2231,0,,,1.0,1.0,-18000.0,,,,1.4586466165413534,836.0,15.94976076555024,1,2,0.0,0,0
1365,278,208,932,0,1.0,,1.0,1.0,,,,,1.3301435406698565,366.0,3.7295081967213113,1,5,0.0,0,0
1649,86,210,2085,4,1.0,,,1.0,,,,,0.4075829383886256,95.0,17.357894736842105,1,13,0.4,1,0
154,34,49,45,1,1.0,,,1.0,43200.0,,,,0.68,2236.0,0.06887298747763863,1,13,0.0,0,0
36913,807,907,3262,9,,,1.0,1.0,43200.0,,,,0.8887665198237885,2223.0,16.605038236617183,1,4,0.0,0,0
666,123,702,59,3,1.0,,1.0,1.0,28800.0,,,,0.17496443812233287,2254.0,0.29547471162378,1,8,0.0,0,0
1947,58,250,613,1,,,1.0,,32400.0,,,,0.23107569721115537,119.0,16.361344537815125,1,7,0.0,0,0
24073,614,595,5632,9,,,1.0,1.0,-39600.0,,,,1.0302013422818792,2062.0,11.67458777885548,1,12,0.0,0,0
1355,69,533,657,0,,,,,-25200.0,,,,0.12921348314606743,1111.0,1.2196219621962197,1,8,0.0,0,0
57613,622,475,11363,15,,,1.0,1.0,-25200.0,,,,1.3067226890756303,2361.0,24.401948326980094,1,8,0.0,0,0
2680,320,257,637,2,,,1.0,1.0,,,,,1.2403100775193798,1196.0,2.240802675585284,1,10,0.0,0,0
2810,341,103,6928,5,,,1.0,1.0,-25200.0,,,,3.2788461538461537,2000.0,1.405,1,6,0.0,0,0
135,208,263,43,2,,,1.0,,19800.0,,,,0.7878787878787878,2050.0,0.06585365853658537,1,12,0.0,0,0
1286,536,988,559,11,,,1.0,1.0,,,,,0.5419615773508595,1914.0,0.6718913270637409,1,10,0.0,0,0
72357,450,137,14152,6,,,1.0,1.0,28800.0,,,,3.260869565217391,673.0,107.51411589895989,1,15,0.0,0,0
671,14,3,3,0,,,,,,,,,3.5,154.0,4.357142857142857,1,15,0.0,0,0
32685,566,358,10413,2,,,1.0,,-28800.0,,,,1.5766016713091922,1274.0,25.65541601255887,0,12,0.0,0,0
7243,329,956,15478,11,1.0,,,1.0,,,,,0.3437826541274817,819.0,8.843711843711844,1,5,0.0,0,0
17465,582,686,0,0,1.0,,,1.0,,,,,0.8471615720524017,543.0,32.16390423572744,0,10,0.0,0,0
1156,384,262,34,14,1.0,,1.0,1.0,19800.0,,,,1.4600760456273765,824.0,1.4029126213592233,1,15,0.0,0,0
6180,123,206,1650,2,,,1.0,1.0,,,,,0.5942028985507246,1566.0,3.946360153256705,1,8,0.0,0,0
7918,202,146,5978,0,,,1.0,1.0,28800.0,,,,1.3741496598639455,767.0,10.323337679269883,1,14,0.0,0,0
2297,284,1356,921,3,,,1.0,1.0,,,,,0.2092851879145173,2078.0,1.1053897978825793,1,14,0.18181818181818182,1,0
9374,338,149,996,1,,,1.0,1.0,32400.0,,,,2.2533333333333334,1916.0,4.892484342379959,1,9,0.0,0,0
24570,1373,495,4380,2,,,,1.0,28800.0,,,,2.7681451612903225,291.0,84.43298969072166,1,4,0.0,0,0
8184,690,1606,2581,4,1.0,,,1.0,-25200.0,,,,0.42937149968886124,1527.0,5.359528487229863,0,16,0.1,1,0
78166,369,224,47361,13,,,1.0,1.0,-21600.0,,,,1.64,577.0,135.46967071057193,1,5,0.25,1,0
69057,1003,760,53960,33,,,1.0,1.0,-25200.0,,,,1.3180026281208936,2209.0,31.261656858306925,1,18,0.0,0,0
22067,10200,10070,15593,62,,,1.0,1.0,-25200.0,,,,1.012809055704498,2218.0,9.949053201082055,1,14,0.0,0,0
27816,1025,873,7145,3,,,1.0,1.0,28800.0,,,,1.1727688787185355,508.0,54.75590551181102,1,19,0.0,0,0
100611,1457,282,584,61,,,1.0,1.0,19800.0,,,,5.148409893992933,2531.0,39.751481627815096,1,13,0.0,0,0
45655,3001,538,4034,6,1.0,,1.0,1.0,-36000.0,,,,5.567717996289425,926.0,49.303455723542115,1,7,0.13333333333333333,1,0
16551,493,655,2959,6,,,,1.0,10800.0,,,,0.7515243902439024,1043.0,15.868648130393098,1,12,0.0,0,0
25167,699,359,13544,36,,,1.0,1.0,-25200.0,,,,1.9416666666666667,2929.0,8.592352338682144,1,12,0.0,0,0
1409,1823,1823,831,0,,,1.0,1.0,,,,,0.9994517543859649,933.0,1.510182207931404,1,6,0.0,0,0
10467,253,110,2634,2,,,1.0,1.0,-18000.0,,,,2.279279279279279,1127.0,9.287488908606921,1,6,0.0,0,0
44838,804,359,21987,11,,,,1.0,-18000.0,,,,2.2333333333333334,1651.0,27.15808600847971,1,16,0.0,0,0
4948,467,266,772,23,,,1.0,1.0,-25200.0,,,,1.749063670411985,2275.0,2.174945054945055,1,12,0.0,0,0
504,223,223,95,7,,,1.0,,7200.0,,,,0.9955357142857143,1888.0,0.2669491525423729,1,14,0.0,0,0
1403,4406,655,14,25,1.0,,,1.0,10800.0,,,,6.716463414634147,1495.0,0.9384615384615385,1,20,0.0,0,0
745,171,100,1457,0,,,1.0,,,,,,1.693069306930693,413.0,1.8038740920096852,1,14,0.13333333333333333,1,0
367,279,196,6,1,,,,1.0,36000.0,,,,1.416243654822335,2024.0,0.18132411067193677,0,19,0.0,0,0
23324,701,468,5443,1,,,,1.0,-18000.0,,,,1.4946695095948828,1597.0,14.604884157795867,1,8,0.0,0,0
781,168,490,70,0,,,1.0,1.0,10800.0,,,,0.3421588594704684,291.0,2.683848797250859,0,18,0.0,0,0
4333,108,368,5405,2,,,1.0,1.0,,,,,0.2926829268292683,2063.0,2.1003393116820166,1,10,0.0,0,0
9878,327,303,7872,1,,,,1.0,,,,,1.075657894736842,629.0,15.70429252782194,1,2,0.14285714285714285,1,0
3177,105,82,88,0,,,1.0,,28800.0,,,,1.2650602409638554,1357.0,2.341193809874724,1,8,0.5,1,0
17707,1025,529,9343,4,,,,1.0,-18000.0,,,,1.9339622641509433,2031.0,8.71836533727228,1,12,0.0,0,0
6173,341,265,5545,1,,,1.0,1.0,46800.0,,,,1.281954887218045,719.0,8.585535465924895,1,6,0.0,0,0
31897,321,547,4466,7,,,1.0,1.0,-14400.0,,,,0.5857664233576643,2194.0,14.538286235186874,1,15,0.16666666666666666,1,0
6961,274,203,9449,2,,,1.0,1.0,-18000.0,,,,1.3431372549019607,1199.0,5.805671392827356,1,14,0.0,0,0
6315,11003,11072,99,129,,,,,-25200.0,,,,0.9936783166260272,2170.0,2.910138248847926,1,12,0.0,0,0
3398,151,102,1631,0,1.0,,,1.0,,,,,1.4660194174757282,1412.0,2.406515580736544,1,7,0.0,0,0
1846,25,87,756,3,1.0,,,1.0,,,,,0.2840909090909091,221.0,8.352941176470589,1,5,0.0,0,0
416,4520,230,89,0,,,1.0,1.0,3600.0,,,,19.567099567099568,1151.0,0.36142484795829716,1,4,0.0,0,0
3557,527,389,5458,0,1.0,,,1.0,-25200.0,,,,1.3512820512820514,971.0,3.663233779608651,1,5,0.0,0,0
3955,231,262,277,0,,,,1.0,-25200.0,,,,0.8783269961977186,1284.0,3.0802180685358254,1,13,0.0,0,0
5361,275,171,2935,1,,,1.0,1.0,28800.0,,,,1.5988372093023255,1280.0,4.18828125,1,10,0.0,0,0
1816,139,320,1529,0,1.0,,,1.0,3600.0,,,,0.43302180685358255,1261.0,1.4401268834258525,1,11,0.15384615384615385,1,0
3956,136,236,773,0,,,1.0,,28800.0,,,,0.5738396624472574,333.0,11.87987987987988,1,4,0.0,0,0
13416,2169,1042,15258,21,,,1.0,1.0,-18000.0,,,,2.0795781399808244,1010.0,13.283168316831683,1,7,0.0,0,0
38594,6994,963,1780,86,,,,1.0,7200.0,,,,7.255186721991701,971.0,39.74665293511843,1,3,0.0,0,0
1486,1391,1473,4817,6,1.0,,,1.0,,,,,0.9436906377204884,110.0,13.50909090909091,1,11,0.0,0,0
1302,1894,2012,76,101,,,,1.0,-25200.0,,,,0.9408842523596622,2299.0,0.5663331883427577,1,11,0.0,0,0
57210,1645,2001,35952,5,,,1.0,1.0,-28800.0,,,,0.8216783216783217,1263.0,45.296912114014255,1,17,0.0,0,0
5063,4913,3451,2835,4,,,1.0,,28800.0,,,,1.4232329084588644,807.0,6.273853779429988,1,7,0.0,0,0
3912,482,439,9909,0,,,1.0,,-14400.0,,,,1.0954545454545455,710.0,5.509859154929577,1,9,0.0,0,0
437,226,187,2672,0,1.0,,1.0,1.0,,,,,1.202127659574468,1294.0,0.3377125193199382,1,9,0.0,0,0
2439,148,396,95,0,1.0,,1.0,1.0,,,,,0.37279596977329976,940.0,2.59468085106383,1,1,0.0,0,0
29304,3342,186,3835,46,,,,1.0,28800.0,,,,17.871657754010695,622.0,47.11254019292605,1,19,0.0,0,0
96,43,113,425,0,,,,1.0,7200.0,,,,0.37719298245614036,87.0,1.103448275862069,1,20,0.0,0,0
12309,1373,2001,4908,41,,,1.0,1.0,-18000.0,,,,0.6858141858141859,2352.0,5.233418367346939,1,10,0.0,0,0
7752,887,911,13064,10,1.0,,1.0,1.0,,,,,0.9725877192982456,1200.0,6.46,1,8,0.1111111111111111,1,0
1893,72,181,30,0,,,1.0,1.0,-25200.0,,,,0.3956043956043956,2193.0,0.8632010943912448,1,11,0.0,0,0
2296,252,573,3150,1,1.0,,,1.0,,,,,0.43902439024390244,311.0,7.382636655948553,1,6,0.0,0,0
722,49,378,992,3,,,1.0,,19800.0,,,,0.12928759894459102,628.0,1.1496815286624205,1,12,0.0,0,0
108403,3225,2429,1424,262,,,,,-18000.0,,,,1.3271604938271604,1965.0,55.16692111959288,1,9,0.0,0,0
1083,539,796,7,21,,,,1.0,-18000.0,,,,0.6762860727728983,2149.0,0.5039553280595626,1,17,0.2222222222222222,1,0
256,39,75,313,0,,,1.0,1.0,10800.0,,,,0.5131578947368421,110.0,2.327272727272727,1,18,0.0,0,0
6057,273,292,11059,0,1.0,,,1.0,,,,,0.931740614334471,331.0,18.299093655589125,1,10,0.0,0,0
2448,177,297,838,3,1.0,,1.0,1.0,,,,,0.5939597315436241,1144.0,2.13986013986014,1,5,0.25,1,0
123707,1297,518,147,57,,,,1.0,43200.0,,,,2.4990366088631983,2471.0,50.063537029542694,1,5,0.0,0,0
7089,1368,90,293,76,,,,,-25200.0,,,,15.032967032967033,1708.0,4.150468384074942,1,12,0.0,0,0
25976,519,321,17451,1,,,1.0,,28800.0,,,,1.6118012422360248,1297.0,20.02775636083269,1,3,0.0,0,0
1474,110,98,185,0,,,1.0,1.0,3600.0,,,,1.1111111111111112,2222.0,0.6633663366336634,1,13,0.0,0,0
38224,10588,6651,119160,538,,,,1.0,-25200.0,,,,1.5917017438364403,1316.0,29.045592705167174,1,4,0.0,0,0
3104,168,220,1466,0,1.0,,1.0,1.0,-25200.0,,,,0.7601809954751131,876.0,3.5433789954337898,0,4,0.4444444444444444,1,0
118750,2634,147,5852,54,,,,,28800.0,,,,17.7972972972973,1318.0,90.09863429438543,1,6,0.0,0,0
17250,574,85,6605,6,,,1.0,1.0,18000.0,,,,6.674418604651163,1082.0,15.942698706099815,1,6,0.0,0,0
91240,1972,1122,10208,51,,,1.0,1.0,-18000.0,,,,1.7560106856634017,2293.0,39.79066724814653,1,8,0.2,1,0
4685,230,209,3282,7,1.0,,,1.0,7200.0,,,,1.0952380952380953,129.0,36.31782945736434,1,7,0.0,0,0
14140,1101,1135,1064,36,,,1.0,1.0,-18000.0,,,,0.9691901408450704,2444.0,5.785597381342062,1,12,0.14285714285714285,1,0
23992,227,181,8541,2,,,1.0,,-25200.0,,,,1.2472527472527473,2113.0,11.354472314245148,1,11,0.0,0,0
13741,214,374,11121,3,,,1.0,1.0,-18000.0,,,,0.5706666666666667,2142.0,6.415032679738562,1,4,0.0,0,0
1764,87,228,2351,0,,,1.0,1.0,28800.0,,,,0.3799126637554585,1016.0,1.736220472440945,1,12,0.2222222222222222,1,0
3170,536,235,2472,0,,,1.0,1.0,,,,,2.2711864406779663,1322.0,2.3978819969742813,1,11,0.16666666666666666,1,0
3386,80,83,903,1,,,,1.0,36000.0,,,,0.9523809523809523,1331.0,2.5439519158527424,1,6,0.0,0,0
877,50,161,443,0,,,,,-18000.0,,,,0.30864197530864196,161.0,5.447204968944099,1,7,0.0,0,0
35142,663,500,3851,5,,,1.0,1.0,-21600.0,,,,1.3233532934131738,2006.0,17.518444666001994,1,17,0.0,0,0
63,28,172,8,0,,,,,,,,,0.16184971098265896,54.0,1.1666666666666667,1,14,0.13333333333333333,1,0
6576,535,289,24072,0,,,1.0,1.0,-10800.0,,,,1.8448275862068966,673.0,9.771173848439823,0,13,0.0,0,0
14280,603,432,3920,1,,,1.0,1.0,-25200.0,,,,1.3926096997690531,1237.0,11.544058205335489,1,6,0.0,0,0
763,539,420,10192,0,1.0,,1.0,1.0,,,,,1.2802850356294537,533.0,1.4315196998123827,1,5,0.0,0,0
91498,3521,987,53631,28,,,1.0,1.0,-18000.0,,,,3.5637651821862346,2406.0,38.029093931837075,1,8,0.0,0,0
16488,323,217,22500,1,1.0,,1.0,1.0,,,,,1.481651376146789,862.0,19.127610208816705,1,9,0.18181818181818182,1,0
13241,151,132,4828,1,,,1.0,1.0,-18000.0,,,,1.1353383458646618,992.0,13.347782258064516,1,4,0.0,0,0
3896,152,117,8064,1,1.0,,,1.0,,,,,1.2881355932203389,585.0,6.65982905982906,1,17,0.18181818181818182,1,0
1228,141,218,1514,0,1.0,,,1.0,,,,,0.6438356164383562,1000.0,1.228,1,13,0.06666666666666667,1,0
6569,391,147,9136,0,,,1.0,1.0,,,,,2.641891891891892,1096.0,5.993613138686132,1,2,0.0,0,0
4524,976,647,3978,78,,,,1.0,-18000.0,,,,1.5061728395061729,2201.0,2.0554293502953205,1,3,0.0,0,0
4028,138,737,101,5,1.0,,1.0,1.0,19800.0,,,,0.18699186991869918,2525.0,1.5952475247524753,1,14,0.09090909090909091,1,0
21,27,70,17,0,1.0,,,1.0,,,,,0.38028169014084506,950.0,0.022105263157894735,0,16,0.0,0,0
2183,188,148,922,1,1.0,,,1.0,,,,,1.261744966442953,1429.0,1.5276417074877537,0,15,0.0,0,0
715,102,52,276,0,1.0,,1.0,1.0,,,,,1.9245283018867925,176.0,4.0625,1,13,0.0,0,0
530,72,81,168,0,,,1.0,1.0,-28800.0,,,,0.8780487804878049,2111.0,0.2510658455708195,0,18,0.0,0,0
605,154,270,920,0,1.0,,1.0,1.0,,,,,0.5682656826568265,460.0,1.315217391304348,1,16,0.0,0,0
69900,10116,8581,26604,77,,,,1.0,28800.0,,,,1.1787462130039619,1432.0,48.812849162011176,1,5,0.0,0,0
7236,289,515,4838,2,1.0,,1.0,1.0,-14400.0,,,,0.560077519379845,617.0,11.727714748784441,1,11,0.0,0,0
58602,194,136,1512,4,,,,,28800.0,,,,1.416058394160584,1065.0,55.02535211267605,1,5,0.0,0,0
9,4,109,15,0,,,1.0,1.0,19800.0,,,,0.03636363636363636,964.0,0.00933609958506224,1,15,0.0,0,0
8632,123,36,707,4,1.0,,1.0,1.0,,,,,3.324324324324324,889.0,9.70978627671541,1,13,0.2222222222222222,1,0
1506,274,482,89,5,,,1.0,1.0,7200.0,,,,0.567287784679089,2133.0,0.7060478199718706,1,15,0.0,0,0
6540,448,409,298,0,,,,1.0,28800.0,,,,1.0926829268292684,951.0,6.8769716088328074,1,12,0.0,0,0
567,196,298,128,4,,,1.0,1.0,-18000.0,,,,0.6555183946488294,2226.0,0.25471698113207547,1,18,0.0,0,0
1307,118,399,241,1,,,1.0,1.0,,,,,0.295,2348.0,0.5566439522998297,1,15,0.2857142857142857,1,0
86,19,119,15,0,,,,1.0,,,,,0.15833333333333333,1505.0,0.05714285714285714,1,14,0.0,0,0
8328,552,532,18965,0,,,1.0,1.0,-18000.0,,,,1.0356472795497185,1291.0,6.4508133230054225,1,14,0.0,0,0
13138,272,283,1042,0,,,1.0,1.0,-25200.0,,,,0.9577464788732394,1036.0,12.681467181467182,1,11,0.0,0,0
23130,1999,184,402,41,,,1.0,1.0,-25200.0,,1.0,,10.805405405405406,2153.0,10.743149094287041,1,11,0.0,0,0
6876,191,267,2284,1,,,1.0,1.0,,,,,0.7126865671641791,426.0,16.140845070422536,1,19,0.0,0,0
904,183,474,3,10,,,,,-7200.0,,,,0.38526315789473686,2125.0,0.4254117647058824,1,14,0.0,0,0
15242,246,222,3196,3,1.0,,,1.0,,,,,1.1031390134529149,906.0,16.823399558498895,1,4,0.3076923076923077,1,0
58333,450,277,33011,10,1.0,,1.0,1.0,,,,,1.618705035971223,606.0,96.25907590759076,1,7,0.0,0,0
305,55,51,89,0,,,1.0,1.0,-14400.0,,,,1.0576923076923077,2224.0,0.13714028776978418,0,16,0.0,0,0
2916,144,115,2358,2,,,,1.0,28800.0,,,,1.2413793103448276,1775.0,1.6428169014084506,0,16,0.0,0,0
1428,89,66,861,0,1.0,,1.0,1.0,,,,,1.328358208955224,437.0,3.267734553775744,1,10,0.0,0,0
485,58,101,1,5,,,,1.0,-25200.0,,,,0.5686274509803921,2654.0,0.1827430293896006,1,10,0.0,0,0
5711,294,654,773,6,,,1.0,1.0,,,,,0.4488549618320611,1047.0,5.454632282712512,1,13,0.0,0,0
1042,754,405,43,55,,,,1.0,,,,,1.8571428571428572,1920.0,0.5427083333333333,1,13,0.0,0,0
313032,378,132,0,10,1.0,,,1.0,32400.0,,,,2.8421052631578947,572.0,547.2587412587412,0,6,0.3076923076923077,1,0
202416,12802,13173,55350,88,,,,1.0,32400.0,,,,0.971762562623349,1923.0,105.26053042121684,1,5,0.0,0,0
42462,1287,1167,11606,4,,,,1.0,-14400.0,,,,1.1018835616438356,1488.0,28.536290322580644,0,3,0.0,0,0
81,43,54,90,0,1.0,,,1.0,,,1.0,,0.7818181818181819,60.0,1.35,1,11,0.3333333333333333,1,0
1333,125,268,6,9,,,1.0,1.0,,,,,0.4646840148698885,389.0,3.4267352185089974,1,5,0.0,0,0
11106,612,1518,2676,24,1.0,,1.0,1.0,36000.0,,,,0.4028966425279789,2641.0,4.205225293449451,1,12,0.0,0,0
15656,458,414,7795,1,,,1.0,1.0,-25200.0,,,,1.1036144578313254,1180.0,13.267796610169492,1,10,0.0,0,0
4529,947,806,18519,0,1.0,,1.0,1.0,,,,,1.1734820322180917,689.0,6.573294629898403,0,12,0.0,0,0
617,37,259,1,0,1.0,,1.0,1.0,,,,,0.1423076923076923,1102.0,0.5598911070780399,0,16,0.5,1,0
1471,289,462,9,1,1.0,,,1.0,-10800.0,,,,0.6241900647948164,2201.0,0.6683325761017719,1,19,0.0,0,0
1196,202,199,1134,0,1.0,,1.0,1.0,,,,,1.01,739.0,1.618403247631935,1,20,0.0,0,0
7085,220,801,2074,4,1.0,1.0,,1.0,,,,,0.2743142144638404,318.0,22.27987421383648,0,9,0.0,0,0
1550,67,88,79,0,,,,1.0,28800.0,,,,0.7528089887640449,2076.0,0.7466281310211946,1,19,0.0,0,0
367191,18280,4883,2164,882,,,,1.0,-18000.0,,,,3.742833742833743,2200.0,166.905,1,4,0.18181818181818182,1,0
3841,1702,227,333,6,,,1.0,1.0,28800.0,,,,7.464912280701754,1207.0,3.1822700911350457,1,13,0.0,0,0
4321,525,561,2193,3,,,,1.0,-18000.0,,,,0.9341637010676157,1618.0,2.6705809641532756,1,12,0.0,0,0
277,27,154,275,2,1.0,,,1.0,,,,,0.17419354838709677,408.0,0.678921568627451,1,7,0.0,0,0
6523,449,94,2781,2,,,1.0,1.0,10800.0,,,,4.726315789473684,1004.0,6.497011952191235,1,12,0.0,0,0
727,79,99,439,1,1.0,,,1.0,,,,,0.79,91.0,7.989010989010989,1,8,0.3,1,0
684,55,110,114,1,1.0,,,1.0,,,,,0.4954954954954955,243.0,2.814814814814815,1,9,0.0,0,0
9266,207,262,9514,0,1.0,,,1.0,,,,,0.7870722433460076,1476.0,6.277777777777778,1,12,0.0,0,0
45063,1096,844,256,32,,,1.0,1.0,19800.0,,,,1.2970414201183431,2346.0,19.20843989769821,1,11,0.0,0,0
13101,1469,1152,8414,78,,,1.0,1.0,-18000.0,,,,1.2740676496097139,2229.0,5.877523553162853,1,9,0.0,0,0
29467,937,314,29569,2,,,1.0,1.0,-36000.0,,,,2.9746031746031747,1041.0,28.306436119116235,1,3,0.0,0,0
25655,361,983,1768,10,,,1.0,,-25200.0,,,,0.366869918699187,2335.0,10.987152034261243,1,11,0.14285714285714285,1,0
4916,358,259,10980,4,,,1.0,,-25200.0,,,,1.376923076923077,1167.0,4.212510711225364,1,13,0.0,0,0
12196,230,65,123,2,,,1.0,1.0,21600.0,,,,3.484848484848485,1738.0,7.017261219792865,1,11,0.0,0,0
2648,230,501,86,4,,,1.0,1.0,19800.0,,,,0.4581673306772908,1384.0,1.9132947976878614,1,11,0.09090909090909091,1,0
1599,119,145,272,4,,,1.0,1.0,-14400.0,,,,0.815068493150685,2395.0,0.6676409185803758,1,15,0.0,0,0
8623,409,290,2686,1,,,1.0,1.0,,,,,1.4054982817869415,1047.0,8.235912129894938,1,2,0.0,0,0
32544,1570,833,199,22,,,1.0,1.0,28800.0,,,,1.8824940047961631,2169.0,15.004149377593361,1,9,0.14285714285714285,1,0
40607,440,620,5547,6,,,,1.0,-25200.0,,,,0.7085346215780999,1683.0,24.12774806892454,1,11,0.0,0,0
2340,112,136,7828,0,,,,,-18000.0,,,,0.8175182481751825,523.0,4.474187380497132,1,7,0.0,0,0
20732,628,376,16766,0,1.0,,,1.0,,,,,1.6657824933687002,803.0,25.818181818181817,1,3,0.0,0,0
15889,741,579,2294,5,,,1.0,1.0,-18000.0,,,,1.2775862068965518,2224.0,7.144334532374101,1,17,0.0,0,0
97292,973,897,1239,17,1.0,,1.0,1.0,-25200.0,,,,1.0835189309576838,1500.0,64.86133333333333,1,18,0.0,0,0
10,34,166,3,2,1.0,,,1.0,-25200.0,,,,0.20359281437125748,536.0,0.018656716417910446,1,2,0.0,0,0
3049,175,177,41,1,,,1.0,1.0,,,,,0.9831460674157303,1512.0,2.0165343915343916,1,18,0.0,0,0
2419,160,115,116,1,,,,1.0,-28800.0,,,,1.3793103448275863,1456.0,1.661401098901099,1,18,0.0,0,0
704,236,445,104,14,,,1.0,1.0,-25200.0,,,,0.5291479820627802,2344.0,0.3003412969283277,1,15,0.0,0,0
15150,645,508,1409,2,,,1.0,1.0,-18000.0,,,,1.2671905697445973,1859.0,8.14954276492738,1,4,0.0,0,0
7936,645,224,3769,0,1.0,,1.0,1.0,-25200.0,,,,2.8666666666666667,2167.0,3.6622058144900786,1,3,0.0,0,0
2102,318,523,841,1,,,1.0,1.0,-28800.0,,,,0.6068702290076335,2077.0,1.0120365912373617,1,11,0.0,0,0
716,218,236,365,0,1.0,,,1.0,,,,,0.919831223628692,296.0,2.418918918918919,1,18,0.0,0,0
11560,598,398,12992,3,,,1.0,1.0,,,,,1.4987468671679198,1969.0,5.871000507872016,1,4,0.3333333333333333,1,0
12323,389,164,6449,5,,,,,-14400.0,,,,2.3575757575757574,271.0,45.47232472324723,0,4,0.0,0,0
7152,252,141,1975,0,,,,1.0,32400.0,,,,1.7746478873239437,810.0,8.829629629629629,0,4,0.0,0,0
703,81,140,396,0,,,1.0,,,,,,0.574468085106383,151.0,4.655629139072848,0,9,0.0,0,0
4247,339,320,2625,0,1.0,,1.0,1.0,-14400.0,,,,1.0560747663551402,1172.0,3.6237201365187715,1,13,0.07692307692307693,1,0
2875,372,279,4307,0,1.0,,1.0,1.0,,,,,1.3285714285714285,747.0,3.8487282463186077,0,11,0.16666666666666666,1,0
5825,3842,1926,1424,8,,,1.0,1.0,-16200.0,,,,1.9937727036844837,2176.0,2.6769301470588234,1,15,0.0,0,0
23274,1484,1307,320,43,,,1.0,1.0,-25200.0,,,,1.1345565749235473,2621.0,8.879816863792446,1,18,0.0,0,0
101,196,191,8,9,,,,,32400.0,,,,1.0208333333333333,1898.0,0.05321390937829294,1,4,0.0,0,0
706,773,1996,259,0,1.0,,1.0,1.0,,,,,0.3870806209313971,145.0,4.86896551724138,1,10,0.0,0,0
67091,414,312,2337,2,1.0,,1.0,1.0,-36000.0,,,,1.3226837060702876,1178.0,56.95331069609507,1,14,0.0,0,0
69459,2310,869,34690,25,,,1.0,1.0,-18000.0,,,,2.6551724137931036,1489.0,46.64808596373405,0,5,0.0,0,0
3457,947,777,1842,1,1.0,,,1.0,,,,,1.2172236503856042,619.0,5.584814216478191,1,17,0.0,0,0
15753,12739,12697,12887,21,,,1.0,1.0,-18000.0,,,,1.0032288549377855,1886.0,8.352598091198303,1,20,0.0,0,0
2292,128,128,382,0,,,1.0,1.0,-28800.0,,,,0.9922480620155039,2208.0,1.0380434782608696,1,14,0.0,0,0
9530,97,194,1985,3,,,1.0,1.0,-10800.0,,,,0.49743589743589745,1838.0,5.184983677910773,1,4,0.0,0,0
213083,1398,1975,29433,59,,,1.0,1.0,-25200.0,,,,0.7074898785425101,2144.0,99.3857276119403,1,13,0.0,0,0
4591,42,24,2646,2,,,1.0,1.0,,,,,1.68,585.0,7.8478632478632475,1,15,0.0,0,0
24072,2245,1260,4402,153,,,1.0,1.0,-25200.0,,,,1.7803330689928627,2898.0,8.306418219461698,1,10,0.0,0,0
10155,307,395,880,1,,,1.0,1.0,,,,,0.7752525252525253,1787.0,5.682708449916061,1,13,0.3333333333333333,1,0
74015,917,425,6980,52,,,1.0,1.0,28800.0,,,,2.152582159624413,2429.0,30.471387402223137,1,5,0.0,0,0
15001,500,220,27839,24,,,1.0,1.0,-7200.0,,,,2.262443438914027,1830.0,8.197267759562841,1,7,0.0,0,0
2298,81,211,1363,3,,,1.0,,-18000.0,,,,0.38207547169811323,2093.0,1.0979455327281413,1,14,0.0,0,0
4869,263,250,1569,1,1.0,,,1.0,,,,,1.047808764940239,482.0,10.101659751037344,1,1,0.0,0,0
86,8,43,107,0,,,,1.0,19800.0,,,,0.18181818181818182,1492.0,0.057640750670241284,0,18,0.2222222222222222,1,0
16430,156,248,748,0,,,1.0,1.0,28800.0,,,,0.6265060240963856,1370.0,11.992700729927007,1,10,0.0,0,0
217,73,212,180,1,1.0,,,1.0,-14400.0,,,,0.3427230046948357,490.0,0.44285714285714284,1,15,0.14285714285714285,1,0
8531,477,354,6175,1,1.0,,1.0,1.0,-18000.0,,,,1.343661971830986,1201.0,7.103247293921732,1,5,0.0,0,0
1081,594,1408,171,8,,,1.0,1.0,43200.0,,,,0.42157558552164653,2222.0,0.4864986498649865,1,7,0.14285714285714285,1,0
1321,35,164,122,1,,,,1.0,-28800.0,,,,0.21212121212121213,1753.0,0.753565316600114,1,2,0.0,0,0
1428,721,774,148,22,,,1.0,1.0,-14400.0,,,,0.9303225806451613,2431.0,0.5874125874125874,1,12,0.0,0,0
15289,154,152,628,3,,,1.0,1.0,28800.0,,,,1.0065359477124183,1685.0,9.073590504451039,1,12,0.0,0,0
172402,11781,12621,185467,135,,,1.0,1.0,3600.0,,,,0.9333703058152433,1765.0,97.67818696883853,1,18,0.0,0,0
406,26,44,139,1,1.0,,1.0,1.0,,,,,0.5777777777777777,633.0,0.641390205371248,0,14,0.0,0,0
3088,113,77,2233,7,,,,1.0,28800.0,,,,1.4487179487179487,1849.0,1.6700919415900486,1,11,0.0,0,0
3393,206,207,4510,1,,,1.0,1.0,-25200.0,,,,0.9903846153846154,1311.0,2.588100686498856,1,10,0.0,0,0
54,10,88,1,1,1.0,,,1.0,,,,,0.11235955056179775,708.0,0.07627118644067797,1,12,0.0,0,0
14829,432,315,7528,1,,,1.0,,-18000.0,,,,1.3670886075949367,2258.0,6.567316209034544,1,6,0.0,0,0
25931,555,365,1600,2,,,,1.0,,,,,1.5163934426229508,449.0,57.75278396436526,1,10,0.08333333333333333,1,0
4519,176,229,3720,1,,,1.0,,,,,,0.7652173913043478,2024.0,2.232707509881423,1,6,0.3,1,0
1447,321,1605,165,3,,,1.0,1.0,19800.0,,,,0.19987546699875466,1855.0,0.7800539083557951,1,12,0.2222222222222222,1,0
67,35,155,7,0,1.0,,,1.0,,,,,0.22435897435897437,667.0,0.10044977511244378,0,7,0.14285714285714285,1,0
58627,6584,907,11,424,,,1.0,1.0,-25200.0,,,,7.251101321585903,2338.0,25.075705731394354,1,7,0.0,0,0
12171,436,773,56528,3,,,1.0,1.0,-28800.0,,,,0.5633074935400517,2070.0,5.879710144927536,0,13,0.3333333333333333,1,0
28400,8375,503,2497,535,,,,,-25200.0,,,,16.61706349206349,2981.0,9.5270043609527,1,12,0.0,0,0
8528,312,879,1009,1,,,1.0,,7200.0,,,,0.35454545454545455,252.0,33.84126984126984,1,4,0.0,0,0
9585,326,216,178,2,,,,1.0,-18000.0,,,,1.5023041474654377,1484.0,6.458894878706199,1,3,0.0,0,0
2079,429,315,705,0,,,1.0,1.0,-21600.0,,,,1.3575949367088607,2142.0,0.9705882352941176,1,12,0.0,0,0
9181,300,459,1789,0,1.0,,1.0,1.0,,,,,0.6521739130434783,522.0,17.588122605363985,1,7,0.4,1,0
4810,94,113,1811,2,,,1.0,1.0,18000.0,,,,0.8245614035087719,585.0,8.222222222222221,1,7,0.0,0,0
145,10,30,116,0,1.0,,,1.0,,,,,0.3225806451612903,534.0,0.27153558052434457,1,4,0.0,0,0
5124,290,200,109,2,,,,1.0,18000.0,,,,1.4427860696517414,2131.0,2.4045049272641954,1,20,0.0,0,0
595,58,103,219,2,,,1.0,1.0,43200.0,,,,0.5576923076923077,1986.0,0.29959718026183285,1,8,0.0,0,0
14401,1061,1726,5253,29,,,1.0,1.0,,,,,0.6143601621308628,2365.0,6.089217758985201,1,18,0.0,0,0
5998,342,340,5834,0,1.0,,,1.0,-10800.0,,,,1.002932551319648,1350.0,4.442962962962963,1,9,0.0,0,0
31284,1270,999,4745,2,,,1.0,1.0,28800.0,,,,1.27,1864.0,16.783261802575108,0,6,0.0,0,0
33479,498,304,13415,3,,,,1.0,28800.0,,,,1.6327868852459015,1013.0,33.049358341559724,1,15,0.0,0,0
16803,2289,2231,2133,3,,,1.0,1.0,-10800.0,,,,1.0255376344086022,870.0,19.313793103448276,1,4,0.0,0,0
672,115,63,9657,2,,,,1.0,-14400.0,,,,1.796875,165.0,4.072727272727272,0,5,0.0,0,0
2496,222,237,79,1,,,1.0,1.0,,,,,0.9327731092436975,1801.0,1.3858967240421989,1,13,0.4,1,0
34600,858,388,32866,4,,,1.0,1.0,-21600.0,,,,2.2056555269922877,1907.0,18.14368117461982,1,5,0.0,0,0
438,16,126,22,3,,,,1.0,-36000.0,,,,0.12598425196850394,1505.0,0.2910299003322259,1,17,0.2857142857142857,1,0
1099,160,242,378,4,1.0,,1.0,1.0,,,,,0.6584362139917695,320.0,3.434375,1,7,0.0,0,0
9565,2850,1777,572,2,,,1.0,,-25200.0,,,,1.6029246344206973,1113.0,8.593890386343217,1,11,0.0,0,0
4918,183,514,7683,2,,,,1.0,19800.0,,,,0.3553398058252427,2097.0,2.3452551263710064,1,7,0.0,0,0
5639,215,251,319,0,1.0,,1.0,1.0,28800.0,,,,0.8531746031746031,1924.0,2.930873180873181,0,9,0.0,0,0
3357,273,238,2996,0,1.0,,1.0,1.0,,,,,1.1422594142259415,435.0,7.7172413793103445,1,7,0.0,0,0
10043,1819,886,1808,38,,,1.0,,-18000.0,,,,2.050732807215333,2198.0,4.569153776160146,1,15,0.0,0,0
11551,34,0,110,3,,,,1.0,-36000.0,,,,34.0,2081.0,5.550696780394041,1,9,0.0,0,0
3187,139,204,1832,2,,,,,-25200.0,,,,0.6780487804878049,2140.0,1.4892523364485981,1,14,0.0,0,0
8200,268,173,2021,1,,,1.0,1.0,28800.0,,,,1.5402298850574712,904.0,9.070796460176991,1,10,0.0,0,0
551,42,231,227,1,,,,1.0,,,,,0.1810344827586207,2136.0,0.25795880149812733,1,12,0.375,1,0
95366,114727,1362,1746,2825,,,1.0,1.0,-18000.0,,,1.0,84.17241379310344,2523.0,37.79865239793896,1,13,0.0,0,0
343,23,279,1664,0,1.0,,1.0,1.0,,,,,0.08214285714285714,893.0,0.3840985442329227,0,10,0.2857142857142857,1,0
4715,186,359,2291,1,,,,1.0,-18000.0,,,,0.5166666666666667,1935.0,2.4366925064599485,0,16,0.0,0,0
4925,159,106,1737,0,,,,1.0,28800.0,,,,1.485981308411215,489.0,10.071574642126789,1,12,0.3333333333333333,1,0
43,14,57,10,1,,,1.0,1.0,19800.0,,,,0.2413793103448276,2017.0,0.021318790282597918,1,9,0.0,0,0
21182,1540,674,18436,6,,,1.0,1.0,-25200.0,,,,2.2814814814814817,953.0,22.226652675760757,1,16,0.0,0,0
9573,786,705,845,6,,,1.0,1.0,43200.0,,,,1.113314447592068,1712.0,5.591705607476635,1,14,0.3,1,0
8334,349,213,1141,4,,,1.0,1.0,-25200.0,,,,1.6308411214953271,2211.0,3.7693351424694708,1,7,0.0,0,0
3338,434,448,978,0,,,1.0,1.0,-18000.0,,,,0.9665924276169265,357.0,9.35014005602241,1,15,0.0,0,0
168,29,200,47,0,1.0,,1.0,1.0,,,,,0.14427860696517414,1358.0,0.12371134020618557,0,13,0.0,0,0
12033,11617,815,862,89,,,1.0,1.0,-10800.0,,,,14.236519607843137,2138.0,5.628157156220767,1,13,0.0,0,0
2434,2498,2468,1136,90,1.0,,1.0,1.0,-25200.0,,,,1.0117456460105305,1346.0,1.8083209509658247,1,10,0.0,0,0
10253,2951,2145,1054,26,,,1.0,1.0,-10800.0,,,,1.375116495806151,438.0,23.408675799086758,1,7,0.0,0,0
363,136,921,1185,1,1.0,,1.0,1.0,-25200.0,,,,0.1475054229934924,2182.0,0.16636113657195234,1,16,0.06666666666666667,1,0
25362,1285,586,1255,10,,,,,-18000.0,,,,2.189097103918228,1410.0,17.98723404255319,1,6,0.0,0,0
7463,394,170,2423,1,1.0,,1.0,1.0,,,,,2.304093567251462,181.0,41.232044198895025,1,12,0.0,0,0
126757,1095,57,24856,6,,,1.0,1.0,-18000.0,,,,18.879310344827587,945.0,134.13439153439154,1,20,0.0,0,0
1257,145,178,677,0,1.0,,1.0,1.0,,,,,0.8100558659217877,827.0,1.5199516324062878,1,12,0.0,0,0
53939,2223,69,5203,9,,,,,,,,,31.757142857142856,761.0,70.87910643889619,0,20,0.0,0,0
31342,1247,731,23783,1,,,1.0,1.0,-25200.0,,,,1.703551912568306,1618.0,19.370828182941903,1,4,0.0,0,0
713,399,318,809,0,,,1.0,1.0,-18000.0,,,,1.250783699059561,721.0,0.9889042995839112,1,4,0.0,0,0
66,7,208,109,0,,,1.0,1.0,28800.0,,,,0.03349282296650718,281.0,0.23487544483985764,0,19,0.0,0,0
1727,71,70,2138,1,1.0,,,1.0,,,,,1.0,462.0,3.738095238095238,1,7,0.0,0,0
25,28,308,27,0,,,,1.0,18000.0,,,,0.09061488673139159,1317.0,0.018982536066818528,0,15,0.0,0,0
559,79,292,178,0,,,1.0,1.0,28800.0,,,,0.2696245733788396,1467.0,0.38104976141785957,1,10,0.0,0,0
382,83,226,75,1,,,1.0,1.0,28800.0,,,,0.3656387665198238,109.0,3.5045871559633026,1,7,0.0,0,0
3647,1829,869,116,98,1.0,,,1.0,7200.0,,,,2.1022988505747127,1748.0,2.086384439359268,1,12,0.0,0,0
21036,416,67,553,8,,,,1.0,-18000.0,,,,6.117647058823529,2250.0,9.349333333333334,1,11,0.09090909090909091,1,0
1551,129,250,7416,2,,,1.0,,-25200.0,,,,0.5139442231075697,1243.0,1.247787610619469,1,10,0.125,1,0
16179,215,436,248,4,,,1.0,1.0,-25200.0,,,,0.4919908466819222,2219.0,7.2911221270842725,0,13,0.0,0,0
463,160,221,11441,4,,,,1.0,19800.0,,,,0.7207207207207207,1371.0,0.337709700948213,1,19,0.0,0,0
8199,296,285,510,1,,,1.0,1.0,-25200.0,,,,1.034965034965035,1283.0,6.390491036632891,1,12,0.3333333333333333,1,0
5405,76,103,3171,3,,,1.0,1.0,7200.0,,,,0.7307692307692307,1775.0,3.045070422535211,1,10,0.16666666666666666,1,0
8147,1867,456,827,24,1.0,,1.0,1.0,19800.0,,,,4.085339168490153,695.0,11.722302158273381,1,18,0.0,0,0
2796,409,317,2796,1,1.0,,,1.0,,,,,1.2861635220125787,375.0,7.456,1,4,0.0,0,0
11538,1007,527,5371,1,,,1.0,1.0,-25200.0,,,,1.9071969696969697,1085.0,10.63410138248848,1,11,0.08333333333333333,1,0
21417,341,2001,3515,8,,,,1.0,10800.0,,,,0.17032967032967034,1317.0,16.261958997722097,1,6,0.0,0,0
552,116,379,621,3,,,,1.0,-25200.0,,,,0.30526315789473685,2172.0,0.2541436464088398,1,12,0.45454545454545453,1,0
27942,1201,897,2404,33,,,1.0,1.0,3600.0,,,,1.3374164810690423,600.0,46.57,1,6,0.0,0,0
1154,44,78,224,1,,,1.0,1.0,28800.0,,,,0.5569620253164557,466.0,2.476394849785408,1,11,0.0,0,0
5146,500,477,719,15,,,,,-25200.0,,,,1.0460251046025104,1522.0,3.38107752956636,1,14,0.0,0,0
75903,1183,308,5085,26,,,1.0,1.0,28800.0,,,,3.8284789644012944,1073.0,70.73904939422181,1,6,0.0,0,0
982,68,265,360,0,,,,,21600.0,,,,0.2556390977443609,507.0,1.9368836291913214,1,9,0.0,0,0
11086,673,1200,135,2,,,1.0,1.0,3600.0,,,,0.5603663613655288,1945.0,5.69974293059126,1,15,0.0,0,0
16,1,25,0,0,1.0,,,1.0,,,,,0.038461538461538464,82.0,0.1951219512195122,0,6,0.0,0,0
498,154,335,718,5,,,1.0,1.0,,,,,0.4583333333333333,2062.0,0.24151309408341415,1,12,0.0,0,0
4240,254,236,489,0,,,,1.0,0.0,,,,1.0717299578059072,1946.0,2.1788283658787257,1,9,0.0,0,0
853,14,30,18,0,1.0,,,1.0,-18000.0,,,,0.45161290322580644,1564.0,0.5453964194373402,0,7,0.14285714285714285,1,0
14328,277,422,3814,9,,,1.0,1.0,,,,,0.6548463356973995,1055.0,13.581042654028437,1,15,0.0,0,0
9258,1470,1901,990,0,,,1.0,1.0,,,,,0.7728706624605678,718.0,12.894150417827298,1,8,0.0,0,0
1251,39,22,1014,0,,,1.0,,-25200.0,,,,1.6956521739130435,51.0,24.529411764705884,1,5,0.0,0,0
3396,104,386,73,3,,,1.0,1.0,-18000.0,,,,0.268733850129199,2800.0,1.2128571428571429,0,13,0.0,0,0
25574,628,364,7561,0,,,1.0,1.0,-18000.0,,,,1.7205479452054795,1310.0,19.522137404580153,1,7,0.18181818181818182,1,0
2829,101,128,275,2,,,,,,,,,0.7829457364341085,537.0,5.268156424581005,1,8,0.0,0,0
10276,428,191,2562,1,,,,1.0,28800.0,,,,2.2291666666666665,758.0,13.556728232189974,1,1,0.0,0,0
19567,1071,504,2178,281,,,1.0,1.0,28800.0,,,,2.120792079207921,1923.0,10.175247009880396,1,10,0.0,0,0
3108,233,1534,701,2,,,,1.0,-14400.0,,,,0.1517915309446254,1858.0,1.6727664155005382,1,8,0.0,0,0
21801,2143,666,10006,3,,,1.0,1.0,-39600.0,,,,3.212893553223388,1097.0,19.873290793072016,1,7,0.0,0,0
7364,80,400,159,4,,,1.0,1.0,-18000.0,,,,0.19950124688279303,1866.0,3.9464094319399785,1,4,0.0,0,0
2007,168,133,1203,0,,,1.0,,3600.0,,,,1.2537313432835822,1280.0,1.56796875,1,5,0.0,0,0
54668,2094,2235,85051,49,1.0,,1.0,1.0,,,,,0.9364937388193202,193.0,283.2538860103627,1,19,0.0,0,0
3161,1327,801,3256,3,,,1.0,1.0,10800.0,,,,1.6546134663341645,779.0,4.057766367137355,1,12,0.0,0,0
1523,42,203,525,0,,,,,32400.0,,,,0.20588235294117646,436.0,3.493119266055046,1,3,0.0,0,0
124,78,211,118,2,1.0,,,1.0,-25200.0,,,,0.36792452830188677,149.0,0.8322147651006712,1,10,0.15384615384615385,1,0
27397,431,1067,6018,22,,,,1.0,-25200.0,,,,0.4035580524344569,2252.0,12.16563055062167,1,5,0.0,0,0
1371,257,260,486,0,,,1.0,1.0,-25200.0,,,,0.9846743295019157,455.0,3.013186813186813,1,10,0.0,0,0
27962,2688,985,19912,14,,,,1.0,-18000.0,,,,2.7261663286004056,1554.0,17.993564993564995,1,10,0.0,0,0
1858,74,95,115,0,,,1.0,1.0,28800.0,,,,0.7708333333333334,2143.0,0.8670088660755949,1,15,0.2222222222222222,1,0
3530,271,253,562,2,,,,1.0,-25200.0,,,,1.0669291338582678,1111.0,3.177317731773177,1,11,0.0,0,0
2763,1383,387,1053,8,,,1.0,,-25200.0,,,,3.564432989690722,117.0,23.615384615384617,1,6,0.0,0,0
12489,800,702,14956,7,1.0,,1.0,1.0,-18000.0,,,,1.1379800853485065,410.0,30.460975609756098,1,12,0.0,0,0
24475,933,1972,4642,40,,,1.0,1.0,19800.0,,,,0.4728839330968069,2040.0,11.997549019607844,1,18,0.0,0,0
27763,668,150,4363,7,,,1.0,1.0,-21600.0,,,,4.423841059602649,1888.0,14.704978813559322,0,5,0.0,0,0
3673,1524,614,1772,7,,,1.0,1.0,7200.0,,,,2.478048780487805,751.0,4.89081225033289,1,8,0.375,1,0
676,58,178,70,0,,,,1.0,-36000.0,,,,0.3240223463687151,2540.0,0.26614173228346455,1,7,0.0,0,0
30949,7474,1181,23378,5,,,1.0,1.0,-25200.0,,,,6.323181049069374,986.0,31.38843813387424,1,6,0.0,0,0
633,89,330,533,0,1.0,,,1.0,,,,,0.2688821752265861,1836.0,0.34477124183006536,1,16,0.08333333333333333,1,0
96,158,179,39,0,1.0,,,1.0,,,,,0.8777777777777778,16.0,6.0,1,10,0.0,0,0
26002,301,153,15736,2,,,,,-25200.0,,,,1.9545454545454546,773.0,33.63777490297542,1,4,0.0,0,0
6,3,11,0,0,1.0,,,1.0,,,,,0.25,14.0,0.42857142857142855,0,2,0.42857142857142855,1,0
31000,594,1460,391,41,,,,1.0,-18000.0,,,,0.406570841889117,2167.0,14.305491462851869,1,6,0.0,0,0
13578,10885,1529,5593,622,1.0,,1.0,1.0,-18000.0,,,,7.11437908496732,2285.0,5.942231947483589,1,10,0.0,0,0
3207,460,121,547,10,1.0,,1.0,1.0,,,,,3.7704918032786887,52.0,61.67307692307692,1,7,0.0,0,0
111434,10545,168,31856,63,,,,,-25200.0,,,,62.396449704142015,602.0,185.1063122923588,1,20,0.0,0,0
24805,628,391,22077,5,,,1.0,,-25200.0,,,,1.6020408163265305,1456.0,17.0364010989011,1,5,0.0,0,0
12518,195,155,15923,0,,,1.0,,-25200.0,,,,1.25,1166.0,10.735849056603774,1,17,0.0,0,0
22139,449,298,2386,3,,,,1.0,-10800.0,,,,1.5016722408026757,242.0,91.48347107438016,1,4,0.0,0,0
101806,910,127,239,6,,,1.0,1.0,-10800.0,,,,7.109375,1212.0,83.9983498349835,1,4,0.0,0,0
1207,354,382,668,0,1.0,,1.0,1.0,-18000.0,,1.0,,0.9242819843342036,281.0,4.295373665480427,1,16,0.0,0,0
9601,982,1026,7344,1,,,1.0,1.0,28800.0,,,,0.9561830574488802,1067.0,8.998125585754451,1,7,0.0,0,0
3472,222,246,6949,0,,,1.0,1.0,-18000.0,,,,0.8987854251012146,389.0,8.925449871465295,1,14,0.0,0,0
13340,244,415,2,4,,,1.0,1.0,-18000.0,,,,0.5865384615384616,2061.0,6.472586123241145,1,17,0.2857142857142857,1,0
8153,1686,916,570,67,,,1.0,1.0,-25200.0,,,,1.8386041439476555,2193.0,3.7177382580939353,1,14,0.0,0,0
31077,1760,30,932,26,,,1.0,1.0,21600.0,,,,56.774193548387096,2166.0,14.347645429362881,1,15,0.0,0,0
15831,134,94,6729,1,,,1.0,1.0,-18000.0,,,,1.4105263157894736,1080.0,14.658333333333333,1,19,0.2727272727272727,1,0
6,1,21,7,0,1.0,,1.0,1.0,,,,,0.045454545454545456,794.0,0.007556675062972292,0,14,0.0,0,0
41550,6050,2914,32113,93,,,1.0,1.0,-25200.0,,,,2.0754716981132075,907.0,45.8103638368247,1,4,0.0,0,0
741,56,253,5,2,1.0,,,1.0,28800.0,,,,0.2204724409448819,2091.0,0.35437589670014347,1,11,0.0,0,0
3426,34,161,2759,2,,,1.0,1.0,28800.0,,,,0.20987654320987653,2584.0,1.3258513931888545,1,6,0.0,0,0
1107,157,171,418,0,,,,,,,,,0.9127906976744186,45.0,24.6,1,8,0.0,0,0
3737,302,223,3394,0,1.0,,1.0,1.0,-14400.0,,,,1.3482142857142858,691.0,5.4081041968162085,1,7,0.0,0,0
35710,2031,576,849,277,,,1.0,1.0,7200.0,,,,3.5199306759098787,2276.0,15.689806678383128,1,11,0.0,0,0
3496,82,64,876,0,1.0,,1.0,1.0,,,,,1.2615384615384615,475.0,7.36,1,19,0.0,0,0
2755,132,174,37,3,,,1.0,1.0,-14400.0,,,,0.7542857142857143,2486.0,1.1082059533386968,1,12,0.0,0,0
3807,442,414,1749,5,1.0,,1.0,1.0,,,,,1.0650602409638554,198.0,19.227272727272727,1,8,0.0,0,0
33724,580,677,9874,0,,,1.0,1.0,-14400.0,,,,0.855457227138643,1198.0,28.15025041736227,1,9,0.07142857142857142,1,0
2435,75,96,219,3,,,1.0,1.0,19800.0,,,,0.7731958762886598,1659.0,1.4677516576250753,1,13,0.0,0,0
385,460,19,1,9,,,,1.0,-25200.0,,,,23.0,317.0,1.2145110410094637,1,14,0.0,0,0
7863,106,70,3771,0,,,1.0,1.0,-25200.0,,,,1.4929577464788732,1443.0,5.449064449064449,0,13,0.0,0,0
233,132,194,13,6,,,,,7200.0,,,,0.676923076923077,1699.0,0.13713949381989404,0,20,0.0,0,0
29842,1436,204,6252,25,,,1.0,1.0,-18000.0,,,,7.004878048780488,1550.0,19.252903225806453,1,17,0.0,0,0
821,33,326,322,1,,,,1.0,,,,,0.10091743119266056,1055.0,0.7781990521327015,1,12,0.0,0,0
9678,403,337,225,1,,,1.0,1.0,-25200.0,,,,1.1923076923076923,1888.0,5.126059322033898,1,14,0.0,0,0
19854,1202,1469,64330,7,,,1.0,1.0,-10800.0,,,,0.817687074829932,2227.0,8.91513246519982,1,10,0.0,0,0
10380,2351,1708,652,4,,,1.0,1.0,-39600.0,,,,1.3756582796957284,413.0,25.13317191283293,1,15,0.0,0,0
28412,705,333,315,1,,,1.0,,-25200.0,,,,2.1107784431137726,1281.0,22.179547228727557,1,9,0.0,0,0
25346,1610,1983,322,23,,,1.0,1.0,,,,,0.811491935483871,530.0,47.822641509433964,0,13,0.6,1,0
3895,341,329,43,7,,,1.0,1.0,-18000.0,,,,1.0333333333333334,2131.0,1.8277803847958705,1,12,0.0,0,0
7959,577,215,667,1,,,,,-14400.0,,,,2.6712962962962963,576.0,13.817708333333334,1,5,0.0,0,0
5482,436,428,4465,2,1.0,,,1.0,,,,,1.0163170163170163,869.0,6.308400460299194,1,13,0.2857142857142857,1,0
2285,58,138,142,4,,,1.0,1.0,-25200.0,,,,0.4172661870503597,1167.0,1.9580119965724079,1,6,0.0,0,0
15921,468,261,1723,2,,,,1.0,-18000.0,,,,1.786259541984733,367.0,43.381471389645775,1,19,0.0,0,0
2394,860,228,97,52,,,,,3600.0,,,,3.7554585152838427,2062.0,1.1610087293889428,1,15,0.0,0,0
21651,683,97,295,55,,,1.0,1.0,10800.0,,,,6.969387755102041,2538.0,8.530732860520095,1,8,0.0,0,0
35421,786,718,10463,47,,,,1.0,32400.0,,,,1.0931849791376913,2136.0,16.582865168539325,0,17,0.0,0,0
24,124,222,0,1,1.0,,,1.0,7200.0,,,,0.5560538116591929,149.0,0.1610738255033557,0,5,0.23076923076923078,1,0
3087,220,214,2722,5,,,1.0,1.0,-36000.0,,,,1.0232558139534884,496.0,6.223790322580645,1,11,0.26666666666666666,1,0
3138,371,314,4326,0,1.0,,1.0,1.0,,,,,1.1777777777777778,1089.0,2.881542699724518,1,5,0.0,0,0
16949,1549,348,1288,14,,,1.0,1.0,-25200.0,,,,4.43839541547278,1791.0,9.463428252372976,1,17,0.0,0,0
12088,275,316,130,11,,,,1.0,-18000.0,,,,0.8675078864353313,2421.0,4.992978108219744,1,20,0.3333333333333333,1,0
19502,247,92,610,1,1.0,,1.0,1.0,7200.0,,,,2.6559139784946235,475.0,41.05684210526316,1,1,0.0,0,0
559,404,788,44,1,,,1.0,1.0,,,,,0.5120405576679341,1273.0,0.4391201885310291,0,12,0.0,0,0
14,32,173,1,1,1.0,,,1.0,,,,,0.1839080459770115,71.0,0.19718309859154928,0,4,0.0,0,0
16487,362,243,6079,3,,,1.0,,28800.0,,,,1.4836065573770492,1192.0,13.831375838926174,1,5,0.0,0,0
25278,2404,153,10697,35,,,,1.0,7200.0,,,,15.61038961038961,562.0,44.97864768683274,1,14,0.0,0,0
844,68,140,2105,1,1.0,,,1.0,,,,,0.48226950354609927,123.0,6.861788617886178,1,11,0.0,0,0
15149,379,296,215,0,1.0,,1.0,1.0,,,,,1.2760942760942762,1381.0,10.969587255611875,1,12,0.0,0,0
12318,317,191,9024,0,,,1.0,,-25200.0,,,,1.6510416666666667,1008.0,12.220238095238095,1,5,0.0,0,0
2866,69,72,1009,0,1.0,,,1.0,,,,,0.9452054794520548,240.0,11.941666666666666,1,5,0.0,0,0
37548,719,626,1487,4,,,1.0,1.0,-10800.0,,,,1.1467304625199362,221.0,169.9004524886878,1,14,0.0,0,0
2494,261,253,156,0,,,1.0,1.0,,,,,1.0275590551181102,702.0,3.5527065527065527,1,6,0.3076923076923077,1,0
2083,110,109,5621,1,1.0,,1.0,1.0,,,,,1.0,430.0,4.844186046511628,1,20,0.0,0,0
7351,710,652,741,1,,,1.0,1.0,-18000.0,,,,1.0872894333843799,1414.0,5.198727015558699,0,5,0.0,0,0
4366,723,487,192,1,,,1.0,1.0,28800.0,,,,1.4815573770491803,1117.0,3.9086839749328557,1,17,0.0,0,0
17358,1500,464,3125,66,,,,1.0,,,,,3.225806451612903,1359.0,12.772626931567329,1,12,0.0,0,0
16872,539,438,807,3,,,1.0,1.0,-28800.0,,,,1.2277904328018223,1583.0,10.658243840808591,1,5,0.0,0,0
10189,160,143,110,1,,,1.0,,-14400.0,,,,1.1111111111111112,521.0,19.55662188099808,1,6,0.0,0,0
359,109,136,75,7,,,1.0,,14400.0,,,,0.7956204379562044,583.0,0.6157804459691252,1,12,0.0,0,0
72393,2233,999,13120,5,,,1.0,1.0,-18000.0,,,,2.233,2144.0,33.76539179104478,0,6,0.0,0,0
32797,414,173,11581,2,,,1.0,1.0,-10800.0,,,,2.3793103448275863,1024.0,32.0283203125,1,6,0.0,0,0
484,70,456,6,4,,,1.0,1.0,19800.0,,,,0.15317286652078774,2097.0,0.23080591320934668,1,11,0.0,0,0
4146,424,273,1944,2,,,1.0,1.0,-14400.0,,,,1.5474452554744527,110.0,37.69090909090909,1,5,0.0,0,0
51304,2594,473,5849,43,,,1.0,1.0,-25200.0,,,,5.472573839662447,1160.0,44.227586206896554,1,6,0.0,0,0
19546,806,738,1555,42,1.0,,1.0,1.0,28800.0,,,,1.090663058186739,2518.0,7.762509928514694,1,18,0.0,0,0
4032,216,236,301,16,,,1.0,1.0,3600.0,,,,0.9113924050632911,2290.0,1.760698689956332,1,12,0.0,0,0
14445,431,515,1305,2,,,1.0,,-14400.0,,,,0.8352713178294574,1438.0,10.045201668984701,0,8,0.0,0,0
1114,46,59,1380,1,1.0,,,1.0,-25200.0,,,,0.7666666666666667,1696.0,0.6568396226415094,1,11,0.2,1,0
5844,245,310,4319,13,,,,1.0,19800.0,,,,0.7877813504823151,2129.0,2.744950681070925,1,11,0.26666666666666666,1,0
119,6007,462,0,0,,,1.0,1.0,21600.0,,,,12.974082073434126,169.0,0.7041420118343196,1,12,0.0,0,0
641,216,389,3617,0,,,1.0,1.0,-25200.0,,,,0.5538461538461539,300.0,2.1366666666666667,1,14,0.0,0,0
6074,196,369,731,3,,,,1.0,3600.0,,,,0.5297297297297298,2232.0,2.721326164874552,1,12,0.0,0,0
4691,322,81,1351,5,,,1.0,,19800.0,,,,3.926829268292683,302.0,15.533112582781458,1,19,0.0,0,0
25462,1820,1683,2535,3,,,1.0,1.0,-28800.0,,,,1.0807600950118765,1253.0,20.320830007980845,1,6,0.0,0,0
43936,1271,1993,13514,5,,,1.0,1.0,-18000.0,,,,0.6374122367101304,1774.0,24.76662908680947,1,11,0.0,0,0
574,99,197,1,8,1.0,,,1.0,,,,,0.5,1838.0,0.31229597388465724,1,14,0.0,0,0
1985,35,63,902,4,1.0,,,1.0,-25200.0,,,,0.546875,317.0,6.261829652996846,1,18,0.0,0,0
334636,490,262,0,9,1.0,,,1.0,32400.0,,,,1.8631178707224334,276.0,1212.4492753623188,0,5,0.1111111111111111,1,0
59,47,116,201,0,,,1.0,1.0,-14400.0,,,,0.4017094017094017,737.0,0.08005427408412483,0,10,0.23076923076923078,1,0
1316,147,151,51,0,1.0,,,1.0,,,,,0.9671052631578947,496.0,2.653225806451613,1,6,0.08333333333333333,1,0
9545,1030,1258,4497,0,1.0,,1.0,1.0,,,,,0.818109610802224,493.0,19.36105476673428,1,14,0.0,0,0
15914,818,679,9878,2,,,1.0,1.0,-25200.0,,1.0,,1.2029411764705882,1471.0,10.81849082256968,1,15,0.0,0,0
34479,224,470,28547,16,,,1.0,1.0,,,,,0.47558386411889597,325.0,106.08923076923077,1,12,0.125,1,0
18257,399,466,7682,7,,,1.0,1.0,28800.0,,,,0.854389721627409,2267.0,8.053374503749449,1,3,0.3333333333333333,1,0
25,51,97,5,3,1.0,,,1.0,,,,,0.5204081632653061,1883.0,0.013276686139139671,0,11,0.0,0,0
410,38,64,302,1,,,,1.0,-25200.0,,,,0.5846153846153846,381.0,1.0761154855643045,0,11,0.0,0,0
5051,218,950,311,3,1.0,,,1.0,,,,,0.22923238696109358,733.0,6.890859481582537,1,18,0.3076923076923077,1,0
17126,400,192,4980,1,,,1.0,,-28800.0,,,,2.0725388601036268,2069.0,8.277428709521509,1,3,0.0,0,0
2429,199,99,97,3,,,,1.0,-25200.0,,,,1.99,2171.0,1.1188392445877475,1,14,0.0,0,0
19263,2042,508,12514,11,,,1.0,,7200.0,,,,4.011787819253438,389.0,49.51928020565553,1,9,0.0,0,0
938,189,409,76,4,,,1.0,1.0,19800.0,,,,0.4609756097560976,2062.0,0.45489815712900095,1,12,0.0,0,0
538,42,144,123,0,1.0,,,1.0,,,,,0.2896551724137931,393.0,1.3689567430025444,1,4,0.0,0,0
3443,93,113,434,0,1.0,,,1.0,-25200.0,,,,0.8157894736842105,156.0,22.07051282051282,1,7,0.0,0,0
201200,5471,910,1061,25,,,1.0,1.0,-25200.0,,,,6.005488474204172,856.0,235.0467289719626,1,13,0.4,1,0
60020,499,371,85654,7,,,,1.0,-25200.0,,,,1.3413978494623655,559.0,107.37030411449017,0,3,0.0,0,0
1890,46,165,102,0,1.0,,1.0,1.0,,,,,0.27710843373493976,900.0,2.1,1,14,0.0,0,0
1812,50,143,245,4,1.0,,,1.0,3600.0,,,,0.3472222222222222,947.0,1.9134107708553327,1,15,0.0,0,0
2064,238,247,207,0,,,1.0,1.0,-25200.0,,,,0.9596774193548387,1499.0,1.3769179452968645,1,12,0.0,0,0
53126,786,1290,8408,20,,,,1.0,-28800.0,,,,0.6088303640588691,2200.0,24.14818181818182,1,9,0.0,0,0
2135,77,109,0,4,1.0,,,1.0,-18000.0,,,,0.7,2125.0,1.0047058823529411,1,10,0.0,0,0
8564,461,382,3226,0,1.0,,,1.0,,,,,1.2036553524804177,793.0,10.799495586380832,1,10,0.15384615384615385,1,0
10288,240,270,5920,1,1.0,,1.0,1.0,,,,,0.8856088560885609,679.0,15.151693667157584,1,9,0.0,0,0
107153,10960,2638,24587,101,,,1.0,1.0,28800.0,,1.0,,4.153088291019325,1062.0,100.89736346516007,1,5,0.0,0,0
22763,974,856,357,81,,,1.0,,32400.0,,,,1.1365227537922986,2407.0,9.457000415454923,1,6,0.0,0,0
34430,2313,77,16435,48,,,1.0,1.0,7200.0,,,,29.653846153846153,487.0,70.69815195071868,1,6,0.0,0,0
17737,531,393,635,2,,,,1.0,-18000.0,,,,1.3477157360406091,1937.0,9.156943727413527,1,14,0.0,0,0
472,160,723,533,1,1.0,,,1.0,,,,,0.22099447513812154,1283.0,0.36788776305533905,0,12,0.2222222222222222,1,0
2450,109,106,1315,0,,,,1.0,16200.0,,1.0,,1.0186915887850467,199.0,12.311557788944723,1,2,0.0,0,0
1284,260,100,142,1,1.0,,,1.0,,,,,2.5742574257425743,34.0,37.76470588235294,1,6,0.0,0,0
21937,420,293,3942,5,,,1.0,,28800.0,,,,1.4285714285714286,2164.0,10.13724584103512,1,16,0.0,0,0
37990,3551,128,11902,17,,,1.0,,7200.0,,,,27.527131782945737,334.0,113.74251497005989,1,5,0.0,0,0
1735,82,100,33,3,,,1.0,1.0,3600.0,,,,0.8118811881188119,2366.0,0.7333051563820795,0,8,0.0,0,0
5209,350,791,1304,3,,,1.0,1.0,-28800.0,,,,0.44191919191919193,1719.0,3.0302501454333917,1,13,0.0,0,0
10253,931,441,104,2,,,1.0,1.0,,,,,2.1063348416289593,983.0,10.43031536113937,1,1,0.0,0,0
18090,4367,128,39,57,,,,1.0,-18000.0,,,,33.85271317829457,2195.0,8.241457858769932,1,16,0.36363636363636365,1,0
140056,9328,5537,1518,109,,,1.0,1.0,3600.0,,,,1.6843625857710365,1811.0,77.33627829928217,1,8,0.0,0,0
7930,45,301,213,0,,,,1.0,-18000.0,,,,0.1490066225165563,792.0,10.012626262626263,1,4,0.0,0,0
12181,1417,281,1509,115,,,1.0,1.0,-18000.0,,,,5.024822695035461,2364.0,5.1527072758037225,1,11,0.0,0,0
299,21,683,4,0,,,1.0,1.0,-25200.0,,,,0.03070175438596491,1891.0,0.1581173982020095,1,7,0.0,0,0
324,92,171,1538,1,,,,1.0,32400.0,,,,0.5348837209302325,1108.0,0.2924187725631769,1,3,0.0,0,0
11000,224,195,411,0,,,,1.0,-36000.0,,,,1.1428571428571428,2191.0,5.020538566864445,1,5,0.0,0,0
2895,245,95,4624,0,,,,,-25200.0,,,,2.5520833333333335,375.0,7.72,1,19,0.0,0,0
596,97,125,3779,0,1.0,,1.0,1.0,,,,,0.7698412698412699,149.0,4.0,1,20,0.0,0,0
27858,120,113,139,5,,,1.0,1.0,32400.0,,,,1.0526315789473684,1493.0,18.659075686537175,1,8,0.4,1,0
218,50,303,10,2,,,1.0,1.0,-21600.0,,,,0.16447368421052633,2122.0,0.10273327049952875,1,19,0.25,1,0
666,111,118,929,0,1.0,,1.0,1.0,,,,,0.9327731092436975,282.0,2.3617021276595747,1,6,0.0,0,0
73262,1020,741,16004,5,,,1.0,1.0,-14400.0,,,,1.3746630727762803,2084.0,35.15451055662188,1,12,0.0,0,0
6319,285,295,310,3,,,1.0,1.0,-25200.0,,,,0.9628378378378378,2191.0,2.88407120036513,1,9,0.0,0,0
16874,224,506,2758,1,,,1.0,1.0,28800.0,,,,0.4418145956607495,1762.0,9.576617480136209,1,6,0.0,0,0
14577,803,483,1844,9,,,1.0,,3600.0,,,,1.6590909090909092,414.0,35.210144927536234,1,5,0.0,0,0
875,243,93,432,1,,,,1.0,,,,,2.5851063829787235,1088.0,0.8042279411764706,1,5,0.0,0,0
2787,607,882,2179,9,,,,1.0,,,,,0.6874292185730464,679.0,4.104565537555228,1,8,0.0,0,0
18458,221,321,641,2,,,,1.0,28800.0,,,,0.6863354037267081,1942.0,9.50463439752832,1,13,0.0,0,0
7656,77,107,28,1,,,1.0,1.0,28800.0,,1.0,,0.7129629629629629,1519.0,5.040157998683345,1,11,0.0,0,0
64920,1185,96,62249,14,1.0,,1.0,1.0,,,,,12.216494845360824,1026.0,63.27485380116959,1,4,0.0,0,0
10706,582,447,3877,1,1.0,,1.0,1.0,-14400.0,,,,1.2991071428571428,95.0,112.69473684210526,1,10,0.21428571428571427,1,0
2194,499,226,36,19,,,1.0,1.0,43200.0,,,,2.198237885462555,2464.0,0.890422077922078,1,8,0.0,0,0
5386,149,181,398,11,,,,,-18000.0,,,,0.8186813186813187,2269.0,2.373732921992067,1,1,0.25,1,0
4836,146,137,652,0,1.0,,1.0,1.0,-18000.0,,,,1.0579710144927537,2078.0,2.327237728585178,1,11,0.0,0,0
556,142,277,400,0,1.0,,,1.0,,,,,0.5107913669064749,53.0,10.49056603773585,1,3,0.0,0,0
45091,87,74,41503,9,,,1.0,1.0,32400.0,,,,1.16,349.0,129.20057306590257,1,8,0.0,0,0
144,44,126,203,0,1.0,,,1.0,,,,,0.3464566929133858,250.0,0.576,1,9,0.0,0,0
6070,2551,1294,4683,6,,,1.0,1.0,-25200.0,,,,1.9698841698841698,2068.0,2.9352030947775627,1,11,0.0,0,0
337,47,71,74,0,1.0,,,1.0,10800.0,,,,0.6527777777777778,273.0,1.2344322344322345,1,3,0.0,0,0
1061,73,394,138,1,,,1.0,,-18000.0,,,,0.1848101265822785,2146.0,0.49440820130475305,0,7,0.5714285714285714,1,0
9398,481,324,2145,19,,,1.0,,,,,,1.48,992.0,9.473790322580646,1,11,0.0,0,0
36166,828,289,474,57,,,1.0,,3600.0,,,,2.8551724137931034,2756.0,13.122641509433961,1,14,0.0,0,0
2320,185,321,325,11,,,,1.0,,,,,0.5745341614906833,1806.0,1.2846068660022147,1,10,0.1,1,0
3706,876,592,3192,6,1.0,,1.0,1.0,,,,,1.4772344013490726,750.0,4.941333333333334,1,5,0.75,1,0
64,36,452,24,0,1.0,,1.0,1.0,,,,,0.07947019867549669,1342.0,0.04769001490312966,0,11,0.0,0,0
17390,378,251,14535,0,,,1.0,1.0,-25200.0,,,,1.5,1114.0,15.610412926391382,0,1,0.0,0,0
21178,418,363,568,0,,,1.0,1.0,43200.0,,,,1.1483516483516483,1315.0,16.10494296577947,1,2,0.0,0,0
55940,16100,261,402,189,,,1.0,1.0,19800.0,,,,61.45038167938932,2050.0,27.28780487804878,1,11,0.0,0,0
839,161,97,474,0,1.0,,,1.0,14400.0,,,,1.6428571428571428,762.0,1.101049868766404,0,12,0.0,0,0
24981,881,896,11564,34,,,,1.0,19800.0,,,,0.9821627647714605,1851.0,13.495948136142626,1,15,0.0,0,0
9011,2488,82,4232,22,1.0,,,1.0,43200.0,,,,29.97590361445783,426.0,21.152582159624412,1,9,0.0,0,0
43988,826,346,51105,6,,,1.0,1.0,-25200.0,,,,2.3804034582132565,2081.0,21.137914464199905,1,14,0.0,0,0
14184,279,642,3839,6,,,1.0,1.0,-25200.0,,,,0.43390357698289267,2208.0,6.423913043478261,0,12,0.0,0,0
14122,563,517,11266,0,1.0,,1.0,1.0,,,,,1.0868725868725868,253.0,55.81818181818182,1,7,0.0,0,0
348,22,50,29,0,1.0,,,1.0,,,,,0.43137254901960786,622.0,0.5594855305466238,0,11,0.0,0,0
77,13,18,196,0,1.0,,,1.0,28800.0,,,,0.6842105263157895,1587.0,0.048519218651543794,1,11,0.5,1,0
4737,234,333,5511,2,1.0,,1.0,1.0,,,,,0.7005988023952096,1011.0,4.685459940652819,0,11,0.0,0,0
14326,317,935,806,1,,,1.0,1.0,3600.0,,,,0.3386752136752137,825.0,17.364848484848483,1,5,0.0,0,0
34314,30095,697,3230,131,,,,1.0,-25200.0,,,,43.116045845272204,1989.0,17.251885369532427,1,1,0.0,0,0
748,147,321,4218,0,,,1.0,1.0,-25200.0,,,,0.45652173913043476,2282.0,0.32778264680105174,1,14,0.2727272727272727,1,0
2276,190,299,4558,1,1.0,,1.0,1.0,,,,,0.6333333333333333,180.0,12.644444444444444,1,8,0.0,0,0
6051,1214,1989,1492,28,,,1.0,1.0,43200.0,,,,0.6100502512562814,2445.0,2.474846625766871,1,9,0.0,0,0
184,203,245,479,1,1.0,,1.0,1.0,,,,,0.8252032520325203,482.0,0.3817427385892116,1,10,0.0,0,0
10326,1736,1075,3988,2,,,,1.0,-10800.0,,,,1.6133828996282529,867.0,11.910034602076125,1,12,0.2727272727272727,1,0
26476,971,857,23474,6,,,1.0,1.0,28800.0,,,,1.1317016317016317,409.0,64.73349633251834,1,18,0.0,0,0
21434,218,327,760,11,,,1.0,1.0,7200.0,,,,0.6646341463414634,1883.0,11.382899628252789,1,3,0.16666666666666666,1,0
7469,253,541,2650,4,,,1.0,1.0,-25200.0,,,,0.466789667896679,2297.0,3.2516325642141926,1,9,0.0,0,0
430,42,174,52,7,1.0,,,1.0,,,,,0.24,885.0,0.4858757062146893,0,19,0.0,0,0
1833,59,133,120,2,1.0,,,1.0,,,,,0.44029850746268656,276.0,6.641304347826087,1,14,0.0,0,0
1588,299,540,17,8,,,1.0,1.0,-18000.0,,,,0.5526802218114603,2136.0,0.7434456928838952,1,19,0.0,0,0
18035,1620,591,361,72,,,1.0,1.0,-14400.0,,,,2.7364864864864864,3005.0,6.001663893510815,1,20,0.0,0,0
6678,828,1668,9611,10,,,1.0,1.0,,,,,0.49610545236668663,2210.0,3.0217194570135746,1,14,0.2857142857142857,1,0
30460,826,489,13347,2,,,1.0,,-25200.0,,,,1.6857142857142857,2121.0,14.361150400754362,1,2,0.0,0,0
648,343,536,217,16,,,1.0,1.0,7200.0,,,,0.638733705772812,1810.0,0.3580110497237569,1,12,0.0,0,0
20336,369,86,500,1,,,,1.0,43200.0,,,,4.241379310344827,1788.0,11.373601789709172,1,8,0.0,0,0
14792,70,73,8,3,,,,1.0,32400.0,,,,0.9459459459459459,2105.0,7.0270783847980995,1,10,0.0,0,0
41094,476,308,7,4,,,,1.0,-10800.0,,,,1.5404530744336569,307.0,133.85667752442995,1,19,0.0,0,0
7783,58,97,9,2,,,,1.0,28800.0,,,,0.5918367346938775,1371.0,5.676878191101386,1,14,0.0,0,0
34997,1169,546,9676,13,,,1.0,1.0,-25200.0,,,,2.137111517367459,487.0,71.86242299794661,1,6,0.0,0,0
16957,1192,113,11172,8,,,1.0,,-14400.0,,,,10.456140350877194,1097.0,15.457611668185962,0,4,0.0,0,0
9369,17392,17414,61,131,,,,,28800.0,,,,0.9986792994544933,1560.0,6.005769230769231,1,10,0.0,0,0
3715,322,218,4239,0,,,1.0,1.0,-21600.0,,,,1.4703196347031964,1290.0,2.87984496124031,1,8,0.0,0,0
173,13,64,14,0,,,,1.0,36000.0,,,,0.2,2137.0,0.08095460926532522,0,12,0.0,0,0
28772,317,281,761,2,,,1.0,1.0,28800.0,,,,1.124113475177305,807.0,35.653035935563814,1,3,0.0,0,0
2770,267,583,819,1,,,1.0,1.0,18000.0,,,,0.4571917808219178,1182.0,2.3434856175972927,1,12,0.0,0,0
11496,1402,909,0,108,,,1.0,1.0,19800.0,,,,1.5406593406593407,1632.0,7.044117647058823,1,20,0.0,0,0
3308,105,86,470,2,,,1.0,1.0,7200.0,,,,1.206896551724138,1824.0,1.8135964912280702,1,13,0.0,0,0
15740,254,250,4636,1,,,1.0,1.0,-25200.0,,,,1.0119521912350598,555.0,28.36036036036036,1,11,0.0,0,0
39787,3408,167,25267,63,,,,1.0,7200.0,,,,20.285714285714285,465.0,85.56344086021505,1,4,0.0,0,0
59933,2866,168,26472,15,,,1.0,1.0,-25200.0,,,,16.958579881656803,659.0,90.9453717754173,0,4,0.0,0,0
9342,986,1241,9963,19,,,1.0,1.0,-25200.0,,,,0.7938808373590982,2247.0,4.157543391188251,1,14,0.0,0,0
1298,60,52,999,0,,,1.0,1.0,-25200.0,,,,1.1320754716981132,1548.0,0.838501291989664,1,13,0.3,1,0
3036,319,158,500,0,,,,1.0,-18000.0,,,,2.006289308176101,2149.0,1.4127501163331782,0,10,0.16666666666666666,1,0
798,248,342,1415,0,1.0,,,1.0,,,,,0.7230320699708455,447.0,1.7852348993288591,1,11,0.15384615384615385,1,0
514,190,228,490,0,1.0,,1.0,1.0,,,,,0.8296943231441049,444.0,1.1576576576576576,1,10,0.1,1,0
9417,1017,1904,97934,22,1.0,,1.0,1.0,-14400.0,,,,0.5338582677165354,1317.0,7.150341685649202,1,11,0.0,0,0
73778,3178,417,27052,7,,,1.0,,-28800.0,,,,7.6028708133971294,1669.0,44.204913121629716,0,6,0.0,0,0
1921,394,371,519,1,,,,1.0,,,,,1.0591397849462365,845.0,2.2733727810650888,1,9,0.0,0,0
5445,224,102,2364,8,1.0,,1.0,1.0,,,,,2.174757281553398,253.0,21.52173913043478,1,9,0.2222222222222222,1,0
36730,261,305,332,2,,,1.0,1.0,-10800.0,,,,0.8529411764705882,1459.0,25.174777244688144,1,4,0.0,0,0
4329,555,470,6432,2,1.0,,,1.0,,,1.0,,1.178343949044586,1299.0,3.33256351039261,1,5,0.0,0,0
1767,98,154,14,6,1.0,,1.0,1.0,-14400.0,,,,0.632258064516129,1775.0,0.9954929577464788,1,15,0.4,1,0
3940,256,206,1746,0,,,,1.0,28800.0,,,,1.2367149758454106,289.0,13.633217993079585,1,4,0.0,0,0
343,113,193,507,0,1.0,,,1.0,,,,,0.5824742268041238,730.0,0.46986301369863015,1,5,0.18181818181818182,1,0
73477,11043,8067,35829,105,,,,1.0,-25200.0,,1.0,,1.3687407040158652,898.0,81.82293986636971,1,20,0.0,0,0
151,19,118,10,1,1.0,,1.0,1.0,,,,,0.15966386554621848,1942.0,0.07775489186405768,1,13,0.2222222222222222,1,0
13186,183,222,5726,2,,,,,28800.0,,,,0.820627802690583,2182.0,6.0430797433547205,1,15,0.0,0,0
14253,266,166,6836,0,,,1.0,1.0,-25200.0,,,,1.592814371257485,592.0,24.076013513513512,1,3,0.0,0,0
6679,589,613,9902,2,1.0,,1.0,1.0,,,,,0.9592833876221498,2145.0,3.1137529137529136,1,11,0.0,0,0
6583,202,632,1253,9,,,1.0,1.0,32400.0,,,,0.31911532385466035,1743.0,3.776821572002295,1,16,0.0,0,0
230,78,153,6,1,,,,1.0,19800.0,,,,0.5064935064935064,2048.0,0.1123046875,1,14,0.0,0,0
10642,772,931,355,33,,,1.0,1.0,28800.0,,,,0.8283261802575107,2359.0,4.511233573548114,1,14,0.0,0,0
35669,311,256,1553,0,,,1.0,1.0,-25200.0,,,,1.2101167315175096,1817.0,19.63070996147496,1,9,0.0,0,0
10269,871,569,10497,0,,,1.0,1.0,-18000.0,,,,1.5280701754385966,1374.0,7.473799126637554,1,12,0.0,0,0
1547,672,604,730,5,,,1.0,1.0,,,,,1.1107438016528925,1614.0,0.9584882280049566,1,16,0.0,0,0
6758,46,157,2611,2,,,,1.0,28800.0,,,,0.2911392405063291,321.0,21.052959501557634,1,5,0.0,0,0
876,75,52,201,0,,,1.0,,,,,,1.4150943396226414,1000.0,0.876,1,15,0.25,1,0
40639,1154,664,2069,21,,,1.0,,19800.0,,,,1.7353383458646616,2353.0,17.271143221419464,1,13,0.0,0,0
22942,436,1649,89,15,,,1.0,1.0,,,,,0.2642424242424242,1503.0,15.264138389886893,1,6,0.3333333333333333,1,0
135552,1585,183,9616,65,,,,1.0,19800.0,,,,8.61413043478261,2721.0,49.81697905181918,1,19,0.0,0,0
26095,674,181,443,5,,,1.0,1.0,25200.0,,,,3.7032967032967035,2011.0,12.97613127797116,1,9,0.0,0,0
4367,404,1053,5,1,,,1.0,1.0,-10800.0,,,,0.38330170777988615,1654.0,2.640266021765417,1,19,0.25,1,0
5004,196,79,15994,5,,,1.0,1.0,18000.0,,,,2.45,852.0,5.873239436619718,1,11,0.09090909090909091,1,0
43,10,13,26,0,1.0,,,1.0,,,,,0.7142857142857143,20.0,2.15,1,7,0.08333333333333333,1,0
1618,229,295,560,0,,,1.0,1.0,-25200.0,,,,0.7736486486486487,2068.0,0.7823984526112185,1,11,0.0,0,0
32308,769,692,370,3,,,,1.0,3600.0,,,,1.1096681096681096,2076.0,15.5626204238921,1,12,0.0,0,0
1503,241,856,60,2,,,1.0,1.0,-36000.0,,,,0.2812135355892649,838.0,1.7935560859188544,1,14,0.0,0,0
373,91,150,9,0,,,,1.0,25200.0,,,,0.6026490066225165,984.0,0.3790650406504065,1,11,0.0,0,0
7990,584,1775,3261,15,,,1.0,,-25200.0,,,,0.32882882882882886,1520.0,5.256578947368421,1,14,0.0,0,0
28771,858,2000,1039,23,1.0,,,1.0,,,,,0.4287856071964018,1045.0,27.532057416267943,1,12,0.0,0,0
10043,1951,750,882,37,,,1.0,,-14400.0,,,,2.5978695073235687,2343.0,4.286384976525822,1,12,0.0,0,0
6244,1253,652,2533,5,1.0,,,1.0,28800.0,,,,1.9188361408882082,161.0,38.78260869565217,1,9,0.0,0,0
927,110,706,572,1,,,1.0,1.0,32400.0,,,,0.15558698727015557,2213.0,0.41888838680524176,1,14,0.0,0,0
5383,214,202,3101,5,,,,,-25200.0,,,,1.0541871921182266,558.0,9.646953405017921,1,8,0.0,0,0
3160,56,232,366,0,1.0,,1.0,1.0,-18000.0,,,,0.24034334763948498,2190.0,1.4429223744292237,0,13,0.0,0,0
2426,78,268,353,3,1.0,,1.0,1.0,-18000.0,,,,0.2899628252788104,2140.0,1.1336448598130842,1,13,0.18181818181818182,1,0
30833,1519,1993,25614,42,,,,,,,,,0.7617853560682046,253.0,121.8695652173913,1,10,0.3333333333333333,1,0
3803,386,925,40,13,,,1.0,1.0,-18000.0,,,,0.4168466522678186,2216.0,1.7161552346570397,1,13,0.125,1,0
81,49,45,8,2,,,,1.0,,,,,1.065217391304348,566.0,0.1431095406360424,1,9,0.0,0,0
184,654,394,1216,4,1.0,,,1.0,,,,,1.6556962025316455,727.0,0.2530949105914718,1,10,0.18181818181818182,1,0
4506,211,206,3122,0,,,1.0,1.0,-14400.0,,,,1.0193236714975846,580.0,7.768965517241379,1,8,0.09090909090909091,1,0
26112,262,1442,61,4,,,,1.0,-25200.0,,,,0.18156618156618157,1678.0,15.561382598331347,1,9,0.0,0,0
32501,4698,2035,9971,2,,,,1.0,-25200.0,,,,2.307465618860511,781.0,41.6145966709347,1,11,0.0,0,0
19221,315,285,2439,2,,,1.0,1.0,-18000.0,,,,1.1013986013986015,1263.0,15.21852731591449,1,20,0.0,0,0
12502,478,353,28547,0,1.0,,1.0,1.0,,,,,1.3502824858757063,646.0,19.352941176470587,1,5,0.0,0,0
232546,28726,110,20847,247,,,1.0,1.0,-18000.0,,,,258.7927927927928,1617.0,143.81323438466296,1,5,0.0,0,0
216,25,90,3,0,,,1.0,1.0,21600.0,,,,0.27472527472527475,1452.0,0.1487603305785124,0,5,0.25,1,0
202,52,118,77,0,1.0,1.0,,1.0,,,,,0.4369747899159664,414.0,0.48792270531400966,0,3,0.0,0,0
8254,304,304,686,2,,,1.0,1.0,-28800.0,,1.0,,0.9967213114754099,2097.0,3.9360991893180732,1,6,0.0,0,0
8353,149,211,310,4,,,,1.0,-25200.0,,,,0.7028301886792453,1815.0,4.602203856749311,1,17,0.42857142857142855,1,0
3,1,7,1,0,1.0,,,1.0,-36000.0,,,,0.125,1153.0,0.0026019080659150044,0,9,0.6153846153846154,1,0
5609,298,386,95,23,,,1.0,1.0,43200.0,,,,0.7700258397932817,2396.0,2.3409849749582636,1,6,0.0,0,0
604,27,46,75,0,,,,1.0,,,,,0.574468085106383,1114.0,0.5421903052064632,1,11,0.0,0,0
3858,249,289,9211,0,1.0,,1.0,1.0,-25200.0,,,,0.8586206896551725,511.0,7.549902152641879,1,8,0.0,0,0
43738,1011,92,5727,14,,,,1.0,19800.0,,,,10.870967741935484,982.0,44.53971486761711,1,4,0.0,0,0
17496,2508,190,8495,22,,,,1.0,-10800.0,,,,13.13089005235602,1068.0,16.382022471910112,1,5,0.0,0,0
36,16,23,101,0,1.0,,,1.0,,,,,0.6666666666666666,749.0,0.04806408544726302,1,13,0.14285714285714285,1,0
24704,300,2000,12269,9,,,,1.0,-14400.0,,,,0.14992503748125938,2017.0,12.247892910262767,1,17,0.0,0,0
1890,46,86,14,11,1.0,,1.0,1.0,19800.0,,,,0.5287356321839081,1593.0,1.1864406779661016,1,15,0.0,0,0
682,175,154,471,0,,,,1.0,-18000.0,,,,1.1290322580645162,1303.0,0.523407521105142,1,16,0.3333333333333333,1,0
6923,308,326,21,10,,,,1.0,-18000.0,,,,0.9418960244648318,2284.0,3.0310858143607704,1,15,0.0,0,0
563,227,129,55,10,,,,1.0,-18000.0,,,,1.7461538461538462,1698.0,0.33156654888103654,1,14,0.0,0,0
67264,582,705,579,85,,,,1.0,-25200.0,,,,0.8243626062322946,2118.0,31.75826251180359,1,13,0.0,0,0
47857,3291,69,10127,9,1.0,,1.0,1.0,,,,,47.01428571428571,464.0,103.14008620689656,1,1,0.0,0,0
18838,129,670,8843,3,,,,1.0,-18000.0,,,,0.19225037257824143,1106.0,17.03254972875226,1,16,0.0,0,0
10370,127,209,111,4,,,1.0,1.0,-28800.0,,,,0.6047619047619047,1277.0,8.12059514487079,1,20,0.0,0,0
1082,236,282,61,0,1.0,,,1.0,,,,,0.833922261484099,56.0,19.321428571428573,1,5,0.1,1,0
8275,3409,96,90,56,,,1.0,1.0,-18000.0,,,,35.144329896907216,1869.0,4.427501337613697,1,11,0.0,0,0
96,26,30,21,0,1.0,,1.0,1.0,,,,,0.8387096774193549,420.0,0.22857142857142856,1,12,0.0,0,0
11598,299,243,988,6,,,1.0,1.0,,,,,1.2254098360655739,2120.0,5.470754716981132,1,13,0.0,0,0
1847,98,358,478,5,1.0,,1.0,1.0,-28800.0,,,,0.27298050139275765,2184.0,0.8456959706959707,1,5,0.0,0,0
104707,13828,252,16812,131,1.0,,,1.0,-14400.0,,,,54.65612648221344,309.0,338.85760517799355,1,18,0.0,0,0
5439,342,95,165,12,,,,1.0,-25200.0,,,,3.5625,2662.0,2.043200601051841,1,11,0.0,0,0
1310,215,368,1279,4,,,,1.0,-25200.0,,,,0.5826558265582655,1019.0,1.2855740922473013,1,10,0.0,0,0
46586,1187,2002,12271,39,1.0,,1.0,1.0,-14400.0,,,,0.5926110833749376,1286.0,36.22550544323484,1,13,0.0,0,0
8160,1030,87,1217,8,,,,1.0,3600.0,,,,11.704545454545455,644.0,12.670807453416149,1,6,0.0,0,0
8822,638,649,504,0,,,,1.0,28800.0,,,,0.9815384615384616,1190.0,7.413445378151261,1,4,0.0,0,0
3361,361,670,10832,1,1.0,,1.0,1.0,-25200.0,,,,0.5380029806259314,585.0,5.745299145299145,1,5,0.0,0,0
297,7,122,195,0,1.0,,,1.0,,,,,0.056910569105691054,364.0,0.8159340659340659,0,8,0.0,0,0
10032,314,628,55,3,,,1.0,,-25200.0,,,,0.49920508744038156,1506.0,6.661354581673307,1,12,0.13333333333333333,1,0
27138,1894,539,5344,22,,,1.0,1.0,36000.0,,,,3.5074074074074075,894.0,30.355704697986578,1,1,0.0,0,0
19688,1509,805,13140,3,1.0,,1.0,1.0,,,,,1.8722084367245657,459.0,42.893246187363836,1,6,0.0,0,0
1629,244,142,50,5,,,,1.0,19800.0,,,,1.7062937062937062,1879.0,0.8669505055880787,1,19,0.2,1,0
8648,121,110,1185,0,,,,,,,,,1.09009009009009,139.0,62.21582733812949,1,4,0.0,0,0
49779,2571,1094,703,26,,,1.0,,-18000.0,,,,2.347945205479452,1194.0,41.69095477386934,1,8,0.0,0,0
3090,48,103,519,1,1.0,,,1.0,,,,,0.46153846153846156,137.0,22.554744525547445,1,9,0.0,0,0
3258,170,174,2292,0,,,1.0,1.0,-18000.0,,,,0.9714285714285714,837.0,3.89247311827957,0,12,0.0,0,0
1684,155,195,1034,1,,,,1.0,20700.0,,,,0.7908163265306123,1147.0,1.4681778552746294,1,12,0.0,0,0
3157,605,94,204,1,,,1.0,1.0,28800.0,,1.0,,6.368421052631579,857.0,3.6837806301050176,1,1,0.0,0,0
134254,4337,471,74767,27,,,1.0,1.0,-14400.0,,1.0,,9.188559322033898,1203.0,111.59933499584372,1,7,0.0,0,0
25636,2970,251,7889,4,1.0,,1.0,1.0,-25200.0,,,,11.785714285714286,930.0,27.565591397849463,0,5,0.0,0,0
23040,322,416,2716,1,,,1.0,1.0,28800.0,,,,0.7721822541966427,1924.0,11.975051975051976,1,19,0.0,0,0
2156,285,225,1086,13,1.0,,1.0,1.0,,,,,1.261061946902655,611.0,3.5286415711947625,1,7,0.0,0,0
1082,88,210,684,0,,,1.0,,,,,,0.41706161137440756,365.0,2.9643835616438357,1,9,0.26666666666666666,1,0
20438,345,204,4217,3,,,,1.0,-25200.0,,,,1.6829268292682926,1024.0,19.958984375,0,11,0.0,0,0
1198,80,357,280,0,,,,,28800.0,,,,0.22346368715083798,71.0,16.87323943661972,1,11,0.0,0,0
24676,2049,379,24,23,,,,1.0,-18000.0,,,,5.3921052631578945,2048.0,12.048828125,1,14,0.3333333333333333,1,0
45786,912,996,26009,55,,,,,,,,,0.9147442326980942,1137.0,40.26912928759894,1,4,0.2857142857142857,1,0
70392,1035,1454,5965,8,,,,1.0,,,,,0.711340206185567,434.0,162.19354838709677,1,19,0.0,0,0
6939,435,296,12729,2,,,1.0,1.0,-25200.0,,,,1.4646464646464648,433.0,16.02540415704388,1,11,0.0,0,0
12528,1053,880,332,2,,,1.0,1.0,-25200.0,,,,1.1952326901248582,2074.0,6.040501446480231,1,18,0.0,0,0
29921,564,716,2015,1,,,1.0,,-14400.0,,,,0.7866108786610879,2101.0,14.241313660161827,1,11,0.0,0,0
781,772,185,23349,4,,,,1.0,-25200.0,,,,4.150537634408602,738.0,1.0582655826558265,1,15,0.0,0,0
2131,222,162,900,15,,,1.0,1.0,,,,,1.361963190184049,1067.0,1.9971883786316775,1,12,0.0,0,0
25739,188,180,28,0,,,1.0,,28800.0,,,,1.0386740331491713,1557.0,16.53114964675658,1,19,0.0,0,0
1315,372,1032,104,2,1.0,,1.0,1.0,,,,,0.3601161665053243,2118.0,0.6208687440982058,1,9,0.0,0,0
21,17,26,131,0,1.0,,,1.0,,,,,0.6296296296296297,45.0,0.4666666666666667,0,13,0.0,0,0
10866,238,147,2713,3,,,1.0,1.0,28800.0,,,,1.6081081081081081,388.0,28.00515463917526,1,3,0.0,0,0
242,87,241,49,0,1.0,,1.0,1.0,,,,,0.359504132231405,209.0,1.1578947368421053,1,11,0.07692307692307693,1,0
1901,138,424,1363,5,,,1.0,,,,,,0.3247058823529412,415.0,4.580722891566265,1,6,0.18181818181818182,1,0
42562,2734,997,6099,4,,,1.0,1.0,10800.0,,,,2.7394789579158316,444.0,95.86036036036036,1,9,0.0,0,0
2826,108,106,445,2,,,1.0,,-25200.0,,,,1.0093457943925233,2217.0,1.2746955345060893,1,3,0.0,0,0
341,6146,68,1309,31,1.0,,1.0,1.0,-14400.0,,,,89.07246376811594,811.0,0.4204685573366215,1,4,0.0,0,0
16666,879,779,14178,2,1.0,,1.0,1.0,,,,,1.126923076923077,652.0,25.561349693251532,1,11,0.0,0,0
24134,295,224,22424,1,,,1.0,1.0,-25200.0,,,,1.3111111111111111,1742.0,13.85419058553387,1,9,0.0,0,0
103,102,60,13,3,,,1.0,,,,,,1.6721311475409837,58.0,1.7758620689655173,1,15,0.0,0,0
2321,147,85,2426,0,,,,1.0,46800.0,,,,1.7093023255813953,629.0,3.6899841017488075,1,1,0.0,0,0
5244,422,359,4762,2,,,1.0,1.0,-28800.0,,,,1.1722222222222223,2162.0,2.425531914893617,1,11,0.0,0,0
22746,3656,1110,2474,74,,,,,-18000.0,,,,3.2907290729072907,668.0,34.050898203592816,1,18,0.0,0,0
6227,553,754,445,1,,,,1.0,-25200.0,,,,0.7324503311258278,1271.0,4.899291896144768,0,7,0.0,0,0
3449,259,147,1555,10,,,,1.0,28800.0,,,,1.75,1054.0,3.272296015180266,1,9,0.0,0,0
23581,2219,2196,10968,5,,,1.0,1.0,-14400.0,,,,1.0100136549840693,721.0,32.705963938973646,1,4,0.0,0,0
1790,237,330,594,0,1.0,,,1.0,,,,,0.716012084592145,748.0,2.393048128342246,1,13,0.14285714285714285,1,0
1243,128,345,70,3,1.0,,1.0,1.0,-18000.0,,,,0.3699421965317919,1261.0,0.985725614591594,1,15,0.0,0,0
2906,466,1997,4934,2,,,,1.0,,,,,0.23323323323323322,2212.0,1.31374321880651,1,14,0.0,0,0
97,2,11,1,0,1.0,,1.0,1.0,,,,,0.16666666666666666,143.0,0.6783216783216783,0,18,0.14285714285714285,1,0
560,139,278,210,4,,,1.0,1.0,,,,,0.4982078853046595,1154.0,0.4852686308492201,1,12,0.1,1,0
7553,1944,2147,11127,6,,,,,43200.0,,,,0.9050279329608939,318.0,23.751572327044027,1,18,0.0,0,0
5095,189,178,2207,5,,,,,-10800.0,,,,1.0558659217877095,289.0,17.629757785467127,1,13,0.0,0,0
9979,416,469,1159,6,,,1.0,1.0,-28800.0,,,,0.8851063829787233,1945.0,5.130591259640103,1,10,0.0,0,0
17460,1723,750,9614,7,,,1.0,1.0,-18000.0,,,,2.2942743009320905,386.0,45.233160621761655,1,4,0.0,0,0
9067,66,94,2612,0,,,,1.0,,,,,0.6947368421052632,641.0,14.145085803432137,1,3,0.0,0,0
19672,944,338,14143,18,1.0,,1.0,1.0,7200.0,,,,2.784660766961652,332.0,59.25301204819277,1,4,0.0,0,0
4539,236,504,1405,3,,,1.0,1.0,19800.0,,,,0.46732673267326735,600.0,7.565,1,6,0.0,0,0
77978,3943,451,2523,151,,,,1.0,-14400.0,,,,8.723451327433628,1370.0,56.918248175182484,1,15,0.0,0,0
1080,131,519,1058,2,1.0,,,1.0,,,,,0.2519230769230769,311.0,3.472668810289389,1,20,0.0,0,0
294,15,85,109,0,,,,1.0,3600.0,,,,0.1744186046511628,780.0,0.3769230769230769,1,5,0.0,0,0
6384,192,392,5562,3,,,,1.0,-18000.0,,,,0.48854961832061067,1934.0,3.3009307135470527,1,4,0.0,0,0
8684,376,233,1420,2,,,1.0,,-25200.0,,,,1.606837606837607,2168.0,4.0055350553505535,1,5,0.0,0,0
2725,667,1666,732,2,,,,,-28800.0,,,,0.40011997600479904,1441.0,1.8910478834142956,1,10,0.0,0,0
44987,218,62,1335,5,,,1.0,,-25200.0,,,,3.4603174603174605,2222.0,20.246174617461747,1,4,0.0,0,0
19446,1334,1188,6524,11,,,1.0,,-14400.0,,,,1.1219512195121952,1721.0,11.299244625217897,1,11,0.0,0,0
6122,77,134,42,1,,,,1.0,7200.0,,,,0.5703703703703704,897.0,6.8249721293199554,1,6,0.0,0,0
13353,273,468,1574,5,,,,1.0,-18000.0,,,,0.582089552238806,1493.0,8.943737441393168,1,7,0.0,0,0
1314,369,1223,811,2,1.0,,1.0,1.0,-25200.0,,,,0.3014705882352941,1240.0,1.0596774193548386,1,4,0.0,0,0
2321,318,486,288,3,,,1.0,1.0,19800.0,,,,0.6529774127310062,1306.0,1.7771822358346094,1,12,0.0,0,0
19159,352,986,514,7,,,,,-25200.0,,,,0.3566362715298885,2221.0,8.626294461954075,1,6,0.0,0,0
31154,276,365,8510,0,,,1.0,1.0,18000.0,,,,0.7540983606557377,1338.0,23.284005979073243,1,15,0.0,0,0
25277,4794,525,748,59,,,1.0,1.0,28800.0,,,,9.114068441064639,2261.0,11.179566563467493,1,13,0.0,0,0
177,3,32,815,0,,,,,3600.0,,,,0.09090909090909091,121.0,1.462809917355372,1,8,0.0,0,0
3594,2567,1336,791,16,,,,1.0,,,,,1.919970082273747,670.0,5.364179104477612,1,11,0.0,0,0
15218,266,282,193,8,1.0,,1.0,1.0,,,,,0.9399293286219081,1702.0,8.941245593419506,1,17,0.0,0,0
1811,416,139,370,0,1.0,,1.0,1.0,,,,,2.9714285714285715,169.0,10.715976331360947,1,9,0.0,0,0
861,70,142,2791,0,1.0,,,1.0,,,,,0.48951048951048953,652.0,1.3205521472392638,1,8,0.2727272727272727,1,0
181,5,49,0,0,1.0,,,1.0,,,,,0.1,430.0,0.42093023255813955,0,11,0.0,0,0
7983,1325,2000,331,75,,,1.0,1.0,-25200.0,,,,0.6621689155422289,2374.0,3.3626790227464194,1,12,0.0,0,0
973,49,191,17,2,,,1.0,1.0,19800.0,,,,0.2552083333333333,504.0,1.9305555555555556,1,15,0.0,0,0
20563,275,236,1701,5,,,,,-25200.0,,,,1.160337552742616,808.0,25.449257425742573,1,17,0.0,0,0
29203,413,359,6516,2,1.0,,1.0,1.0,-25200.0,,,,1.1472222222222221,749.0,38.989319092122834,1,7,0.0,0,0
15921,213,212,3681,1,,,1.0,1.0,28800.0,,,,1.0,1130.0,14.089380530973452,1,12,0.0,0,0
7997,286,199,1949,0,1.0,,,1.0,,,,,1.43,353.0,22.654390934844194,1,11,0.0,0,0
23564,567,478,1860,5,,,,1.0,-28800.0,,,,1.1837160751565763,2234.0,10.547896150402865,1,7,0.0,0,0
553,65,218,255,0,,,,1.0,-18000.0,,,,0.2968036529680365,2543.0,0.21745969327565867,1,13,0.0,0,0
11318,273,110,22533,0,,,1.0,1.0,-25200.0,,,,2.4594594594594597,1054.0,10.738140417457306,1,4,0.13333333333333333,1,0
9374,169,188,3883,3,1.0,,,1.0,,,,,0.8941798941798942,755.0,12.415894039735099,1,6,0.5714285714285714,1,0
2448,318,506,468,2,,,1.0,1.0,-18000.0,,,,0.6272189349112426,2143.0,1.1423238450769948,1,7,0.0,0,0
3505,1454,1998,676,7,,,1.0,1.0,-25200.0,,,,0.7273636818409205,2490.0,1.4076305220883534,0,5,0.1111111111111111,1,0
31954,3963,3639,21226,6,,,1.0,1.0,-14400.0,,,,1.0887362637362636,208.0,153.625,1,13,0.0,0,0
22275,588,561,325,0,,,1.0,1.0,-14400.0,,,,1.0462633451957295,1854.0,12.014563106796116,1,7,0.2857142857142857,1,0
17049,1007,578,2493,0,1.0,,1.0,1.0,-25200.0,,,,1.7392055267702937,704.0,24.217329545454547,1,5,0.0,0,0
4996,407,416,107,7,,,1.0,1.0,-25200.0,,,,0.9760191846522782,1744.0,2.864678899082569,1,12,0.0,0,0
18819,792,678,4432,3,1.0,,1.0,1.0,,,,,1.1664212076583211,624.0,30.158653846153847,1,11,0.0,0,0
19548,2441,103,26245,24,,,,1.0,-14400.0,,,,23.471153846153847,324.0,60.333333333333336,1,11,0.0,0,0
3014,307,218,11,15,,,,,-25200.0,,,,1.4018264840182648,2263.0,1.3318603623508616,1,11,0.0,0,0
7849,742,462,3553,1,,,1.0,1.0,,,,,1.6025917926565876,683.0,11.49194729136164,1,15,0.0,0,0
5571,546,423,1124,0,1.0,,1.0,1.0,-18000.0,,,,1.2877358490566038,1369.0,4.069393718042367,1,10,0.1,1,0
3565,104,136,5322,8,,,,1.0,-21600.0,,,,0.7591240875912408,2187.0,1.6300868770004573,1,9,0.0,0,0
9842,1248,2001,3843,10,,,1.0,1.0,-10800.0,,,,0.6233766233766234,1133.0,8.68667255075022,1,8,0.0,0,0
98,124,100,0,1,1.0,,1.0,1.0,19800.0,,,,1.2277227722772277,1848.0,0.05303030303030303,1,15,0.0,0,0
72530,2075,489,53707,5,,,1.0,1.0,28800.0,,,,4.23469387755102,2069.0,35.055582406959886,1,14,0.0,0,0
4287,312,628,1893,2,,,1.0,1.0,-18000.0,,,,0.4960254372019078,377.0,11.371352785145888,1,5,0.0,0,0
404,139,172,365,0,1.0,,,1.0,,,,,0.8034682080924855,670.0,0.6029850746268657,0,12,0.0,0,0
9505,1519,462,2777,4,,,1.0,1.0,25200.0,,,,3.2807775377969763,1099.0,8.64877161055505,1,11,0.0,0,0
6623,384,131,6017,2,1.0,,1.0,1.0,-18000.0,,,,2.909090909090909,96.0,68.98958333333333,1,6,0.0,0,0
7040,40,309,4526,1,,,,1.0,28800.0,,,,0.12903225806451613,1354.0,5.199409158050222,1,6,0.5,1,0
18570,367,632,22797,3,,,1.0,1.0,-25200.0,,,,0.5797788309636651,605.0,30.694214876033058,1,18,0.0,0,0
16599,1112,2000,18744,16,1.0,,,1.0,36000.0,,,,0.5557221389305347,263.0,63.11406844106464,1,12,0.0,0,0
5081,749,779,5753,4,1.0,,1.0,1.0,-25200.0,,,,0.9602564102564103,148.0,34.33108108108108,1,9,0.0,0,0
28957,572,561,2749,7,,,,1.0,-14400.0,,,,1.0177935943060499,490.0,59.09591836734694,1,12,0.0,0,0
23606,475,68,7638,3,,,,1.0,-25200.0,,,,6.884057971014493,2105.0,11.214251781472685,1,13,0.07692307692307693,1,0
34973,2712,2235,13058,6,,,1.0,1.0,28800.0,,,,1.2128801431127012,849.0,41.19316843345112,1,6,0.0,0,0
1266,183,188,1085,2,,,1.0,1.0,,,,,0.9682539682539683,452.0,2.8008849557522124,1,20,0.0,0,0
1335,246,164,499,7,,,1.0,1.0,-18000.0,,,,1.490909090909091,2223.0,0.6005398110661269,1,15,0.0,0,0
25831,743,628,17264,0,,,1.0,1.0,-25200.0,,,,1.1812400635930047,1058.0,24.41493383742911,1,2,0.0,0,0
6212,552,737,1467,0,1.0,,,1.0,,,,,0.7479674796747967,1146.0,5.4205933682373475,1,6,0.13333333333333333,1,0
25780,3759,1568,25911,92,,,1.0,1.0,-14400.0,,,,2.395793499043977,1723.0,14.962275101567034,1,12,0.0,0,0
32039,10307,31,6957,45,,,1.0,,7200.0,,,,322.09375,472.0,67.8792372881356,1,1,0.0,0,0
1184,305,318,731,0,1.0,,,1.0,,,,,0.9561128526645768,570.0,2.07719298245614,1,7,0.06666666666666667,1,0
2393,284,118,528,2,1.0,,1.0,1.0,-39600.0,,,,2.3865546218487395,111.0,21.55855855855856,1,13,0.0,0,0
12064,1400,422,5560,6,,,1.0,1.0,-18000.0,,,,3.309692671394799,1627.0,7.414874001229256,0,11,0.0,0,0
51977,647,631,2657,9,,,1.0,,28800.0,,,,1.0237341772151898,1849.0,28.11087074094105,1,15,0.0,0,0
3796,82,88,60,1,1.0,,,1.0,28800.0,,,,0.9213483146067416,919.0,4.1305767138193685,1,9,0.14285714285714285,1,0
24130,2245,65,29751,27,,,1.0,1.0,-25200.0,,,,34.015151515151516,504.0,47.87698412698413,1,1,0.0,0,0
42079,6692,4497,10431,75,,,1.0,1.0,28800.0,,,,1.4877723432636727,925.0,45.490810810810814,1,11,0.0,0,0
11490,182,345,20088,2,,,1.0,1.0,-21600.0,,,,0.5260115606936416,1993.0,5.765178123432012,0,12,0.2857142857142857,1,0
1426,143,145,123,1,,,1.0,1.0,18000.0,,,,0.9794520547945206,2175.0,0.655632183908046,1,10,0.0,0,0
9898,109,111,7922,2,1.0,,1.0,1.0,,,,,0.9732142857142857,595.0,16.63529411764706,1,6,0.08333333333333333,1,0
1091,269,328,1151,0,1.0,,,1.0,,,,,0.817629179331307,338.0,3.227810650887574,1,3,0.0,0,0
19804,409,236,92966,0,,,,1.0,-25200.0,,,,1.7257383966244726,1456.0,13.601648351648352,1,14,0.0,0,0
1505,66,108,296,3,,,,1.0,-25200.0,,,,0.6055045871559633,2879.0,0.5227509551927753,1,18,0.0,0,0
18306,339,124,1,6,,,1.0,,-7200.0,,,,2.712,2155.0,8.494663573085846,1,16,0.0,0,0
23163,403,235,2530,4,,,1.0,,-25200.0,,,,1.7076271186440677,1024.0,22.6201171875,1,6,0.0,0,0
1329,45,56,416,0,,,,1.0,,,,,0.7894736842105263,331.0,4.015105740181269,1,17,0.0,0,0
3856,242,233,1416,0,1.0,,1.0,1.0,-28800.0,,,,1.0341880341880343,1625.0,2.372923076923077,1,1,0.0,0,0
3754,136,262,676,13,,,1.0,1.0,7200.0,,,,0.5171102661596958,1722.0,2.1800232288037167,1,13,0.0,0,0
2413,293,157,1525,1,1.0,,,1.0,28800.0,,,,1.8544303797468353,398.0,6.062814070351759,1,14,0.0,0,0
65064,859,142,165,1,,,1.0,1.0,7200.0,,,,6.006993006993007,2141.0,30.389537599252687,1,4,0.0,0,0
85215,639,38,16625,6,,,1.0,1.0,-25200.0,,,,16.384615384615383,1112.0,76.63219424460432,1,5,0.14285714285714285,1,0
1055,308,1006,392,3,1.0,,,1.0,-18000.0,,,,0.3058589870903674,1185.0,0.890295358649789,1,14,0.0,0,0
19452,2340,302,2220,1,,,1.0,1.0,-28800.0,,,,7.7227722772277225,1999.0,9.730865432716358,1,1,0.0,0,0
114232,10241,482,997,107,,,,1.0,-36000.0,,,,21.202898550724637,1885.0,60.60053050397878,1,1,0.0,0,0
15003,477,301,3103,2,,,1.0,1.0,-25200.0,,,,1.5794701986754967,1451.0,10.339765678842177,1,4,0.0,0,0
26645,1618,1502,3425,11,,,1.0,1.0,-25200.0,,,,1.076513639387891,1128.0,23.62145390070922,1,8,0.0,0,0
1217,170,271,107,4,,,1.0,,19800.0,,,,0.625,1137.0,1.0703605980650837,1,13,0.0,0,0
19013,1166,801,5004,2,,,1.0,1.0,-25200.0,,,,1.453865336658354,658.0,28.8951367781155,1,6,0.0,0,0
49542,1388,1233,551,76,,,1.0,1.0,7200.0,,,,1.1247974068071314,2491.0,19.88839823364111,1,13,0.0,0,0
116,42,173,278,0,,,1.0,1.0,28800.0,,,,0.2413793103448276,1479.0,0.0784313725490196,1,13,0.0,0,0
7141,180,327,1533,4,,,,1.0,-18000.0,,,,0.5487804878048781,2916.0,2.4489026063100137,1,15,0.125,1,0
32096,3837,952,13755,13,,,1.0,1.0,-18000.0,,,,4.026232948583421,1728.0,18.574074074074073,1,5,0.0,0,0
22496,821,552,5897,29,,,,1.0,-14400.0,,,,1.484629294755877,2991.0,7.521230357739887,1,3,0.0,0,0
7200,262,567,429,2,,,1.0,1.0,-25200.0,,,,0.4612676056338028,2146.0,3.3550792171481825,1,9,0.0,0,0
28275,1068,1883,689,29,,,1.0,1.0,-18000.0,,,,0.5668789808917197,1664.0,16.9921875,1,13,0.0,0,0
22878,1164,1906,9190,8,,,1.0,1.0,,,,,0.6103828002097536,578.0,39.581314878892734,0,1,0.0,0,0
12413,960,513,1258,6,,,1.0,1.0,10800.0,,,,1.867704280155642,1172.0,10.591296928327646,1,3,0.0,0,0
166,24,22,189,0,,,,1.0,36000.0,,1.0,,1.0434782608695652,1263.0,0.13143309580364212,0,1,0.0,0,0
159,20,267,104,0,1.0,1.0,,1.0,,,,,0.07462686567164178,187.0,0.8502673796791443,0,15,0.0,0,0
29,12,34,0,0,,,1.0,1.0,19800.0,,,,0.34285714285714286,596.0,0.04865771812080537,0,12,0.0,0,0
626,41,87,272,0,1.0,,1.0,1.0,,,,,0.4659090909090909,24.0,26.083333333333332,1,19,0.0,0,0
1982,78,209,249,2,,,,1.0,7200.0,,,,0.37142857142857144,1877.0,1.0559403303143313,1,5,0.0,0,0
7850,446,388,8207,0,,,1.0,,-25200.0,,,,1.1465295629820051,855.0,9.181286549707602,0,5,0.0,0,0
72495,4745,2404,2868,220,,,,1.0,28800.0,,,,1.972972972972973,2568.0,28.23014018691589,1,14,0.07142857142857142,1,0
3243,1044,1036,268,54,,,1.0,1.0,-25200.0,,,,1.0067502410800386,1143.0,2.8372703412073492,1,16,0.0,0,0
39039,1364,1015,7511,11,1.0,,,1.0,,,,,1.3425196850393701,533.0,73.2439024390244,1,13,0.0,0,0
28788,1218,336,11501,17,,,,1.0,18000.0,,,,3.6142433234421363,1828.0,15.74835886214442,1,14,0.0,0,0
2883,15,14,1192,0,1.0,,,1.0,,,,,1.0,107.0,26.94392523364486,1,4,0.0,0,0
18216,537,475,1489,0,,,1.0,1.0,-10800.0,,,,1.1281512605042017,1195.0,15.243514644351464,1,7,0.0,0,0
3492,78,102,914,2,1.0,,1.0,1.0,,,,,0.7572815533980582,318.0,10.981132075471699,1,9,0.0,0,0
48369,680,611,9745,5,,,1.0,1.0,-18000.0,,,,1.1111111111111112,1698.0,28.485865724381625,1,8,0.0,0,0
10549,146,519,1242,4,,,,1.0,19800.0,,,,0.28076923076923077,1799.0,5.863813229571984,1,15,0.0,0,0
4218,107,152,1474,1,1.0,,,1.0,,,,,0.6993464052287581,217.0,19.43778801843318,1,5,0.0,0,0
8134,600,88,3811,4,1.0,,1.0,1.0,-14400.0,,,,6.741573033707865,114.0,71.35087719298245,1,7,0.0,0,0
1557,159,381,324,0,,,1.0,1.0,28800.0,,,,0.4162303664921466,1641.0,0.9488117001828154,1,6,0.0,0,0
71086,2910,158,16293,68,,,,1.0,-14400.0,,,,18.30188679245283,1604.0,44.31795511221945,1,8,0.0,0,0
5814,458,241,7654,0,,,1.0,1.0,-14400.0,,,,1.8925619834710743,943.0,6.165429480381761,1,2,0.0,0,0
133,35,118,36,5,1.0,,,1.0,,,,,0.29411764705882354,290.0,0.4586206896551724,1,8,0.0,0,0
25566,1295,88,3026,8,,,,1.0,28800.0,,,,14.55056179775281,483.0,52.93167701863354,1,11,0.0,0,0
6492,532,759,2640,27,1.0,,1.0,1.0,-25200.0,,,,0.7,1255.0,5.172908366533864,1,15,0.0,0,0
8902,447,197,1910,0,1.0,,1.0,1.0,-14400.0,,,,2.257575757575758,620.0,14.358064516129032,1,5,0.125,1,0
98934,390,374,52,0,,,1.0,1.0,-18000.0,,1.0,,1.04,2056.0,48.11964980544747,1,5,0.0,0,0
13352,295,1216,1278,4,,,,1.0,-25200.0,,,,0.24239934264585045,1341.0,9.956748695003728,1,12,0.0,0,0
84194,17806,16707,22588,43,,,1.0,1.0,-10800.0,,,,1.0657170217859708,772.0,109.05958549222798,1,7,0.0,0,0
10436,4217,4200,3501,9,,,1.0,1.0,10800.0,,,,1.0038086169959533,692.0,15.080924855491329,1,6,0.0,0,0
21113,715,563,7845,4,,,1.0,1.0,-14400.0,,,,1.2677304964539007,1339.0,15.76773711725168,1,6,0.0,0,0
751,76,85,162,0,,,1.0,1.0,-18000.0,,,,0.8837209302325582,1749.0,0.429388221841052,1,8,0.0,0,0
57416,1347,891,21938,4,,,1.0,1.0,-25200.0,,,,1.5100896860986548,1023.0,56.12512218963832,1,4,0.0,0,0
1989,103,97,539,0,1.0,,,1.0,,,1.0,,1.0510204081632653,135.0,14.733333333333333,1,13,0.0,0,0
1478,88,207,644,1,1.0,,1.0,1.0,-14400.0,,,,0.4230769230769231,946.0,1.562367864693446,1,12,0.14285714285714285,1,0
5340,1243,777,52,3,,,1.0,1.0,-25200.0,,,,1.5976863753213368,592.0,9.02027027027027,1,10,0.0,0,0
74003,8588,6724,4529,41,,,1.0,1.0,28800.0,,,,1.2770260223048326,1525.0,48.52655737704918,1,18,0.0,0,0
61237,481,504,2532,8,,,1.0,1.0,-18000.0,,,,0.9524752475247524,1415.0,43.27703180212014,1,6,0.0,0,0
774,124,176,463,1,,,,,,,,,0.7005649717514124,98.0,7.8979591836734695,1,15,0.0,0,0
3014,1284,878,2381,23,,,1.0,1.0,3600.0,,,,1.4607508532423208,1134.0,2.6578483245149913,1,20,0.0,0,0
2147,125,70,421,0,1.0,,1.0,1.0,,,,,1.7605633802816902,723.0,2.9695712309820195,0,12,0.0,0,0
19160,2717,2095,23523,10,,,1.0,1.0,-18000.0,,,,1.2962786259541985,763.0,25.11140235910878,1,7,0.2,1,0
9899,324,196,4208,2,,,1.0,1.0,,,,,1.6446700507614214,550.0,17.99818181818182,1,10,0.0,0,0
3048,185,83,295,3,,,,1.0,18000.0,,,,2.2023809523809526,1824.0,1.6710526315789473,1,6,0.0,0,0
106335,720,530,12004,65,,,1.0,1.0,32400.0,,,,1.3559322033898304,2944.0,36.11922554347826,1,14,0.0,0,0
119211,1636,1212,1197,46,,,,1.0,28800.0,,,,1.348722176422094,1871.0,63.715125601282736,1,17,0.0,0,0
1834,71,542,1554,0,,,1.0,1.0,28800.0,,,,0.13075506445672191,794.0,2.309823677581864,1,11,0.0,0,0
7072,123,221,2282,2,,,1.0,1.0,28800.0,,,,0.5540540540540541,1946.0,3.6341212744090443,1,7,0.0,0,0
36586,1133,856,9220,4,,,1.0,1.0,28800.0,,,,1.322053675612602,1442.0,25.371705963938975,1,10,0.0,0,0
13575,561,458,8413,1,,,1.0,1.0,-10800.0,,,,1.2222222222222223,1084.0,12.523062730627306,1,8,0.0,0,0
539,51,165,3209,0,,,,,,,,,0.3072289156626506,193.0,2.7927461139896375,1,17,0.2857142857142857,1,0
12987,273,116,17132,1,1.0,,,1.0,-18000.0,,,,2.3333333333333335,1766.0,7.353907134767837,1,4,0.0,0,0
19934,482,479,4878,5,,,,1.0,28800.0,,,,1.0041666666666667,2192.0,9.093978102189782,1,11,0.0,0,0
30048,620,387,9678,1,,,1.0,1.0,-10800.0,,,,1.597938144329897,672.0,44.714285714285715,1,7,0.0,0,0
1637,26,203,1,1,,,,,,,,,0.12745098039215685,293.0,5.587030716723549,1,13,0.0,0,0
18542,822,314,1765,6,,,,1.0,28800.0,,,,2.6095238095238096,2037.0,9.102601865488463,0,2,0.0,0,0
11655,182,107,663,2,,,1.0,1.0,19800.0,,,,1.6851851851851851,2267.0,5.141155712395236,1,16,0.0,0,0
5290,371,539,323,14,,,1.0,1.0,18000.0,,,,0.687037037037037,2016.0,2.6240079365079363,1,9,0.0,0,0
15649,222,255,4429,0,,,1.0,1.0,,,,,0.8671875,914.0,17.12144420131291,1,8,0.0,0,0
20172,2227,2104,1314,0,1.0,,,1.0,,,,,1.057957244655582,414.0,48.72463768115942,1,6,0.0,0,0
2509,465,235,2493,0,,,1.0,1.0,-25200.0,,,,1.9703389830508475,561.0,4.472370766488414,1,9,0.0,0,0
6804,931,1385,1773,2,1.0,,1.0,1.0,,,,,0.6717171717171717,451.0,15.086474501108647,1,6,0.0,0,0
6365,75,142,618,5,,,1.0,,28800.0,,,,0.5244755244755245,2515.0,2.530815109343936,1,6,0.0,0,0
1491,12,145,889,1,1.0,,,1.0,,,,,0.0821917808219178,237.0,6.291139240506329,1,4,0.5,1,0
595,75,63,273,0,,,,1.0,28800.0,,,,1.171875,559.0,1.0644007155635062,1,7,0.0,0,0
224,17,115,153,1,1.0,,,1.0,,,,,0.14655172413793102,1458.0,0.15363511659807957,1,7,0.0,0,0
4652,232,174,2218,0,,,1.0,1.0,-18000.0,,,,1.3257142857142856,1095.0,4.248401826484018,1,4,0.0,0,0
2216,40,53,91,2,1.0,,1.0,1.0,32400.0,,,,0.7407407407407407,726.0,3.0523415977961434,1,6,0.3333333333333333,1,0
4616,690,907,7,9,,,,1.0,43200.0,,,,0.7599118942731278,1512.0,3.052910052910053,1,12,0.0,0,0
14197,266,687,3080,0,,,,1.0,-25200.0,,,,0.3866279069767442,844.0,16.821090047393366,1,5,0.0,0,0
15488,1022,271,16773,22,1.0,,1.0,1.0,,,,,3.7573529411764706,289.0,53.5916955017301,1,4,0.0,0,0
5348,361,195,3392,3,,,,1.0,7200.0,,,,1.8418367346938775,971.0,5.507723995880536,1,2,0.0,0,0
6309,224,181,81,0,,,,1.0,-18000.0,,,,1.2307692307692308,1325.0,4.761509433962265,1,8,0.0,0,0
13837,204,467,59,6,,,,1.0,,,,,0.4358974358974359,1408.0,9.827414772727273,1,3,0.0,0,0
36513,2166,1627,2977,0,,,1.0,1.0,-18000.0,,,,1.3304668304668306,1374.0,26.574235807860262,1,13,0.0,0,0
4448,226,296,11518,1,,,1.0,1.0,-25200.0,,1.0,,0.7609427609427609,736.0,6.043478260869565,1,3,0.09090909090909091,1,0
4857,258,308,3868,1,1.0,,1.0,1.0,,,,,0.8349514563106796,571.0,8.506129597197898,1,8,0.0,0,0
8922,26510,581,1595,26,,,,1.0,-36000.0,,,,45.549828178694156,2009.0,4.4410154305624685,1,14,0.0,0,0
718,299,166,75,0,1.0,,,1.0,,,,,1.7904191616766467,26.0,27.615384615384617,1,15,0.0,0,0
8381,255,254,4300,3,,,1.0,,32400.0,,,,1.0,345.0,24.292753623188407,1,4,0.0,0,0
22317,491,226,7338,6,,,1.0,1.0,-25200.0,,,,2.1629955947136565,1083.0,20.606648199445985,1,6,0.0,0,0
166628,1781,1858,3634,32,,,,,,,,,0.958041958041958,2160.0,77.14259259259259,1,13,0.0,0,0
19287,722,529,11080,26,,,1.0,1.0,28800.0,,,,1.3622641509433961,2170.0,8.888018433179724,1,11,0.0,0,0
11374,583,420,7868,0,,,1.0,1.0,,,,,1.3847980997624703,900.0,12.637777777777778,1,3,0.0,0,0
128929,437,304,607,27,,,,1.0,-14400.0,,,,1.4327868852459016,1713.0,75.26503210741389,1,17,0.0,0,0
8582,447,426,1951,2,,,1.0,1.0,-18000.0,,,,1.0468384074941453,1375.0,6.241454545454546,1,9,0.15384615384615385,1,0
5991,128,115,485,0,,,1.0,1.0,,,,,1.103448275862069,1551.0,3.862669245647969,1,8,0.0,0,0
5852,561,1433,4304,4,1.0,,1.0,1.0,43200.0,,,,0.3912133891213389,741.0,7.897435897435898,1,12,0.0,0,0
26443,3218,1943,10545,10,,,1.0,1.0,10800.0,,,,1.6553497942386832,1046.0,25.280114722753346,1,5,0.0,0,0
7411,118,58,4346,0,,,,1.0,,,,,2.0,175.0,42.348571428571425,1,6,0.3076923076923077,1,0
1087,212,219,1300,0,1.0,,,1.0,-25200.0,,,,0.9636363636363636,693.0,1.5685425685425685,1,11,0.1111111111111111,1,0
5301,289,1368,1764,10,,,1.0,,19800.0,,,,0.21110299488677867,1903.0,2.785601681555439,1,13,0.0,0,0
33605,653,303,29022,2,,,1.0,1.0,28800.0,,,,2.148026315789474,1367.0,24.58302852962692,1,3,0.0,0,0
558,151,434,336,0,1.0,,,1.0,-14400.0,,,,0.3471264367816092,148.0,3.77027027027027,1,6,0.0,0,0
62597,10273,98,39633,77,,,1.0,1.0,28800.0,,,,103.76767676767676,1060.0,59.05377358490566,1,5,0.0,0,0
400,13,68,54,0,1.0,,,1.0,32400.0,,,,0.18840579710144928,396.0,1.0101010101010102,1,3,0.0,0,0
315,94,597,36,4,,,1.0,1.0,7200.0,,,,0.15719063545150502,1654.0,0.19044740024183796,0,10,0.2,1,0
4099,5378,1238,471,6,,,1.0,1.0,,,,,4.340597255851493,189.0,21.687830687830687,1,15,0.0,0,0
199,18,136,6,0,1.0,,,1.0,,,,,0.13138686131386862,105.0,1.8952380952380952,0,7,0.125,1,0
2609,41,263,121,0,,,,1.0,7200.0,,,,0.1553030303030303,1880.0,1.3877659574468084,1,7,0.0,0,0
20997,498,109,12105,5,,,,,-18000.0,,,,4.527272727272727,157.0,133.7388535031847,1,12,0.0,0,0
1299,22,40,1,0,1.0,1.0,1.0,1.0,7200.0,,,,0.5365853658536586,1859.0,0.6987627756858527,0,14,0.2222222222222222,1,1
18665,12561,3442,16358,110,,,1.0,1.0,-7200.0,,,,3.6482718559395875,1855.0,10.06199460916442,1,14,0.0,0,1
22987,600,755,14,6,,,,1.0,7200.0,,,,0.7936507936507936,1826.0,12.588718510405258,1,15,0.2,1,1
7975,398,350,11,2,,,,1.0,-25200.0,,,,1.1339031339031338,1769.0,4.508196721311475,1,18,0.0,0,1
20218,413,405,162,8,,,1.0,1.0,7200.0,,,,1.0172413793103448,1740.0,11.619540229885057,1,12,0.0,0,1
15259,134,401,55,1,,,1.0,1.0,7200.0,,,,0.3333333333333333,1592.0,9.584798994974875,1,7,0.0,0,1
9551,337,630,655,1,,,1.0,1.0,,,,,0.5340729001584786,1592.0,5.999371859296482,1,14,0.0,0,1
206,28,105,38,0,,,,1.0,7200.0,,,,0.2641509433962264,1377.0,0.14960058097313,1,16,0.0,0,1
93793,2617,52,0,28,,,,1.0,7200.0,,,,49.37735849056604,1267.0,74.02762430939227,0,16,0.0,0,1
490,1561,2001,0,0,,,,1.0,10800.0,,,,0.7797202797202797,1244.0,0.39389067524115756,1,14,0.0,0,1
450,2355,2074,0,3,,,,1.0,,,,,1.1349397590361445,1243.0,0.36202735317779566,1,17,0.18181818181818182,1,1
507,4772,5167,0,5,,,,1.0,,,,,0.923374613003096,1244.0,0.407556270096463,1,11,0.2222222222222222,1,1
513,5772,6022,0,7,,,,1.0,,,,,0.9583264154076042,1244.0,0.41237942122186494,1,12,0.18181818181818182,1,1
311,124,0,0,0,,,,1.0,,,,,124.0,1244.0,0.25,1,11,0.14285714285714285,1,1
471,4375,4777,0,5,,,,1.0,,,,,0.9156550858099624,1234.0,0.38168557536466774,1,5,0.2222222222222222,1,1
478,5508,5642,0,3,,,,1.0,,,,,0.9760765550239234,1244.0,0.3842443729903537,1,13,0.2222222222222222,1,1
447,5505,5701,0,7,,,,1.0,,,,,0.9654507190459488,1244.0,0.35932475884244375,1,13,0.2,1,1
444,5530,5873,0,5,,,,1.0,,,,,0.9414368403132448,1244.0,0.35691318327974275,1,9,0.2222222222222222,1,1
486,6018,6466,0,11,,,,1.0,,,,,0.9305705891448894,1244.0,0.39067524115755625,1,11,0.25,1,1
449,5359,5595,0,5,,,,1.0,,,,,0.9576483202287348,1242.0,0.3615136876006441,1,14,0.2,1,1
514,4870,5350,0,8,,,,1.0,,,,,0.91011025976453,1244.0,0.41318327974276525,1,13,0.18181818181818182,1,1
477,4316,4716,0,5,,,,1.0,,,,,0.9149883400466398,1244.0,0.3834405144694534,1,14,0.18181818181818182,1,1
497,4420,4731,0,5,,,,1.0,,,,,0.9340659340659341,1244.0,0.3995176848874598,1,13,0.2222222222222222,1,1
5550,4855,5300,3,9,,,,1.0,10800.0,,,,0.915864931145067,1236.0,4.490291262135922,1,9,0.0,0,1
13013,1901,1895,874,2,1.0,,,1.0,7200.0,,,,1.0026371308016877,1193.0,10.907795473595977,1,10,0.0,0,1
22794,192,73,0,1,,,,,,,,,2.5945945945945947,1135.0,20.082819383259913,1,7,0.0,0,1
9053,243,965,272,0,,,1.0,1.0,-7200.0,,,,0.2515527950310559,1068.0,8.476591760299625,1,5,0.0,0,1
25930,10854,10606,418,66,1.0,,,1.0,,,,,1.023286508909211,1032.0,25.125968992248062,1,15,0.0,0,1
106283,3307,934,34156,88,,,1.0,1.0,-7200.0,,,,3.5368983957219253,1041.0,102.09702209414024,1,14,0.0,0,1
381,3236,1923,2,50,,,,1.0,7200.0,,,,1.681912681912682,988.0,0.3856275303643725,0,19,0.0,0,1
306,466,682,7,0,,,,,7200.0,,,,0.6822840409956076,964.0,0.31742738589211617,0,16,0.15384615384615385,1,1
469,4822,5207,0,6,1.0,,,1.0,,,,,0.9258832565284179,929.0,0.5048439181916039,1,8,0.0,0,1
413,4421,4827,0,8,,,,1.0,7200.0,,,,0.9157000828500415,929.0,0.4445640473627557,1,6,0.0,0,1
4986,152,294,9,0,,,1.0,1.0,,,,,0.5152542372881356,887.0,5.62119503945885,1,14,0.07692307692307693,1,1
31332,590,29,0,5,,,,1.0,10800.0,,,,19.666666666666668,878.0,35.68564920273349,0,19,0.0,0,1
443,4090,4498,0,1,,,,1.0,10800.0,,,,0.9090909090909091,910.0,0.4868131868131868,0,13,0.0,0,1
422,4367,4803,0,4,,,,1.0,10800.0,,,,0.9090341382181515,909.0,0.46424642464246424,1,16,0.0,0,1
482,4486,4935,0,5,,,,1.0,,,,,0.9088330632090762,910.0,0.5296703296703297,1,11,0.0,0,1
458,4447,4807,0,1,,,,1.0,7200.0,,,,0.9249168053244592,910.0,0.5032967032967033,1,16,0.0,0,1
507,4032,4414,0,5,,,,1.0,,,,,0.9132502831257078,910.0,0.5571428571428572,0,15,0.0,0,1
437,4159,4483,0,3,,,,1.0,10800.0,,,,0.9275200713648528,904.0,0.4834070796460177,1,15,0.0,0,1
460,3800,4185,0,2,,,,1.0,,,,,0.9077878643096035,910.0,0.5054945054945055,1,9,0.0,0,1
467,4116,4527,0,6,,,,1.0,,,,,0.9090106007067138,910.0,0.5131868131868131,1,13,0.0,0,1
441,4317,4749,0,5,,,,1.0,7200.0,,,,0.9088421052631579,910.0,0.4846153846153846,1,12,0.0,0,1
439,4514,4730,0,6,,,,1.0,7200.0,,,,0.9541323187486789,910.0,0.4824175824175824,1,4,0.0,0,1
460,4200,4435,0,4,,,,1.0,7200.0,,,,0.9467989179440938,910.0,0.5054945054945055,1,9,0.25,1,1
901,128,472,383,0,,,,1.0,-25200.0,,,,0.27061310782241016,843.0,1.0688018979833926,1,11,0.2,1,1
359,5197,5568,0,3,,,,1.0,10800.0,,,,0.9332016520021548,875.0,0.4102857142857143,1,6,0.0,0,1
120,0,0,0,0,,,,1.0,10800.0,,,,0.0,875.0,0.13714285714285715,1,15,0.0,0,1
79,1,0,0,0,,,,1.0,10800.0,,,,1.0,875.0,0.09028571428571429,1,13,0.0,0,1
213,4107,4432,0,5,,,,1.0,10800.0,,,,0.9264606361380555,875.0,0.24342857142857144,1,2,0.0,0,1
33,0,0,0,0,,,,1.0,10800.0,,,,0.0,865.0,0.03815028901734104,1,15,0.0,0,1
321,5868,6198,0,7,,,,1.0,10800.0,,,,0.9466042910146798,875.0,0.3668571428571429,1,5,0.0,0,1
257,4992,5250,0,1,,,,1.0,10800.0,,,,0.9506760617025328,875.0,0.2937142857142857,1,7,0.0,0,1
137,0,0,0,0,,,,1.0,10800.0,,,,0.0,875.0,0.15657142857142858,1,16,0.0,0,1
124,2,0,0,0,,,,1.0,10800.0,,,,2.0,875.0,0.1417142857142857,1,16,0.0,0,1
62,0,0,0,0,,,,1.0,10800.0,,,,0.0,875.0,0.07085714285714285,1,16,0.0,0,1
309,5446,5989,0,9,,,,1.0,10800.0,,,,0.9091819699499165,875.0,0.35314285714285715,1,7,0.0,0,1
131,544,685,0,0,,,,1.0,10800.0,,,,0.793002915451895,875.0,0.14971428571428572,1,13,0.14285714285714285,1,1
161,480,671,0,0,,,,1.0,10800.0,,,,0.7142857142857143,875.0,0.184,1,14,0.0,0,1
63,0,0,0,0,,,,1.0,10800.0,,,,0.0,872.0,0.07224770642201835,1,10,0.0,0,1
48,0,0,0,0,,,,1.0,10800.0,,,,0.0,873.0,0.054982817869415807,1,10,0.0,0,1
116,18,28,0,0,,,,1.0,10800.0,,,,0.6206896551724138,874.0,0.13272311212814644,1,12,0.0,0,1
137,0,0,0,0,,,,1.0,10800.0,,,,0.0,875.0,0.15657142857142858,1,14,0.0,0,1
100,0,0,0,0,,,,1.0,10800.0,,,,0.0,874.0,0.11441647597254005,1,16,0.0,0,1
72,0,0,0,0,,,,1.0,10800.0,,,,0.0,875.0,0.08228571428571428,1,12,0.0,0,1
231,4936,5228,0,5,,,,1.0,10800.0,,,,0.943966341556703,873.0,0.2646048109965636,1,6,0.0,0,1
123,0,0,0,0,,,,1.0,10800.0,,,,0.0,875.0,0.14057142857142857,1,13,0.0,0,1
270,5537,6062,0,11,,,,1.0,10800.0,,,,0.913244268513937,875.0,0.30857142857142855,1,6,0.0,0,1
128,222,294,0,0,,,,1.0,10800.0,,,,0.752542372881356,872.0,0.14678899082568808,1,16,0.0,0,1
140,296,345,0,1,,,,1.0,10800.0,,,,0.8554913294797688,875.0,0.16,1,11,0.0,0,1
130,0,0,0,0,,,,1.0,10800.0,,,,0.0,875.0,0.14857142857142858,1,14,0.13333333333333333,1,1
82,1,0,0,0,,,,1.0,10800.0,,,,1.0,873.0,0.09392898052691867,1,15,0.0,0,1
287,4435,4825,0,14,,,,1.0,10800.0,,,,0.9189805221715707,875.0,0.328,1,5,0.0,0,1
54,0,0,0,0,,,,1.0,10800.0,,,,0.0,873.0,0.061855670103092786,1,12,0.0,0,1
149,232,341,0,0,,,,1.0,10800.0,,,,0.6783625730994152,875.0,0.1702857142857143,1,15,0.0,0,1
144,534,653,0,1,,,,1.0,10800.0,,,,0.8165137614678899,875.0,0.16457142857142856,1,18,0.0,0,1
139,281,334,0,0,,,,1.0,10800.0,,,,0.8388059701492537,875.0,0.15885714285714286,1,12,0.0,0,1
104,0,0,0,0,,,,1.0,10800.0,,,,0.0,875.0,0.11885714285714286,1,13,0.07692307692307693,1,1
135,0,0,0,0,,,,1.0,10800.0,,,,0.0,875.0,0.15428571428571428,1,13,0.0,0,1
330,5046,5546,0,10,,,,1.0,10800.0,,,,0.9096809085992429,875.0,0.37714285714285717,1,6,0.0,0,1
48,0,0,0,0,,,,1.0,10800.0,,,,0.0,874.0,0.05491990846681922,1,12,0.15384615384615385,1,1
141,231,283,0,0,,,,1.0,10800.0,,,,0.8133802816901409,874.0,0.16132723112128147,1,13,0.0,0,1
20,0,0,0,0,,,,1.0,10800.0,,,,0.0,873.0,0.022909507445589918,1,16,0.0,0,1
43,0,0,0,0,,,,1.0,10800.0,,,,0.0,875.0,0.04914285714285714,1,13,0.0,0,1
31,0,0,0,0,,,,1.0,10800.0,,,,0.0,875.0,0.03542857142857143,1,12,0.0,0,1
86,21,33,0,0,,,,1.0,10800.0,,,,0.6176470588235294,875.0,0.09828571428571428,1,14,0.0,0,1
67,1,0,0,0,,,,1.0,10800.0,,,,1.0,875.0,0.07657142857142857,1,13,0.0,0,1
120,266,339,0,0,,,,1.0,10800.0,,,,0.7823529411764706,875.0,0.13714285714285715,1,13,0.0,0,1
116,0,0,0,0,,,,1.0,10800.0,,,,0.0,875.0,0.13257142857142856,1,13,0.0,0,1
57,0,0,0,0,,,,1.0,10800.0,,,,0.0,875.0,0.06514285714285714,1,13,0.0,0,1
47,1,0,0,0,,,,1.0,10800.0,,,,1.0,875.0,0.053714285714285714,1,16,0.0,0,1
63,0,0,0,0,,,,1.0,10800.0,,,,0.0,874.0,0.07208237986270023,1,16,0.0,0,1
131,235,296,0,0,,,,1.0,10800.0,,,,0.7912457912457912,875.0,0.14971428571428572,1,12,0.0,0,1
121,0,0,0,0,,,,1.0,10800.0,,,,0.0,875.0,0.1382857142857143,1,14,0.0,0,1
136,281,340,0,0,,,,1.0,10800.0,,,,0.8240469208211144,875.0,0.15542857142857142,1,13,0.0,0,1
47,0,0,0,0,,,,1.0,10800.0,,,,0.0,874.0,0.05377574370709382,1,13,0.0,0,1
71,0,0,0,0,,,,1.0,10800.0,,,,0.0,875.0,0.08114285714285714,1,16,0.0,0,1
147,282,357,0,1,,,,1.0,10800.0,,,,0.7877094972067039,875.0,0.168,1,12,0.0,0,1
78,0,0,0,0,,,,1.0,10800.0,,,,0.0,875.0,0.08914285714285715,1,15,0.06666666666666667,1,1
40,1,0,0,0,,,,1.0,10800.0,,,,1.0,875.0,0.045714285714285714,1,15,0.0,0,1
68,0,0,0,0,,,,1.0,10800.0,,,,0.0,875.0,0.07771428571428571,1,15,0.0,0,1
131,254,331,0,1,,,,1.0,10800.0,,,,0.7650602409638554,875.0,0.14971428571428572,1,13,0.0,0,1
282,4894,5379,0,5,,,,1.0,10800.0,,,,0.9096654275092937,873.0,0.3230240549828179,1,7,0.0,0,1
134,0,0,0,0,,,,1.0,10800.0,,,,0.0,875.0,0.15314285714285714,1,15,0.0,0,1
117,1,0,0,0,,,,1.0,10800.0,,,,1.0,874.0,0.13386727688787187,1,15,0.0,0,1
258,4622,4905,0,9,,,,1.0,10800.0,,,,0.9421116999592336,875.0,0.2948571428571429,1,13,0.0,0,1
275,3831,4216,0,1,,,,1.0,10800.0,,,,0.9084657339340764,875.0,0.3142857142857143,0,12,0.0,0,1
131,1,0,0,0,,,,1.0,10800.0,,,,1.0,875.0,0.14971428571428572,1,15,0.0,0,1
233,3733,4106,0,3,,,,1.0,10800.0,,,,0.908935962990017,875.0,0.2662857142857143,1,3,0.0,0,1
390,5270,5253,0,6,,,,1.0,10800.0,,,,1.0030452988199468,875.0,0.44571428571428573,1,4,0.14285714285714285,1,1
117,2,7,0,0,,,,1.0,10800.0,,,,0.25,873.0,0.13402061855670103,1,14,0.0,0,1
98,1,0,0,0,,,,1.0,10800.0,,,,1.0,875.0,0.112,1,14,0.0,0,1
96,22,36,0,1,,,,1.0,10800.0,,,,0.5945945945945946,875.0,0.10971428571428571,1,12,0.0,0,1
110,1,0,0,0,,,,1.0,10800.0,,,,1.0,871.0,0.12629161882893225,1,13,0.0,0,1
110,222,287,0,1,,,,1.0,10800.0,,,,0.7708333333333334,869.0,0.12658227848101267,1,11,0.16666666666666666,1,1
116,290,366,0,1,,,,1.0,10800.0,,,,0.7901907356948229,875.0,0.13257142857142856,1,16,0.0,0,1
66,0,0,0,0,,,,1.0,10800.0,,,,0.0,875.0,0.07542857142857143,1,16,0.0,0,1
291,4548,4685,0,2,,,,1.0,10800.0,,,,0.970550576184379,873.0,0.3333333333333333,1,7,0.0,0,1
294,4879,5251,0,4,,,,1.0,10800.0,,,,0.928979436405179,875.0,0.336,1,6,0.0,0,1
115,1,0,0,0,,,,1.0,10800.0,,,,1.0,875.0,0.13142857142857142,1,17,0.07142857142857142,1,1
108,0,0,0,0,,,,1.0,10800.0,,,,0.0,873.0,0.12371134020618557,1,14,0.0,0,1
125,0,0,0,0,,,,1.0,10800.0,,,,0.0,875.0,0.14285714285714285,1,13,0.0,0,1
365,6135,6660,0,6,,,,1.0,10800.0,,,,0.9210328779462543,875.0,0.41714285714285715,1,7,0.0,0,1
55,2,0,0,0,,,,1.0,10800.0,,,,2.0,874.0,0.06292906178489703,1,13,0.0,0,1
120,248,361,0,0,,,,1.0,10800.0,,,,0.6850828729281768,875.0,0.13714285714285715,1,11,0.0,0,1
304,4292,4717,0,6,,,,1.0,10800.0,,,,0.9097075031793133,875.0,0.3474285714285714,1,6,0.0,0,1
79,0,0,0,0,,,,1.0,10800.0,,,,0.0,875.0,0.09028571428571429,1,15,0.0,0,1
138,0,0,0,0,,,,1.0,10800.0,,,,0.0,875.0,0.15771428571428572,1,14,0.0,0,1
110,0,0,0,0,,,,1.0,10800.0,,,,0.0,875.0,0.12571428571428572,1,14,0.0,0,1
135,297,338,0,0,,,,1.0,10800.0,,,,0.8761061946902655,875.0,0.15428571428571428,1,12,0.0,0,1
41,0,0,0,0,,,,1.0,10800.0,,,,0.0,875.0,0.046857142857142854,1,13,0.0,0,1
148,0,0,0,0,,,,1.0,10800.0,,,,0.0,875.0,0.16914285714285715,1,12,0.15384615384615385,1,1
42,0,0,0,0,,,,1.0,10800.0,,,,0.0,873.0,0.048109965635738834,1,15,0.0,0,1
95,19,40,0,0,,,,1.0,10800.0,,,,0.4634146341463415,874.0,0.10869565217391304,1,12,0.0,0,1
93,0,0,0,0,,,,1.0,10800.0,,,,0.0,868.0,0.10714285714285714,1,15,0.0,0,1
57,0,0,0,0,,,,1.0,10800.0,,,,0.0,874.0,0.06521739130434782,1,14,0.0,0,1
120,0,0,0,0,,,,1.0,10800.0,,,,0.0,872.0,0.13761467889908258,1,16,0.0,0,1
252,4618,4798,0,7,,,,1.0,10800.0,,,,0.9622838091269015,874.0,0.28832951945080093,1,3,0.0,0,1
310,4371,4649,0,2,,,,1.0,10800.0,,,,0.94,874.0,0.35469107551487417,1,4,0.0,0,1
50,0,0,0,0,,,,1.0,10800.0,,,,0.0,874.0,0.057208237986270026,1,14,0.0,0,1
58,0,0,0,0,,,,1.0,10800.0,,,,0.0,868.0,0.06682027649769585,1,15,0.0,0,1
118,0,0,0,0,,,,1.0,10800.0,,,,0.0,872.0,0.1353211009174312,1,16,0.0,0,1
93,34,41,0,0,,,,1.0,10800.0,,,,0.8095238095238095,874.0,0.10640732265446225,1,14,0.0,0,1
295,4419,4861,0,4,,,,1.0,10800.0,,,,0.9088852324146441,874.0,0.33752860411899316,1,12,0.0,0,1
111,206,277,0,0,,,,1.0,10800.0,,,,0.7410071942446043,869.0,0.1277330264672037,1,11,0.0,0,1
149,1,0,0,0,,,,1.0,10800.0,,,,1.0,874.0,0.17048054919908467,1,13,0.0,0,1
296,4617,4852,0,3,,,,1.0,10800.0,,,,0.9513702864207707,864.0,0.3425925925925926,1,13,0.14285714285714285,1,1
128,297,332,0,0,,,,1.0,10800.0,,,,0.8918918918918919,874.0,0.14645308924485126,1,16,0.0,0,1
81,0,0,0,0,,,,1.0,10800.0,,,,0.0,874.0,0.09267734553775744,1,15,0.0,0,1
145,296,362,0,0,,,,1.0,10800.0,,,,0.8154269972451791,874.0,0.16590389016018306,1,15,0.0,0,1
109,1,0,0,0,,,,1.0,10800.0,,,,1.0,874.0,0.12471395881006865,1,13,0.0,0,1
153,241,341,0,1,,,,1.0,10800.0,,,,0.7046783625730995,874.0,0.17505720823798626,1,16,0.0,0,1
150,0,0,0,0,,,,1.0,10800.0,,,,0.0,874.0,0.17162471395881007,1,13,0.0,0,1
302,5149,5484,0,6,,,,1.0,10800.0,,,,0.9387420237010027,874.0,0.34553775743707094,1,5,0.0,0,1
259,4208,4605,0,2,,,,1.0,10800.0,,,,0.9135909683022145,874.0,0.2963386727688787,1,7,0.0,0,1
121,0,0,0,0,,,,1.0,10800.0,,,,0.0,872.0,0.13876146788990826,1,16,0.0,0,1
309,4803,5272,0,5,,,,1.0,10800.0,,,,0.9108666793096909,873.0,0.3539518900343643,1,5,0.0,0,1
65,0,0,0,0,,,,1.0,10800.0,,,,0.0,858.0,0.07575757575757576,1,14,0.0,0,1
299,4328,4751,0,8,,,,1.0,10800.0,,,,0.9107744107744108,874.0,0.34210526315789475,1,4,0.0,0,1
138,314,394,0,0,,,,1.0,10800.0,,,,0.7949367088607595,874.0,0.15789473684210525,1,15,0.0,0,1
144,303,361,0,0,,,,1.0,10800.0,,,,0.8370165745856354,874.0,0.16475972540045766,1,14,0.0,0,1
49,1,0,0,0,,,,1.0,10800.0,,,,1.0,874.0,0.05606407322654462,1,15,0.0,0,1
287,5188,5705,0,6,,,,1.0,10800.0,,,,0.9092183666316158,874.0,0.32837528604118993,1,5,0.0,0,1
106,27,35,0,0,,,,1.0,10800.0,,,,0.75,874.0,0.12128146453089245,1,11,0.0,0,1
66,2,0,0,0,,,,1.0,10800.0,,,,2.0,874.0,0.07551487414187644,1,15,0.0,0,1
30,0,0,0,0,,,,1.0,10800.0,,,,0.0,874.0,0.034324942791762014,1,12,0.0,0,1
110,15,27,0,0,,,,1.0,10800.0,,,,0.5357142857142857,874.0,0.12585812356979406,1,13,0.0,0,1
139,386,523,0,0,,,,1.0,10800.0,,,,0.7366412213740458,870.0,0.15977011494252874,1,16,0.0,0,1
88,1,0,0,0,,,,1.0,10800.0,,,,1.0,874.0,0.10068649885583524,1,13,0.0,0,1
105,0,0,0,0,,,,1.0,10800.0,,,,0.0,874.0,0.12013729977116705,1,15,0.0,0,1
129,250,328,0,0,,,,1.0,10800.0,,,,0.7598784194528876,874.0,0.14759725400457666,1,13,0.0,0,1
158,462,664,0,0,,,,1.0,10800.0,,,,0.6947368421052632,874.0,0.18077803203661327,1,15,0.0,0,1
248,4607,4932,0,5,,,,1.0,10800.0,,,,0.9339144536793027,874.0,0.2837528604118993,1,6,0.0,0,1
55,1,0,0,0,,,,1.0,10800.0,,,,1.0,874.0,0.06292906178489703,1,15,0.0,0,1
124,0,0,0,1,,,,1.0,10800.0,,,,0.0,874.0,0.14187643020594964,1,15,0.0,0,1
50,0,0,0,0,,,,1.0,10800.0,,,,0.0,874.0,0.057208237986270026,1,13,0.0,0,1
44,0,0,0,0,,,,1.0,10800.0,,,,0.0,874.0,0.05034324942791762,1,13,0.0,0,1
31,0,0,0,0,,,,1.0,10800.0,,,,0.0,874.0,0.03546910755148741,1,13,0.0,0,1
127,0,0,0,0,,,,1.0,10800.0,,,,0.0,874.0,0.14530892448512586,1,14,0.0,0,1
116,0,0,0,0,,,,1.0,10800.0,,,,0.0,874.0,0.13272311212814644,1,11,0.0,0,1
131,0,0,0,0,,,,1.0,10800.0,,,,0.0,874.0,0.14988558352402745,1,15,0.0,0,1
54,0,0,0,0,,,,1.0,10800.0,,,,0.0,874.0,0.06178489702517163,1,14,0.0,0,1
117,0,0,0,0,,,,1.0,10800.0,,,,0.0,870.0,0.13448275862068965,1,13,0.0,0,1
112,0,0,0,0,,,,1.0,10800.0,,,,0.0,874.0,0.12814645308924486,1,16,0.0,0,1
338,4771,5028,0,8,,,,1.0,10800.0,,,,0.9486975541857228,874.0,0.38672768878718533,1,5,0.0,0,1
190,1991,2102,0,0,,,,1.0,10800.0,,,,0.9467427484545887,874.0,0.21739130434782608,1,4,0.0,0,1
362,5017,5405,0,7,,,,1.0,10800.0,,,,0.9280429152793193,874.0,0.41418764302059496,1,5,0.0,0,1
143,0,0,0,0,,,,1.0,10800.0,,,,0.0,874.0,0.16361556064073227,1,11,0.0,0,1
334,6193,6432,1,7,,,,1.0,10800.0,,,,0.9626923674801803,872.0,0.3830275229357798,1,8,0.0,0,1
56,2,0,0,0,,,,1.0,10800.0,,,,2.0,874.0,0.06407322654462243,1,15,0.0,0,1
118,0,0,0,0,,,,1.0,10800.0,,,,0.0,871.0,0.1354764638346728,1,15,0.0,0,1
124,191,288,0,0,,,,1.0,10800.0,,,,0.6608996539792388,869.0,0.142692750287687,1,16,0.0,0,1
75,4,0,0,0,,,,1.0,10800.0,,,,4.0,874.0,0.08581235697940504,1,14,0.0,0,1
46,1,0,0,0,,,,1.0,10800.0,,,,1.0,874.0,0.05263157894736842,1,12,0.15384615384615385,1,1
125,222,314,0,0,,,,1.0,10800.0,,,,0.7047619047619048,873.0,0.143184421534937,1,16,0.0,0,1
41,0,0,0,0,,,,1.0,10800.0,,,,0.0,874.0,0.04691075514874142,1,14,0.0,0,1
128,287,357,0,0,,,,1.0,10800.0,,,,0.8016759776536313,874.0,0.14645308924485126,1,12,0.0,0,1
258,4089,4166,0,2,,,,1.0,10800.0,,,,0.9812814974802015,869.0,0.29689298043728424,1,5,0.0,0,1
56,0,0,0,0,,,,1.0,10800.0,,,,0.0,874.0,0.06407322654462243,1,13,0.14285714285714285,1,1
42,0,0,0,0,,,,1.0,10800.0,,,,0.0,873.0,0.048109965635738834,1,14,0.0,0,1
257,4723,5195,0,5,,,,1.0,10800.0,,,,0.9089684372594303,874.0,0.2940503432494279,1,3,0.0,0,1
41,0,0,0,0,,,,1.0,10800.0,,,,0.0,873.0,0.046964490263459335,1,15,0.0,0,1
276,4666,5132,0,7,,,,1.0,10800.0,,,,0.9090200662380674,870.0,0.31724137931034485,1,6,0.0,0,1
121,31,38,0,0,,,,1.0,10800.0,,,,0.7948717948717948,874.0,0.13844393592677345,1,15,0.0,0,1
126,267,348,0,0,,,,1.0,10800.0,,,,0.7650429799426934,874.0,0.14416475972540047,1,13,0.0,0,1
119,2,0,0,0,,,,1.0,10800.0,,,,2.0,873.0,0.13631156930126,1,12,0.0,0,1
112,0,0,0,0,,,,1.0,10800.0,,,,0.0,874.0,0.12814645308924486,1,11,0.0,0,1
34,0,0,0,0,,,,1.0,10800.0,,,,0.0,874.0,0.038901601830663615,1,15,0.0,0,1
156,0,0,0,0,,,,1.0,10800.0,,,,0.0,871.0,0.1791044776119403,1,14,0.0,0,1
27,0,0,0,0,,,,1.0,10800.0,,,,0.0,872.0,0.03096330275229358,1,13,0.0,0,1
31,0,0,0,0,,,,1.0,10800.0,,,,0.0,870.0,0.035632183908045977,1,13,0.0,0,1
126,456,574,0,0,,,,1.0,10800.0,,,,0.7930434782608695,872.0,0.1444954128440367,1,14,0.0,0,1
38,0,0,0,0,,,,1.0,10800.0,,,,0.0,874.0,0.043478260869565216,1,13,0.0,0,1
132,0,0,0,0,,,,1.0,10800.0,,,,0.0,874.0,0.15102974828375287,1,14,0.0,0,1
69,0,0,0,0,,,,1.0,10800.0,,,,0.0,874.0,0.07894736842105263,1,14,0.0,0,1
257,5130,5623,0,9,,,,1.0,10800.0,,,,0.9121621621621622,872.0,0.2947247706422018,1,5,0.0,0,1
117,0,0,0,0,,,,1.0,10800.0,,,,0.0,872.0,0.1341743119266055,1,16,0.0,0,1
66,0,0,0,0,,,,1.0,10800.0,,,,0.0,874.0,0.07551487414187644,1,12,0.0,0,1
131,1,0,0,0,,,,1.0,10800.0,,,,1.0,874.0,0.14988558352402745,1,16,0.0,0,1
62,0,0,0,0,,,,1.0,10800.0,,,,0.0,873.0,0.07101947308132875,1,14,0.0,0,1
144,0,0,0,0,,,,1.0,10800.0,,,,0.0,874.0,0.16475972540045766,1,15,0.0,0,1
350,4593,4793,0,6,,,,1.0,10800.0,,,,0.958072590738423,874.0,0.40045766590389015,1,5,0.0,0,1
75,0,0,0,0,,,,1.0,10800.0,,,,0.0,874.0,0.08581235697940504,1,15,0.0,0,1
218,2904,3119,0,1,,,,1.0,10800.0,,,,0.9307692307692308,874.0,0.2494279176201373,1,4,0.0,0,1
57,0,0,0,0,,,,1.0,10800.0,,,,0.0,874.0,0.06521739130434782,1,15,0.0,0,1
84,0,0,0,0,,,,1.0,10800.0,,,,0.0,874.0,0.09610983981693363,1,15,0.0,0,1
145,1,22,0,0,,,,1.0,10800.0,,,,0.043478260869565216,874.0,0.16590389016018306,1,13,0.0,0,1
283,3719,3838,0,1,,,,1.0,10800.0,,,,0.9687418598593384,872.0,0.32454128440366975,1,7,0.0,0,1
120,1,0,0,0,,,,1.0,10800.0,,,,1.0,874.0,0.13729977116704806,1,11,0.0,0,1
306,105,0,0,1,,,,1.0,,,,,105.0,873.0,0.35051546391752575,0,15,0.0,0,1
124,0,0,0,0,,,,1.0,10800.0,,,,0.0,874.0,0.14187643020594964,1,17,0.0,0,1
57,0,0,0,0,,,,1.0,10800.0,,,,0.0,874.0,0.06521739130434782,1,13,0.14285714285714285,1,1
111,0,0,0,0,,,,1.0,10800.0,,,,0.0,872.0,0.12729357798165136,1,13,0.0,0,1
33,0,0,0,0,,,,1.0,10800.0,,,,0.0,874.0,0.03775743707093822,1,11,0.0,0,1
146,2666,2930,0,1,,,,1.0,10800.0,,,,0.9095871716137837,874.0,0.16704805491990846,1,6,0.0,0,1
316,4423,4359,0,4,,,,1.0,10800.0,,,,1.0144495412844037,874.0,0.36155606407322655,1,5,0.0,0,1
64,0,0,0,0,,,,1.0,10800.0,,,,0.0,870.0,0.0735632183908046,1,14,0.13333333333333333,1,1
284,1972,1765,0,2,,,,1.0,,,,,1.116647791619479,874.0,0.32494279176201374,1,12,0.0,0,1
271,4812,5232,0,4,,,,1.0,10800.0,,,,0.9195490158608829,874.0,0.3100686498855835,1,5,0.0,0,1
133,301,352,0,0,,,,1.0,10800.0,,,,0.8526912181303116,874.0,0.15217391304347827,1,15,0.0,0,1
113,0,0,0,0,,,,1.0,10800.0,,,,0.0,874.0,0.12929061784897025,1,14,0.13333333333333333,1,1
53,1,0,0,0,,,,1.0,10800.0,,,,1.0,874.0,0.06064073226544622,1,12,0.0,0,1
218,4394,4352,0,5,,,,1.0,10800.0,,,,1.009418791637951,870.0,0.25057471264367814,1,9,0.0,0,1
241,4030,4435,0,2,,,,1.0,10800.0,,,,0.9084761045987376,874.0,0.2757437070938215,1,6,0.0,0,1
121,1,0,0,0,,,,1.0,10800.0,,,,1.0,874.0,0.13844393592677345,1,11,0.0,0,1
303,6045,6564,0,6,,,,1.0,10800.0,,,,0.9207920792079208,874.0,0.34668192219679633,1,9,0.0,0,1
16,0,0,0,0,,,,1.0,10800.0,,,,0.0,864.0,0.018518518518518517,1,16,0.0,0,1
284,5051,5557,0,6,,,,1.0,10800.0,,,,0.9087801367398345,874.0,0.32494279176201374,1,6,0.0,0,1
116,1,0,0,0,,,,1.0,10800.0,,,,1.0,874.0,0.13272311212814644,1,11,0.0,0,1
43,0,0,0,0,,,,1.0,10800.0,,,,0.0,873.0,0.049255441008018326,1,11,0.16666666666666666,1,1
98,17,31,0,0,,,,1.0,10800.0,,,,0.53125,874.0,0.11212814645308924,1,16,0.0,0,1
253,3491,3705,0,3,,,,1.0,10800.0,,,,0.9419859686994063,873.0,0.2898052691867125,0,15,0.0,0,1
112,3,0,0,0,,,,1.0,10800.0,,,,3.0,874.0,0.12814645308924486,1,13,0.0,0,1
68,0,0,0,0,,,,1.0,10800.0,,,,0.0,874.0,0.07780320366132723,1,14,0.0,0,1
115,0,0,0,0,,,,1.0,10800.0,,,,0.0,874.0,0.13157894736842105,1,12,0.0,0,1
219,3834,3850,0,4,,,,1.0,10800.0,,,,0.9955855621916385,874.0,0.2505720823798627,1,7,0.0,0,1
42,0,0,0,0,,,,1.0,10800.0,,,,0.0,870.0,0.04827586206896552,1,15,0.0,0,1
246,3740,3805,0,3,,,,1.0,10800.0,,,,0.9826589595375722,874.0,0.2814645308924485,1,4,0.0,0,1
126,389,590,0,1,,,,1.0,10800.0,,,,0.6582064297800339,872.0,0.1444954128440367,1,13,0.14285714285714285,1,1
37,0,0,0,0,,,,1.0,10800.0,,,,0.0,872.0,0.04243119266055046,1,15,0.0,0,1
66,0,0,0,0,,,,1.0,10800.0,,,,0.0,874.0,0.07551487414187644,1,13,0.0,0,1
237,4624,4740,0,6,,,,1.0,10800.0,,,,0.9753216620966041,874.0,0.2711670480549199,1,8,0.0,0,1
237,4785,5059,0,7,,,,1.0,10800.0,,,,0.9456521739130435,874.0,0.2711670480549199,1,6,0.0,0,1
329,5205,5559,0,8,,,,1.0,10800.0,,,,0.9361510791366906,874.0,0.37643020594965676,1,3,0.0,0,1
85,0,0,0,0,,,,1.0,10800.0,,,,0.0,873.0,0.09736540664375716,1,13,0.0,0,1
204,2705,2972,0,3,,,,1.0,10800.0,,,,0.9098553649512278,874.0,0.2334096109839817,1,5,0.0,0,1
41,0,0,0,0,,,,1.0,10800.0,,,,0.0,874.0,0.04691075514874142,1,16,0.0,0,1
56,0,0,0,0,,,,1.0,10800.0,,,,0.0,874.0,0.06407322654462243,1,15,0.0,0,1
129,15,30,0,0,,,,1.0,10800.0,,,,0.4838709677419355,874.0,0.14759725400457666,1,17,0.0,0,1
103,0,0,0,0,,,,1.0,10800.0,,,,0.0,872.0,0.11811926605504587,1,18,0.0,0,1
53,0,0,0,0,,,,1.0,10800.0,,,,0.0,874.0,0.06064073226544622,1,14,0.0,0,1
140,233,351,0,0,,,,1.0,10800.0,,,,0.6619318181818182,874.0,0.16018306636155608,1,14,0.0,0,1
132,226,316,0,2,,,,1.0,10800.0,,,,0.7129337539432177,874.0,0.15102974828375287,1,13,0.0,0,1
12,0,0,0,0,,,,1.0,10800.0,,,,0.0,870.0,0.013793103448275862,1,13,0.0,0,1
289,4551,4890,0,6,,,,1.0,10800.0,,,,0.9304845634839501,874.0,0.3306636155606407,1,6,0.0,0,1
117,0,0,0,0,,,,1.0,10800.0,,,,0.0,874.0,0.13386727688787187,1,13,0.0,0,1
75,0,0,0,0,,,,1.0,10800.0,,,,0.0,874.0,0.08581235697940504,1,13,0.0,0,1
53,0,0,0,0,,,,1.0,10800.0,,,,0.0,872.0,0.06077981651376147,1,13,0.0,0,1
62,0,0,0,0,,,,1.0,10800.0,,,,0.0,874.0,0.07093821510297482,1,15,0.0,0,1
320,5585,6080,0,6,,,,1.0,10800.0,,,,0.9184344680151291,871.0,0.36739380022962115,1,9,0.0,0,1
114,1,0,0,0,,,,1.0,10800.0,,,,1.0,871.0,0.13088404133180254,1,14,0.0,0,1
260,4472,4753,0,4,,,,1.0,10800.0,,,,0.9406815313420278,874.0,0.2974828375286041,1,6,0.0,0,1
133,23,33,0,0,,,,1.0,10800.0,,,,0.6764705882352942,874.0,0.15217391304347827,1,15,0.0,0,1
126,1,0,0,0,,,,1.0,10800.0,,,,1.0,874.0,0.14416475972540047,1,12,0.15384615384615385,1,1
132,234,329,0,0,,,,1.0,10800.0,,,,0.7090909090909091,873.0,0.15120274914089346,1,13,0.0,0,1
40,1,0,0,0,,,,1.0,10800.0,,,,1.0,874.0,0.04576659038901602,1,15,0.0,0,1
22,0,0,0,0,,,,1.0,10800.0,,,,0.0,874.0,0.02517162471395881,1,13,0.0,0,1
284,4670,5107,0,7,,,,1.0,10800.0,,,,0.9142521534847299,874.0,0.32494279176201374,1,5,0.0,0,1
41,0,0,0,0,,,,1.0,10800.0,,,,0.0,874.0,0.04691075514874142,1,11,0.0,0,1
121,2,0,0,0,,,,1.0,10800.0,,,,2.0,874.0,0.13844393592677345,1,14,0.0,0,1
43,0,0,0,0,,,,1.0,10800.0,,,,0.0,874.0,0.04919908466819222,1,15,0.0,0,1
31,0,0,0,0,,,,1.0,10800.0,,,,0.0,874.0,0.03546910755148741,1,15,0.0,0,1
127,0,0,0,0,,,,1.0,10800.0,,,,0.0,874.0,0.14530892448512586,1,13,0.14285714285714285,1,1
48,0,0,0,0,,,,1.0,10800.0,,,,0.0,874.0,0.05491990846681922,1,16,0.0,0,1
24,0,0,0,0,,,,1.0,10800.0,,,,0.0,874.0,0.02745995423340961,1,13,0.0,0,1
21,0,0,0,0,,,,1.0,10800.0,,,,0.0,874.0,0.02402745995423341,1,15,0.0,0,1
94,0,0,0,0,,,,1.0,10800.0,,,,0.0,867.0,0.10841983852364476,1,15,0.0,0,1
284,4008,4394,0,4,,,,1.0,10800.0,,,,0.9119453924914676,874.0,0.32494279176201374,1,5,0.0,0,1
142,266,340,0,0,,,,1.0,10800.0,,,,0.7800586510263929,874.0,0.16247139588100687,1,11,0.0,0,1
308,5318,5849,0,10,,,,1.0,10800.0,,,,0.9090598290598291,874.0,0.3524027459954233,1,6,0.0,0,1
126,177,277,0,0,,,,1.0,10800.0,,,,0.6366906474820144,870.0,0.14482758620689656,1,11,0.0,0,1
124,0,0,0,0,,,,1.0,10800.0,,,,0.0,874.0,0.14187643020594964,1,16,0.0,0,1
77,0,0,0,0,,,,1.0,10800.0,,,,0.0,874.0,0.08810068649885583,1,14,0.0,0,1
312,4372,4571,0,8,,,,1.0,10800.0,,,,0.9562554680664916,874.0,0.35697940503432496,0,15,0.0,0,1
76,0,0,0,0,,,,1.0,10800.0,,,,0.0,871.0,0.08725602755453502,1,16,0.0,0,1
138,17,30,0,1,,,,1.0,10800.0,,,,0.5483870967741935,874.0,0.15789473684210525,1,15,0.0,0,1
144,19,41,0,0,,,,1.0,10800.0,,,,0.4523809523809524,874.0,0.16475972540045766,1,16,0.0,0,1
71,0,0,0,0,,,,1.0,10800.0,,,,0.0,874.0,0.08123569794050343,1,13,0.0,0,1
70,0,0,0,0,,,,1.0,10800.0,,,,0.0,874.0,0.08009153318077804,1,13,0.0,0,1
250,4780,5240,0,4,,,,1.0,10800.0,,,,0.9120396870826178,874.0,0.28604118993135014,1,3,0.0,0,1
129,5,0,0,0,,,,1.0,10800.0,,,,5.0,874.0,0.14759725400457666,1,16,0.0,0,1
254,3633,3964,0,3,,,,1.0,10800.0,,,,0.9162673392181588,873.0,0.290950744558992,1,6,0.0,0,1
43,0,0,0,0,,,,1.0,10800.0,,,,0.0,873.0,0.049255441008018326,1,15,0.0,0,1
142,0,0,0,0,,,,1.0,10800.0,,,,0.0,874.0,0.16247139588100687,1,10,0.0,0,1
134,245,318,0,0,,,,1.0,10800.0,,,,0.768025078369906,874.0,0.15331807780320367,1,16,0.0,0,1
122,263,348,0,0,,,,1.0,10800.0,,,,0.7535816618911175,874.0,0.13958810068649885,1,15,0.0,0,1
32,1,0,0,0,,,,1.0,10800.0,,,,1.0,873.0,0.03665521191294387,1,15,0.0,0,1
149,234,331,0,0,,,,1.0,10800.0,,,,0.7048192771084337,874.0,0.17048054919908467,1,12,0.0,0,1
35,0,0,0,0,,,,1.0,10800.0,,,,0.0,873.0,0.04009163802978236,1,16,0.0,0,1
131,20,40,0,0,,,,1.0,10800.0,,,,0.4878048780487805,874.0,0.14988558352402745,1,18,0.0,0,1
48,0,0,0,0,,,,1.0,10800.0,,,,0.0,874.0,0.05491990846681922,1,13,0.0,0,1
46,0,0,0,0,,,,1.0,10800.0,,,,0.0,874.0,0.05263157894736842,1,16,0.0,0,1
131,528,664,0,1,,,,1.0,10800.0,,,,0.793984962406015,874.0,0.14988558352402745,1,10,0.18181818181818182,1,1
126,0,0,0,0,,,,1.0,10800.0,,,,0.0,872.0,0.1444954128440367,1,16,0.0,0,1
131,0,0,0,0,,,,1.0,10800.0,,,,0.0,874.0,0.14988558352402745,1,16,0.0,0,1
38,0,0,0,0,,,,1.0,10800.0,,,,0.0,874.0,0.043478260869565216,1,16,0.0,0,1
116,4,0,0,0,,,,1.0,10800.0,,,,4.0,869.0,0.1334867663981588,1,12,0.15384615384615385,1,1
141,13,22,0,0,,,,1.0,10800.0,,,,0.5652173913043478,873.0,0.16151202749140894,1,12,0.15384615384615385,1,1
349,5962,5977,0,5,,,,1.0,10800.0,,,,0.9973235195717631,874.0,0.39931350114416475,1,4,0.0,0,1
86,0,0,0,0,,,,1.0,10800.0,,,,0.0,874.0,0.09839816933638444,1,15,0.0,0,1
130,253,333,0,0,,,,1.0,10800.0,,,,0.7574850299401198,874.0,0.14874141876430205,1,15,0.0,0,1
123,1,0,0,0,,,,1.0,10800.0,,,,1.0,871.0,0.14121699196326062,1,16,0.0,0,1
32,0,0,0,0,,,,1.0,10800.0,,,,0.0,872.0,0.03669724770642202,1,13,0.0,0,1
101,210,333,0,0,1.0,,,1.0,10800.0,,,,0.6287425149700598,874.0,0.11556064073226545,1,12,0.0,0,1
39,0,0,0,0,,,,1.0,10800.0,,,,0.0,874.0,0.04462242562929062,1,14,0.0,0,1
123,7,19,0,0,,,,1.0,10800.0,,,,0.35,874.0,0.14073226544622425,1,13,0.0,0,1
124,0,0,0,0,,,,1.0,10800.0,,,,0.0,873.0,0.1420389461626575,1,15,0.0,0,1
44,1,0,0,0,,,,1.0,10800.0,,,,1.0,874.0,0.05034324942791762,1,16,0.0,0,1
126,0,0,0,0,,,,1.0,10800.0,,,,0.0,874.0,0.14416475972540047,1,16,0.0,0,1
235,3705,3808,0,5,,,,1.0,10800.0,,,,0.9726962457337884,874.0,0.26887871853546913,1,5,0.0,0,1
128,0,0,0,0,,,,1.0,10800.0,,,,0.0,874.0,0.14645308924485126,1,16,0.0,0,1
58,0,0,0,0,,,,1.0,10800.0,,,,0.0,874.0,0.06636155606407322,1,14,0.0,0,1
226,3774,4048,0,0,,,,1.0,10800.0,,,,0.9320819955544579,874.0,0.2585812356979405,1,6,0.0,0,1
244,3872,4259,0,2,,,,1.0,10800.0,,,,0.9089201877934272,874.0,0.2791762013729977,1,6,0.0,0,1
272,4956,5447,0,8,,,,1.0,10800.0,,,,0.9096916299559471,874.0,0.3112128146453089,1,5,0.0,0,1
99,0,0,0,0,,,,1.0,10800.0,,,,0.0,864.0,0.11458333333333333,1,15,0.0,0,1
39,0,0,0,0,,,,1.0,10800.0,,,,0.0,870.0,0.04482758620689655,1,13,0.14285714285714285,1,1
127,261,345,0,0,,,,1.0,10800.0,,,,0.7543352601156069,874.0,0.14530892448512586,1,14,0.0,0,1
119,0,0,0,0,,,,1.0,10800.0,,,,0.0,874.0,0.13615560640732266,1,15,0.06666666666666667,1,1
24,0,0,0,0,,,,1.0,10800.0,,,,0.0,871.0,0.027554535017221583,1,14,0.0,0,1
37,0,0,0,0,,,,1.0,10800.0,,,,0.0,870.0,0.04252873563218391,1,14,0.0,0,1
105,0,0,0,1,,,,1.0,10800.0,,,,0.0,874.0,0.12013729977116705,1,16,0.0,0,1
75,0,0,0,0,,,,1.0,10800.0,,,,0.0,874.0,0.08581235697940504,1,13,0.0,0,1
304,4641,5104,0,4,,,,1.0,10800.0,,,,0.9091087169441724,874.0,0.34782608695652173,1,6,0.0,0,1
112,20,24,0,0,,,,1.0,10800.0,,,,0.8,874.0,0.12814645308924486,1,16,0.0,0,1
363,4616,5066,0,9,,,,1.0,10800.0,,,,0.9109926978488257,874.0,0.41533180778032036,1,5,0.0,0,1
15,0,0,0,0,,,,1.0,10800.0,,,,0.0,867.0,0.01730103806228374,1,15,0.0,0,1
326,106,0,0,0,,,,1.0,10800.0,,,,106.0,874.0,0.37299771167048057,1,5,0.0,0,1
241,4648,4559,0,3,,,,1.0,10800.0,,,,1.0192982456140351,874.0,0.2757437070938215,1,4,0.0,0,1
308,5513,6055,0,6,,,,1.0,10800.0,,,,0.910336856010568,874.0,0.3524027459954233,1,4,0.0,0,1
116,1,0,0,0,,,,1.0,10800.0,,,,1.0,871.0,0.13318025258323765,1,16,0.0,0,1
335,4888,5285,0,6,,,,1.0,10800.0,,,,0.9247067726068862,874.0,0.38329519450800914,1,15,0.0,0,1
21,0,0,0,0,,,,1.0,10800.0,,,,0.0,871.0,0.024110218140068886,1,15,0.0,0,1
327,5217,5724,0,3,,,,1.0,10800.0,,,,0.9112663755458515,874.0,0.37414187643020597,1,6,0.0,0,1
33,0,0,0,0,,,,1.0,10800.0,,,,0.0,874.0,0.03775743707093822,1,13,0.0,0,1
103,0,0,0,0,,,,1.0,10800.0,,,,0.0,872.0,0.11811926605504587,1,12,0.0,0,1
64,1,0,0,0,,,,1.0,10800.0,,,,1.0,874.0,0.07322654462242563,1,10,0.18181818181818182,1,1
142,198,341,0,0,,,,1.0,10800.0,,,,0.5789473684210527,874.0,0.16247139588100687,1,15,0.0,0,1
333,4740,4905,0,3,,,,1.0,10800.0,,,,0.9661638809620873,874.0,0.38100686498855835,1,5,0.0,0,1
123,308,398,0,0,,,,1.0,10800.0,,,,0.7719298245614035,874.0,0.14073226544622425,1,14,0.0,0,1
233,4318,4747,0,6,,,,1.0,10800.0,,,,0.909435551811289,874.0,0.2665903890160183,1,5,0.0,0,1
350,5043,4668,0,6,,,,1.0,10800.0,,,,1.080102805739987,874.0,0.40045766590389015,1,8,0.0,0,1
99,22,29,0,0,,,,1.0,10800.0,,,,0.7333333333333333,874.0,0.11327231121281464,1,16,0.0,0,1
106,23,40,0,0,,,,1.0,10800.0,,,,0.5609756097560976,874.0,0.12128146453089245,1,16,0.0,0,1
207,3648,3799,0,8,,,,1.0,10800.0,,,,0.96,870.0,0.23793103448275862,1,9,0.0,0,1
107,0,0,0,0,,,,1.0,10800.0,,,,0.0,873.0,0.12256586483390607,1,14,0.0,0,1
233,4026,4208,0,3,,,,1.0,10800.0,,,,0.9565217391304348,874.0,0.2665903890160183,1,5,0.0,0,1
126,215,352,0,0,,,,1.0,10800.0,,,,0.6090651558073654,874.0,0.14416475972540047,1,12,0.0,0,1
101,0,0,0,0,,,,1.0,10800.0,,,,0.0,871.0,0.11595866819747416,1,13,0.0,0,1
35,0,0,0,0,,,,1.0,10800.0,,,,0.0,873.0,0.04009163802978236,1,12,0.21428571428571427,1,1
77,0,0,0,0,,,,1.0,10800.0,,,,0.0,874.0,0.08810068649885583,1,13,0.0,0,1
131,1,0,0,0,,,,1.0,10800.0,,,,1.0,874.0,0.14988558352402745,1,16,0.0,0,1
56,0,0,0,0,,,,1.0,10800.0,,,,0.0,871.0,0.0642939150401837,1,13,0.0,0,1
160,601,692,0,0,,,,1.0,10800.0,,,,0.8672438672438673,874.0,0.18306636155606407,1,15,0.0,0,1
366,4778,4797,0,5,,,,1.0,10800.0,,,,0.995831596498541,874.0,0.41876430205949655,1,5,0.0,0,1
144,254,337,0,0,,,,1.0,10800.0,,,,0.7514792899408284,873.0,0.16494845360824742,1,16,0.0,0,1
249,4527,4979,0,3,,,,1.0,10800.0,,,,0.9090361445783133,874.0,0.28489702517162474,1,7,0.0,0,1
114,21,43,0,0,,,,1.0,10800.0,,,,0.4772727272727273,874.0,0.13043478260869565,1,15,0.0,0,1
121,282,371,0,0,,,,1.0,10800.0,,,,0.7580645161290323,874.0,0.13844393592677345,1,11,0.0,0,1
30,1,0,0,0,,,,1.0,10800.0,,,,1.0,874.0,0.034324942791762014,1,14,0.0,0,1
339,6236,5868,0,8,,,,1.0,10800.0,,,,1.0625319475208723,874.0,0.3878718535469107,1,6,0.0,0,1
101,15,36,0,0,,,,1.0,10800.0,,,,0.40540540540540543,874.0,0.11556064073226545,1,15,0.0,0,1
82,1,0,0,0,,,,1.0,10800.0,,,,1.0,874.0,0.09382151029748284,1,14,0.0,0,1
24,0,0,0,0,,,,1.0,10800.0,,,,0.0,871.0,0.027554535017221583,1,14,0.0,0,1
107,19,34,0,0,,,,1.0,10800.0,,,,0.5428571428571428,874.0,0.12242562929061784,1,15,0.0,0,1
114,305,353,0,0,,,,1.0,10800.0,,,,0.8615819209039548,874.0,0.13043478260869565,1,10,0.0,0,1
66,4,0,0,0,,,,1.0,10800.0,,,,4.0,874.0,0.07551487414187644,1,15,0.0,0,1
323,4190,4341,0,2,,,,1.0,10800.0,,,,0.9649930907415938,874.0,0.3695652173913043,1,4,0.0,0,1
121,19,36,0,0,,,,1.0,10800.0,,,,0.5135135135135135,874.0,0.13844393592677345,1,13,0.0,0,1
121,254,320,0,0,,,,1.0,10800.0,,,,0.7912772585669782,871.0,0.13892078071182548,1,16,0.0,0,1
136,290,348,0,0,,,,1.0,10800.0,,,,0.830945558739255,874.0,0.15560640732265446,1,13,0.0,0,1
109,11,31,0,0,,,,1.0,10800.0,,,,0.34375,874.0,0.12471395881006865,1,15,0.0,0,1
118,15,36,0,0,,,,1.0,10800.0,,,,0.40540540540540543,874.0,0.13501144164759726,1,19,0.14285714285714285,1,1
222,3931,3954,0,8,,,,1.0,10800.0,,,,0.9939317319848293,872.0,0.2545871559633027,1,3,0.0,0,1
70,1,0,0,0,,,,1.0,10800.0,,,,1.0,873.0,0.08018327605956473,1,15,0.0,0,1
118,237,338,0,0,,,,1.0,10800.0,,,,0.6991150442477876,872.0,0.1353211009174312,1,14,0.0,0,1
127,335,408,0,1,,,,1.0,10800.0,,,,0.8190709046454768,874.0,0.14530892448512586,1,13,0.0,0,1
283,4025,4423,0,4,,,,1.0,10800.0,,,,0.9098101265822784,874.0,0.32379862700228834,1,5,0.0,0,1
69,0,0,0,0,,,,1.0,10800.0,,,,0.0,874.0,0.07894736842105263,1,14,0.0,0,1
273,5176,5692,0,7,,,,1.0,10800.0,,,,0.9091867205339891,874.0,0.3123569794050343,1,6,0.0,0,1
45,0,0,0,0,1.0,,,1.0,10800.0,,,,0.0,874.0,0.05148741418764302,1,11,0.0,0,1
113,0,0,0,0,,,,1.0,10800.0,,,,0.0,874.0,0.12929061784897025,1,14,0.0,0,1
43,0,0,0,0,1.0,,,1.0,10800.0,,,,0.0,874.0,0.04919908466819222,1,15,0.0,0,1
261,3631,3937,0,2,,,,1.0,10800.0,,,,0.9220416455053326,874.0,0.2986270022883295,1,5,0.0,0,1
107,16,27,0,0,,,,1.0,10800.0,,,,0.5714285714285714,874.0,0.12242562929061784,1,16,0.0,0,1
123,283,372,0,0,,,,1.0,10800.0,,,,0.7587131367292225,874.0,0.14073226544622425,1,14,0.0,0,1
145,280,381,0,0,,,,1.0,10800.0,,,,0.7329842931937173,874.0,0.16590389016018306,1,11,0.0,0,1
134,1,8,0,0,,,,1.0,10800.0,,,,0.1111111111111111,874.0,0.15331807780320367,1,18,0.13333333333333333,1,1
52,0,0,0,0,,,,1.0,10800.0,,,,0.0,874.0,0.059496567505720827,1,11,0.16666666666666666,1,1
31,0,0,0,0,,,,1.0,10800.0,,,,0.0,874.0,0.03546910755148741,1,12,0.0,0,1
63,2,0,0,0,,,,1.0,10800.0,,,,2.0,874.0,0.07208237986270023,1,15,0.0,0,1
88,1,0,0,0,,,,1.0,10800.0,,,,1.0,870.0,0.10114942528735632,1,14,0.0,0,1
44,0,0,0,0,,,,1.0,10800.0,,,,0.0,871.0,0.0505166475315729,1,13,0.0,0,1
57,0,0,0,0,,,,1.0,10800.0,,,,0.0,874.0,0.06521739130434782,1,14,0.0,0,1
112,1,0,0,0,,,,1.0,10800.0,,,,1.0,874.0,0.12814645308924486,1,17,0.0,0,1
129,3,0,0,0,,,,1.0,10800.0,,,,3.0,874.0,0.14759725400457666,1,6,0.0,0,1
338,4864,5350,0,9,,,,1.0,10800.0,,,,0.908988974023547,874.0,0.38672768878718533,1,4,0.0,0,1
46,0,0,0,0,1.0,,,1.0,10800.0,,,,0.0,874.0,0.05263157894736842,1,15,0.0,0,1
101,0,0,0,0,,,,1.0,10800.0,,,,0.0,873.0,0.1156930126002291,1,16,0.0,0,1
145,228,381,0,0,,,,1.0,10800.0,,,,0.5968586387434555,874.0,0.16590389016018306,1,10,0.0,0,1
65,2,0,0,0,,,,1.0,10800.0,,,,2.0,874.0,0.07437070938215103,1,13,0.0,0,1
56,29,128,0,0,,,,1.0,10800.0,,,,0.2248062015503876,874.0,0.06407322654462243,1,14,0.13333333333333333,1,1
260,4208,4628,0,1,,,,1.0,10800.0,,,,0.909051631021819,873.0,0.29782359679266895,1,7,0.0,0,1
136,292,341,0,0,,,,1.0,10800.0,,,,0.8538011695906432,873.0,0.15578465063001146,1,16,0.0,0,1
37,0,0,0,0,,,,1.0,10800.0,,,,0.0,872.0,0.04243119266055046,1,15,0.0,0,1
113,70,215,0,0,,,,1.0,10800.0,,,,0.32407407407407407,873.0,0.12943871706758306,1,15,0.0,0,1
110,0,0,0,0,,,,1.0,10800.0,,,,0.0,873.0,0.12600229095074456,1,13,0.0,0,1
26,0,0,0,0,,,,1.0,10800.0,,,,0.0,873.0,0.029782359679266894,1,13,0.0,0,1
120,0,0,0,0,,,,1.0,10800.0,,,,0.0,873.0,0.13745704467353953,1,15,0.0,0,1
45,0,0,0,0,,,,1.0,10800.0,,,,0.0,872.0,0.051605504587155966,1,12,0.0,0,1
252,3997,4393,0,3,,,,1.0,10800.0,,,,0.9096495220755576,873.0,0.28865979381443296,1,6,0.0,0,1
54,39,127,0,0,,,,1.0,10800.0,,,,0.3046875,873.0,0.061855670103092786,1,15,0.0,0,1
115,0,0,0,0,,,,1.0,10800.0,,,,0.0,873.0,0.13172966781214204,1,14,0.0,0,1
418,5070,5428,0,8,,,,1.0,10800.0,,,,0.9338736415546142,873.0,0.47880870561282934,1,7,0.0,0,1
105,64,245,0,0,,,,1.0,10800.0,,,,0.2601626016260163,869.0,0.12082853855005754,1,12,0.0,0,1
50,0,0,0,0,,,,1.0,10800.0,,,,0.0,873.0,0.0572737686139748,1,11,0.0,0,1
233,3568,3583,0,1,,,,1.0,10800.0,,,,0.9955357142857143,872.0,0.2672018348623853,1,3,0.0,0,1
46,0,0,0,0,,,,1.0,10800.0,,,,0.0,870.0,0.052873563218390804,1,16,0.0,0,1
260,4303,4726,0,9,,,,1.0,10800.0,,,,0.91030251745293,873.0,0.29782359679266895,1,6,0.0,0,1
118,0,0,0,0,,,,1.0,10800.0,,,,0.0,872.0,0.1353211009174312,1,16,0.0,0,1
260,5192,5196,0,6,,,,1.0,10800.0,,,,0.9990379064845103,873.0,0.29782359679266895,1,7,0.0,0,1
36,0,0,0,0,,,,1.0,10800.0,,,,0.0,873.0,0.041237113402061855,1,13,0.0,0,1
31,0,0,0,0,,,,1.0,10800.0,,,,0.0,873.0,0.035509736540664374,1,14,0.0,0,1
143,438,666,0,0,,,,1.0,10800.0,,,,0.656671664167916,872.0,0.16399082568807338,1,12,0.0,0,1
59,0,0,0,0,,,,1.0,10800.0,,,,0.0,870.0,0.067816091954023,1,14,0.0,0,1
109,25,36,0,0,,,,1.0,10800.0,,,,0.6756756756756757,873.0,0.12485681557846506,1,15,0.0,0,1
272,3773,3905,0,2,,,,1.0,10800.0,,,,0.9659498207885304,860.0,0.31627906976744186,1,6,0.0,0,1
327,5039,5321,0,10,,,,1.0,10800.0,,,,0.9468245020668922,872.0,0.375,1,5,0.14285714285714285,1,1
352,5217,4891,0,8,,,,1.0,10800.0,,,,1.0664349959116926,873.0,0.4032073310423826,1,6,0.0,0,1
105,68,281,0,0,,,,1.0,10800.0,,,,0.24113475177304963,873.0,0.12027491408934708,1,13,0.0,0,1
112,1,0,0,0,,,,1.0,10800.0,,,,1.0,873.0,0.12829324169530354,1,14,0.0,0,1
361,4548,4855,0,4,,,,1.0,10800.0,,,,0.9365733113673805,873.0,0.413516609392898,1,14,0.0,0,1
62,0,0,0,0,,,,1.0,10800.0,,,,0.0,873.0,0.07101947308132875,1,15,0.13333333333333333,1,1
232,3901,4291,0,6,,,,1.0,10800.0,,,,0.9089002795899348,873.0,0.26575028636884307,1,8,0.0,0,1
333,5220,5277,0,8,,,,1.0,10800.0,,,,0.989010989010989,873.0,0.38144329896907214,1,5,0.0,0,1
370,6077,6260,0,8,,,,1.0,10800.0,,,,0.9706117233668743,866.0,0.42725173210161665,1,5,0.0,0,1
273,4746,5124,0,5,,,,1.0,10800.0,,,,0.9260487804878049,873.0,0.3127147766323024,1,6,0.0,0,1
335,5919,5579,0,3,,,,1.0,10800.0,,,,1.060752688172043,871.0,0.38461538461538464,1,6,0.0,0,1
201,4161,4443,0,4,,,,1.0,10800.0,,,,0.9363186318631863,873.0,0.23024054982817868,1,4,0.0,0,1
154,20,40,0,0,,,,1.0,10800.0,,,,0.4878048780487805,873.0,0.1764032073310424,1,15,0.0,0,1
283,4497,4666,0,4,,,,1.0,10800.0,,,,0.9635740304263981,873.0,0.3241695303550974,1,8,0.0,0,1
110,19,27,0,0,1.0,,,1.0,10800.0,,,,0.6785714285714286,873.0,0.12600229095074456,1,16,0.0,0,1
114,1,0,0,0,,,,1.0,10800.0,,,,1.0,873.0,0.13058419243986255,1,15,0.0,0,1
25,0,0,0,0,,,,1.0,10800.0,,,,0.0,873.0,0.0286368843069874,1,14,0.0,0,1
102,34,100,0,0,,,,1.0,10800.0,,,,0.33663366336633666,869.0,0.11737629459148446,1,11,0.0,0,1
124,188,256,0,0,1.0,,,1.0,10800.0,,,,0.7315175097276264,868.0,0.14285714285714285,1,16,0.0,0,1
239,699,781,0,1,,,,1.0,10800.0,,,,0.8938618925831202,873.0,0.27376861397479957,1,6,0.0,0,1
45,0,0,0,0,,,,1.0,10800.0,,,,0.0,870.0,0.05172413793103448,1,12,0.0,0,1
230,4844,5060,0,6,,,,1.0,10800.0,,,,0.9571230982019364,873.0,0.2634593356242841,1,8,0.0,0,1
124,370,480,0,0,,,,1.0,10800.0,,,,0.7692307692307693,873.0,0.1420389461626575,1,16,0.0,0,1
268,5411,5577,0,9,,,,1.0,10800.0,,,,0.9700609537468626,873.0,0.30698739977090495,1,6,0.0,0,1
112,0,0,0,0,,,,1.0,10800.0,,,,0.0,869.0,0.12888377445339472,1,15,0.0,0,1
129,0,0,0,0,,,,1.0,10800.0,,,,0.0,873.0,0.14776632302405499,1,14,0.13333333333333333,1,1
136,47,190,0,0,,,,1.0,10800.0,,,,0.24607329842931938,873.0,0.15578465063001146,1,15,0.0,0,1
230,4222,4611,0,3,,,,1.0,10800.0,,,,0.9154379878577623,873.0,0.2634593356242841,1,7,0.0,0,1
97,189,264,0,0,,,,1.0,10800.0,,,,0.7132075471698113,868.0,0.11175115207373272,1,14,0.0,0,1
120,69,190,0,0,,,,1.0,10800.0,,,,0.3612565445026178,873.0,0.13745704467353953,1,16,0.0,0,1
122,268,335,0,0,,,,1.0,10800.0,,,,0.7976190476190477,873.0,0.13974799541809851,1,13,0.0,0,1
129,1,0,0,0,,,,1.0,10800.0,,,,1.0,872.0,0.14793577981651376,1,14,0.0,0,1
61,45,195,0,0,,,,1.0,10800.0,,,,0.22959183673469388,873.0,0.06987399770904926,1,14,0.0,0,1
394,5718,5521,0,4,,,,1.0,10800.0,,,,1.0354943860919956,873.0,0.4513172966781214,1,5,0.0,0,1
41,0,0,0,0,,,,1.0,10800.0,,,,0.0,873.0,0.046964490263459335,1,15,0.0,0,1
134,0,0,0,0,,,,1.0,10800.0,,,,0.0,873.0,0.15349369988545247,1,15,0.0,0,1
70,32,137,0,0,,,,1.0,10800.0,,,,0.2318840579710145,872.0,0.08027522935779817,1,9,0.0,0,1
134,467,669,0,0,,,,1.0,10800.0,,,,0.6970149253731344,873.0,0.15349369988545247,1,11,0.0,0,1
32,0,0,0,0,,,,1.0,10800.0,,,,0.0,873.0,0.03665521191294387,1,16,0.0,0,1
114,0,0,0,0,,,,1.0,10800.0,,,,0.0,873.0,0.13058419243986255,1,15,0.0,0,1
143,0,0,0,0,,,,1.0,10800.0,,,,0.0,873.0,0.16380297823596793,1,14,0.0,0,1
85,47,133,0,0,,,,1.0,10800.0,,,,0.35074626865671643,870.0,0.09770114942528736,1,12,0.15384615384615385,1,1
133,0,0,0,0,,,,1.0,10800.0,,,,0.0,873.0,0.15234822451317298,1,16,0.0,0,1
153,256,330,0,0,,,,1.0,10800.0,,,,0.7734138972809668,873.0,0.17525773195876287,1,13,0.0,0,1
71,0,0,0,0,,,,1.0,10800.0,,,,0.0,873.0,0.08132875143184422,1,12,0.0,0,1
251,4584,5040,0,9,,,,1.0,10800.0,,,,0.909343384249157,873.0,0.28751431844215347,1,7,0.0,0,1
75,0,0,0,0,,,,1.0,10800.0,,,,0.0,873.0,0.0859106529209622,1,16,0.0,0,1
45,0,0,0,0,,,,1.0,10800.0,,,,0.0,872.0,0.051605504587155966,1,13,0.0,0,1
110,25,33,0,0,,,,1.0,10800.0,,,,0.7352941176470589,873.0,0.12600229095074456,1,16,0.0,0,1
240,4539,4991,0,6,,,,1.0,10800.0,,,,0.9092548076923077,873.0,0.27491408934707906,1,4,0.0,0,1
146,261,375,0,0,,,,1.0,10800.0,,,,0.6941489361702128,873.0,0.1672394043528064,1,14,0.0,0,1
45,0,0,0,0,,,,1.0,10800.0,,,,0.0,873.0,0.05154639175257732,1,13,0.0,0,1
116,1,0,0,0,,,,1.0,10800.0,,,,1.0,873.0,0.13287514318442153,1,16,0.0,0,1
145,1,0,0,0,,,,1.0,10800.0,,,,1.0,873.0,0.1660939289805269,1,14,0.0,0,1
122,0,0,0,0,,,,1.0,10800.0,,,,0.0,873.0,0.13974799541809851,1,16,0.0,0,1
114,287,451,0,1,,,,1.0,10800.0,,,,0.6349557522123894,870.0,0.1310344827586207,1,13,0.0,0,1
101,179,261,0,0,,,,1.0,10800.0,,,,0.683206106870229,867.0,0.11649365628604383,1,13,0.0,0,1
38,0,0,0,0,,,,1.0,10800.0,,,,0.0,873.0,0.043528064146620846,1,13,0.0,0,1
100,0,0,0,0,,,,1.0,10800.0,,,,0.0,870.0,0.11494252873563218,1,13,0.0,0,1
122,3,0,0,0,,,,1.0,10800.0,,,,3.0,872.0,0.13990825688073394,1,14,0.0,0,1
55,0,0,0,0,,,,1.0,10800.0,,,,0.0,873.0,0.06300114547537228,1,14,0.0,0,1
91,69,202,0,0,,,,1.0,10800.0,,,,0.3399014778325123,869.0,0.1047180667433832,1,14,0.07142857142857142,1,1
34,1,0,0,0,,,,1.0,10800.0,,,,1.0,873.0,0.038946162657502864,1,15,0.0,0,1
289,126,0,0,0,,,,1.0,,,,,126.0,873.0,0.33104238258877433,1,6,0.0,0,1
52,0,0,0,0,,,,1.0,10800.0,,,,0.0,873.0,0.05956471935853379,1,13,0.14285714285714285,1,1
44,0,0,0,0,,,,1.0,10800.0,,,,0.0,869.0,0.05063291139240506,1,16,0.0,0,1
103,5,13,0,0,,,,1.0,10800.0,,,,0.35714285714285715,872.0,0.11811926605504587,1,13,0.0,0,1
25,1,0,0,0,,,,1.0,10800.0,,,,1.0,870.0,0.028735632183908046,1,13,0.0,0,1
65,0,0,0,0,,,,1.0,10800.0,,,,0.0,871.0,0.07462686567164178,1,12,0.0,0,1
46,0,0,0,0,,,,1.0,10800.0,,,,0.0,870.0,0.052873563218390804,1,14,0.0,0,1
126,1,0,0,0,,,,1.0,10800.0,,,,1.0,873.0,0.14432989690721648,1,12,0.0,0,1
113,1,0,0,0,,,,1.0,10800.0,,,,1.0,873.0,0.12943871706758306,1,15,0.0,0,1
118,2,0,0,0,,,,1.0,10800.0,,,,2.0,873.0,0.13516609392898052,1,11,0.0,0,1
57,0,0,0,0,,,,1.0,10800.0,,,,0.0,873.0,0.06529209621993128,1,12,0.0,0,1
14,53,138,0,0,,,,1.0,10800.0,,,,0.381294964028777,866.0,0.016166281755196306,1,13,0.0,0,1
102,40,223,0,0,,,,1.0,10800.0,,,,0.17857142857142858,873.0,0.11683848797250859,1,16,0.0,0,1
130,0,0,0,0,,,,1.0,10800.0,,,,0.0,873.0,0.14891179839633448,1,13,0.0,0,1
169,271,353,0,1,,,,1.0,10800.0,,,,0.7655367231638418,873.0,0.19358533791523483,1,15,0.0,0,1
103,0,0,0,0,,,,1.0,10800.0,,,,0.0,871.0,0.1182548794489093,1,13,0.0,0,1
58,0,0,0,0,,,,1.0,10800.0,,,,0.0,873.0,0.06643757159221077,1,13,0.0,0,1
47,0,0,0,0,,,,1.0,10800.0,,,,0.0,868.0,0.05414746543778802,1,12,0.08333333333333333,1,1
294,5531,5639,0,5,,,,1.0,10800.0,,,,0.9806737588652482,873.0,0.33676975945017185,1,8,0.0,0,1
230,3889,3992,0,3,,,,1.0,10800.0,,,,0.973954420235412,873.0,0.2634593356242841,1,5,0.0,0,1
107,0,0,0,0,,,,1.0,10800.0,,,,0.0,868.0,0.12327188940092165,1,14,0.0,0,1
128,0,0,0,0,,,,1.0,10800.0,,,,0.0,873.0,0.1466208476517755,1,13,0.0,0,1
33,0,0,0,0,,,,1.0,10800.0,,,,0.0,872.0,0.03784403669724771,1,14,0.0,0,1
134,253,365,0,1,,,,1.0,10800.0,,,,0.6912568306010929,873.0,0.15349369988545247,1,11,0.0,0,1
50,54,156,0,0,,,,1.0,10800.0,,,,0.34394904458598724,873.0,0.0572737686139748,1,14,0.0,0,1
87,33,129,0,0,,,,1.0,10800.0,,,,0.25384615384615383,867.0,0.10034602076124567,1,13,0.0,0,1
54,0,0,0,0,,,,1.0,10800.0,,,,0.0,873.0,0.061855670103092786,1,13,0.0,0,1
64,0,0,0,0,,,,1.0,10800.0,,,,0.0,872.0,0.07339449541284404,1,11,0.0,0,1
326,4813,5125,0,8,,,,1.0,10800.0,,,,0.9389387436597737,873.0,0.3734249713631157,1,15,0.0,0,1
156,492,646,0,1,,,,1.0,10800.0,,,,0.7604327666151468,873.0,0.17869415807560138,1,14,0.14285714285714285,1,1
361,4858,4967,0,2,,,,1.0,10800.0,,,,0.9778582930756844,873.0,0.413516609392898,1,5,0.0,0,1
222,4253,4550,0,5,,,,1.0,10800.0,,,,0.9345198857393979,869.0,0.2554660529344074,1,6,0.0,0,1
40,0,0,0,0,,,,1.0,10800.0,,,,0.0,872.0,0.045871559633027525,1,15,0.0,0,1
106,2,0,0,0,,,,1.0,10800.0,,,,2.0,873.0,0.12142038946162657,1,12,0.15384615384615385,1,1
33,0,0,0,0,,,,1.0,10800.0,,,,0.0,873.0,0.037800687285223365,1,16,0.0,0,1
341,4774,5244,0,6,,,,1.0,10800.0,,,,0.9102001906577694,873.0,0.39060710194730813,0,16,0.0,0,1
368,5615,5581,0,6,,,,1.0,10800.0,,,,1.005911859548549,873.0,0.4215349369988545,1,13,0.0,0,1
341,4553,4645,0,4,,,,1.0,10800.0,,,,0.9799827808867844,872.0,0.39105504587155965,1,4,0.0,0,1
69,51,179,0,0,,,,1.0,10800.0,,,,0.2833333333333333,873.0,0.07903780068728522,1,14,0.0,0,1
32,1,0,0,0,,,,1.0,10800.0,,,,1.0,867.0,0.03690888119953864,1,15,0.0,0,1
61,0,0,0,0,,,,1.0,10800.0,,,,0.0,872.0,0.06995412844036697,1,16,0.0,0,1
67,0,0,0,0,,,,1.0,10800.0,,,,0.0,873.0,0.07674684994272624,1,13,0.2,1,1
37,0,0,0,0,,,,1.0,10800.0,,,,0.0,870.0,0.04252873563218391,1,15,0.0,0,1
114,247,299,0,0,,,,1.0,10800.0,,,,0.8233333333333334,871.0,0.13088404133180254,1,15,0.0,0,1
85,0,0,0,0,,,,1.0,10800.0,,,,0.0,873.0,0.09736540664375716,1,14,0.0,0,1
126,379,483,0,0,,,,1.0,10800.0,,,,0.7830578512396694,873.0,0.14432989690721648,1,16,0.0,0,1
43,79,301,0,0,,,,1.0,10800.0,,,,0.26158940397350994,871.0,0.04936854190585534,1,16,0.0,0,1
164,0,0,0,0,,,,1.0,10800.0,,,,0.0,872.0,0.18807339449541285,1,11,0.0,0,1
350,5737,6029,0,5,,,,1.0,10800.0,,,,0.9514096185737977,873.0,0.4009163802978236,1,13,0.0,0,1
110,0,0,0,0,,,,1.0,10800.0,,,,0.0,873.0,0.12600229095074456,1,15,0.0,0,1
57,0,0,0,0,,,,1.0,10800.0,,,,0.0,873.0,0.06529209621993128,1,15,0.0,0,1
124,2,0,0,0,,,,1.0,10800.0,,,,2.0,873.0,0.1420389461626575,1,13,0.14285714285714285,1,1
139,0,0,0,0,,,,1.0,10800.0,,,,0.0,873.0,0.15922107674684993,1,14,0.0,0,1
138,11,31,0,0,,,,1.0,10800.0,,,,0.34375,873.0,0.15807560137457044,1,11,0.16666666666666666,1,1
54,1,0,0,0,1.0,,,1.0,10800.0,,,,1.0,873.0,0.061855670103092786,1,13,0.0,0,1
124,284,335,0,1,,,,1.0,10800.0,,,,0.8452380952380952,872.0,0.14220183486238533,1,10,0.0,0,1
127,228,305,0,0,,,,1.0,10800.0,,,,0.7450980392156863,870.0,0.14597701149425288,1,14,0.0,0,1
119,29,41,0,0,,,,1.0,10800.0,,,,0.6904761904761905,873.0,0.13631156930126,1,15,0.0,0,1
237,3047,2914,0,2,,,,1.0,10800.0,,,,1.0452830188679245,873.0,0.27147766323024053,1,5,0.0,0,1
65,20,114,0,0,,,,1.0,10800.0,,,,0.17391304347826086,873.0,0.07445589919816724,1,16,0.0,0,1
80,0,0,0,0,1.0,,,1.0,10800.0,,,,0.0,873.0,0.09163802978235967,1,14,0.0,0,1
46,0,0,0,0,,,,1.0,10800.0,,,,0.0,872.0,0.052752293577981654,1,14,0.0,0,1
58,44,210,0,0,1.0,,,1.0,10800.0,,,,0.20853080568720378,873.0,0.06643757159221077,1,15,0.0,0,1
62,0,0,0,0,,,,1.0,10800.0,,,,0.0,873.0,0.07101947308132875,1,14,0.0,0,1
114,36,138,0,0,,,,1.0,10800.0,,,,0.2589928057553957,873.0,0.13058419243986255,1,15,0.0,0,1
27,46,154,0,0,,,,1.0,10800.0,,,,0.2967741935483871,872.0,0.03096330275229358,1,15,0.0,0,1
72,0,0,0,0,,,,1.0,10800.0,,,,0.0,872.0,0.08256880733944955,1,13,0.0,0,1
42,52,170,0,0,,,,1.0,10800.0,,,,0.30409356725146197,873.0,0.048109965635738834,1,13,0.0,0,1
117,32,41,0,0,,,,1.0,10800.0,,,,0.7619047619047619,873.0,0.13402061855670103,1,16,0.0,0,1
139,243,292,0,0,,,,1.0,10800.0,,,,0.8293515358361775,871.0,0.15958668197474168,1,15,0.0,0,1
72,0,0,0,0,,,,1.0,10800.0,,,,0.0,872.0,0.08256880733944955,1,15,0.0,0,1
73,0,0,0,0,,,,1.0,10800.0,,,,0.0,873.0,0.0836197021764032,1,11,0.0,0,1
141,276,327,0,0,,,,1.0,10800.0,,,,0.8414634146341463,871.0,0.1618828932261768,1,16,0.0,0,1
134,210,313,0,0,1.0,,,1.0,10800.0,,,,0.6687898089171974,873.0,0.15349369988545247,1,13,0.0,0,1
133,27,29,0,0,,,,1.0,10800.0,,,,0.9,873.0,0.15234822451317298,1,14,0.0,0,1
72,37,130,0,1,,,,1.0,10800.0,,,,0.2824427480916031,873.0,0.08247422680412371,1,14,0.0,0,1
48,0,0,0,0,,,,1.0,10800.0,,,,0.0,872.0,0.05504587155963303,1,13,0.0,0,1
112,0,0,0,0,,,,1.0,10800.0,,,,0.0,872.0,0.12844036697247707,1,16,0.0,0,1
335,5270,5490,0,7,,,,1.0,10800.0,,,,0.9597523219814241,872.0,0.3841743119266055,1,5,0.0,0,1
42,1,0,0,0,,,,1.0,10800.0,,,,1.0,872.0,0.0481651376146789,1,15,0.0,0,1
115,1,0,0,0,,,,1.0,10800.0,,,,1.0,872.0,0.13188073394495411,1,15,0.0,0,1
78,0,0,0,0,,,,1.0,10800.0,,,,0.0,872.0,0.08944954128440367,1,15,0.0,0,1
128,0,0,0,0,,,,1.0,10800.0,,,,0.0,872.0,0.14678899082568808,1,17,0.06666666666666667,1,1
58,37,125,0,0,,,,1.0,10800.0,,,,0.29365079365079366,872.0,0.06651376146788991,1,16,0.0,0,1
73,1,0,0,0,,,,1.0,10800.0,,,,1.0,871.0,0.08381171067738231,1,20,0.0,0,1
69,0,0,0,0,,,,1.0,10800.0,,,,0.0,870.0,0.07931034482758621,1,15,0.0,0,1
55,0,0,0,0,,,,1.0,10800.0,,,,0.0,872.0,0.06307339449541284,1,13,0.0,0,1
166,342,538,0,0,,,,1.0,10800.0,,,,0.634508348794063,872.0,0.19036697247706422,1,12,0.0,0,1
43,0,0,0,0,,,,1.0,10800.0,,,,0.0,872.0,0.04931192660550459,1,12,0.0,0,1
286,4598,4985,0,6,,,,1.0,10800.0,,,,0.9221821099077416,872.0,0.32798165137614677,1,6,0.0,0,1
76,0,0,0,0,,,,1.0,10800.0,,,,0.0,872.0,0.0871559633027523,1,13,0.14285714285714285,1,1
248,1051,22,0,0,,,,1.0,10800.0,,,,45.69565217391305,872.0,0.28440366972477066,1,5,0.0,0,1
56,0,0,0,0,,,,1.0,10800.0,,,,0.0,872.0,0.06422018348623854,1,15,0.0,0,1
77,0,0,0,0,,,,1.0,10800.0,,,,0.0,872.0,0.08830275229357798,1,13,0.0,0,1
282,3823,4206,0,5,,,,1.0,10800.0,,,,0.9087235559781317,872.0,0.32339449541284404,1,3,0.0,0,1
107,203,288,0,0,,,,1.0,10800.0,,,,0.7024221453287197,870.0,0.12298850574712644,1,14,0.0,0,1
138,13,27,0,0,,,,1.0,10800.0,,,,0.4642857142857143,872.0,0.15825688073394495,1,11,0.0,0,1
85,0,0,0,0,,,,1.0,10800.0,,,,0.0,872.0,0.09747706422018348,1,16,0.0,0,1
77,0,0,0,0,,,,1.0,10800.0,,,,0.0,872.0,0.08830275229357798,1,16,0.0,0,1
77,0,0,0,0,,,,1.0,10800.0,,,,0.0,872.0,0.08830275229357798,1,15,0.0,0,1
70,0,0,0,0,,,,1.0,10800.0,,,,0.0,872.0,0.08027522935779817,1,15,0.0,0,1
218,3254,3520,0,4,,,,1.0,10800.0,,,,0.9241692700937234,872.0,0.25,1,7,0.0,0,1
128,0,0,0,0,,,,1.0,10800.0,,,,0.0,872.0,0.14678899082568808,1,13,0.0,0,1
101,0,0,0,0,,,,1.0,10800.0,,,,0.0,865.0,0.11676300578034682,1,16,0.0,0,1
291,4487,4934,0,7,,,,1.0,10800.0,,,,0.9092198581560283,872.0,0.33371559633027525,0,16,0.0,0,1
49,0,0,0,0,,,,1.0,10800.0,,,,0.0,872.0,0.05619266055045872,1,12,0.15384615384615385,1,1
123,239,343,0,0,,,,1.0,10800.0,,,,0.6947674418604651,872.0,0.14105504587155962,1,12,0.0,0,1
73,0,0,0,0,,,,1.0,10800.0,,,,0.0,872.0,0.08371559633027523,1,16,0.0,0,1
44,0,0,0,0,,,,1.0,10800.0,,,,0.0,872.0,0.05045871559633028,1,16,0.0,0,1
49,0,0,0,0,,,,1.0,10800.0,,,,0.0,872.0,0.05619266055045872,1,14,0.0,0,1
140,237,324,0,0,,,,1.0,10800.0,,,,0.7292307692307692,872.0,0.16055045871559634,1,12,0.0,0,1
55,0,0,0,0,,,,1.0,10800.0,,,,0.0,872.0,0.06307339449541284,1,19,0.0,0,1
133,250,297,0,1,,,,1.0,10800.0,,,,0.8389261744966443,871.0,0.15269804822043628,1,15,0.0,0,1
222,4516,4618,0,6,,,,1.0,10800.0,,,,0.977700801039186,870.0,0.25517241379310346,1,4,0.0,0,1
122,0,0,0,0,,,,1.0,10800.0,,,,0.0,871.0,0.14006888633754305,1,15,0.0,0,1
125,0,0,0,0,,,,1.0,10800.0,,,,0.0,872.0,0.143348623853211,1,17,0.0,0,1
117,0,0,0,0,,,,1.0,10800.0,,,,0.0,870.0,0.13448275862068965,1,13,0.0,0,1
29,1,0,0,0,,,,1.0,10800.0,,,,1.0,872.0,0.033256880733944956,1,14,0.0,0,1
74,42,88,0,0,,,,1.0,10800.0,,,,0.47191011235955055,872.0,0.08486238532110092,1,13,0.0,0,1
360,5949,6540,0,6,,,,1.0,10800.0,,,,0.9094939611680172,872.0,0.41284403669724773,1,14,0.0,0,1
172,499,716,0,0,,,,1.0,10800.0,,,,0.6959553695955369,872.0,0.19724770642201836,1,15,0.0,0,1
32,0,0,0,0,,,,1.0,10800.0,,,,0.0,872.0,0.03669724770642202,1,11,0.16666666666666666,1,1
69,0,0,0,0,,,,1.0,10800.0,,,,0.0,871.0,0.07921928817451206,1,13,0.0,0,1
51,0,0,0,0,,,,1.0,10800.0,,,,0.0,872.0,0.058486238532110095,1,16,0.0,0,1
32,2,0,0,0,,,,1.0,10800.0,,,,2.0,872.0,0.03669724770642202,1,12,0.0,0,1
123,0,0,0,0,,,,1.0,10800.0,,,,0.0,872.0,0.14105504587155962,1,10,0.0,0,1
27,0,0,0,0,,,,1.0,10800.0,,,,0.0,870.0,0.03103448275862069,1,15,0.0,0,1
32,0,0,0,0,,,,1.0,10800.0,,,,0.0,872.0,0.03669724770642202,1,13,0.0,0,1
35,0,0,0,0,,,,1.0,10800.0,,,,0.0,872.0,0.040137614678899085,1,13,0.07692307692307693,1,1
115,0,0,0,0,,,,1.0,10800.0,,,,0.0,871.0,0.13203214695752008,1,16,0.0,0,1
82,0,0,0,0,,,,1.0,10800.0,,,,0.0,872.0,0.09403669724770643,1,11,0.0,0,1
6440,1487,2001,938,7,,,,1.0,,,,,0.7427572427572428,807.0,7.980173482032218,1,20,0.0,0,1
136,1,0,0,0,,,,1.0,10800.0,,,,1.0,830.0,0.163855421686747,1,15,0.0,0,1
264,5066,5569,0,5,,,,1.0,10800.0,,,,0.9095152603231598,830.0,0.3180722891566265,1,7,0.0,0,1
420,4871,5113,0,4,1.0,,,1.0,7200.0,,,,0.9524833789597185,830.0,0.5060240963855421,1,14,0.0,0,1
5736,2874,3176,0,6,1.0,,,1.0,10800.0,,,,0.9046270066100094,806.0,7.116625310173697,1,11,0.15384615384615385,1,1
2976,3550,3910,0,13,1.0,,,1.0,10800.0,,,,0.9076962413704934,804.0,3.701492537313433,1,11,0.0,0,1
151,2590,2844,0,3,,,,1.0,10800.0,,,,0.9103690685413005,803.0,0.18804483188044832,1,8,0.0,0,1
72,1,0,0,0,,,,1.0,10800.0,,,,1.0,803.0,0.0896637608966376,1,13,0.0,0,1
66,0,0,0,0,,,,1.0,10800.0,,,,0.0,803.0,0.0821917808219178,1,15,0.06666666666666667,1,1
216,4289,4559,0,4,,,,1.0,10800.0,,,,0.9405701754385964,803.0,0.26899128268991285,1,3,0.0,0,1
50,0,0,0,0,,,,1.0,10800.0,,,,0.0,803.0,0.062266500622665005,1,15,0.0,0,1
137,217,335,0,0,,,,1.0,10800.0,,,,0.6458333333333334,803.0,0.1706102117061021,1,13,0.0,0,1
130,0,0,0,0,,,,1.0,10800.0,,,,0.0,803.0,0.16189290161892902,1,15,0.0,0,1
296,5108,5553,0,2,,,,1.0,10800.0,,,,0.9196975153042852,803.0,0.3686176836861768,1,14,0.0,0,1
135,0,0,0,0,,,,1.0,10800.0,,,,0.0,802.0,0.16832917705735662,1,14,0.0,0,1
81,0,0,0,0,,,,1.0,10800.0,,,,0.0,803.0,0.10087173100871731,1,14,0.0,0,1
267,4534,4943,0,5,,,,1.0,10800.0,,,,0.9170711974110033,802.0,0.3329177057356609,1,6,0.0,0,1
125,2425,2613,0,4,,,,1.0,10800.0,,,,0.9276970160673298,797.0,0.15683814303638646,1,4,0.0,0,1
38,0,0,0,0,,,,1.0,10800.0,,,,0.0,803.0,0.047322540473225407,1,14,0.0,0,1
122,238,330,0,0,,,,1.0,10800.0,,,,0.7190332326283988,801.0,0.1523096129837703,1,12,0.0,0,1
214,3320,3650,0,2,,,,1.0,10800.0,,,,0.9093399068748288,803.0,0.26650062266500624,1,5,0.0,0,1
120,0,0,0,0,,,,1.0,10800.0,,,,0.0,803.0,0.149439601494396,1,13,0.0,0,1
46,0,0,0,0,,,,1.0,10800.0,,,,0.0,803.0,0.057285180572851806,1,13,0.0,0,1
151,237,323,0,2,,,,1.0,10800.0,,,,0.7314814814814815,803.0,0.18804483188044832,1,15,0.0,0,1
108,0,0,0,0,,,,1.0,10800.0,,,,0.0,803.0,0.13449564134495642,1,14,0.0,0,1
112,0,0,0,0,,,,1.0,10800.0,,,,0.0,803.0,0.13947696139476962,1,12,0.0,0,1
141,251,317,0,0,,,,1.0,10800.0,,,,0.789308176100629,803.0,0.17559153175591533,1,14,0.0,0,1
318,3943,4338,0,5,,,,1.0,10800.0,,,,0.9087347315049551,803.0,0.3960149439601494,1,3,0.0,0,1
386,5506,5518,0,6,,,,1.0,10800.0,,,,0.9976445008153652,803.0,0.4806973848069738,1,5,0.0,0,1
71,0,0,0,0,,,,1.0,10800.0,,,,0.0,801.0,0.08863920099875156,1,13,0.0,0,1
210,4061,4434,0,3,,,,1.0,10800.0,,,,0.9156708004509583,800.0,0.2625,1,6,0.0,0,1
129,0,0,0,0,,,,1.0,10800.0,,,,0.0,801.0,0.16104868913857678,1,13,0.0,0,1
330,4189,4447,0,5,,,,1.0,10800.0,,,,0.9417715827338129,801.0,0.41198501872659177,0,18,0.0,0,1
136,312,335,0,1,,,,1.0,10800.0,,,,0.9285714285714286,803.0,0.16936488169364883,1,15,0.0,0,1
52,1,0,0,0,,,,1.0,10800.0,,,,1.0,803.0,0.0647571606475716,1,11,0.16666666666666666,1,1
231,2863,3153,0,5,,,,1.0,10800.0,,,,0.9077362079898541,803.0,0.2876712328767123,1,5,0.0,0,1
88,0,0,0,0,,,,1.0,10800.0,,,,0.0,803.0,0.1095890410958904,1,15,0.0,0,1
10,0,0,0,0,,,,1.0,10800.0,,,,0.0,788.0,0.012690355329949238,1,15,0.0,0,1
139,1,0,0,0,,,,1.0,10800.0,,,,1.0,803.0,0.17310087173100872,1,13,0.0,0,1
49,0,0,0,0,,,,1.0,10800.0,,,,0.0,803.0,0.06102117061021171,1,13,0.0,0,1
35,0,0,0,0,,,,1.0,10800.0,,,,0.0,801.0,0.04369538077403246,1,13,0.0,0,1
74,1,0,0,0,,,,1.0,10800.0,,,,1.0,801.0,0.09238451935081149,1,13,0.0,0,1
262,4415,4627,0,6,,,,1.0,10800.0,,,,0.9539757994814174,803.0,0.32627646326276466,0,6,0.0,0,1
117,2,0,0,0,,,,1.0,10800.0,,,,2.0,803.0,0.14570361145703611,1,15,0.0,0,1
355,5911,6247,0,10,,,,1.0,10800.0,,,,0.9460627400768246,803.0,0.44209215442092153,1,5,0.0,0,1
312,5715,6138,1,7,,,,1.0,10800.0,,,,0.9309333767714612,803.0,0.38854296388542964,1,5,0.0,0,1
45,1,0,0,0,,,,1.0,10800.0,,,,1.0,803.0,0.05603985056039851,1,15,0.06666666666666667,1,1
90,0,0,0,0,,,,1.0,10800.0,,,,0.0,803.0,0.11207970112079702,1,14,0.0,0,1
258,4466,4759,0,3,,,,1.0,10800.0,,,,0.9382352941176471,803.0,0.32129514321295144,1,6,0.0,0,1
133,0,0,0,0,,,,1.0,10800.0,,,,0.0,803.0,0.1656288916562889,1,14,0.0,0,1
44,0,0,0,0,,,,1.0,10800.0,,,,0.0,799.0,0.05506883604505632,1,14,0.0,0,1
66,0,0,0,0,,,,1.0,10800.0,,,,0.0,803.0,0.0821917808219178,1,14,0.0,0,1
39,0,0,0,0,,,,1.0,10800.0,,,,0.0,800.0,0.04875,1,15,0.0,0,1
47,0,0,0,0,1.0,,,1.0,10800.0,,,,0.0,803.0,0.058530510585305104,1,13,0.0,0,1
59,1,0,0,0,,,,1.0,10800.0,,,,1.0,803.0,0.07347447073474471,1,15,0.0,0,1
41,0,0,0,0,,,,1.0,10800.0,,,,0.0,803.0,0.05105853051058531,1,15,0.0,0,1
339,5488,5532,0,3,,,,1.0,10800.0,,,,0.9918669799385506,803.0,0.42216687422166876,1,6,0.0,0,1
124,2157,2368,0,2,,,,1.0,10800.0,,,,0.910510764035458,803.0,0.15442092154420922,1,2,0.0,0,1
86,0,0,0,0,,,,1.0,10800.0,,,,0.0,798.0,0.10776942355889724,1,12,0.0,0,1
85,0,0,0,0,,,,1.0,10800.0,,,,0.0,803.0,0.10585305105853052,1,14,0.0,0,1
257,4461,4683,0,6,,,,1.0,10800.0,,,,0.9523911187019641,803.0,0.32004981320049813,1,6,0.0,0,1
66,0,0,0,0,,,,1.0,10800.0,,,,0.0,803.0,0.0821917808219178,1,15,0.0,0,1
63,0,0,0,0,,,,1.0,10800.0,,,,0.0,803.0,0.0784557907845579,1,15,0.0,0,1
123,0,0,0,0,,,,1.0,10800.0,,,,0.0,803.0,0.15317559153175592,1,14,0.0,0,1
268,4940,5430,0,5,,,,1.0,10800.0,,,,0.9095930767814399,803.0,0.33374844333748444,1,4,0.0,0,1
133,0,0,0,0,,,,1.0,10800.0,,,,0.0,803.0,0.1656288916562889,1,14,0.0,0,1
142,492,680,0,1,,,,1.0,10800.0,,,,0.7224669603524229,803.0,0.17683686176836863,1,12,0.15384615384615385,1,1
24,0,0,0,0,,,,1.0,10800.0,,,,0.0,803.0,0.029887920298879204,1,14,0.0,0,1
118,268,362,0,0,,,,1.0,10800.0,,,,0.7382920110192838,803.0,0.14694894146948942,1,13,0.0,0,1
39,0,0,0,0,,,,1.0,10800.0,,,,0.0,803.0,0.048567870485678705,1,13,0.0,0,1
221,4264,4467,0,6,,,,1.0,10800.0,,,,0.954341987466428,803.0,0.2752179327521793,1,6,0.0,0,1
305,5665,6032,0,3,1.0,,,1.0,10800.0,,,,0.9390021548151831,803.0,0.37982565379825656,1,5,0.0,0,1
127,262,344,0,0,,,,1.0,10800.0,,,,0.7594202898550725,803.0,0.1581569115815691,1,15,0.0,0,1
51,0,0,0,0,,,,1.0,10800.0,,,,0.0,803.0,0.06351183063511831,1,14,0.0,0,1
217,3792,4168,0,2,,,,1.0,10800.0,,,,0.9095706404413528,803.0,0.27023661270236615,1,4,0.0,0,1
204,3577,3939,0,4,,,,1.0,10800.0,,,,0.9078680203045685,803.0,0.25404732254047324,1,2,0.0,0,1
84,0,0,0,0,,,,1.0,10800.0,,,,0.0,803.0,0.10460772104607721,1,15,0.0,0,1
212,2639,2661,0,2,,,,1.0,10800.0,,,,0.9913598797896318,803.0,0.2640099626400996,1,5,0.0,0,1
139,1,0,0,0,1.0,,,1.0,10800.0,,,,1.0,803.0,0.17310087173100872,1,14,0.0,0,1
118,285,346,0,0,,,,1.0,10800.0,,,,0.8213256484149856,803.0,0.14694894146948942,1,12,0.0,0,1
319,5659,6219,0,7,,,,1.0,10800.0,,,,0.909807073954984,803.0,0.3972602739726027,1,4,0.0,0,1
51,0,0,0,0,,,,1.0,10800.0,,,,0.0,803.0,0.06351183063511831,1,16,0.0,0,1
78,0,0,0,0,,,,1.0,10800.0,,,,0.0,803.0,0.09713574097135741,1,12,0.0,0,1
40,0,0,0,0,,,,1.0,10800.0,,,,0.0,799.0,0.05006257822277847,1,13,0.0,0,1
22,0,0,0,0,,,,1.0,10800.0,,,,0.0,796.0,0.02763819095477387,1,15,0.0,0,1
31,1,0,0,0,,,,1.0,10800.0,,,,1.0,799.0,0.03879849812265332,1,13,0.0,0,1
24,0,0,0,0,,,,1.0,10800.0,,,,0.0,799.0,0.030037546933667083,1,16,0.0,0,1
26,0,0,0,0,,,,1.0,10800.0,,,,0.0,798.0,0.03258145363408521,1,14,0.0,0,1
365,5059,5375,0,6,,,,1.0,10800.0,,,,0.9410342261904762,799.0,0.4568210262828536,1,5,0.0,0,1
34,0,0,0,0,,,,1.0,10800.0,,,,0.0,799.0,0.0425531914893617,1,13,0.0,0,1
2270,4494,4090,1,21,1.0,,,1.0,10800.0,,,,1.098508922023955,799.0,2.8410513141426783,1,12,0.0,0,1
35,0,0,0,0,,,,1.0,10800.0,,,,0.0,799.0,0.04380475594493116,1,13,0.0,0,1
20,0,0,0,0,,,,1.0,10800.0,,,,0.0,797.0,0.025094102885821833,1,15,0.06666666666666667,1,1
37,0,0,0,0,,,,1.0,10800.0,,,,0.0,799.0,0.04630788485607009,1,13,0.0,0,1
31,0,0,0,0,,,,1.0,10800.0,,,,0.0,799.0,0.03879849812265332,1,15,0.0,0,1
27,0,0,0,0,,,,1.0,10800.0,,,,0.0,796.0,0.03391959798994975,1,13,0.0,0,1
43,0,0,0,0,,,,1.0,10800.0,,,,0.0,796.0,0.05402010050251256,1,16,0.0,0,1
122,0,0,0,0,,,,1.0,10800.0,,,,0.0,796.0,0.15326633165829145,1,14,0.0,0,1
105,0,0,0,0,,,,1.0,10800.0,,,,0.0,790.0,0.13291139240506328,1,13,0.0,0,1
50,0,0,0,0,,,,1.0,10800.0,,,,0.0,796.0,0.06281407035175879,1,12,0.0,0,1
5,0,0,0,0,,,,1.0,10800.0,,,,0.0,789.0,0.0063371356147021544,1,16,0.0,0,1
26,0,0,0,0,,,,1.0,10800.0,,,,0.0,795.0,0.03270440251572327,1,15,0.0,0,1
5524,2727,3014,3,2,1.0,,,1.0,,,,,0.9044776119402985,781.0,7.072983354673496,1,17,0.42857142857142855,1,1
3417,45532,40075,4205,174,,,1.0,1.0,10800.0,,,,1.1361413314702067,776.0,4.403350515463917,1,8,0.0,0,1
3433,5676,6238,0,7,1.0,,,1.0,7200.0,,,,0.9097611796762302,781.0,4.395646606914212,0,15,0.06666666666666667,1,1
3439,3423,3580,1,6,1.0,,,1.0,7200.0,,,,0.9558782462999162,780.0,4.408974358974359,1,14,0.0,0,1
3743,6873,7559,1,25,1.0,,,1.0,10800.0,,,,0.9091269841269841,780.0,4.7987179487179485,1,15,0.0,0,1
1258,359,321,0,0,1.0,,,1.0,10800.0,,,,1.1149068322981366,779.0,1.6148908857509627,0,10,0.0,0,1
1874,4552,5004,0,29,1.0,,,1.0,10800.0,,,,0.9094905094905095,779.0,2.405648267008986,1,14,0.0,0,1
4735,4414,4855,2,14,1.0,,,1.0,10800.0,,,,0.9089785831960461,778.0,6.086118251928021,0,12,0.0,0,1
3734,1522,1991,0,5,1.0,,,1.0,10800.0,,,,0.7640562248995983,778.0,4.799485861182519,1,16,0.0,0,1
3776,1295,1772,0,3,1.0,,,1.0,10800.0,,,,0.730400451212634,777.0,4.85971685971686,0,14,0.0,0,1
1156,919,1166,1,0,1.0,,,1.0,10800.0,,,,0.7874892887746359,777.0,1.4877734877734878,0,15,0.0,0,1
2515,2018,2159,0,4,1.0,,,1.0,7200.0,,,,0.9342592592592592,777.0,3.236808236808237,0,13,0.0,0,1
1960,3793,4085,0,25,1.0,,,1.0,10800.0,,,,0.9282917278511992,777.0,2.5225225225225225,1,10,0.0,0,1
1312,605,320,0,0,1.0,,,1.0,10800.0,,,,1.884735202492212,776.0,1.690721649484536,0,14,0.0,0,1
6755,7392,7796,11,17,1.0,,,1.0,10800.0,,,,0.948056944978838,775.0,8.716129032258065,1,14,0.0,0,1
3330,1008,1992,0,2,1.0,,,1.0,10800.0,,,,0.5057701956848971,774.0,4.3023255813953485,0,14,0.0,0,1
2203,48787,45690,3,104,,,,1.0,7200.0,,,,1.0677595150029546,748.0,2.945187165775401,1,14,0.0,0,1
6001,3624,4054,6,5,1.0,,,1.0,10800.0,,,,0.893711467324291,772.0,7.773316062176166,1,15,0.06666666666666667,1,1
3097,3626,3602,0,12,1.0,,,1.0,10800.0,,,,1.006383569247849,773.0,4.00646830530401,1,14,0.0,0,1
2165,799,1452,0,0,1.0,,,1.0,10800.0,,,,0.5498967653131452,771.0,2.808041504539559,1,5,0.2727272727272727,1,1
3770,1839,2027,3,4,1.0,,,1.0,7200.0,,,,0.9068047337278107,772.0,4.883419689119171,0,16,0.0,0,1
74118,2803,597,601,182,,,1.0,1.0,7200.0,,,,4.687290969899665,753.0,98.43027888446215,1,13,0.0,0,1
6776,10147,10813,7,22,1.0,,,1.0,10800.0,,,,0.9383206953948585,769.0,8.81144343302991,1,12,0.15384615384615385,1,1
6758,3983,4398,4,7,1.0,,,1.0,10800.0,,,,0.9054330529665833,770.0,8.776623376623377,1,15,0.0,0,1
2223,1903,2073,0,10,1.0,,,1.0,7200.0,,,,0.9175506268081003,770.0,2.887012987012987,1,4,0.0,0,1
3681,5907,5645,1,17,1.0,,,1.0,10800.0,,,,1.0462274176408077,770.0,4.78051948051948,1,14,0.0,0,1
6313,4214,4343,3,7,1.0,,,1.0,10800.0,,,,0.9700736648250461,767.0,8.23076923076923,1,18,0.0,0,1
4260,6077,6504,9,15,1.0,,,1.0,10800.0,,,,0.9342044581091468,768.0,5.546875,1,13,0.0,0,1
1240,315,322,0,0,1.0,,,1.0,10800.0,,,,0.9752321981424149,768.0,1.6145833333333333,0,13,0.0,0,1
2261,606,701,0,2,1.0,,,1.0,10800.0,,,,0.8632478632478633,754.0,2.9986737400530505,1,12,0.0,0,1
4262,7865,8199,7,18,1.0,,,1.0,10800.0,,,,0.9591463414634146,766.0,5.563968668407311,1,14,0.0,0,1
3710,3803,4143,0,9,1.0,,,1.0,7200.0,,,,0.9177123552123552,766.0,4.8433420365535245,1,6,0.0,0,1
3978,4886,5218,1,4,1.0,,,1.0,10800.0,,,,0.936194673309063,766.0,5.193211488250653,1,14,0.0,0,1
2455,3139,3376,0,9,1.0,,,1.0,10800.0,,,,0.9295232454841575,766.0,3.2049608355091386,1,10,0.0,0,1
3138,3392,3681,3,13,1.0,,,1.0,10800.0,,,,0.9212384573601303,762.0,4.118110236220472,1,15,0.0,0,1
2333,6123,6061,0,26,1.0,,,1.0,10800.0,,,,1.010062685582316,766.0,3.045691906005222,1,13,0.0,0,1
6634,1944,2133,1,3,1.0,,,1.0,10800.0,,,,0.9109653233364574,764.0,8.68324607329843,1,16,0.0,0,1
6384,1536,2001,2,0,1.0,,,1.0,10800.0,,,,0.7672327672327672,764.0,8.356020942408376,1,13,0.0,0,1
4352,5810,6381,0,4,1.0,,,1.0,10800.0,,,,0.9103729238483234,763.0,5.703800786369594,1,6,0.0,0,1
1752,4371,4503,0,16,1.0,,,1.0,10800.0,,,,0.9704706927175843,761.0,2.302233902759527,1,9,0.0,0,1
4017,2316,2558,9,6,,,,1.0,7200.0,,,,0.9050410316529894,761.0,5.278580814717477,1,15,0.0,0,1
2608,2686,2848,4,6,1.0,,,1.0,7200.0,,,,0.9427869427869427,760.0,3.431578947368421,0,8,0.0,0,1
2374,1196,1873,0,3,1.0,,,1.0,10800.0,,,,0.6382070437566703,758.0,3.1319261213720315,1,11,0.0,0,1
4875,4309,4169,2,7,1.0,,,1.0,10800.0,,,,1.0333333333333334,760.0,6.4144736842105265,1,15,0.2,1,1
2000,3996,3895,0,15,1.0,,,1.0,10800.0,,,,1.0256673511293635,759.0,2.635046113306983,1,7,0.0,0,1
3825,3849,4063,2,10,1.0,,,1.0,7200.0,,,,0.9470964566929134,760.0,5.032894736842105,0,18,0.0,0,1
3866,3273,3260,1,10,1.0,,,1.0,7200.0,,,,1.0036798528058877,760.0,5.086842105263158,1,7,0.0,0,1
3500,5641,5836,1,9,1.0,,,1.0,10800.0,,,,0.9664211067329107,760.0,4.605263157894737,1,7,0.0,0,1
4024,2611,2834,1,5,1.0,,,1.0,7200.0,,,,0.9209876543209876,759.0,5.301712779973649,0,15,0.0,0,1
5102,5709,5904,5,12,1.0,,,1.0,10800.0,,,,0.9668077900084674,746.0,6.839142091152815,1,14,0.0,0,1
6694,5644,4714,1,5,1.0,,,1.0,10800.0,,,,1.1970307529162247,755.0,8.866225165562915,1,14,0.07142857142857142,1,1
2084,1613,1991,0,2,1.0,,,1.0,10800.0,,,,0.8097389558232931,755.0,2.7602649006622517,1,15,0.0,0,1
6702,8301,8510,6,12,1.0,,,1.0,10800.0,,,,0.9753260486429327,755.0,8.87682119205298,1,11,0.1,1,1
4772,3759,4019,4,8,1.0,,,1.0,10800.0,,,,0.9350746268656717,755.0,6.320529801324503,0,10,0.1,1,1
2305,1837,2019,0,8,1.0,,,1.0,10800.0,,,,0.9094059405940594,749.0,3.0774365821094793,1,13,0.0,0,1
3807,2913,3186,8,7,1.0,,,1.0,7200.0,,,,0.9140257295262002,750.0,5.076,1,14,0.0,0,1
3354,3234,3367,0,5,1.0,,,1.0,7200.0,,,,0.9602137767220903,747.0,4.48995983935743,1,12,0.0,0,1
1004,3656,3950,0,17,1.0,,,1.0,10800.0,,,,0.9253353581371805,750.0,1.3386666666666667,1,16,0.0,0,1
2669,2517,2826,0,7,1.0,,,1.0,7200.0,,,,0.8903431199151044,750.0,3.558666666666667,1,16,0.0,0,1
6791,3616,3841,2,5,1.0,,,1.0,10800.0,,,,0.9411764705882353,750.0,9.054666666666666,1,12,0.15384615384615385,1,1
6796,6512,5450,5,7,1.0,,,1.0,10800.0,,,,1.1946431847367456,750.0,9.061333333333334,1,6,0.0,0,1
2377,4331,4258,0,16,1.0,,,1.0,10800.0,,,,1.0169053768490255,750.0,3.1693333333333333,1,13,0.0,0,1
2808,4343,4362,0,24,1.0,,,1.0,10800.0,,,,0.9954159981663993,750.0,3.744,1,15,0.0,0,1
6531,1407,1957,1,3,1.0,,,1.0,10800.0,,,,0.7185903983656793,749.0,8.719626168224298,1,14,0.0,0,1
19969,1809,1598,12605,10,,,1.0,1.0,7200.0,,,,1.1313320825515947,711.0,28.085794655414908,1,5,0.0,0,1
3839,1593,1994,2,4,1.0,,,1.0,7200.0,,,,0.7984962406015037,735.0,5.22312925170068,1,9,0.0,0,1
433,91,312,74,0,1.0,,1.0,1.0,7200.0,,,,0.29073482428115016,684.0,0.6330409356725146,1,8,0.0,0,1
9772,32011,27899,4,108,,,,1.0,10800.0,,,,1.147347670250896,720.0,13.572222222222223,1,12,0.0,0,1
428,7620,8090,0,20,,,,1.0,7200.0,,,,0.9417871709306637,715.0,0.5986013986013986,1,5,0.0,0,1
331,5772,5860,0,5,,,,1.0,10800.0,,,,0.984814878007166,719.0,0.4603616133518776,1,7,0.0,0,1
383,5823,5689,0,4,,,,1.0,10800.0,,,,1.0233743409490335,719.0,0.5326842837273992,1,6,0.0,0,1
384,5052,5503,0,5,,,,1.0,10800.0,,,,0.9178779069767442,718.0,0.5348189415041783,1,8,0.0,0,1
442,6642,6795,0,7,,,,1.0,7200.0,,,,0.9773396115361977,718.0,0.6155988857938719,1,5,0.0,0,1
404,5523,6077,0,4,,,,1.0,10800.0,,,,0.9086870681145114,719.0,0.5618915159944368,1,6,0.0,0,1
411,5694,5987,0,7,,,,1.0,10800.0,,,,0.9509018036072144,717.0,0.5732217573221757,1,7,0.0,0,1
423,6214,6315,0,4,1.0,,,1.0,10800.0,,,,0.9838505383153895,719.0,0.588317107093185,1,14,0.0,0,1
407,4817,5040,0,7,,,,1.0,10800.0,,,,0.9555643721483833,716.0,0.5684357541899442,1,11,0.09090909090909091,1,1
409,5054,5560,0,2,,,,1.0,10800.0,,,,0.9088293472397051,719.0,0.56884561891516,1,7,0.0,0,1
361,5299,5829,0,8,,,,1.0,10800.0,,,,0.9089193825042882,719.0,0.502086230876217,1,8,0.0,0,1
380,5607,6156,0,4,1.0,,,1.0,10800.0,,,,0.9106707812246224,719.0,0.5285118219749653,1,12,0.15384615384615385,1,1
436,5886,6104,0,10,1.0,,,1.0,10800.0,,,,0.9641277641277641,718.0,0.6072423398328691,1,6,0.0,0,1
396,4908,5244,0,3,1.0,,,1.0,10800.0,,,,0.9357483317445185,718.0,0.5515320334261838,1,13,0.0,0,1
358,4683,4580,0,6,1.0,,,1.0,10800.0,,,,1.0222658808120497,708.0,0.5056497175141242,1,6,0.0,0,1
406,5272,5629,0,3,1.0,,,1.0,10800.0,,,,0.9364120781527531,718.0,0.5654596100278552,1,5,0.0,0,1
428,6463,6602,0,12,1.0,,,1.0,10800.0,,,,0.9787975162804786,718.0,0.596100278551532,1,4,0.1,1,1
431,4326,4760,0,7,,,,1.0,10800.0,,,,0.9086326402016384,718.0,0.6002785515320335,1,13,0.0,0,1
399,5736,6310,0,9,,,,1.0,10800.0,,,,0.9088892410077642,718.0,0.5557103064066853,1,4,0.0,0,1
380,5764,5825,0,9,,,,1.0,10800.0,,,,0.9893580501201511,718.0,0.5292479108635098,1,8,0.0,0,1
370,4887,5250,0,2,,,,1.0,10800.0,,,,0.930679870500857,718.0,0.5153203342618384,1,13,0.18181818181818182,1,1
436,5825,6223,0,8,,,,1.0,10800.0,,,,0.9358933161953727,718.0,0.6072423398328691,1,12,0.0,0,1
358,4881,5025,0,6,1.0,,,1.0,10800.0,,,,0.971150019896538,718.0,0.4986072423398329,1,11,0.0,0,1
415,5763,5968,0,9,,,,1.0,7200.0,,,,0.965488356508628,715.0,0.5804195804195804,1,13,0.0,0,1
400,5559,6103,0,7,,,,1.0,10800.0,,,,0.9107142857142857,718.0,0.5571030640668524,1,4,0.0,0,1
388,4886,5367,0,4,,,,1.0,10800.0,,,,0.9102086438152012,718.0,0.5403899721448467,1,7,0.0,0,1
446,5737,6173,0,14,,,,1.0,10800.0,,,,0.9292193067703272,718.0,0.6211699164345403,1,4,0.0,0,1
415,6997,6942,0,10,,,,1.0,10800.0,,,,1.0077776177444908,718.0,0.5779944289693594,1,6,0.0,0,1
378,6137,5755,0,7,,,,1.0,10800.0,,,,1.0661917998610146,718.0,0.5264623955431755,1,5,0.0,0,1
419,5232,5454,0,8,1.0,,,1.0,10800.0,,,,0.9591200733272227,714.0,0.5868347338935574,1,4,0.0,0,1
421,6519,6741,0,7,,,,1.0,10800.0,,,,0.9669237614951053,718.0,0.5863509749303621,1,5,0.0,0,1
391,4569,5021,0,5,,,,1.0,10800.0,,,,0.9097968936678614,718.0,0.5445682451253482,1,18,0.0,0,1
398,5502,5923,0,5,1.0,,,1.0,10800.0,,,,0.9287643484132343,718.0,0.5543175487465181,1,4,0.0,0,1
413,6261,6467,0,7,,,,1.0,10800.0,,,,0.9679962894248608,717.0,0.5760111576011158,1,5,0.0,0,1
409,5091,5394,0,3,,,,1.0,10800.0,,,,0.9436515291936979,717.0,0.5704323570432357,1,5,0.0,0,1
339,4504,4722,0,6,,,,1.0,10800.0,,,,0.9536311666313784,710.0,0.47746478873239434,1,10,0.0,0,1
454,5705,6275,0,7,,,,1.0,10800.0,,,,0.9090184831102613,717.0,0.6331938633193863,1,10,0.0,0,1
408,6179,6618,0,5,,,,1.0,10800.0,,,,0.9335247016165584,717.0,0.5690376569037657,1,6,0.0,0,1
444,5699,6187,0,11,,,,1.0,10800.0,,,,0.9209760827407886,717.0,0.6192468619246861,1,13,0.0,0,1
371,5392,5925,0,6,,,,1.0,10800.0,,,,0.90988862639217,713.0,0.520336605890603,1,6,0.0,0,1
2808,251,241,1640,0,,,1.0,1.0,10800.0,,,,1.037190082644628,678.0,4.1415929203539825,1,13,0.0,0,1
4382,154,1153,549,0,,,1.0,1.0,7200.0,,,,0.13344887348353554,610.0,7.18360655737705,1,12,0.0,0,1
93,37,224,1,0,,,,1.0,7200.0,,,,0.16444444444444445,608.0,0.15296052631578946,1,17,0.0,0,1
2007,5,0,0,0,,,,1.0,10800.0,,,,5.0,594.0,3.378787878787879,0,20,0.0,0,1
154,82,54,8,0,1.0,,,1.0,,,,,1.490909090909091,566.0,0.27208480565371024,1,18,0.0,0,1
694,110,181,3,1,1.0,,,1.0,7200.0,,,,0.6043956043956044,502.0,1.3824701195219125,1,16,0.0,0,1
2132,7122,5199,135,37,,,,1.0,7200.0,,,,1.3696153846153847,498.0,4.281124497991968,1,18,0.0,0,1
366,5,7,0,0,,,,1.0,,,,,0.625,501.0,0.7305389221556886,0,18,0.0,0,1
5876,6325,2,1630,26,,,,1.0,7200.0,,,,2108.3333333333335,492.0,11.94308943089431,1,18,0.0,0,1
1861,1449,1822,103,2,,,,1.0,7200.0,,,,0.7948436642896325,469.0,3.9680170575692966,1,16,0.0,0,1
8185,277,36,0,0,1.0,,,1.0,,,,,7.486486486486487,477.0,17.159329140461217,1,20,0.0,0,1
26755,8029,4479,19377,656,,,1.0,,7200.0,,,,1.7921875,448.0,59.720982142857146,1,5,0.0,0,1
10187,456,75,9015,0,,,,1.0,,,,,6.0,416.0,24.48798076923077,1,13,0.0,0,1
1155,1320,1699,0,2,1.0,,,1.0,10800.0,,,,0.7764705882352941,450.0,2.566666666666667,1,9,0.0,0,1
1144,483,566,0,0,1.0,,,1.0,10800.0,,,,0.8518518518518519,450.0,2.542222222222222,1,16,0.0,0,1
1214,1759,1989,0,2,1.0,,,1.0,10800.0,,,,0.8839195979899498,446.0,2.7219730941704037,1,5,0.0,0,1
1272,2088,1988,0,5,1.0,,,1.0,10800.0,,,,1.0497737556561086,450.0,2.8266666666666667,1,7,0.0,0,1
1239,804,1239,0,0,1.0,,,1.0,10800.0,,,,0.6483870967741936,450.0,2.7533333333333334,1,8,0.0,0,1
1179,561,622,0,0,1.0,,,1.0,10800.0,,,,0.9004815409309791,450.0,2.62,0,4,0.0,0,1
1126,908,1492,0,1,1.0,,,1.0,10800.0,,,,0.608171466845278,450.0,2.502222222222222,1,10,0.0,0,1
1505,717,1069,0,1,1.0,,,1.0,10800.0,,,,0.6700934579439253,450.0,3.3444444444444446,0,7,0.0,0,1
1093,611,766,0,3,1.0,,,1.0,10800.0,,,,0.7966101694915254,450.0,2.428888888888889,0,17,0.0,0,1
1129,1500,1764,2,2,1.0,,,1.0,10800.0,,,,0.8498583569405099,449.0,2.514476614699332,1,5,0.0,0,1
1175,1458,1512,0,0,1.0,,,1.0,10800.0,,,,0.9636483807005949,449.0,2.6169265033407574,1,5,0.0,0,1
1143,965,992,0,1,1.0,,,1.0,10800.0,,,,0.9718026183282981,450.0,2.54,0,4,0.0,0,1
1162,1318,1635,0,3,1.0,,,1.0,10800.0,,,,0.8056234718826406,450.0,2.582222222222222,0,8,0.0,0,1
1464,1012,1149,0,3,1.0,,,1.0,10800.0,,,,0.88,450.0,3.2533333333333334,1,17,0.0,0,1
1171,945,1176,0,0,1.0,,,1.0,10800.0,,,,0.8028887000849617,446.0,2.625560538116592,1,6,0.0,0,1
1562,995,1071,0,2,1.0,,,1.0,10800.0,,,,0.9281716417910447,450.0,3.471111111111111,1,15,0.0,0,1
1510,949,945,0,0,1.0,,,1.0,10800.0,,,,1.0031712473572938,446.0,3.3856502242152464,1,17,0.0,0,1
1189,1021,1069,0,0,1.0,,,1.0,10800.0,,,,0.9542056074766355,450.0,2.6422222222222222,1,8,0.0,0,1
1034,750,794,0,3,1.0,,,1.0,10800.0,,,,0.9433962264150944,449.0,2.3028953229398663,0,7,0.0,0,1
1162,865,937,0,1,1.0,,,1.0,10800.0,,,,0.9221748400852878,448.0,2.59375,1,15,0.0,0,1
1137,680,825,0,0,1.0,,,1.0,10800.0,,,,0.8232445520581114,450.0,2.526666666666667,0,7,0.0,0,1
1086,1052,1322,0,1,1.0,,,1.0,10800.0,,,,0.7951625094482238,450.0,2.4133333333333336,1,16,0.0,0,1
1093,744,825,0,3,1.0,,,1.0,10800.0,,,,0.9007263922518159,450.0,2.428888888888889,1,12,0.0,0,1
987,570,854,0,1,1.0,,,1.0,10800.0,,,,0.6666666666666666,450.0,2.1933333333333334,1,7,0.0,0,1
1557,1262,1234,0,3,1.0,,,1.0,10800.0,,,,1.0218623481781377,450.0,3.46,1,19,0.0,0,1
1186,1217,1144,1,1,1.0,,,1.0,10800.0,,,,1.062882096069869,450.0,2.6355555555555554,0,17,0.0,0,1
1249,1135,1441,0,3,1.0,,,1.0,10800.0,,,,0.7871012482662968,450.0,2.7755555555555556,1,11,0.0,0,1
1162,1012,1305,0,3,1.0,,,1.0,10800.0,,,,0.774885145482389,446.0,2.6053811659192827,1,9,0.0,0,1
1217,1774,1994,0,0,1.0,,,1.0,10800.0,,,,0.8892230576441102,448.0,2.716517857142857,0,6,0.0,0,1
1043,908,1009,0,0,1.0,,,1.0,10800.0,,,,0.899009900990099,450.0,2.3177777777777777,1,6,0.0,0,1
1118,748,1008,0,1,1.0,,,1.0,10800.0,,,,0.7413280475718533,438.0,2.5525114155251143,1,15,0.0,0,1
1475,1382,1467,0,2,1.0,,,1.0,10800.0,,,,0.94141689373297,450.0,3.2777777777777777,1,17,0.0,0,1
990,688,809,0,1,1.0,,,1.0,10800.0,,,,0.8493827160493828,450.0,2.2,1,17,0.0,0,1
1502,1356,1542,0,1,1.0,,,1.0,10800.0,,,,0.8788075178224238,450.0,3.3377777777777777,1,7,0.0,0,1
1013,495,621,0,1,1.0,,,1.0,10800.0,,,,0.7958199356913184,450.0,2.2511111111111113,0,17,0.0,0,1
1179,996,1557,0,2,1.0,,,1.0,10800.0,,,,0.6392811296534018,450.0,2.62,0,7,0.0,0,1
1094,602,885,0,5,1.0,,,1.0,10800.0,,,,0.6794582392776524,448.0,2.4419642857142856,1,20,0.0,0,1
1117,415,542,0,0,1.0,,,1.0,10800.0,,,,0.7642725598526704,450.0,2.482222222222222,0,8,0.0,0,1
1010,445,530,0,2,1.0,,,1.0,10800.0,,,,0.8380414312617702,450.0,2.2444444444444445,1,14,0.0,0,1
808,3033,2192,10,7,,,,1.0,7200.0,,,,1.3830369357045145,450.0,1.7955555555555556,1,11,0.0,0,1
1253,1406,1996,1,2,1.0,,,1.0,10800.0,,,,0.7040560841261893,449.0,2.7906458797327396,1,9,0.0,0,1
1241,1867,1643,1,2,1.0,,,1.0,10800.0,,,,1.1356447688564477,450.0,2.7577777777777777,1,19,0.0,0,1
2081,910,1401,0,3,1.0,,,1.0,10800.0,,,,0.6490727532097005,447.0,4.655480984340045,1,5,0.0,0,1
439,9,384,0,0,1.0,,,1.0,,,,,0.023376623376623377,446.0,0.984304932735426,0,13,0.07142857142857142,1,1
3060,1293,1977,7,1,1.0,,1.0,1.0,10800.0,,,,0.653690596562184,440.0,6.954545454545454,1,7,0.0,0,1
35054,6876,5997,50699,41,1.0,,,1.0,7200.0,,,,1.146382127375792,430.0,81.52093023255814,1,7,0.4,1,1
927,738,320,76,15,,,,1.0,7200.0,,,,2.2990654205607477,392.0,2.364795918367347,1,16,0.0,0,1
607,450,1312,42,4,,,1.0,1.0,7200.0,,,,0.3427265803503427,306.0,1.9836601307189543,1,14,0.0,0,1
4861,58,12,0,0,1.0,,,1.0,,,,,4.461538461538462,213.0,22.821596244131456,1,17,0.0,0,1
2141,81,125,865,0,,,,1.0,7200.0,,,,0.6428571428571429,214.0,10.004672897196262,1,4,0.0,0,1
779,4713,5142,0,7,,,,1.0,10800.0,,,,0.9163912113552402,193.0,4.036269430051814,1,4,0.0,0,1
768,2560,2814,0,2,,,,1.0,10800.0,,,,0.9094138543516874,192.0,4.0,1,20,0.0,0,1
248,80,173,0,0,,,,1.0,,,,,0.45977011494252873,169.0,1.467455621301775,1,13,0.0,0,1
579,2592,2764,0,5,,,,1.0,,,,,0.9374321880650994,168.0,3.4464285714285716,1,15,0.0,0,1
587,9798,9965,0,14,,,,1.0,10800.0,,,,0.9831426851294401,168.0,3.494047619047619,1,13,0.0,0,1
244,29,73,0,0,1.0,,,1.0,,,,,0.3918918918918919,163.0,1.4969325153374233,1,15,0.0,0,1
9794,350,5,43,4,1.0,,,1.0,,,,,58.333333333333336,153.0,64.01307189542484,1,14,0.0,0,1
561,1763,889,0,1,,,,1.0,,,,,1.9808988764044944,162.0,3.462962962962963,0,15,0.0,0,1
549,6244,6865,0,10,,,,1.0,,,,,0.909408680454413,162.0,3.388888888888889,1,15,0.0,0,1
515,1798,2001,0,1,,,,1.0,,,,,0.8981018981018981,156.0,3.301282051282051,1,15,0.0,0,1
523,5687,6170,0,7,,,,1.0,,,,,0.9215686274509803,161.0,3.248447204968944,0,13,0.0,0,1
213,31,85,0,0,,,,1.0,,,,,0.36046511627906974,161.0,1.3229813664596273,1,14,0.0,0,1
553,6777,7136,0,4,,,,1.0,,,,,0.9495586380832283,160.0,3.45625,1,17,0.18181818181818182,1,1
1081,17,17,0,0,,,,1.0,,,,,0.9444444444444444,125.0,8.648,1,15,0.0,0,1
601,7955,8018,0,11,,,,1.0,,,,,0.9920189549819179,160.0,3.75625,1,14,0.13333333333333333,1,1
547,1276,1918,0,1,,,,1.0,,,,,0.6649296508598228,160.0,3.41875,1,12,0.0,0,1
558,8845,9720,0,20,,,,1.0,,,,,0.9098858142166444,160.0,3.4875,1,16,0.0,0,1
567,1177,1676,0,3,,,,1.0,,,,,0.7018485390578414,159.0,3.5660377358490565,1,12,0.0,0,1
591,2621,2482,0,4,,,,1.0,10800.0,,,,1.0555779299234798,159.0,3.7169811320754715,1,9,0.2,1,1
524,7530,8101,0,8,,,,1.0,,,,,0.9294001481115773,156.0,3.358974358974359,1,12,0.0,0,1
534,1514,1212,0,2,,,,1.0,,,,,1.2481450948062656,159.0,3.358490566037736,1,13,0.0,0,1
550,540,213,0,0,,,,1.0,10800.0,,,,2.5233644859813085,159.0,3.459119496855346,1,12,0.0,0,1
532,4645,4255,0,4,,,,1.0,,,,,1.0914003759398496,158.0,3.367088607594937,1,14,0.0,0,1
547,802,519,0,1,,,,1.0,,,,,1.5423076923076924,156.0,3.5064102564102564,1,14,0.0,0,1
497,1395,1325,0,3,,,,1.0,,,,,1.0520361990950227,153.0,3.2483660130718954,0,14,0.0,0,1
435,286,272,0,0,,,,1.0,,,,,1.0476190476190477,157.0,2.770700636942675,1,13,0.0,0,1
502,1475,1870,0,2,,,,1.0,,,,,0.7883484767504009,158.0,3.1772151898734178,1,10,0.0,0,1
532,1665,1795,0,4,,,,1.0,,,,,0.9270601336302895,158.0,3.367088607594937,1,4,0.0,0,1
544,4850,4920,0,7,,,,1.0,,,,,0.9855720382036172,157.0,3.464968152866242,1,11,0.0,0,1
547,4974,5165,0,11,,,,1.0,,,,,0.9628339140534262,157.0,3.484076433121019,1,12,0.15384615384615385,1,1
421,417,342,0,1,,,,1.0,,,,,1.215743440233236,157.0,2.6815286624203822,1,11,0.0,0,1
490,1315,1654,0,2,,,,1.0,,,,,0.7945619335347432,157.0,3.121019108280255,1,13,0.0,0,1
526,2356,2488,0,1,,,,1.0,,,,,0.9465648854961832,157.0,3.3503184713375798,1,14,0.0,0,1
563,9361,9921,0,9,,,,1.0,,,,,0.9434589800443459,157.0,3.5859872611464967,1,16,0.0,0,1
542,9757,10677,0,49,,,,1.0,,,,,0.9137478928638322,156.0,3.4743589743589745,1,16,0.0,0,1
488,1180,1488,0,1,,,,1.0,,,,,0.7924781732706514,156.0,3.128205128205128,1,12,0.0,0,1
519,1605,1786,0,4,,,,1.0,,,,,0.898153329602686,156.0,3.326923076923077,1,13,0.0,0,1
232,228,198,0,0,,,,1.0,,,,,1.1457286432160805,155.0,1.4967741935483871,1,14,0.0,0,1
512,3035,3108,0,4,,,,1.0,,,,,0.9761981344483757,156.0,3.282051282051282,1,14,0.0,0,1
449,1124,1222,0,0,,,,1.0,,,,,0.9190515126737531,149.0,3.0134228187919465,1,16,0.0,0,1
519,4019,4397,0,3,,,,1.0,,,,,0.9138244656662119,156.0,3.326923076923077,1,14,0.0,0,1
483,5089,5293,0,4,,,,1.0,,,,,0.9612769172648281,156.0,3.0961538461538463,1,13,0.0,0,1
523,2569,2608,0,4,,,,1.0,,,,,0.9846684553468762,155.0,3.3741935483870966,1,12,0.0,0,1
527,2164,2164,0,3,,,,1.0,10800.0,,,,0.9995381062355658,155.0,3.4,1,11,0.0,0,1
514,6311,6781,0,19,,,,1.0,,,,,0.9305514597463875,155.0,3.3161290322580643,1,11,0.0,0,1
543,1293,1437,0,3,,,,1.0,,,,,0.8991655076495132,155.0,3.503225806451613,1,13,0.0,0,1
540,2867,3068,0,5,,,,1.0,,,,,0.9341805148256761,155.0,3.4838709677419355,1,5,0.0,0,1
234,449,161,0,0,,,,1.0,,,,,2.771604938271605,154.0,1.5194805194805194,1,12,0.0,0,1
469,5148,5012,0,9,,,,1.0,,,,,1.0269299820466786,154.0,3.0454545454545454,1,14,0.0,0,1
497,2368,1975,0,4,,,,1.0,,,,,1.1983805668016194,140.0,3.55,1,13,0.0,0,1
239,224,177,0,0,,,,1.0,,,,,1.2584269662921348,154.0,1.551948051948052,1,14,0.0,0,1
473,4627,4888,0,4,,,,1.0,10800.0,,,,0.9464103088566169,153.0,3.0915032679738563,1,12,0.0,0,1
480,1632,2003,0,2,,,,1.0,,,,,0.8143712574850299,153.0,3.1372549019607843,1,10,0.0,0,1
446,4897,5367,0,2,,,,1.0,7200.0,,,,0.91225782414307,153.0,2.915032679738562,1,12,0.0,0,1
484,3488,3835,0,3,,,,1.0,,,,,0.9092805005213764,152.0,3.1842105263157894,1,20,0.0,0,1
469,4098,4507,0,0,,,,1.0,7200.0,,,,0.90905057675244,152.0,3.085526315789474,1,5,0.0,0,1
456,3532,3637,0,7,,,,1.0,10800.0,,,,0.9708631115997801,152.0,3.0,1,13,0.0,0,1
472,1547,1242,0,0,,,,1.0,,,,,1.244569589702333,151.0,3.1258278145695364,1,12,0.0,0,1
414,1371,1465,0,2,,,,1.0,,,,,0.9351978171896317,142.0,2.915492957746479,1,12,0.0,0,1
476,1184,1497,0,0,,,,1.0,,,,,0.7903871829105474,151.0,3.152317880794702,1,15,0.0,0,1
489,1087,1537,0,0,,,,1.0,,,,,0.7067620286085826,152.0,3.2171052631578947,1,8,0.0,0,1
450,4455,4844,0,2,,,,1.0,,,,,0.9195046439628483,149.0,3.0201342281879193,1,7,0.0,0,1
460,3731,3994,0,1,,,,1.0,,,,,0.9339173967459324,147.0,3.129251700680272,1,12,0.0,0,1
485,4669,5117,0,6,,,,1.0,,,,,0.9122704181320829,147.0,3.2993197278911564,1,4,0.0,0,1
730,1132,914,557,1,1.0,,1.0,1.0,,,,,1.2371584699453553,53.0,13.773584905660377,1,15,0.0,0,1
85,963,1820,12,0,,,,1.0,7200.0,,,,0.528830313014827,14.0,6.071428571428571,0,19,0.0,0,1
53,10,46,0,0,,,,1.0,,,,,0.2127659574468085,61.0,0.8688524590163934,0,15,0.0,0,1
68,4,40,0,0,,,,1.0,,,,,0.0975609756097561,63.0,1.0793650793650793,0,14,0.0,0,1
79,9,39,0,0,,,,1.0,,,,,0.225,73.0,1.082191780821918,0,12,0.0,0,1
59,1,39,0,0,,,,1.0,,,,,0.025,61.0,0.9672131147540983,0,12,0.0,0,1
73,7,36,0,0,,,,1.0,,,,,0.1891891891891892,73.0,1.0,0,13,0.0,0,1
65,3,38,0,0,,,,1.0,,,,,0.07692307692307693,76.0,0.8552631578947368,0,14,0.0,0,1
67,3,40,0,0,,,,1.0,,,,,0.07317073170731707,73.0,0.9178082191780822,0,14,0.0,0,1
43,4,33,0,0,,,,1.0,,,,,0.11764705882352941,59.0,0.7288135593220338,0,13,0.0,0,1
43,3,39,0,0,,,,1.0,,,,,0.075,54.0,0.7962962962962963,0,14,0.0,0,1
67,2,24,0,0,,,,1.0,,,,,0.08,73.0,0.9178082191780822,0,16,0.0,0,1
42,7,41,0,0,,,,1.0,,,,,0.16666666666666666,54.0,0.7777777777777778,0,15,0.0,0,1
45,4,42,0,0,,,,1.0,,,,,0.09302325581395349,54.0,0.8333333333333334,0,12,0.0,0,1
43,8,39,0,0,,,,1.0,,,,,0.2,67.0,0.6417910447761194,0,10,0.0,0,1
43,3,41,0,0,,,,1.0,,,,,0.07142857142857142,52.0,0.8269230769230769,0,14,0.0,0,1
59,9,42,0,0,,,,1.0,,,,,0.20930232558139536,67.0,0.8805970149253731,0,13,0.0,0,1
41,9,42,0,0,,,,1.0,,,,,0.20930232558139536,53.0,0.7735849056603774,0,9,0.0,0,1
42,3,34,0,0,,,,1.0,,,,,0.08571428571428572,57.0,0.7368421052631579,0,15,0.0,0,1
46,3,37,0,0,,,,1.0,,,,,0.07894736842105263,58.0,0.7931034482758621,0,13,0.0,0,1
58,6,39,0,0,,,,1.0,,,,,0.15,67.0,0.8656716417910447,0,14,0.0,0,1
47,2,35,0,0,,,,1.0,,,,,0.05555555555555555,58.0,0.8103448275862069,0,14,0.0,0,1
63,4,43,0,0,,,,1.0,,,,,0.09090909090909091,73.0,0.863013698630137,0,13,0.0,0,1
42,1,37,0,0,,1.0,,1.0,,,,,0.02631578947368421,56.0,0.75,0,12,0.0,0,1
62,6,40,0,0,,,,1.0,,,,,0.14634146341463414,71.0,0.8732394366197183,0,14,0.0,0,1
41,9,44,0,0,,,,1.0,,,,,0.2,59.0,0.6949152542372882,0,13,0.0,0,1
45,7,44,0,0,,,,1.0,,,,,0.15555555555555556,54.0,0.8333333333333334,0,13,0.0,0,1
45,5,42,0,0,,,,1.0,,,,,0.11627906976744186,53.0,0.8490566037735849,0,10,0.0,0,1
43,6,42,0,0,,,,1.0,,,,,0.13953488372093023,59.0,0.7288135593220338,0,12,0.0,0,1
53,3,37,0,0,,,,1.0,,,,,0.07894736842105263,62.0,0.8548387096774194,0,14,0.0,0,1
60,5,37,0,0,,,,1.0,,,,,0.13157894736842105,65.0,0.9230769230769231,0,13,0.0,0,1
63,9,39,0,2,,,,1.0,,,,,0.225,74.0,0.8513513513513513,0,15,0.0,0,1
60,6,39,0,0,,,,1.0,,,,,0.15,62.0,0.967741935483871,0,12,0.0,0,1
42,3,44,0,0,,,,1.0,,,,,0.06666666666666667,57.0,0.7368421052631579,0,13,0.0,0,1
69,6,40,0,0,,,,1.0,,,,,0.14634146341463414,73.0,0.9452054794520548,0,15,0.0,0,1
64,6,36,0,0,,,,1.0,,,,,0.16216216216216217,63.0,1.0158730158730158,0,11,0.0,0,1
63,6,37,0,0,,,,1.0,,,,,0.15789473684210525,66.0,0.9545454545454546,0,11,0.0,0,1
54,1,40,0,0,,,,1.0,,,,,0.024390243902439025,67.0,0.8059701492537313,0,13,0.0,0,1
63,5,42,0,0,,,,1.0,,,,,0.11627906976744186,74.0,0.8513513513513513,0,12,0.0,0,1
43,9,39,0,0,,,,1.0,,,,,0.225,53.0,0.8113207547169812,0,12,0.0,0,1
46,8,36,0,0,,,,1.0,,,,,0.21621621621621623,53.0,0.8679245283018868,0,16,0.0,0,1
55,7,39,0,0,,,,1.0,,,,,0.175,63.0,0.873015873015873,0,12,0.0,0,1
60,5,45,0,0,,,,1.0,,,,,0.10869565217391304,66.0,0.9090909090909091,0,14,0.0,0,1
43,2,40,0,0,,,,1.0,,,,,0.04878048780487805,55.0,0.7818181818181819,0,10,0.0,0,1
47,10,41,0,0,,,,1.0,,,,,0.23809523809523808,53.0,0.8867924528301887,0,16,0.0,0,1
63,4,35,0,0,,,,1.0,,,,,0.1111111111111111,73.0,0.863013698630137,0,13,0.0,0,1
62,5,34,0,0,,,,1.0,,,,,0.14285714285714285,63.0,0.9841269841269841,0,11,0.0,0,1
59,4,32,0,1,,,,1.0,,,,,0.12121212121212122,63.0,0.9365079365079365,0,14,0.0,0,1
44,3,37,0,0,,,,1.0,,,,,0.07894736842105263,68.0,0.6470588235294118,0,15,0.0,0,1
81,3,43,0,0,,,,1.0,,,,,0.06818181818181818,73.0,1.1095890410958904,0,14,0.0,0,1
76,8,43,0,0,,,,1.0,,,,,0.18181818181818182,74.0,1.027027027027027,0,15,0.0,0,1
43,3,29,0,0,,,,1.0,,,,,0.1,54.0,0.7962962962962963,0,9,0.0,0,1
61,0,36,0,0,,,,1.0,,,,,0.0,72.0,0.8472222222222222,0,15,0.0,0,1
45,2,34,0,1,,,,1.0,,,,,0.05714285714285714,54.0,0.8333333333333334,0,13,0.0,0,1
59,1,31,0,1,,,,1.0,,,,,0.03125,69.0,0.855072463768116,0,11,0.0,0,1
41,5,44,0,0,,,,1.0,,,,,0.1111111111111111,53.0,0.7735849056603774,0,14,0.0,0,1
59,6,43,0,0,,,,1.0,,,,,0.13636363636363635,71.0,0.8309859154929577,0,11,0.0,0,1
62,4,42,0,0,,,,1.0,,,,,0.09302325581395349,65.0,0.9538461538461539,0,11,0.0,0,1
49,6,36,0,0,,,,1.0,,,,,0.16216216216216217,56.0,0.875,0,12,0.0,0,1
62,5,45,0,0,,,,1.0,,,,,0.10869565217391304,71.0,0.8732394366197183,0,11,0.0,0,1
63,5,32,0,0,,,,1.0,,,,,0.15151515151515152,70.0,0.9,0,15,0.0,0,1
46,9,40,0,0,,,,1.0,,,,,0.21951219512195122,53.0,0.8679245283018868,0,10,0.0,0,1
79,3,39,0,0,,,,1.0,,,,,0.075,74.0,1.0675675675675675,0,15,0.0,0,1
61,8,36,0,0,,,,1.0,,,,,0.21621621621621623,71.0,0.8591549295774648,0,16,0.0,0,1
52,9,38,0,0,,,,1.0,,,,,0.23076923076923078,68.0,0.7647058823529411,0,11,0.0,0,1
42,4,40,0,1,,,,1.0,,,,,0.0975609756097561,69.0,0.6086956521739131,0,13,0.0,0,1
91,6,42,0,0,,,,1.0,,,,,0.13953488372093023,127.0,0.7165354330708661,0,11,0.0,0,1
44,3,40,0,0,,,,1.0,,,,,0.07317073170731707,68.0,0.6470588235294118,0,16,0.0,0,1
222,37,386,0,1,,,,1.0,,,,,0.09560723514211886,76.0,2.9210526315789473,0,12,0.0,0,1
39,29,40,0,0,,,,1.0,,,,,0.7073170731707317,57.0,0.6842105263157895,0,16,0.0,0,1
67,11,38,0,0,,,,1.0,,,,,0.28205128205128205,71.0,0.9436619718309859,0,14,0.0,0,1
42,4,38,0,0,,,,1.0,,,,,0.10256410256410256,53.0,0.7924528301886793,0,10,0.0,0,1
40,4,35,0,0,,,,1.0,,,,,0.1111111111111111,53.0,0.7547169811320755,0,15,0.0,0,1
78,5,36,0,0,,,,1.0,,,,,0.13513513513513514,74.0,1.054054054054054,0,13,0.0,0,1
77,9,46,0,0,,,,1.0,,,,,0.19148936170212766,74.0,1.0405405405405406,0,11,0.0,0,1
73,4,46,0,1,,,,1.0,,,,,0.0851063829787234,74.0,0.9864864864864865,0,11,0.0,0,1
60,6,40,0,1,,,,1.0,,,,,0.14634146341463414,69.0,0.8695652173913043,0,15,0.0,0,1
61,2,38,0,0,,,,1.0,,,,,0.05128205128205128,66.0,0.9242424242424242,0,16,0.0,0,1
73,4,38,0,0,,,,1.0,,,,,0.10256410256410256,74.0,0.9864864864864865,0,10,0.0,0,1
40,6,35,0,0,,,,1.0,,,,,0.16666666666666666,68.0,0.5882352941176471,0,15,0.0,0,1
69,5,39,0,0,,,,1.0,,,,,0.125,70.0,0.9857142857142858,0,13,0.0,0,1
66,7,46,0,0,,,,1.0,,,,,0.14893617021276595,69.0,0.9565217391304348,0,12,0.0,0,1
61,11,39,0,0,,,,1.0,,,,,0.275,70.0,0.8714285714285714,0,16,0.0,0,1
62,3,42,0,0,,,,1.0,,,,,0.06976744186046512,65.0,0.9538461538461539,0,14,0.0,0,1
62,8,45,0,0,,,,1.0,,,,,0.17391304347826086,64.0,0.96875,0,15,0.0,0,1
48,11,46,0,0,,,,1.0,,,,,0.23404255319148937,69.0,0.6956521739130435,0,12,0.0,0,1
40,3,41,0,0,,,,1.0,,,,,0.07142857142857142,55.0,0.7272727272727273,0,13,0.0,0,1
44,2,42,0,0,,,,1.0,,,,,0.046511627906976744,54.0,0.8148148148148148,0,11,0.0,0,1
43,5,43,0,2,,1.0,,1.0,,,,,0.11363636363636363,59.0,0.7288135593220338,0,15,0.0,0,1
43,5,40,0,0,,,,1.0,,,,,0.12195121951219512,57.0,0.7543859649122807,0,8,0.0,0,1
45,5,41,0,1,,,,1.0,,,,,0.11904761904761904,70.0,0.6428571428571429,0,16,0.0,0,1
45,2,41,0,1,,,,1.0,,,,,0.047619047619047616,68.0,0.6617647058823529,0,13,0.0,0,1
53,4,43,0,0,,,,1.0,,,,,0.09090909090909091,60.0,0.8833333333333333,0,13,0.0,0,1
46,6,35,0,0,,,,1.0,,,,,0.16666666666666666,69.0,0.6666666666666666,0,16,0.0,0,1
66,9,37,0,0,,,,1.0,,,,,0.23684210526315788,71.0,0.9295774647887324,0,14,0.0,0,1
76,5,46,0,0,,,,1.0,,,,,0.10638297872340426,73.0,1.0410958904109588,0,16,0.0,0,1
66,3,38,0,0,,,,1.0,,,,,0.07692307692307693,73.0,0.9041095890410958,0,16,0.0,0,1
64,3,42,0,0,,,,1.0,,,,,0.06976744186046512,71.0,0.9014084507042254,0,13,0.0,0,1
54,6,39,0,0,,,,1.0,,,,,0.15,66.0,0.8181818181818182,0,14,0.0,0,1
42,6,42,0,0,,,,1.0,,,,,0.13953488372093023,59.0,0.711864406779661,0,12,0.0,0,1
74,9,35,0,0,,,,1.0,,,,,0.25,75.0,0.9866666666666667,0,12,0.0,0,1
79,4,42,0,0,,,,1.0,,,,,0.09302325581395349,73.0,1.082191780821918,0,11,0.0,0,1
55,8,41,0,0,,,,1.0,,,,,0.19047619047619047,71.0,0.7746478873239436,0,14,0.0,0,1
45,5,43,0,0,,,,1.0,,,,,0.11363636363636363,59.0,0.7627118644067796,0,15,0.0,0,1
40,0,35,0,0,,,,1.0,,,,,0.0,54.0,0.7407407407407407,0,13,0.0,0,1
60,4,40,0,0,,,,1.0,,,,,0.0975609756097561,70.0,0.8571428571428571,0,13,0.0,0,1
58,5,42,0,0,,,,1.0,,,,,0.11627906976744186,63.0,0.9206349206349206,0,15,0.0,0,1
52,7,37,0,0,,,,1.0,,,,,0.18421052631578946,68.0,0.7647058823529411,0,16,0.0,0,1
48,4,46,0,0,,,,1.0,,,,,0.0851063829787234,54.0,0.8888888888888888,0,13,0.0,0,1
46,3,44,0,0,,,,1.0,,,,,0.06666666666666667,52.0,0.8846153846153846,0,14,0.0,0,1
49,3,37,0,0,,,,1.0,,,,,0.07894736842105263,69.0,0.7101449275362319,0,12,0.0,0,1
45,6,34,0,1,,,,1.0,,,,,0.17142857142857143,67.0,0.6716417910447762,0,15,0.0,0,1
72,7,39,0,0,,,,1.0,,,,,0.175,74.0,0.972972972972973,0,16,0.0,0,1
67792,918,728,1989,5,,,,1.0,-18000.0,,,,1.2592592592592593,1867.0,36.31065881092662,1,7,0.0,0,1
54,7,39,0,0,,,,1.0,,,,,0.175,68.0,0.7941176470588235,0,15,0.0,0,1
56,9,33,0,0,,,,1.0,,,,,0.2647058823529412,64.0,0.875,0,15,0.0,0,1
75,2,46,0,1,,,,1.0,,,,,0.0425531914893617,72.0,1.0416666666666667,0,12,0.0,0,1
41,6,35,0,0,,,,1.0,,,,,0.16666666666666666,68.0,0.6029411764705882,0,15,0.0,0,1
83,10,43,0,0,,,,1.0,,,,,0.22727272727272727,74.0,1.1216216216216217,0,11,0.0,0,1
41,3,43,0,0,,,,1.0,,,,,0.06818181818181818,57.0,0.7192982456140351,0,15,0.0,0,1
49,7,39,0,0,,,,1.0,,,,,0.175,62.0,0.7903225806451613,0,15,0.0,0,1
81,7,44,0,1,,,,1.0,,,,,0.15555555555555556,75.0,1.08,0,13,0.0,0,1
46,12,40,0,1,,,,1.0,,,,,0.2926829268292683,56.0,0.8214285714285714,0,15,0.0,0,1
46,3,40,0,0,,,,1.0,,,,,0.07317073170731707,53.0,0.8679245283018868,0,11,0.0,0,1
43,5,44,0,0,,,,1.0,,,,,0.1111111111111111,68.0,0.6323529411764706,0,12,0.0,0,1
43,3,37,0,1,,,,1.0,,,,,0.07894736842105263,54.0,0.7962962962962963,0,15,0.0,0,1
46,2,36,0,0,,,,1.0,,,,,0.05405405405405406,53.0,0.8679245283018868,0,15,0.0,0,1
44,6,40,0,1,,,,1.0,,,,,0.14634146341463414,67.0,0.6567164179104478,0,13,0.0,0,1
51,6,37,0,0,,,,1.0,,,,,0.15789473684210525,63.0,0.8095238095238095,0,12,0.0,0,1
59,4,42,0,0,,,,1.0,,,,,0.09302325581395349,70.0,0.8428571428571429,0,12,0.0,0,1
76,2,42,0,0,,,,1.0,,,,,0.046511627906976744,73.0,1.0410958904109588,0,12,0.0,0,1
46,2,33,0,0,,,,1.0,,,,,0.058823529411764705,57.0,0.8070175438596491,0,12,0.0,0,1
44,2,40,0,0,,,,1.0,,,,,0.04878048780487805,56.0,0.7857142857142857,0,13,0.0,0,1
66,6,43,0,0,,,,1.0,,,,,0.13636363636363635,70.0,0.9428571428571428,0,16,0.0,0,1
47,5,36,0,1,,,,1.0,,,,,0.13513513513513514,67.0,0.7014925373134329,0,13,0.0,0,1
42,9,44,0,0,,,,1.0,,,,,0.2,52.0,0.8076923076923077,0,15,0.0,0,1
56,7,44,0,0,,,,1.0,,,,,0.15555555555555556,67.0,0.835820895522388,0,13,0.0,0,1
43,3,38,0,0,,,,1.0,,,,,0.07692307692307693,59.0,0.7288135593220338,0,13,0.0,0,1
42,4,37,0,0,,,,1.0,,,,,0.10526315789473684,60.0,0.7,0,14,0.0,0,1
43,4,38,0,0,,,,1.0,,,,,0.10256410256410256,56.0,0.7678571428571429,0,16,0.0,0,1
45,0,40,0,0,,,,1.0,,,,,0.0,59.0,0.7627118644067796,0,15,0.0,0,1
68,5,45,0,0,,,,1.0,,,,,0.10869565217391304,72.0,0.9444444444444444,0,12,0.0,0,1
39,6,34,0,0,,,,1.0,,,,,0.17142857142857143,54.0,0.7222222222222222,0,15,0.0,0,1
51,5,43,0,1,,,,1.0,,,,,0.11363636363636363,71.0,0.7183098591549296,0,13,0.0,0,1
49,5,44,0,0,,,,1.0,,,,,0.1111111111111111,57.0,0.8596491228070176,0,15,0.0,0,1
44,10,38,0,2,,,,1.0,,,,,0.2564102564102564,54.0,0.8148148148148148,0,16,0.0,0,1
53,5,35,0,0,,,,1.0,,,,,0.1388888888888889,68.0,0.7794117647058824,0,13,0.0,0,1
40,10,40,0,0,,,,1.0,,,,,0.24390243902439024,69.0,0.5797101449275363,0,14,0.0,0,1
76,8,44,0,0,,,,1.0,,,,,0.17777777777777778,71.0,1.0704225352112675,0,14,0.0,0,1
47,8,39,0,0,,,,1.0,,,,,0.2,69.0,0.6811594202898551,0,15,0.0,0,1
43,3,38,0,0,,,,1.0,,,,,0.07692307692307693,53.0,0.8113207547169812,0,13,0.0,0,1
41,9,39,0,0,,,,1.0,,,,,0.225,53.0,0.7735849056603774,0,9,0.0,0,1
46,7,36,0,0,,,,1.0,,,,,0.1891891891891892,54.0,0.8518518518518519,0,16,0.0,0,1
64,7,46,0,1,,,,1.0,,,,,0.14893617021276595,68.0,0.9411764705882353,0,11,0.0,0,1
65,13,44,0,0,,,,1.0,,,,,0.28888888888888886,68.0,0.9558823529411765,0,13,0.0,0,1
68,3,40,0,0,,,,1.0,,,,,0.07317073170731707,67.0,1.0149253731343284,0,12,0.0,0,1
78,7,42,0,0,,,,1.0,,,,,0.16279069767441862,74.0,1.054054054054054,0,13,0.0,0,1
46,2,42,0,0,,,,1.0,,,,,0.046511627906976744,67.0,0.6865671641791045,0,15,0.0,0,1
16023,285,210,324,1,,,,1.0,10800.0,,,,1.3507109004739337,787.0,20.35959339263024,1,6,0.0,0,1
45,4,38,0,0,,,,1.0,,,,,0.10256410256410256,58.0,0.7758620689655172,0,12,0.0,0,1
82,6,34,0,1,,,,1.0,,,,,0.17142857142857143,74.0,1.1081081081081081,0,13,0.0,0,1
67,3,36,0,0,,,,1.0,,,,,0.08108108108108109,70.0,0.9571428571428572,0,14,0.0,0,1
42,8,44,0,0,,,,1.0,,,,,0.17777777777777778,69.0,0.6086956521739131,0,11,0.0,0,1
76,3,47,0,0,,,,1.0,,,,,0.0625,72.0,1.0555555555555556,0,13,0.0,0,1
64,7,36,0,0,,,,1.0,,,,,0.1891891891891892,70.0,0.9142857142857143,0,11,0.0,0,1
46,8,44,0,0,,,,1.0,,,,,0.17777777777777778,53.0,0.8679245283018868,0,13,0.0,0,1
60,4,44,0,0,,,,1.0,,,,,0.08888888888888889,65.0,0.9230769230769231,0,14,0.0,0,1
61,7,35,0,1,,,,1.0,,,,,0.19444444444444445,62.0,0.9838709677419355,0,14,0.0,0,1
71,4,46,0,1,,,,1.0,,,,,0.0851063829787234,76.0,0.9342105263157895,0,14,0.0,0,1
43,5,42,0,0,,,,1.0,,,,,0.11627906976744186,52.0,0.8269230769230769,0,12,0.0,0,1
60,14,42,0,0,,,,1.0,,,,,0.32558139534883723,69.0,0.8695652173913043,0,14,0.0,0,1
77,3,41,0,0,,,,1.0,,,,,0.07142857142857142,73.0,1.0547945205479452,0,13,0.0,0,1
64,10,34,0,0,,,,1.0,,,,,0.2857142857142857,73.0,0.8767123287671232,0,14,0.0,0,1
40,10,41,0,0,,,,1.0,,,,,0.23809523809523808,69.0,0.5797101449275363,0,12,0.0,0,1
45,1,42,0,0,,,,1.0,,,,,0.023255813953488372,53.0,0.8490566037735849,0,13,0.0,0,1
43,4,40,0,1,,,,1.0,,,,,0.0975609756097561,53.0,0.8113207547169812,0,13,0.0,0,1
55,5,42,0,0,,,,1.0,,,,,0.11627906976744186,73.0,0.7534246575342466,0,13,0.0,0,1
65,1,37,0,0,,,,1.0,,,,,0.02631578947368421,73.0,0.8904109589041096,0,14,0.0,0,1
68,5,37,0,0,,,,1.0,,,,,0.13157894736842105,62.0,1.096774193548387,0,14,0.0,0,1
60,3,38,0,0,,,,1.0,,,,,0.07692307692307693,62.0,0.967741935483871,0,14,0.0,0,1
72,4,40,0,0,,1.0,,1.0,,,,,0.0975609756097561,72.0,1.0,0,14,0.0,0,1
67,2,36,0,0,,,,1.0,,,,,0.05405405405405406,72.0,0.9305555555555556,0,15,0.0,0,1
53,6,36,0,0,,,,1.0,,,,,0.16216216216216217,67.0,0.7910447761194029,0,11,0.0,0,1
46,5,37,0,0,,,,1.0,,,,,0.13157894736842105,52.0,0.8846153846153846,0,13,0.0,0,1
68,5,43,0,1,,,,1.0,,,,,0.11363636363636363,70.0,0.9714285714285714,0,13,0.0,0,1
62,6,41,0,0,,,,1.0,,,,,0.14285714285714285,68.0,0.9117647058823529,0,12,0.0,0,1
74,4,47,0,0,,,,1.0,,,,,0.08333333333333333,74.0,1.0,0,13,0.0,0,1
76,4,36,0,0,,,,1.0,,,,,0.10810810810810811,72.0,1.0555555555555556,0,14,0.0,0,1
59,6,50,0,2,,,,1.0,,,,,0.11764705882352941,67.0,0.8805970149253731,0,14,0.0,0,1
54,3,37,0,0,,,,1.0,,,,,0.07894736842105263,64.0,0.84375,0,15,0.0,0,1
78,5,38,0,0,,,,1.0,,,,,0.1282051282051282,73.0,1.0684931506849316,0,12,0.0,0,1
65,9,41,0,0,,,,1.0,,,,,0.21428571428571427,70.0,0.9285714285714286,0,13,0.0,0,1
43,6,50,0,0,,,,1.0,,,,,0.11764705882352941,59.0,0.7288135593220338,0,14,0.0,0,1
83,5,43,0,0,,,,1.0,,,,,0.11363636363636363,74.0,1.1216216216216217,0,14,0.0,0,1
61,5,38,0,0,,,,1.0,,,,,0.1282051282051282,63.0,0.9682539682539683,0,13,0.0,0,1
44,5,34,0,0,,,,1.0,,,,,0.14285714285714285,55.0,0.8,0,15,0.0,0,1
70,4,35,0,0,,,,1.0,,,,,0.1111111111111111,73.0,0.958904109589041,0,13,0.0,0,1
47,4,35,0,0,,,,1.0,,,,,0.1111111111111111,58.0,0.8103448275862069,0,15,0.0,0,1
45,2,38,0,0,,,,1.0,,,,,0.05128205128205128,60.0,0.75,0,12,0.0,0,1
78,5,43,0,0,,,,1.0,,,,,0.11363636363636363,72.0,1.0833333333333333,0,13,0.0,0,1
41093,1479,931,206,45,,,,1.0,-14400.0,,,,1.5869098712446352,1809.0,22.715865118850193,1,16,0.0,0,1
58,2,37,0,0,,,,1.0,,,,,0.05263157894736842,62.0,0.9354838709677419,0,13,0.0,0,1
60,5,42,0,0,,,,1.0,,,,,0.11627906976744186,68.0,0.8823529411764706,0,11,0.0,0,1
48,2,44,0,0,,1.0,,1.0,,,,,0.044444444444444446,54.0,0.8888888888888888,0,12,0.0,0,1
69,4,44,0,1,,,,1.0,,,,,0.08888888888888889,75.0,0.92,0,11,0.0,0,1
40,10,42,0,0,,,,1.0,,,,,0.23255813953488372,53.0,0.7547169811320755,0,11,0.0,0,1
45,6,40,0,1,,,,1.0,,,,,0.14634146341463414,67.0,0.6716417910447762,0,14,0.0,0,1
43,2,39,0,0,,,,1.0,,,,,0.05,55.0,0.7818181818181819,0,10,0.0,0,1
43,3,39,0,0,,,,1.0,,,,,0.075,68.0,0.6323529411764706,0,14,0.0,0,1
43,1,36,0,0,,,,1.0,,,,,0.02702702702702703,58.0,0.7413793103448276,0,13,0.0,0,1
43,2,39,0,0,,,,1.0,,,,,0.05,55.0,0.7818181818181819,0,15,0.0,0,1
79,7,41,0,0,,,,1.0,,,,,0.16666666666666666,74.0,1.0675675675675675,0,12,0.0,0,1
46,5,34,0,0,,,,1.0,,,,,0.14285714285714285,55.0,0.8363636363636363,0,12,0.0,0,1
45,10,43,0,0,,,,1.0,,,,,0.22727272727272727,53.0,0.8490566037735849,0,11,0.0,0,1
63,4,41,0,0,,,,1.0,,,,,0.09523809523809523,63.0,1.0,0,15,0.0,0,1
69,7,38,0,0,,,,1.0,,,,,0.1794871794871795,70.0,0.9857142857142858,0,16,0.0,0,1
47,6,41,0,0,,,,1.0,,,,,0.14285714285714285,58.0,0.8103448275862069,0,16,0.0,0,1
43,1,35,0,0,,,,1.0,,,,,0.027777777777777776,54.0,0.7962962962962963,0,12,0.0,0,1
65,6,41,0,0,,,,1.0,,,,,0.14285714285714285,72.0,0.9027777777777778,0,12,0.0,0,1
49,7,40,0,0,,,,1.0,,,,,0.17073170731707318,54.0,0.9074074074074074,0,13,0.0,0,1
45,3,39,0,0,,,,1.0,,,,,0.075,68.0,0.6617647058823529,0,9,0.0,0,1
72,6,35,0,0,,,,1.0,,,,,0.16666666666666666,73.0,0.9863013698630136,0,14,0.0,0,1
42,1,32,0,0,,,,1.0,,,,,0.030303030303030304,55.0,0.7636363636363637,0,14,0.0,0,1
47,5,37,0,0,,,,1.0,,,,,0.13157894736842105,54.0,0.8703703703703703,0,15,0.0,0,1
49,5,38,0,0,,,,1.0,,,,,0.1282051282051282,68.0,0.7205882352941176,0,13,0.0,0,1
77,10,33,0,0,,,,1.0,,,,,0.29411764705882354,72.0,1.0694444444444444,0,14,0.0,0,1
48,4,42,0,2,,,,1.0,,,,,0.09302325581395349,59.0,0.8135593220338984,0,14,0.0,0,1
60,5,41,0,0,,,,1.0,,,,,0.11904761904761904,69.0,0.8695652173913043,0,12,0.0,0,1
45,0,38,0,0,,,,1.0,,,,,0.0,54.0,0.8333333333333334,0,14,0.0,0,1
43,1,41,0,0,,,,1.0,,,,,0.023809523809523808,68.0,0.6323529411764706,0,13,0.0,0,1
51,3,41,0,0,,,,1.0,,,,,0.07142857142857142,68.0,0.75,0,14,0.0,0,1
60,3,33,0,0,,,,1.0,,,,,0.08823529411764706,69.0,0.8695652173913043,0,13,0.0,0,1
44,4,42,0,0,,,,1.0,,,,,0.09302325581395349,56.0,0.7857142857142857,0,15,0.0,0,1
76,4,41,0,0,,,,1.0,,,,,0.09523809523809523,74.0,1.027027027027027,0,16,0.0,0,1
42,6,42,0,0,,,,1.0,,,,,0.13953488372093023,52.0,0.8076923076923077,0,13,0.0,0,1
58,3,40,0,0,,,,1.0,,,,,0.07317073170731707,69.0,0.8405797101449275,0,16,0.0,0,1
58,3,39,0,0,,,,1.0,,,,,0.075,73.0,0.7945205479452054,0,15,0.0,0,1
41,4,35,0,0,,,,1.0,,,,,0.1111111111111111,57.0,0.7192982456140351,0,16,0.0,0,1
42,4,45,0,0,,,,1.0,,,,,0.08695652173913043,70.0,0.6,0,10,0.0,0,1
42,4,36,0,0,,,,1.0,,,,,0.10810810810810811,56.0,0.75,0,16,0.0,0,1
54,5,39,0,1,,,,1.0,,,,,0.125,66.0,0.8181818181818182,0,12,0.0,0,1
62,1,43,0,2,,,,1.0,,,,,0.022727272727272728,63.0,0.9841269841269841,0,15,0.0,0,1
47,3,34,0,0,,,,1.0,,,,,0.08571428571428572,55.0,0.8545454545454545,0,13,0.0,0,1
42,4,39,0,0,,,,1.0,,,,,0.1,57.0,0.7368421052631579,0,15,0.0,0,1
43,8,42,0,0,,,,1.0,,,,,0.18604651162790697,55.0,0.7818181818181819,0,13,0.0,0,1
45,5,35,0,0,,,,1.0,,,,,0.1388888888888889,67.0,0.6716417910447762,0,14,0.0,0,1
45,8,40,0,0,,,,1.0,,,,,0.1951219512195122,60.0,0.75,0,13,0.0,0,1
43,5,39,0,0,,,,1.0,,,,,0.125,60.0,0.7166666666666667,0,11,0.0,0,1
75,6,47,0,0,,,,1.0,,,,,0.125,72.0,1.0416666666666667,0,15,0.0,0,1
66,2,35,0,0,,,,1.0,,,,,0.05555555555555555,69.0,0.9565217391304348,0,14,0.0,0,1
57,4,35,0,0,,,,1.0,,,,,0.1111111111111111,62.0,0.9193548387096774,0,13,0.0,0,1
45,0,35,0,0,,,,1.0,,,,,0.0,59.0,0.7627118644067796,0,11,0.0,0,1
48,5,38,0,0,,,,1.0,,,,,0.1282051282051282,56.0,0.8571428571428571,0,14,0.0,0,1
43,6,42,0,0,,,,1.0,,,,,0.13953488372093023,69.0,0.6231884057971014,0,12,0.0,0,1
69,6,40,0,0,,,,1.0,,,,,0.14634146341463414,74.0,0.9324324324324325,0,15,0.0,0,1
80,5,39,0,0,,,,1.0,,,,,0.125,73.0,1.095890410958904,0,10,0.0,0,1
58,8,42,0,0,,,,1.0,,,,,0.18604651162790697,74.0,0.7837837837837838,0,13,0.0,0,1
77,6,40,0,0,,,,1.0,,,,,0.14634146341463414,72.0,1.0694444444444444,0,14,0.0,0,1
58,11,36,0,0,,,,1.0,,,,,0.2972972972972973,61.0,0.9508196721311475,0,11,0.0,0,1
42,4,38,0,0,,,,1.0,,,,,0.10256410256410256,56.0,0.75,0,13,0.0,0,1
65,0,34,0,0,,1.0,,1.0,,,,,0.0,62.0,1.0483870967741935,0,13,0.0,0,1
58,7,40,0,1,,,,1.0,,,,,0.17073170731707318,62.0,0.9354838709677419,0,11,0.0,0,1
67,6,50,0,0,,,,1.0,,,,,0.11764705882352941,62.0,1.0806451612903225,0,14,0.0,0,1
41,8,38,0,0,,,,1.0,,,,,0.20512820512820512,54.0,0.7592592592592593,0,15,0.0,0,1
59,8,37,0,0,,,,1.0,,,,,0.21052631578947367,63.0,0.9365079365079365,0,15,0.0,0,1
53,2,37,0,0,,,,1.0,,,,,0.05263157894736842,60.0,0.8833333333333333,0,13,0.0,0,1
70,6,45,0,0,,,,1.0,,,,,0.13043478260869565,72.0,0.9722222222222222,0,10,0.0,0,1
76,2,42,0,0,,,,1.0,,,,,0.046511627906976744,73.0,1.0410958904109588,0,16,0.0,0,1
59,8,29,0,0,,,,1.0,,,,,0.26666666666666666,70.0,0.8428571428571429,0,10,0.0,0,1
67,8,42,0,0,,,,1.0,,,,,0.18604651162790697,62.0,1.0806451612903225,0,13,0.0,0,1
46,1,35,0,0,,,,1.0,,,,,0.027777777777777776,54.0,0.8518518518518519,0,13,0.0,0,1
43,7,45,0,0,,,,1.0,,,,,0.15217391304347827,69.0,0.6231884057971014,0,15,0.0,0,1
66,6,41,0,0,,,,1.0,,,,,0.14285714285714285,70.0,0.9428571428571428,0,10,0.0,0,1
59,5,44,0,0,,,,1.0,,,,,0.1111111111111111,63.0,0.9365079365079365,0,14,0.0,0,1
59,7,41,0,0,,,,1.0,,,,,0.16666666666666666,69.0,0.855072463768116,0,15,0.0,0,1
44,4,39,0,0,,,,1.0,,,,,0.1,54.0,0.8148148148148148,0,12,0.0,0,1
42,6,41,0,0,,,,1.0,,,,,0.14285714285714285,53.0,0.7924528301886793,0,16,0.0,0,1
74,3,45,0,0,,,,1.0,,,,,0.06521739130434782,74.0,1.0,0,14,0.0,0,1
60,3,42,0,0,,,,1.0,,,,,0.06976744186046512,62.0,0.967741935483871,0,15,0.0,0,1
58,7,39,0,0,,,,1.0,,,,,0.175,62.0,0.9354838709677419,0,14,0.0,0,1
46,2,35,0,0,1.0,,,1.0,,,,,0.05555555555555555,58.0,0.7931034482758621,0,12,0.0,0,1
66,5,41,0,0,,,,1.0,,,,,0.11904761904761904,69.0,0.9565217391304348,0,11,0.0,0,1
74,4,45,0,0,,,,1.0,,,,,0.08695652173913043,76.0,0.9736842105263158,0,16,0.0,0,1
46,6,38,0,0,,,,1.0,,,,,0.15384615384615385,67.0,0.6865671641791045,0,15,0.0,0,1
46,4,31,0,0,,,,1.0,,,,,0.125,53.0,0.8679245283018868,0,14,0.0,0,1
42,6,41,0,0,,,,1.0,,,,,0.14285714285714285,53.0,0.7924528301886793,0,14,0.0,0,1
57,4,37,0,0,,,,1.0,,,,,0.10526315789473684,62.0,0.9193548387096774,0,12,0.0,0,1
46,2,39,0,0,,,,1.0,,,,,0.05,53.0,0.8679245283018868,0,12,0.0,0,1
44,6,34,0,0,,,,1.0,,,,,0.17142857142857143,57.0,0.7719298245614035,0,12,0.0,0,1
55,4,45,0,0,,,,1.0,,,,,0.08695652173913043,65.0,0.8461538461538461,0,16,0.0,0,1
44,2,36,0,0,,,,1.0,,,,,0.05405405405405406,56.0,0.7857142857142857,0,12,0.0,0,1
42,6,44,0,0,,,,1.0,,,,,0.13333333333333333,53.0,0.7924528301886793,0,16,0.0,0,1
60,4,46,0,0,,,,1.0,,,,,0.0851063829787234,62.0,0.967741935483871,0,11,0.0,0,1
47,1,36,0,0,,,,1.0,,,,,0.02702702702702703,54.0,0.8703703703703703,0,10,0.0,0,1
42,3,37,0,0,,,,1.0,,,,,0.07894736842105263,56.0,0.75,0,12,0.0,0,1
75,4,33,0,0,,,,1.0,,,,,0.11764705882352941,73.0,1.0273972602739727,0,16,0.0,0,1
66,3,38,0,0,,,,1.0,,,,,0.07692307692307693,74.0,0.8918918918918919,0,11,0.0,0,1
42,6,34,0,0,,,,1.0,,,,,0.17142857142857143,57.0,0.7368421052631579,0,13,0.0,0,1
78,5,34,0,1,,,,1.0,,,,,0.14285714285714285,73.0,1.0684931506849316,0,13,0.0,0,1
41,8,36,0,0,,,,1.0,,,,,0.21621621621621623,70.0,0.5857142857142857,0,10,0.0,0,1
133,42,80,3,0,,,,1.0,,,,,0.5185185185185185,161.0,0.8260869565217391,0,12,0.0,0,1
69,8,43,0,0,,,,1.0,,,,,0.18181818181818182,73.0,0.9452054794520548,0,12,0.0,0,1
45,5,37,0,0,,,,1.0,,,,,0.13157894736842105,55.0,0.8181818181818182,0,14,0.0,0,1
73,4,42,0,0,,,,1.0,,,,,0.09302325581395349,74.0,0.9864864864864865,0,16,0.0,0,1
46,3,37,0,0,,,,1.0,,,,,0.07894736842105263,54.0,0.8518518518518519,0,13,0.0,0,1
68,5,43,0,1,,,,1.0,,,,,0.11363636363636363,72.0,0.9444444444444444,0,13,0.0,0,1
80,2,37,0,0,,,,1.0,,,,,0.05263157894736842,74.0,1.0810810810810811,0,14,0.0,0,1
77,1,29,0,0,,,,1.0,,,,,0.03333333333333333,74.0,1.0405405405405406,0,11,0.0,0,1
66,5,39,0,0,,,,1.0,,,,,0.125,69.0,0.9565217391304348,0,14,0.0,0,1
44,4,36,0,0,,,,1.0,,,,,0.10810810810810811,53.0,0.8301886792452831,0,14,0.0,0,1
76,3,41,0,0,,,,1.0,,,,,0.07142857142857142,73.0,1.0410958904109588,0,13,0.0,0,1
44,7,42,0,0,,,,1.0,,,,,0.16279069767441862,53.0,0.8301886792452831,0,15,0.0,0,1
63,7,41,0,0,,,,1.0,,,,,0.16666666666666666,67.0,0.9402985074626866,0,11,0.0,0,1
58,8,40,0,2,,,,1.0,,,,,0.1951219512195122,64.0,0.90625,0,13,0.0,0,1
58,6,42,0,0,,,,1.0,,,,,0.13953488372093023,63.0,0.9206349206349206,0,9,0.0,0,1
45,9,44,0,0,,,,1.0,,,,,0.2,70.0,0.6428571428571429,0,13,0.0,0,1
43,7,35,0,0,,,,1.0,,,,,0.19444444444444445,53.0,0.8113207547169812,0,10,0.0,0,1
47,5,31,0,1,,,,1.0,,,,,0.15625,68.0,0.6911764705882353,0,13,0.0,0,1
44,3,36,0,0,,,,1.0,,,,,0.08108108108108109,67.0,0.6567164179104478,0,12,0.0,0,1
60,3,35,0,0,,,,1.0,,,,,0.08333333333333333,69.0,0.8695652173913043,0,12,0.0,0,1
60,4,39,0,0,,,,1.0,,,,,0.1,66.0,0.9090909090909091,0,13,0.0,0,1
65,4,38,0,0,,,,1.0,,,,,0.10256410256410256,70.0,0.9285714285714286,0,13,0.0,0,1
55,4,43,0,0,,,,1.0,,,,,0.09090909090909091,63.0,0.873015873015873,0,11,0.0,0,1
46,4,32,0,1,,,,1.0,,,,,0.12121212121212122,60.0,0.7666666666666667,0,16,0.0,0,1
49,5,33,0,0,,,,1.0,,,,,0.14705882352941177,55.0,0.8909090909090909,0,13,0.0,0,1
242,61,640,0,0,,,,1.0,,,,,0.09516380655226209,153.0,1.5816993464052287,0,10,0.0,0,1
41,3,36,0,0,,,,1.0,,,,,0.08108108108108109,56.0,0.7321428571428571,0,10,0.0,0,1
56,5,37,0,0,,,,1.0,,,,,0.13157894736842105,70.0,0.8,0,13,0.0,0,1
41,5,34,0,0,,,,1.0,,,,,0.14285714285714285,58.0,0.7068965517241379,0,13,0.0,0,1
59,6,37,0,0,,,,1.0,,,,,0.15789473684210525,70.0,0.8428571428571429,0,13,0.0,0,1
57,5,37,0,0,,,,1.0,,,,,0.13157894736842105,60.0,0.95,0,15,0.0,0,1
62,7,38,0,0,,,,1.0,,,,,0.1794871794871795,65.0,0.9538461538461539,0,10,0.0,0,1
75,9,42,0,0,,,,1.0,,,,,0.20930232558139536,74.0,1.0135135135135136,0,11,0.0,0,1
77,3,38,0,0,,,,1.0,,,,,0.07692307692307693,73.0,1.0547945205479452,0,10,0.0,0,1
82,7,44,0,0,,,,1.0,,,,,0.15555555555555556,73.0,1.1232876712328768,0,12,0.0,0,1
66,12,45,0,0,,,,1.0,,,,,0.2608695652173913,69.0,0.9565217391304348,0,11,0.0,0,1
46,4,38,0,0,,,,1.0,,,,,0.10256410256410256,68.0,0.6764705882352942,0,14,0.0,0,1
60,6,39,0,0,,,,1.0,,,,,0.15,66.0,0.9090909090909091,0,14,0.0,0,1
56,6,40,0,0,,,,1.0,,,,,0.14634146341463414,63.0,0.8888888888888888,0,12,0.0,0,1
67,7,35,0,0,,,,1.0,,,,,0.19444444444444445,70.0,0.9571428571428572,0,12,0.0,0,1
41,4,32,0,0,,,,1.0,,,,,0.12121212121212122,53.0,0.7735849056603774,0,15,0.0,0,1
46,5,41,0,0,,,,1.0,,,,,0.11904761904761904,70.0,0.6571428571428571,0,10,0.0,0,1
65,7,46,0,0,,,,1.0,,,,,0.14893617021276595,66.0,0.9848484848484849,0,16,0.0,0,1
79,2,42,0,0,,,,1.0,,,,,0.046511627906976744,73.0,1.082191780821918,0,16,0.0,0,1
65,11,41,0,0,,,,1.0,,,,,0.2619047619047619,70.0,0.9285714285714286,0,10,0.0,0,1
45,7,42,0,0,,,,1.0,,,,,0.16279069767441862,55.0,0.8181818181818182,0,12,0.0,0,1
139,97,287,6,0,,,,1.0,,,,,0.3368055555555556,161.0,0.8633540372670807,0,12,0.0,0,1
67,3,39,0,0,,,,1.0,,,,,0.075,71.0,0.9436619718309859,0,12,0.0,0,1
82,4,41,0,0,,,,1.0,,,,,0.09523809523809523,73.0,1.1232876712328768,0,13,0.0,0,1
67,4,40,0,0,,,,1.0,,,,,0.0975609756097561,73.0,0.9178082191780822,0,14,0.0,0,1
68,8,41,0,0,,,,1.0,,,,,0.19047619047619047,70.0,0.9714285714285714,0,14,0.0,0,1
60,7,39,0,0,,,,1.0,,,,,0.175,70.0,0.8571428571428571,0,15,0.0,0,1
58,5,39,0,0,,,,1.0,,,,,0.125,71.0,0.8169014084507042,0,13,0.0,0,1
61,1,36,0,0,,,,1.0,,,,,0.02702702702702703,70.0,0.8714285714285714,0,9,0.0,0,1
79,4,36,0,0,,,,1.0,,,,,0.10810810810810811,75.0,1.0533333333333332,0,14,0.0,0,1
75,4,40,0,0,,,,1.0,,,,,0.0975609756097561,74.0,1.0135135135135136,0,15,0.0,0,1
58,10,42,0,0,,,,1.0,,,,,0.23255813953488372,68.0,0.8529411764705882,0,15,0.0,0,1
41,3,42,0,0,,,,1.0,,,,,0.06976744186046512,58.0,0.7068965517241379,0,16,0.0,0,1
64,8,42,0,0,,,,1.0,,,,,0.18604651162790697,69.0,0.927536231884058,0,16,0.0,0,1
60,3,29,0,0,,,,1.0,,,,,0.1,70.0,0.8571428571428571,0,16,0.0,0,1
43,3,43,0,0,,,,1.0,,,,,0.06818181818181818,54.0,0.7962962962962963,0,13,0.0,0,1
60,7,39,0,0,,,,1.0,,,,,0.175,62.0,0.967741935483871,0,15,0.0,0,1
41,3,39,0,0,,,,1.0,,,,,0.075,55.0,0.7454545454545455,0,13,0.0,0,1
146,93,232,3,1,,,,1.0,,,,,0.39914163090128757,161.0,0.906832298136646,0,15,0.0,0,1
76,5,42,0,0,,,,1.0,,,,,0.11627906976744186,74.0,1.027027027027027,0,11,0.0,0,1
65,5,40,0,0,,,,1.0,,,,,0.12195121951219512,65.0,1.0,0,16,0.0,0,1
64,6,39,0,0,,,,1.0,,,,,0.15,69.0,0.927536231884058,0,15,0.0,0,1
60,2,38,0,0,,,,1.0,,,,,0.05128205128205128,62.0,0.967741935483871,0,14,0.0,0,1
62,6,34,0,0,,,,1.0,,,,,0.17142857142857143,69.0,0.8985507246376812,0,13,0.0,0,1
73,5,31,0,0,,,,1.0,,,,,0.15625,73.0,1.0,0,11,0.0,0,1
42,3,40,0,0,,,,1.0,,,,,0.07317073170731707,59.0,0.711864406779661,0,11,0.0,0,1
78,7,41,0,0,,,,1.0,,,,,0.16666666666666666,73.0,1.0684931506849316,0,13,0.0,0,1
76,12,43,0,0,,,,1.0,,,,,0.2727272727272727,75.0,1.0133333333333334,0,10,0.0,0,1
57,1,38,0,0,,,,1.0,,,,,0.02564102564102564,64.0,0.890625,0,13,0.0,0,1
65,8,38,0,0,,,,1.0,,,,,0.20512820512820512,64.0,1.015625,0,12,0.0,0,1
66,6,42,0,0,,,,1.0,,,,,0.13953488372093023,73.0,0.9041095890410958,0,10,0.0,0,1
44,2,28,0,0,,,,1.0,,,,,0.06896551724137931,57.0,0.7719298245614035,0,14,0.0,0,1
76,6,47,0,0,,,,1.0,,,,,0.125,72.0,1.0555555555555556,0,11,0.0,0,1
46,8,39,0,0,,,,1.0,,,,,0.2,59.0,0.7796610169491526,0,15,0.0,0,1
65,4,37,0,0,,,,1.0,,,,,0.10526315789473684,68.0,0.9558823529411765,0,14,0.0,0,1
44,1,36,0,0,,,,1.0,,,,,0.02702702702702703,54.0,0.8148148148148148,0,13,0.0,0,1
77,9,44,0,1,,,,1.0,,,,,0.2,71.0,1.0845070422535212,0,13,0.0,0,1
57,7,39,0,0,,,,1.0,,,,,0.175,74.0,0.7702702702702703,0,12,0.0,0,1
73,6,42,0,0,,,,1.0,,,,,0.13953488372093023,73.0,1.0,0,10,0.0,0,1
43,8,35,0,0,,,,1.0,,,,,0.2222222222222222,70.0,0.6142857142857143,0,13,0.0,0,1
79,6,36,0,0,,,,1.0,,,,,0.16216216216216217,74.0,1.0675675675675675,0,9,0.0,0,1
45,6,45,0,0,,,,1.0,,,,,0.13043478260869565,58.0,0.7758620689655172,0,15,0.0,0,1
42,7,41,0,0,,,,1.0,,,,,0.16666666666666666,56.0,0.75,0,13,0.0,0,1
58,0,42,0,0,,,,1.0,,,,,0.0,74.0,0.7837837837837838,0,14,0.0,0,1
49,9,38,0,1,,,,1.0,,,,,0.23076923076923078,57.0,0.8596491228070176,0,11,0.0,0,1
43,11,42,0,0,,,,1.0,,,,,0.2558139534883721,53.0,0.8113207547169812,0,16,0.0,0,1
60,10,40,0,1,,,,1.0,,,,,0.24390243902439024,70.0,0.8571428571428571,0,12,0.0,0,1
65,4,41,0,0,,,,1.0,,,,,0.09523809523809523,69.0,0.9420289855072463,0,14,0.0,0,1
40,5,33,0,0,,,,1.0,,,,,0.14705882352941177,53.0,0.7547169811320755,0,13,0.0,0,1
61,7,39,0,0,,,,1.0,,,,,0.175,71.0,0.8591549295774648,0,14,0.0,0,1
68,3,48,0,0,,,,1.0,,,,,0.061224489795918366,73.0,0.9315068493150684,0,14,0.0,0,1
43,11,40,0,0,,,,1.0,,,,,0.2682926829268293,68.0,0.6323529411764706,0,15,0.0,0,1
44,3,38,0,0,,,,1.0,,,,,0.07692307692307693,53.0,0.8301886792452831,0,15,0.0,0,1
76,3,46,0,0,,,,1.0,,,,,0.06382978723404255,74.0,1.027027027027027,0,11,0.0,0,1
42,4,36,0,0,,,,1.0,,,,,0.10810810810810811,57.0,0.7368421052631579,0,13,0.0,0,1
48,4,39,0,0,,,,1.0,,,,,0.1,56.0,0.8571428571428571,0,12,0.0,0,1
68,7,42,0,0,,,,1.0,,,,,0.16279069767441862,74.0,0.918918918918919,0,13,0.0,0,1
46,3,36,0,0,,,,1.0,,,,,0.08108108108108109,57.0,0.8070175438596491,0,15,0.0,0,1
74,3,34,0,0,,,,1.0,,,,,0.08571428571428572,75.0,0.9866666666666667,0,12,0.0,0,1
57,6,40,0,0,,,,1.0,,,,,0.14634146341463414,70.0,0.8142857142857143,0,11,0.0,0,1
53,2,37,0,0,,,,1.0,,,,,0.05263157894736842,68.0,0.7794117647058824,0,13,0.0,0,1
72,1,43,0,0,,,,1.0,,,,,0.022727272727272728,75.0,0.96,0,12,0.0,0,1
45,6,35,0,0,,,,1.0,,,,,0.16666666666666666,57.0,0.7894736842105263,0,11,0.0,0,1
45,2,42,0,0,,,,1.0,,,,,0.046511627906976744,67.0,0.6716417910447762,0,14,0.0,0,1
76,9,38,0,0,,,,1.0,,,,,0.23076923076923078,75.0,1.0133333333333334,0,14,0.0,0,1
59,9,39,0,1,,,,1.0,,,,,0.225,67.0,0.8805970149253731,0,14,0.0,0,1
54,0,38,0,1,,,,1.0,,,,,0.0,66.0,0.8181818181818182,0,14,0.0,0,1
76,9,46,0,1,,,,1.0,,,,,0.19148936170212766,74.0,1.027027027027027,0,16,0.0,0,1
148,97,308,3,0,,,,1.0,,,,,0.313915857605178,161.0,0.9192546583850931,0,13,0.0,0,1
84,8,37,0,0,,,,1.0,,,,,0.21052631578947367,71.0,1.1830985915492958,0,15,0.0,0,1
43,4,38,0,0,,,,1.0,,,,,0.10256410256410256,57.0,0.7543859649122807,0,14,0.0,0,1
74,3,38,0,0,,,,1.0,,,,,0.07692307692307693,73.0,1.0136986301369864,0,15,0.0,0,1
57,8,40,0,0,,,,1.0,,,,,0.1951219512195122,62.0,0.9193548387096774,0,14,0.0,0,1
71,3,38,0,0,,,,1.0,,,,,0.07692307692307693,72.0,0.9861111111111112,0,14,0.0,0,1
82,2,25,0,1,,,,1.0,,,,,0.07692307692307693,74.0,1.1081081081081081,0,11,0.0,0,1
79,3,38,0,0,,,,1.0,,,,,0.07692307692307693,73.0,1.082191780821918,0,11,0.0,0,1
56,4,37,0,0,,,,1.0,,,,,0.10526315789473684,63.0,0.8888888888888888,0,11,0.0,0,1
74,4,34,0,0,,,,1.0,,,,,0.11428571428571428,73.0,1.0136986301369864,0,10,0.0,0,1
45,8,37,0,0,,,,1.0,,,,,0.21052631578947367,55.0,0.8181818181818182,0,13,0.0,0,1
64,5,40,0,0,,,,1.0,,,,,0.12195121951219512,68.0,0.9411764705882353,0,14,0.0,0,1
46,6,37,0,0,,,,1.0,,,,,0.15789473684210525,69.0,0.6666666666666666,0,16,0.0,0,1
41,3,37,0,0,,,,1.0,,,,,0.07894736842105263,57.0,0.7192982456140351,0,10,0.0,0,1
41,8,44,0,0,,,,1.0,,,,,0.17777777777777778,68.0,0.6029411764705882,0,11,0.0,0,1
40,1,30,0,0,,,,1.0,,,,,0.03225806451612903,58.0,0.6896551724137931,0,14,0.0,0,1
73,10,41,0,0,,,,1.0,,,,,0.23809523809523808,73.0,1.0,0,15,0.0,0,1
58,1,32,0,0,,,,1.0,,,,,0.030303030303030304,69.0,0.8405797101449275,0,14,0.0,0,1
45,4,41,0,0,,,,1.0,,,,,0.09523809523809523,54.0,0.8333333333333334,0,14,0.0,0,1
79,9,43,0,0,,,,1.0,,,,,0.20454545454545456,72.0,1.0972222222222223,0,13,0.0,0,1
63,12,35,0,0,,,,1.0,,,,,0.3333333333333333,70.0,0.9,0,13,0.0,0,1
60,1,38,0,0,,,,1.0,,,,,0.02564102564102564,60.0,1.0,0,15,0.0,0,1
43,6,37,0,0,,,,1.0,,,,,0.15789473684210525,67.0,0.6417910447761194,0,15,0.0,0,1
41,2,34,0,0,,,,1.0,,,,,0.05714285714285714,56.0,0.7321428571428571,0,10,0.0,0,1
42,7,37,0,0,,,,1.0,,,,,0.18421052631578946,54.0,0.7777777777777778,0,14,0.0,0,1
49,1,40,0,0,,,,1.0,,,,,0.024390243902439025,57.0,0.8596491228070176,0,13,0.0,0,1
57,2,34,0,0,,,,1.0,,,,,0.05714285714285714,63.0,0.9047619047619048,0,12,0.0,0,1
79,16,45,0,0,,,,1.0,,,,,0.34782608695652173,73.0,1.082191780821918,0,13,0.0,0,1
46,5,42,0,0,,,,1.0,,,,,0.11627906976744186,55.0,0.8363636363636363,0,13,0.0,0,1
63,6,33,0,0,,,,1.0,,,,,0.17647058823529413,64.0,0.984375,0,14,0.0,0,1
43,5,39,0,0,,,,1.0,,,,,0.125,58.0,0.7413793103448276,0,15,0.0,0,1
42,5,39,0,0,,,,1.0,,,,,0.125,54.0,0.7777777777777778,0,14,0.0,0,1
58,2,36,0,0,,,,1.0,,,,,0.05405405405405406,74.0,0.7837837837837838,0,16,0.0,0,1
43,5,39,0,0,,,,1.0,,,,,0.125,53.0,0.8113207547169812,0,16,0.0,0,1
45,3,41,0,0,,,,1.0,,,,,0.07142857142857142,68.0,0.6617647058823529,0,13,0.0,0,1
40,6,33,0,0,,,,1.0,,,,,0.17647058823529413,53.0,0.7547169811320755,0,14,0.0,0,1
49,5,37,0,0,,,,1.0,,,,,0.13157894736842105,55.0,0.8909090909090909,0,16,0.0,0,1
70,10,42,0,0,,,,1.0,,,,,0.23255813953488372,62.0,1.1290322580645162,0,14,0.0,0,1
64,4,41,0,0,,,,1.0,,,,,0.09523809523809523,63.0,1.0158730158730158,0,15,0.0,0,1
57,6,43,0,1,,,,1.0,,,,,0.13636363636363635,71.0,0.8028169014084507,0,14,0.0,0,1
45,6,41,0,0,,,,1.0,,,,,0.14285714285714285,59.0,0.7627118644067796,0,16,0.0,0,1
45,2,38,0,0,,,,1.0,,,,,0.05128205128205128,55.0,0.8181818181818182,0,13,0.0,0,1
55,6,39,0,0,,,,1.0,,,,,0.15,62.0,0.8870967741935484,0,13,0.0,0,1
62,3,32,0,0,,,,1.0,,,,,0.09090909090909091,64.0,0.96875,0,12,0.0,0,1
45,3,40,0,0,,,,1.0,,,,,0.07317073170731707,58.0,0.7758620689655172,0,13,0.0,0,1
42,4,37,0,0,,,,1.0,,,,,0.10526315789473684,54.0,0.7777777777777778,0,13,0.0,0,1
46,3,40,0,0,,,,1.0,,,,,0.07317073170731707,68.0,0.6764705882352942,0,15,0.0,0,1
64,8,36,0,0,,,,1.0,,,,,0.21621621621621623,71.0,0.9014084507042254,0,16,0.0,0,1
60,8,40,0,0,,,,1.0,,,,,0.1951219512195122,68.0,0.8823529411764706,0,15,0.0,0,1
44,4,40,0,0,,,,1.0,,,,,0.0975609756097561,60.0,0.7333333333333333,0,10,0.0,0,1
44,2,37,0,0,,,,1.0,,,,,0.05263157894736842,54.0,0.8148148148148148,0,14,0.0,0,1
63,2,45,0,0,,,,1.0,,,,,0.043478260869565216,65.0,0.9692307692307692,0,13,0.0,0,1
43,12,43,0,1,,,,1.0,,,,,0.2727272727272727,67.0,0.6417910447761194,0,16,0.0,0,1
247,36,555,0,0,,,,1.0,,,,,0.06474820143884892,72.0,3.4305555555555554,0,14,0.0,0,1
44,3,36,0,1,,,,1.0,,,,,0.08108108108108109,54.0,0.8148148148148148,0,14,0.0,0,1
42,4,34,0,0,,,,1.0,,,,,0.11428571428571428,54.0,0.7777777777777778,0,12,0.0,0,1
68,4,39,0,0,,,,1.0,,,,,0.1,70.0,0.9714285714285714,0,11,0.0,0,1
86,9,41,0,1,,,,1.0,,,,,0.21428571428571427,72.0,1.1944444444444444,0,14,0.0,0,1
73,6,41,0,0,,,,1.0,,,,,0.14285714285714285,72.0,1.0138888888888888,0,15,0.0,0,1
63,7,20,0,0,,,,1.0,,,,,0.3333333333333333,61.0,1.0327868852459017,0,15,0.0,0,1
44,5,42,0,0,,,,1.0,,,,,0.11627906976744186,69.0,0.6376811594202898,0,16,0.0,0,1
44,7,46,0,0,,,,1.0,,,,,0.14893617021276595,54.0,0.8148148148148148,0,12,0.0,0,1
45,4,36,0,0,,,,1.0,,,,,0.10810810810810811,56.0,0.8035714285714286,0,12,0.0,0,1
65,2,46,0,0,,1.0,,1.0,,,,,0.0425531914893617,67.0,0.9701492537313433,0,13,0.0,0,1
59,5,30,0,0,,,,1.0,,,,,0.16129032258064516,71.0,0.8309859154929577,0,13,0.0,0,1
46,4,36,0,0,,,,1.0,,,,,0.10810810810810811,68.0,0.6764705882352942,0,14,0.0,0,1
62,4,32,0,0,,,,1.0,,,,,0.12121212121212122,68.0,0.9117647058823529,0,15,0.0,0,1
61,5,41,0,0,,,,1.0,,,,,0.11904761904761904,70.0,0.8714285714285714,0,15,0.0,0,1
94,7,44,0,0,,,,1.0,,,,,0.15555555555555556,74.0,1.2702702702702702,0,11,0.0,0,1
42,6,40,0,0,,,,1.0,,,,,0.14634146341463414,53.0,0.7924528301886793,0,14,0.0,0,1
43,2,34,0,0,,,,1.0,,,,,0.05714285714285714,55.0,0.7818181818181819,0,14,0.0,0,1
46,11,40,0,0,,,,1.0,,,,,0.2682926829268293,55.0,0.8363636363636363,0,13,0.0,0,1
63,4,34,0,0,,,,1.0,,,,,0.11428571428571428,60.0,1.05,0,10,0.0,0,1
47,5,42,0,0,,,,1.0,,,,,0.11627906976744186,58.0,0.8103448275862069,0,13,0.0,0,1
86,11,37,0,0,,,,1.0,,,,,0.2894736842105263,73.0,1.178082191780822,0,15,0.0,0,1
46,1,34,0,0,,,,1.0,,,,,0.02857142857142857,53.0,0.8679245283018868,0,13,0.0,0,1
61,11,42,0,0,,,,1.0,,,,,0.2558139534883721,73.0,0.8356164383561644,0,11,0.0,0,1
59,4,40,0,0,,,,1.0,,,,,0.0975609756097561,62.0,0.9516129032258065,0,11,0.0,0,1
44,4,36,0,0,,,,1.0,,,,,0.10810810810810811,56.0,0.7857142857142857,0,10,0.0,0,1
62,3,40,0,0,,,,1.0,,,,,0.07317073170731707,69.0,0.8985507246376812,0,14,0.0,0,1
80,5,40,0,0,,,,1.0,,,,,0.12195121951219512,73.0,1.095890410958904,0,15,0.0,0,1
47,7,36,0,0,,,,1.0,,,,,0.1891891891891892,57.0,0.8245614035087719,0,13,0.0,0,1
45,4,45,0,0,,,,1.0,,,,,0.08695652173913043,58.0,0.7758620689655172,0,14,0.0,0,1
47,5,38,0,0,,,,1.0,,,,,0.1282051282051282,57.0,0.8245614035087719,0,13,0.0,0,1
79,2,43,0,0,,,,1.0,,,,,0.045454545454545456,74.0,1.0675675675675675,0,14,0.0,0,1
42,3,35,0,0,,,,1.0,,,,,0.08333333333333333,52.0,0.8076923076923077,0,15,0.0,0,1
48,4,35,0,0,,,,1.0,,,,,0.1111111111111111,55.0,0.8727272727272727,0,15,0.0,0,1
71,8,33,0,0,,,,1.0,,,,,0.23529411764705882,73.0,0.9726027397260274,0,11,0.0,0,1
59,7,42,0,0,,,,1.0,,,,,0.16279069767441862,70.0,0.8428571428571429,0,13,0.0,0,1
44,4,35,0,0,,,,1.0,,,,,0.1111111111111111,58.0,0.7586206896551724,0,12,0.0,0,1
45,4,34,0,0,,,,1.0,,,,,0.11428571428571428,57.0,0.7894736842105263,0,10,0.0,0,1
43,5,36,0,0,,,,1.0,,,,,0.13513513513513514,53.0,0.8113207547169812,0,12,0.0,0,1
77,6,45,0,0,,,,1.0,,,,,0.13043478260869565,74.0,1.0405405405405406,0,16,0.0,0,1
43,5,35,0,0,,,,1.0,,,,,0.1388888888888889,52.0,0.8269230769230769,0,11,0.0,0,1
43,4,37,0,0,,,,1.0,,,,,0.10526315789473684,59.0,0.7288135593220338,0,14,0.0,0,1
77,10,45,0,0,,,,1.0,,,,,0.21739130434782608,73.0,1.0547945205479452,0,15,0.0,0,1
41,4,39,0,0,,,,1.0,,,,,0.1,70.0,0.5857142857142857,0,14,0.0,0,1
42,5,37,0,0,,,,1.0,,,,,0.13157894736842105,55.0,0.7636363636363637,0,13,0.0,0,1
59,5,40,0,0,,,,1.0,,,,,0.12195121951219512,67.0,0.8805970149253731,0,12,0.0,0,1
45,4,35,0,0,,,,1.0,,,,,0.1111111111111111,60.0,0.75,0,16,0.0,0,1
44,7,41,0,0,,,,1.0,,,,,0.16666666666666666,53.0,0.8301886792452831,0,10,0.0,0,1
130,42,51,3,0,,,,1.0,,,,,0.8076923076923077,161.0,0.8074534161490683,0,14,0.0,0,1
65,4,43,0,0,,1.0,,1.0,,,,,0.09090909090909091,69.0,0.9420289855072463,0,15,0.0,0,1
43,2,37,0,0,,,,1.0,,,,,0.05263157894736842,55.0,0.7818181818181819,0,14,0.0,0,1
45,4,45,0,0,,,,1.0,,,,,0.08695652173913043,53.0,0.8490566037735849,0,9,0.0,0,1
54,3,32,0,0,,,,1.0,,,,,0.09090909090909091,62.0,0.8709677419354839,0,15,0.0,0,1
58,6,36,0,0,,,,1.0,,,,,0.16216216216216217,73.0,0.7945205479452054,0,13,0.0,0,1
75,10,50,0,0,,,,1.0,,,,,0.19607843137254902,74.0,1.0135135135135136,0,13,0.0,0,1
42,3,35,0,0,,,,1.0,,,,,0.08333333333333333,52.0,0.8076923076923077,0,10,0.0,0,1
44,5,41,0,0,,,,1.0,,,,,0.11904761904761904,68.0,0.6470588235294118,0,14,0.0,0,1
54,5,43,0,1,,,,1.0,,,,,0.11363636363636363,66.0,0.8181818181818182,0,14,0.0,0,1
80,3,44,0,0,,,,1.0,,,,,0.06666666666666667,72.0,1.1111111111111112,0,11,0.0,0,1
44,2,36,0,0,,,,1.0,,,,,0.05405405405405406,59.0,0.7457627118644068,0,14,0.0,0,1
45,2,43,0,1,,,,1.0,,,,,0.045454545454545456,53.0,0.8490566037735849,0,14,0.0,0,1
64,5,31,0,0,,,,1.0,,,,,0.15625,70.0,0.9142857142857143,0,14,0.0,0,1
43,3,47,0,0,,,,1.0,,,,,0.0625,58.0,0.7413793103448276,0,14,0.0,0,1
42,11,41,0,0,,,,1.0,,,,,0.2619047619047619,56.0,0.75,0,13,0.0,0,1
84,4,49,0,0,,,,1.0,,,,,0.08,75.0,1.12,0,10,0.0,0,1
45,5,38,0,0,,,,1.0,,,,,0.1282051282051282,68.0,0.6617647058823529,0,16,0.0,0,1
41,4,32,0,0,,,,1.0,,,,,0.12121212121212122,59.0,0.6949152542372882,0,14,0.0,0,1
88,5,32,0,0,,,,1.0,,,,,0.15151515151515152,74.0,1.1891891891891893,0,13,0.0,0,1
62,9,51,0,0,,,,1.0,,,,,0.17307692307692307,71.0,0.8732394366197183,0,15,0.0,0,1
52,6,44,0,0,,,,1.0,,,,,0.13333333333333333,68.0,0.7647058823529411,0,15,0.0,0,1
43,5,38,0,1,,,,1.0,,,,,0.1282051282051282,70.0,0.6142857142857143,0,12,0.0,0,1
44,3,37,0,1,,,,1.0,,,,,0.07894736842105263,53.0,0.8301886792452831,0,15,0.0,0,1
65,6,41,0,0,,,,1.0,,,,,0.14285714285714285,63.0,1.0317460317460319,0,13,0.0,0,1
54,9,39,0,0,,,,1.0,,,,,0.225,69.0,0.782608695652174,0,15,0.0,0,1
45,7,34,0,1,,,,1.0,,,,,0.2,54.0,0.8333333333333334,0,10,0.0,0,1
43,5,36,0,0,,,,1.0,,,,,0.13513513513513514,52.0,0.8269230769230769,0,14,0.0,0,1
80,6,41,0,0,,,,1.0,,,,,0.14285714285714285,73.0,1.095890410958904,0,16,0.0,0,1
41,3,45,0,0,,,,1.0,,,,,0.06521739130434782,55.0,0.7454545454545455,0,13,0.0,0,1
59,7,37,0,0,,,,1.0,,,,,0.18421052631578946,62.0,0.9516129032258065,0,15,0.0,0,1
61,9,39,0,0,,,,1.0,,,,,0.225,66.0,0.9242424242424242,0,16,0.0,0,1
70,4,31,0,0,,,,1.0,,,,,0.125,73.0,0.958904109589041,0,14,0.0,0,1
74,9,44,0,0,,,,1.0,,,,,0.2,74.0,1.0,0,15,0.0,0,1
70,2,33,0,0,,,,1.0,,,,,0.058823529411764705,74.0,0.9459459459459459,0,14,0.0,0,1
68,5,39,0,1,,,,1.0,,,,,0.125,71.0,0.9577464788732394,0,14,0.0,0,1
294,69,674,0,2,,,,1.0,,,,,0.10222222222222223,157.0,1.872611464968153,0,13,0.0,0,1
80,4,38,0,0,,,,1.0,,,,,0.10256410256410256,72.0,1.1111111111111112,0,15,0.0,0,1
58,7,40,0,0,,,,1.0,,,,,0.17073170731707318,69.0,0.8405797101449275,0,11,0.0,0,1
53,11,42,0,0,,,,1.0,,,,,0.2558139534883721,68.0,0.7794117647058824,0,12,0.0,0,1
43,6,37,0,0,,,,1.0,,,,,0.15789473684210525,58.0,0.7413793103448276,0,10,0.0,0,1
47,4,31,0,0,,,,1.0,,,,,0.125,68.0,0.6911764705882353,0,13,0.0,0,1
76,11,44,0,0,,,,1.0,,,,,0.24444444444444444,73.0,1.0410958904109588,0,14,0.0,0,1
63,2,40,0,1,,,,1.0,,,,,0.04878048780487805,70.0,0.9,0,15,0.0,0,1
59,3,37,0,0,,,,1.0,,,,,0.07894736842105263,65.0,0.9076923076923077,0,15,0.0,0,1
57,1,41,0,0,,,,1.0,,,,,0.023809523809523808,65.0,0.8769230769230769,0,12,0.0,0,1
45,2,39,0,0,,,,1.0,,,,,0.05,53.0,0.8490566037735849,0,11,0.0,0,1
41,1,33,0,0,,,,1.0,,,,,0.029411764705882353,58.0,0.7068965517241379,0,9,0.0,0,1
44,4,32,0,0,,,,1.0,,,,,0.12121212121212122,54.0,0.8148148148148148,0,11,0.0,0,1
71,11,36,0,1,,,,1.0,,,,,0.2972972972972973,73.0,0.9726027397260274,0,12,0.0,0,1
62,6,43,0,0,,,,1.0,,,,,0.13636363636363635,76.0,0.8157894736842105,0,12,0.0,0,1
57,5,35,0,0,,,,1.0,,,,,0.1388888888888889,63.0,0.9047619047619048,0,12,0.0,0,1
51,2,39,0,0,,,,1.0,,,,,0.05,63.0,0.8095238095238095,0,11,0.0,0,1
62,2,40,0,0,,,,1.0,,,,,0.04878048780487805,61.0,1.0163934426229508,0,15,0.0,0,1
79,4,43,0,0,,,,1.0,,,,,0.09090909090909091,71.0,1.1126760563380282,0,11,0.0,0,1
77,4,40,0,1,,,,1.0,,,,,0.0975609756097561,74.0,1.0405405405405406,0,14,0.0,0,1
41,9,33,0,0,,,,1.0,,,,,0.2647058823529412,58.0,0.7068965517241379,0,11,0.0,0,1
50,10,44,0,0,,,,1.0,,,,,0.2222222222222222,60.0,0.8333333333333334,0,14,0.0,0,1
41,5,42,0,0,,,,1.0,,,,,0.11627906976744186,68.0,0.6029411764705882,0,13,0.0,0,1
45,2,38,0,0,,,,1.0,,,,,0.05128205128205128,56.0,0.8035714285714286,0,10,0.0,0,1
40,9,39,0,0,,,,1.0,,,,,0.225,60.0,0.6666666666666666,0,12,0.0,0,1
45,1,41,0,0,,,,1.0,,,,,0.023809523809523808,58.0,0.7758620689655172,0,12,0.0,0,1
66,11,41,0,1,,,,1.0,,,,,0.2619047619047619,70.0,0.9428571428571428,0,14,0.0,0,1
41,2,35,0,0,,,,1.0,,,,,0.05555555555555555,56.0,0.7321428571428571,0,15,0.0,0,1
75,8,37,0,0,,,,1.0,,,,,0.21052631578947367,72.0,1.0416666666666667,0,14,0.0,0,1
77,16,41,0,0,,,,1.0,,,,,0.38095238095238093,73.0,1.0547945205479452,0,13,0.0,0,1
80,9,43,0,0,,,,1.0,,,,,0.20454545454545456,74.0,1.0810810810810811,0,13,0.0,0,1
44,7,35,0,0,,,,1.0,,,,,0.19444444444444445,59.0,0.7457627118644068,0,13,0.0,0,1
44,3,37,0,0,,,,1.0,,,,,0.07894736842105263,56.0,0.7857142857142857,0,15,0.0,0,1
41,2,33,0,0,,,,1.0,,,,,0.058823529411764705,55.0,0.7454545454545455,0,16,0.0,0,1
44,5,43,0,0,,,,1.0,,,,,0.11363636363636363,54.0,0.8148148148148148,0,14,0.0,0,1
40,0,17,0,0,,,,1.0,,,,,0.0,68.0,0.5882352941176471,0,14,0.0,0,1
64,6,39,0,0,,,,1.0,,,,,0.15,73.0,0.8767123287671232,0,14,0.0,0,1
73,15,40,0,1,,,,1.0,,,,,0.36585365853658536,75.0,0.9733333333333334,0,16,0.0,0,1
77,9,39,0,0,,,,1.0,,,,,0.225,71.0,1.0845070422535212,0,11,0.0,0,1
47,4,43,0,1,,,,1.0,,,,,0.09090909090909091,60.0,0.7833333333333333,0,9,0.0,0,1
62,6,38,0,1,,,,1.0,,,,,0.15384615384615385,67.0,0.9253731343283582,0,16,0.0,0,1
44,5,39,0,0,,1.0,,1.0,,,,,0.125,53.0,0.8301886792452831,0,15,0.0,0,1
35,7,37,0,0,,,,1.0,,,,,0.18421052631578946,58.0,0.603448275862069,0,14,0.0,0,1
43,5,33,0,0,,,,1.0,,,,,0.14705882352941177,69.0,0.6231884057971014,0,11,0.0,0,1
61,12,36,0,0,,,,1.0,,,,,0.32432432432432434,74.0,0.8243243243243243,0,11,0.0,0,1
45,12,45,0,0,,,,1.0,,,,,0.2608695652173913,54.0,0.8333333333333334,0,16,0.0,0,1
62,8,42,0,0,,,,1.0,,,,,0.18604651162790697,70.0,0.8857142857142857,0,13,0.0,0,1
70,1,41,0,0,,,,1.0,,,,,0.023809523809523808,74.0,0.9459459459459459,0,16,0.0,0,1
73,3,41,0,0,,,,1.0,,,,,0.07142857142857142,72.0,1.0138888888888888,0,12,0.0,0,1
48,3,39,0,0,,,,1.0,,,,,0.075,57.0,0.8421052631578947,0,14,0.0,0,1
43,5,36,0,0,,,,1.0,,,,,0.13513513513513514,56.0,0.7678571428571429,0,13,0.0,0,1
64,7,40,0,0,,,,1.0,,,,,0.17073170731707318,68.0,0.9411764705882353,0,13,0.0,0,1
55,9,40,0,0,,,,1.0,,,,,0.21951219512195122,68.0,0.8088235294117647,0,14,0.0,0,1
64,5,48,0,0,,1.0,,1.0,,,,,0.10204081632653061,75.0,0.8533333333333334,0,12,0.0,0,1
62,5,36,0,0,,,,1.0,,,,,0.13513513513513514,63.0,0.9841269841269841,0,12,0.0,0,1
62,5,35,0,0,,,,1.0,,,,,0.1388888888888889,74.0,0.8378378378378378,0,8,0.0,0,1
49,12,40,0,0,,,,1.0,,,,,0.2926829268292683,68.0,0.7205882352941176,0,14,0.0,0,1
41,2,38,0,0,,,,1.0,,,,,0.05128205128205128,67.0,0.6119402985074627,0,14,0.0,0,1
60,6,32,0,1,,,,1.0,,,,,0.18181818181818182,66.0,0.9090909090909091,0,9,0.0,0,1
69,7,42,0,0,,,,1.0,,,,,0.16279069767441862,75.0,0.92,0,16,0.0,0,1
44,5,41,0,0,,,,1.0,,,,,0.11904761904761904,56.0,0.7857142857142857,0,15,0.0,0,1
40,6,45,0,0,,,,1.0,,,,,0.13043478260869565,53.0,0.7547169811320755,0,9,0.0,0,1
45,4,39,0,0,,,,1.0,,,,,0.1,68.0,0.6617647058823529,0,15,0.0,0,1
62,3,32,0,0,,,,1.0,,,,,0.09090909090909091,70.0,0.8857142857142857,0,12,0.0,0,1
44,5,32,0,0,,,,1.0,,,,,0.15151515151515152,53.0,0.8301886792452831,0,11,0.0,0,1
81,10,40,0,0,,,,1.0,,,,,0.24390243902439024,75.0,1.08,0,12,0.0,0,1
56,4,41,0,0,,,,1.0,,,,,0.09523809523809523,62.0,0.9032258064516129,0,11,0.0,0,1
61,5,41,0,0,,,,1.0,,,,,0.11904761904761904,73.0,0.8356164383561644,0,16,0.0,0,1
48,5,45,0,0,,,,1.0,,,,,0.10869565217391304,59.0,0.8135593220338984,0,15,0.0,0,1
44,6,39,0,0,,,,1.0,,,,,0.15,53.0,0.8301886792452831,0,14,0.0,0,1
45,5,34,0,0,,,,1.0,,,,,0.14285714285714285,55.0,0.8181818181818182,0,12,0.0,0,1
44,7,39,0,0,,,,1.0,,,,,0.175,59.0,0.7457627118644068,0,16,0.0,0,1
73,4,42,0,1,,,,1.0,,,,,0.09302325581395349,74.0,0.9864864864864865,0,12,0.0,0,1
46,9,40,0,0,,,,1.0,,,,,0.21951219512195122,52.0,0.8846153846153846,0,12,0.0,0,1
59,2,36,0,0,,,,1.0,,,,,0.05405405405405406,73.0,0.8082191780821918,0,11,0.0,0,1
77,10,42,0,0,,,,1.0,,,,,0.23255813953488372,72.0,1.0694444444444444,0,15,0.0,0,1
43,4,38,0,0,,,,1.0,,,,,0.10256410256410256,68.0,0.6323529411764706,0,15,0.0,0,1
64,6,37,0,0,,,,1.0,,,,,0.15789473684210525,70.0,0.9142857142857143,0,12,0.0,0,1
45,1,39,0,0,,,,1.0,,,,,0.025,55.0,0.8181818181818182,0,13,0.0,0,1
68,4,37,0,0,,,,1.0,,,,,0.10526315789473684,69.0,0.9855072463768116,0,13,0.0,0,1
51,1,38,0,0,,,,1.0,,,,,0.02564102564102564,66.0,0.7727272727272727,0,14,0.0,0,1
45,1,33,0,0,,,,1.0,,,,,0.029411764705882353,58.0,0.7758620689655172,0,16,0.0,0,1
57,3,40,0,0,,,,1.0,,,,,0.07317073170731707,70.0,0.8142857142857143,0,14,0.0,0,1
44,2,40,0,0,,,,1.0,,,,,0.04878048780487805,68.0,0.6470588235294118,0,16,0.0,0,1
63,7,41,0,0,,,,1.0,,,,,0.16666666666666666,70.0,0.9,0,9,0.0,0,1
45,4,41,0,0,,,,1.0,,,,,0.09523809523809523,68.0,0.6617647058823529,0,10,0.0,0,1
64,5,45,0,0,,,,1.0,,,,,0.10869565217391304,63.0,1.0158730158730158,0,15,0.0,0,1
43,4,38,0,0,,,,1.0,,,,,0.10256410256410256,57.0,0.7543859649122807,0,12,0.0,0,1
43,2,40,0,0,1.0,,,1.0,,,,,0.04878048780487805,58.0,0.7413793103448276,0,13,0.0,0,1
50,0,34,0,0,,,,1.0,,,,,0.0,67.0,0.746268656716418,0,16,0.0,0,1
62,9,48,0,1,,,,1.0,,,,,0.1836734693877551,70.0,0.8857142857142857,0,12,0.0,0,1
45,6,41,0,0,,,,1.0,,,,,0.14285714285714285,54.0,0.8333333333333334,0,15,0.0,0,1
42,5,40,0,0,,,,1.0,,,,,0.12195121951219512,59.0,0.711864406779661,0,14,0.0,0,1
55,5,42,0,0,,,,1.0,,,,,0.11627906976744186,69.0,0.7971014492753623,0,10,0.0,0,1
78,6,47,0,0,,,,1.0,,,,,0.125,73.0,1.0684931506849316,0,14,0.0,0,1
80,0,0,0,0,,,,1.0,,,,,0.0,74.0,1.0810810810810811,0,12,0.0,0,1
64,7,44,0,0,,,,1.0,,,,,0.15555555555555556,71.0,0.9014084507042254,0,11,0.0,0,1
44,6,38,0,0,,,,1.0,,,,,0.15384615384615385,67.0,0.6567164179104478,0,14,0.0,0,1
70,7,38,0,0,,,,1.0,,,,,0.1794871794871795,72.0,0.9722222222222222,0,12,0.0,0,1
70,6,42,0,0,,,,1.0,,,,,0.13953488372093023,72.0,0.9722222222222222,0,16,0.0,0,1
81,8,43,0,0,,,,1.0,,,,,0.18181818181818182,76.0,1.0657894736842106,0,13,0.0,0,1
73,3,32,0,0,,,,1.0,,,,,0.09090909090909091,75.0,0.9733333333333334,0,14,0.0,0,1
58,7,40,0,0,,,,1.0,,,,,0.17073170731707318,64.0,0.90625,0,13,0.0,0,1
63,2,41,0,0,,,,1.0,,,,,0.047619047619047616,66.0,0.9545454545454546,0,14,0.0,0,1
62,5,42,0,0,,,,1.0,,,,,0.11627906976744186,61.0,1.0163934426229508,0,14,0.0,0,1
59,10,37,0,1,,,,1.0,,,,,0.2631578947368421,67.0,0.8805970149253731,0,15,0.0,0,1
42,4,36,0,0,,,,1.0,,,,,0.10810810810810811,68.0,0.6176470588235294,0,14,0.0,0,1
73,5,45,0,0,,,,1.0,,,,,0.10869565217391304,75.0,0.9733333333333334,0,13,0.0,0,1
58,8,46,0,0,,,,1.0,,,,,0.1702127659574468,74.0,0.7837837837837838,0,12,0.0,0,1
58,11,40,0,0,,,,1.0,,,,,0.2682926829268293,70.0,0.8285714285714286,0,15,0.0,0,1
74,3,39,0,0,,,,1.0,,,,,0.075,74.0,1.0,0,11,0.0,0,1
54,3,40,0,0,,,,1.0,,,,,0.07317073170731707,67.0,0.8059701492537313,0,12,0.0,0,1
64,2,36,0,0,,,,1.0,,,,,0.05405405405405406,62.0,1.032258064516129,0,16,0.0,0,1
45,2,40,0,0,,,,1.0,,,,,0.04878048780487805,68.0,0.6617647058823529,0,14,0.0,0,1
249,70,556,0,0,,,,1.0,,,,,0.12567324955116696,157.0,1.585987261146497,0,12,0.0,0,1
64,6,42,0,0,,,,1.0,,,,,0.13953488372093023,62.0,1.032258064516129,0,13,0.0,0,1
81,3,39,0,0,,,,1.0,,,,,0.075,72.0,1.125,0,13,0.0,0,1
40,10,38,0,0,,,,1.0,,,,,0.2564102564102564,70.0,0.5714285714285714,0,15,0.0,0,1
44,3,38,0,0,,,,1.0,,,,,0.07692307692307693,56.0,0.7857142857142857,0,15,0.0,0,1
40,5,37,0,0,,,,1.0,,,,,0.13157894736842105,57.0,0.7017543859649122,0,13,0.0,0,1
48,2,36,0,0,,,,1.0,,,,,0.05405405405405406,60.0,0.8,0,14,0.0,0,1
43,1,40,0,0,,,,1.0,,,,,0.024390243902439025,54.0,0.7962962962962963,0,12,0.0,0,1
64,6,38,0,0,,,,1.0,,,,,0.15384615384615385,71.0,0.9014084507042254,0,12,0.0,0,1
142,80,163,3,0,,,,1.0,,,,,0.4878048780487805,161.0,0.8819875776397516,0,15,0.0,0,1
44,3,37,0,0,,,,1.0,,,,,0.07894736842105263,58.0,0.7586206896551724,0,14,0.0,0,1
68,5,48,0,0,,,,1.0,,,,,0.10204081632653061,69.0,0.9855072463768116,0,14,0.0,0,1
56,3,38,0,0,,,,1.0,,,,,0.07692307692307693,66.0,0.8484848484848485,0,14,0.0,0,1
77,7,43,0,0,,,,1.0,,,,,0.1590909090909091,72.0,1.0694444444444444,0,11,0.0,0,1
70,4,42,0,0,,,,1.0,,,,,0.09302325581395349,73.0,0.958904109589041,0,13,0.0,0,1
46,1,35,0,0,,,,1.0,,,,,0.027777777777777776,54.0,0.8518518518518519,0,15,0.0,0,1
42,0,40,0,0,,,,1.0,,,,,0.0,68.0,0.6176470588235294,0,16,0.0,0,1
43,5,34,0,0,,,,1.0,,,,,0.14285714285714285,59.0,0.7288135593220338,0,15,0.0,0,1
37,4,40,0,0,,,,1.0,,,,,0.0975609756097561,54.0,0.6851851851851852,0,12,0.0,0,1
74,6,40,0,0,,,,1.0,,,,,0.14634146341463414,74.0,1.0,0,11,0.0,0,1
69,0,26,0,0,,,,1.0,,,,,0.0,72.0,0.9583333333333334,0,14,0.0,0,1
63,9,44,0,0,,,,1.0,,,,,0.2,74.0,0.8513513513513513,0,11,0.0,0,1
51,6,40,0,0,,,,1.0,,,,,0.14634146341463414,69.0,0.7391304347826086,0,16,0.0,0,1
43,3,40,0,0,,,,1.0,,,,,0.07317073170731707,57.0,0.7543859649122807,0,14,0.0,0,1
65,7,37,0,1,,,,1.0,,,,,0.18421052631578946,62.0,1.0483870967741935,0,11,0.0,0,1
51,4,36,0,0,,,,1.0,,,,,0.10810810810810811,68.0,0.75,0,15,0.0,0,1
63,6,40,0,0,,,,1.0,,,,,0.14634146341463414,67.0,0.9402985074626866,0,12,0.0,0,1
66,5,35,0,0,,,,1.0,,,,,0.1388888888888889,74.0,0.8918918918918919,0,13,0.0,0,1
81,2,52,0,0,,,,1.0,,,,,0.03773584905660377,76.0,1.0657894736842106,0,13,0.0,0,1
35,3,35,0,0,,,,1.0,,,,,0.08333333333333333,56.0,0.625,0,13,0.0,0,1
54,7,41,0,0,,,,1.0,,,,,0.16666666666666666,70.0,0.7714285714285715,0,13,0.0,0,1
77,3,42,0,0,,,,1.0,,,,,0.06976744186046512,72.0,1.0694444444444444,0,13,0.0,0,1
61,2,37,0,0,,,,1.0,,,,,0.05263157894736842,67.0,0.9104477611940298,0,15,0.0,0,1
57,5,35,0,0,,1.0,,1.0,,,,,0.1388888888888889,73.0,0.7808219178082192,0,13,0.0,0,1
43,5,39,0,0,,,,1.0,,,,,0.125,58.0,0.7413793103448276,0,14,0.0,0,1
63,12,39,0,0,,,,1.0,,,,,0.3,70.0,0.9,0,14,0.0,0,1
77,5,37,0,0,,,,1.0,,,,,0.13157894736842105,72.0,1.0694444444444444,0,13,0.0,0,1
60,5,36,0,0,,,,1.0,,,,,0.13513513513513514,62.0,0.967741935483871,0,12,0.0,0,1
33,6,35,0,0,,,,1.0,,,,,0.16666666666666666,56.0,0.5892857142857143,0,15,0.0,0,1
51,7,41,0,0,,,,1.0,,,,,0.16666666666666666,69.0,0.7391304347826086,0,16,0.0,0,1
57,10,49,0,0,,,,1.0,,,,,0.2,66.0,0.8636363636363636,0,13,0.0,0,1
57,6,50,0,0,,,,1.0,,,,,0.11764705882352941,66.0,0.8636363636363636,0,12,0.0,0,1
31,4,45,0,0,,,,1.0,,,,,0.08695652173913043,60.0,0.5166666666666667,0,13,0.0,0,1
64,8,40,0,0,,,,1.0,,,,,0.1951219512195122,71.0,0.9014084507042254,0,15,0.0,0,1
56,13,39,0,1,,,,1.0,,,,,0.325,69.0,0.8115942028985508,0,14,0.0,0,1
79,3,35,0,0,,,,1.0,,,,,0.08333333333333333,74.0,1.0675675675675675,0,15,0.0,0,1
80,1,42,0,0,,1.0,,1.0,,,,,0.023255813953488372,74.0,1.0810810810810811,0,12,0.0,0,1
67,4,36,0,0,,,,1.0,,,,,0.10810810810810811,69.0,0.9710144927536232,0,15,0.0,0,1
49,12,43,0,0,,,,1.0,,,,,0.2727272727272727,66.0,0.7424242424242424,0,16,0.0,0,1
67,5,36,0,0,,,,1.0,,,,,0.13513513513513514,61.0,1.098360655737705,0,12,0.0,0,1
51,3,35,0,0,,,,1.0,,,,,0.08333333333333333,63.0,0.8095238095238095,0,14,0.0,0,1
42,7,41,0,0,,,,1.0,,,,,0.16666666666666666,54.0,0.7777777777777778,0,12,0.0,0,1
84,7,38,0,0,,,,1.0,,,,,0.1794871794871795,74.0,1.135135135135135,0,13,0.0,0,1
70,6,39,0,0,,,,1.0,,,,,0.15,73.0,0.958904109589041,0,14,0.0,0,1
54,2,34,0,0,,,,1.0,,,,,0.05714285714285714,70.0,0.7714285714285715,0,15,0.0,0,1
40,2,38,0,0,,,,1.0,,,,,0.05128205128205128,53.0,0.7547169811320755,0,10,0.0,0,1
42,12,49,0,0,,,,1.0,,,,,0.24,59.0,0.711864406779661,0,12,0.0,0,1
77,8,39,0,0,,,,1.0,,,,,0.2,74.0,1.0405405405405406,0,13,0.0,0,1
72,3,36,0,0,,,,1.0,,,,,0.08108108108108109,73.0,0.9863013698630136,0,14,0.0,0,1
47,4,40,0,0,,,,1.0,,,,,0.0975609756097561,53.0,0.8867924528301887,0,14,0.0,0,1
68,1,37,0,0,,,,1.0,,,,,0.02631578947368421,72.0,0.9444444444444444,0,12,0.0,0,1
43,8,34,0,0,,,,1.0,,,,,0.22857142857142856,58.0,0.7413793103448276,0,14,0.0,0,1
56,4,35,0,0,,,,1.0,,,,,0.1111111111111111,71.0,0.7887323943661971,0,13,0.0,0,1
50,10,44,0,1,,,,1.0,,,,,0.2222222222222222,70.0,0.7142857142857143,0,11,0.0,0,1
57,2,42,0,0,,,,1.0,,,,,0.046511627906976744,62.0,0.9193548387096774,0,11,0.0,0,1
54,3,35,0,0,,,,1.0,,,,,0.08333333333333333,63.0,0.8571428571428571,0,14,0.0,0,1
64,2,40,0,0,,,,1.0,,,,,0.04878048780487805,72.0,0.8888888888888888,0,16,0.0,0,1
35,8,36,0,0,,,,1.0,,,,,0.21621621621621623,57.0,0.6140350877192983,0,13,0.0,0,1
63,4,37,0,0,,,,1.0,,,,,0.10526315789473684,73.0,0.863013698630137,0,14,0.0,0,1
55,5,31,0,1,,,,1.0,,,,,0.15625,65.0,0.8461538461538461,0,12,0.0,0,1
46,8,34,0,0,,,,1.0,,,,,0.22857142857142856,53.0,0.8679245283018868,0,13,0.0,0,1
80,6,37,0,0,,,,1.0,,,,,0.15789473684210525,73.0,1.095890410958904,0,9,0.0,0,1
50,8,32,0,0,,,,1.0,,,,,0.24242424242424243,69.0,0.7246376811594203,0,13,0.0,0,1
41,9,38,0,0,,,,1.0,,,,,0.23076923076923078,55.0,0.7454545454545455,0,11,0.0,0,1
66,2,39,0,0,,,,1.0,,,,,0.05,65.0,1.0153846153846153,0,12,0.0,0,1
47,10,36,0,0,,,,1.0,,,,,0.2702702702702703,68.0,0.6911764705882353,0,13,0.0,0,1
59,3,42,0,0,,,,1.0,,,,,0.06976744186046512,71.0,0.8309859154929577,0,12,0.0,0,1
42,4,33,0,0,,,,1.0,,,,,0.11764705882352941,55.0,0.7636363636363637,0,11,0.0,0,1
139,102,209,3,0,,,,1.0,,,,,0.4857142857142857,161.0,0.8633540372670807,0,12,0.0,0,1
38,8,44,0,0,,,,1.0,,,,,0.17777777777777778,67.0,0.5671641791044776,0,15,0.0,0,1
45,5,37,0,0,,,,1.0,,,,,0.13157894736842105,54.0,0.8333333333333334,0,12,0.0,0,1
48,3,39,0,1,,,,1.0,,,,,0.075,67.0,0.7164179104477612,0,14,0.0,0,1
67,6,47,0,0,,,,1.0,,,,,0.125,75.0,0.8933333333333333,0,15,0.0,0,1
47,7,39,0,0,,,,1.0,,,,,0.175,70.0,0.6714285714285714,0,10,0.0,0,1
47,6,32,0,0,,,,1.0,,,,,0.18181818181818182,53.0,0.8867924528301887,0,16,0.0,0,1
42,4,29,0,0,,,,1.0,,,,,0.13333333333333333,68.0,0.6176470588235294,0,15,0.0,0,1
48,0,34,0,1,,,,1.0,,,,,0.0,56.0,0.8571428571428571,0,13,0.0,0,1
34,3,36,0,0,,,,1.0,,,,,0.08108108108108109,57.0,0.5964912280701754,0,13,0.0,0,1
44,3,40,0,0,,,,1.0,,,,,0.07317073170731707,56.0,0.7857142857142857,0,13,0.0,0,1
48,0,38,0,0,,,,1.0,,,,,0.0,70.0,0.6857142857142857,0,13,0.0,0,1
36,5,48,0,0,,,,1.0,,,,,0.10204081632653061,68.0,0.5294117647058824,0,14,0.0,0,1
60,4,39,0,0,,,,1.0,,,,,0.1,64.0,0.9375,0,14,0.0,0,1
57,5,42,0,0,,,,1.0,,,,,0.11627906976744186,67.0,0.8507462686567164,0,13,0.0,0,1
82,4,48,0,0,,,,1.0,,,,,0.08163265306122448,73.0,1.1232876712328768,0,12,0.0,0,1
36,3,39,0,0,,,,1.0,,,,,0.075,56.0,0.6428571428571429,0,14,0.0,0,1
37,5,37,0,0,,,,1.0,,,,,0.13157894736842105,57.0,0.6491228070175439,0,14,0.0,0,1
67,3,35,0,0,,,,1.0,,,,,0.08333333333333333,70.0,0.9571428571428572,0,15,0.0,0,1
51,4,33,0,0,,,,1.0,,,,,0.11764705882352941,69.0,0.7391304347826086,0,16,0.0,0,1
63,8,42,0,0,,,,1.0,,,,,0.18604651162790697,62.0,1.0161290322580645,0,13,0.0,0,1
41,6,37,0,0,,,,1.0,,,,,0.15789473684210525,55.0,0.7454545454545455,0,14,0.0,0,1
63,7,40,0,0,,,,1.0,,,,,0.17073170731707318,75.0,0.84,0,13,0.0,0,1
35,1,40,0,0,,,,1.0,,,,,0.024390243902439025,68.0,0.5147058823529411,0,15,0.0,0,1
60,8,44,0,0,,,,1.0,,,,,0.17777777777777778,61.0,0.9836065573770492,0,12,0.0,0,1
46,7,37,0,0,,,,1.0,,,,,0.18421052631578946,58.0,0.7931034482758621,0,11,0.0,0,1
68,4,39,0,0,,,,1.0,,,,,0.1,71.0,0.9577464788732394,0,12,0.0,0,1
70,6,36,0,0,,,,1.0,,,,,0.16216216216216217,73.0,0.958904109589041,0,8,0.0,0,1
42,3,37,0,0,,,,1.0,,,,,0.07894736842105263,58.0,0.7241379310344828,0,14,0.0,0,1
49,5,44,0,0,,,,1.0,,,,,0.1111111111111111,68.0,0.7205882352941176,0,16,0.0,0,1
71,5,42,0,1,,,,1.0,,,,,0.11627906976744186,74.0,0.9594594594594594,0,10,0.0,0,1
36,3,34,0,0,,,,1.0,,,,,0.08571428571428572,60.0,0.6,0,14,0.0,0,1
70,5,40,0,0,,,,1.0,,,,,0.12195121951219512,75.0,0.9333333333333333,0,15,0.0,0,1
50,1,36,0,0,,,,1.0,,,,,0.02702702702702703,59.0,0.847457627118644,0,13,0.0,0,1
46,8,36,0,0,,,,1.0,,,,,0.21621621621621623,69.0,0.6666666666666666,0,16,0.0,0,1
56,6,34,0,0,,,,1.0,,,,,0.17142857142857143,73.0,0.7671232876712328,0,13,0.0,0,1
81,7,47,0,0,,,,1.0,,,,,0.14583333333333334,73.0,1.1095890410958904,0,13,0.0,0,1
34,6,36,0,0,,,,1.0,,,,,0.16216216216216217,58.0,0.5862068965517241,0,13,0.0,0,1
43,7,36,0,0,,,,1.0,,,,,0.1891891891891892,57.0,0.7543859649122807,0,13,0.0,0,1
36,3,35,0,0,,,,1.0,,,,,0.08333333333333333,54.0,0.6666666666666666,0,14,0.0,0,1
49,10,47,0,0,,,,1.0,,,,,0.20833333333333334,63.0,0.7777777777777778,0,13,0.0,0,1
42,4,44,0,0,,,,1.0,,,,,0.08888888888888889,54.0,0.7777777777777778,0,16,0.0,0,1
34,2,38,0,0,,,,1.0,,,,,0.05128205128205128,56.0,0.6071428571428571,0,16,0.0,0,1
65,11,42,0,0,,,,1.0,,,,,0.2558139534883721,74.0,0.8783783783783784,0,13,0.0,0,1
40,4,33,0,0,,1.0,,1.0,,,,,0.11764705882352941,52.0,0.7692307692307693,0,12,0.0,0,1
71,4,48,0,0,,,,1.0,,,,,0.08163265306122448,73.0,0.9726027397260274,0,11,0.0,0,1
43,5,41,0,0,,,,1.0,,,,,0.11904761904761904,60.0,0.7166666666666667,0,11,0.0,0,1
55,3,39,0,0,,,,1.0,,,,,0.075,62.0,0.8870967741935484,0,14,0.0,0,1
49,7,38,0,0,,,,1.0,,,,,0.1794871794871795,54.0,0.9074074074074074,0,12,0.0,0,1
63,7,42,0,0,,,,1.0,,,,,0.16279069767441862,63.0,1.0,0,14,0.0,0,1
39,4,32,0,1,,,,1.0,,,,,0.12121212121212122,52.0,0.75,0,15,0.0,0,1
62,1,43,0,0,,,,1.0,,,,,0.022727272727272728,70.0,0.8857142857142857,0,16,0.0,0,1
35,5,38,0,0,,,,1.0,,,,,0.1282051282051282,59.0,0.5932203389830508,0,15,0.0,0,1
42,5,44,0,0,,,,1.0,,,,,0.1111111111111111,53.0,0.7924528301886793,0,12,0.0,0,1
43,4,35,0,0,,,,1.0,,,,,0.1111111111111111,53.0,0.8113207547169812,0,14,0.0,0,1
65,5,38,0,0,,,,1.0,,,,,0.1282051282051282,71.0,0.9154929577464789,0,15,0.0,0,1
42,5,39,0,0,,,,1.0,,,,,0.125,53.0,0.7924528301886793,0,11,0.0,0,1
47,6,41,0,0,,,,1.0,,,,,0.14285714285714285,53.0,0.8867924528301887,0,14,0.0,0,1
59,5,41,0,1,,,,1.0,,,,,0.11904761904761904,72.0,0.8194444444444444,0,13,0.0,0,1
44,9,33,0,0,,,,1.0,,,,,0.2647058823529412,68.0,0.6470588235294118,0,15,0.0,0,1
56,4,39,0,0,,,,1.0,,,,,0.1,70.0,0.8,0,13,0.0,0,1
53,6,38,0,0,,,,1.0,,,,,0.15384615384615385,67.0,0.7910447761194029,0,12,0.0,0,1
58,4,38,0,0,,,,1.0,,,,,0.10256410256410256,64.0,0.90625,0,13,0.0,0,1
70,6,38,0,0,,,,1.0,,,,,0.15384615384615385,71.0,0.9859154929577465,0,11,0.0,0,1
85,7,47,0,0,,,,1.0,,,,,0.14583333333333334,71.0,1.1971830985915493,0,13,0.0,0,1
72,3,48,0,0,,,,1.0,,,,,0.061224489795918366,74.0,0.972972972972973,0,14,0.0,0,1
49,6,44,0,0,,,,1.0,,,,,0.13333333333333333,69.0,0.7101449275362319,0,15,0.0,0,1
38,4,38,0,0,,,,1.0,,,,,0.10256410256410256,53.0,0.7169811320754716,0,14,0.0,0,1
45,6,35,0,0,,,,1.0,,,,,0.16666666666666666,54.0,0.8333333333333334,0,12,0.0,0,1
65,4,34,0,0,,,,1.0,,,,,0.11428571428571428,73.0,0.8904109589041096,0,13,0.0,0,1
73,3,48,0,0,,,,1.0,,,,,0.061224489795918366,74.0,0.9864864864864865,0,12,0.0,0,1
160,96,244,3,0,,,,1.0,,,,,0.39183673469387753,161.0,0.9937888198757764,0,15,0.0,0,1
45,2,36,0,0,,,,1.0,,,,,0.05405405405405406,59.0,0.7627118644067796,0,14,0.0,0,1
44,9,45,0,0,,,,1.0,,,,,0.1956521739130435,65.0,0.676923076923077,0,12,0.0,0,1
44,1,41,0,0,,,,1.0,,,,,0.023809523809523808,68.0,0.6470588235294118,0,13,0.0,0,1
66,6,35,0,1,,,,1.0,,,,,0.16666666666666666,70.0,0.9428571428571428,0,12,0.0,0,1
36,4,33,0,0,,,,1.0,,,,,0.11764705882352941,56.0,0.6428571428571429,0,15,0.0,0,1
52,2,38,0,0,,,,1.0,,,,,0.05128205128205128,68.0,0.7647058823529411,0,14,0.0,0,1
51,5,39,0,0,,,,1.0,,,,,0.125,72.0,0.7083333333333334,0,13,0.0,0,1
52,4,39,0,0,,,,1.0,,,,,0.1,63.0,0.8253968253968254,0,13,0.0,0,1
45,2,28,0,1,,,,1.0,,,,,0.06896551724137931,53.0,0.8490566037735849,0,14,0.0,0,1
61,7,40,0,0,,,,1.0,,,,,0.17073170731707318,70.0,0.8714285714285714,0,11,0.0,0,1
67,11,35,0,0,,,,1.0,,,,,0.3055555555555556,70.0,0.9571428571428572,0,15,0.0,0,1
43,4,39,0,0,,,,1.0,,,,,0.1,53.0,0.8113207547169812,0,12,0.0,0,1
55,3,36,0,0,,,,1.0,,,,,0.08108108108108109,70.0,0.7857142857142857,0,16,0.0,0,1
40,5,40,0,0,,,,1.0,,,,,0.12195121951219512,55.0,0.7272727272727273,0,12,0.0,0,1
48,1,40,0,0,,,,1.0,,,,,0.024390243902439025,63.0,0.7619047619047619,0,14,0.0,0,1
71,12,44,0,0,,,,1.0,,,,,0.26666666666666666,74.0,0.9594594594594594,0,15,0.0,0,1
38,4,38,0,0,,,,1.0,,,,,0.10256410256410256,58.0,0.6551724137931034,0,12,0.0,0,1
43,3,38,0,1,,,,1.0,,,,,0.07692307692307693,53.0,0.8113207547169812,0,16,0.0,0,1
47,4,38,0,0,,,,1.0,,,,,0.10256410256410256,53.0,0.8867924528301887,0,15,0.0,0,1
75,2,39,0,0,,,,1.0,,,,,0.05,73.0,1.0273972602739727,0,14,0.0,0,1
46,8,38,0,0,,,,1.0,,,,,0.20512820512820512,68.0,0.6764705882352942,0,14,0.0,0,1
40,3,37,0,0,,,,1.0,,,,,0.07894736842105263,60.0,0.6666666666666666,0,12,0.0,0,1
76,7,43,0,0,,,,1.0,,,,,0.1590909090909091,73.0,1.0410958904109588,0,14,0.0,0,1
43,5,34,0,0,,,,1.0,,,,,0.14285714285714285,53.0,0.8113207547169812,0,16,0.0,0,1
44,7,39,0,0,,,,1.0,,,,,0.175,58.0,0.7586206896551724,0,15,0.0,0,1
44,5,38,0,0,,,,1.0,,,,,0.1282051282051282,68.0,0.6470588235294118,0,16,0.0,0,1
62,3,38,0,0,,,,1.0,,,,,0.07692307692307693,73.0,0.8493150684931506,0,15,0.0,0,1
52,1,38,0,0,,,,1.0,,,,,0.02564102564102564,62.0,0.8387096774193549,0,12,0.0,0,1
53,3,41,0,0,,,,1.0,,,,,0.07142857142857142,61.0,0.8688524590163934,0,10,0.0,0,1
49,4,39,0,0,,,,1.0,,,,,0.1,65.0,0.7538461538461538,0,15,0.0,0,1
40,4,35,0,0,,,,1.0,,,,,0.1111111111111111,55.0,0.7272727272727273,0,15,0.0,0,1
46,1,41,0,0,,,,1.0,,,,,0.023809523809523808,58.0,0.7931034482758621,0,14,0.0,0,1
62,7,38,0,0,,,,1.0,,,,,0.1794871794871795,70.0,0.8857142857142857,0,11,0.0,0,1
39,5,41,0,0,,,,1.0,,,,,0.11904761904761904,54.0,0.7222222222222222,0,15,0.0,0,1
76,4,52,0,0,,,,1.0,,,,,0.07547169811320754,75.0,1.0133333333333334,0,16,0.0,0,1
35,3,44,0,1,,,,1.0,,,,,0.06666666666666667,55.0,0.6363636363636364,0,15,0.0,0,1
41,6,41,0,0,,,,1.0,,,,,0.14285714285714285,55.0,0.7454545454545455,0,12,0.0,0,1
68,4,38,0,0,,,,1.0,,,,,0.10256410256410256,75.0,0.9066666666666666,0,15,0.0,0,1
40,4,42,0,0,,,,1.0,,,,,0.09302325581395349,68.0,0.5882352941176471,0,16,0.0,0,1
59,5,35,0,0,,,,1.0,,,,,0.1388888888888889,62.0,0.9516129032258065,0,15,0.0,0,1
61,3,46,0,0,,,,1.0,,,,,0.06382978723404255,63.0,0.9682539682539683,0,15,0.0,0,1
50,4,41,0,0,,,,1.0,,,,,0.09523809523809523,54.0,0.9259259259259259,0,12,0.0,0,1
34,3,43,0,0,,,,1.0,,,,,0.06818181818181818,60.0,0.5666666666666667,0,12,0.0,0,1
54,7,36,0,0,,,,1.0,,,,,0.1891891891891892,64.0,0.84375,0,15,0.0,0,1
42,4,44,0,0,,,,1.0,,,,,0.08888888888888889,59.0,0.711864406779661,0,15,0.0,0,1
44,7,36,0,0,,,,1.0,,,,,0.1891891891891892,59.0,0.7457627118644068,0,11,0.0,0,1
35,2,35,0,0,,,,1.0,,,,,0.05555555555555555,55.0,0.6363636363636364,0,15,0.0,0,1
44,4,37,0,0,,,,1.0,,,,,0.10526315789473684,70.0,0.6285714285714286,0,14,0.0,0,1
69,6,36,0,0,,,,1.0,,,,,0.16216216216216217,71.0,0.971830985915493,0,13,0.0,0,1
70,3,36,0,0,,,,1.0,,,,,0.08108108108108109,73.0,0.958904109589041,0,11,0.0,0,1
74,6,39,0,0,,,,1.0,,,,,0.15,72.0,1.0277777777777777,0,14,0.0,0,1
62,3,42,0,0,,,,1.0,,,,,0.06976744186046512,66.0,0.9393939393939394,0,12,0.0,0,1
43,9,35,0,1,,,,1.0,,,,,0.25,52.0,0.8269230769230769,0,13,0.0,0,1
36,3,39,0,0,,,,1.0,,,,,0.075,54.0,0.6666666666666666,0,11,0.0,0,1
38,5,35,0,0,,,,1.0,,,,,0.1388888888888889,53.0,0.7169811320754716,0,15,0.0,0,1
44,3,34,0,0,,,,1.0,,,,,0.08571428571428572,53.0,0.8301886792452831,0,13,0.0,0,1
415,93,1038,0,0,,,,1.0,,,,,0.08950914340712224,127.0,3.267716535433071,0,16,0.0,0,1
61,4,39,0,0,,,,1.0,,,,,0.1,60.0,1.0166666666666666,0,15,0.0,0,1
61,10,44,0,1,,,,1.0,,,,,0.2222222222222222,68.0,0.8970588235294118,0,14,0.0,0,1
68,3,40,0,0,,,,1.0,,,,,0.07317073170731707,73.0,0.9315068493150684,0,14,0.0,0,1
70,4,42,0,0,,,,1.0,,,,,0.09302325581395349,71.0,0.9859154929577465,0,11,0.0,0,1
44,6,38,0,0,,,,1.0,,,,,0.15384615384615385,53.0,0.8301886792452831,0,15,0.0,0,1
34,3,41,0,0,,,,1.0,,,,,0.07142857142857142,55.0,0.6181818181818182,0,11,0.0,0,1
33,1,31,0,0,,,,1.0,,,,,0.03125,56.0,0.5892857142857143,0,14,0.0,0,1
74,8,39,0,0,,,,1.0,,,,,0.2,71.0,1.0422535211267605,0,12,0.0,0,1
40,4,36,0,0,,,,1.0,,,,,0.10810810810810811,57.0,0.7017543859649122,0,14,0.0,0,1
61,3,41,0,0,,1.0,,1.0,,,,,0.07142857142857142,69.0,0.8840579710144928,0,11,0.0,0,1
64,3,40,0,0,,,,1.0,,,,,0.07317073170731707,62.0,1.032258064516129,0,10,0.0,0,1
35,4,40,0,0,,,,1.0,,,,,0.0975609756097561,60.0,0.5833333333333334,0,16,0.0,0,1
33,3,24,0,0,,,,1.0,,,,,0.12,53.0,0.6226415094339622,0,13,0.0,0,1
38,1,38,0,0,,,,1.0,,,,,0.02564102564102564,58.0,0.6551724137931034,0,12,0.0,0,1
42,12,42,0,0,,,,1.0,,,,,0.27906976744186046,69.0,0.6086956521739131,0,15,0.0,0,1
63,4,38,0,0,,,,1.0,,,,,0.10256410256410256,63.0,1.0,0,11,0.0,0,1
51,15,38,0,0,,,,1.0,,,,,0.38461538461538464,75.0,0.68,0,14,0.0,0,1
55,5,43,0,0,,,,1.0,,,,,0.11363636363636363,63.0,0.873015873015873,0,15,0.0,0,1
37,6,38,0,0,,,,1.0,,,,,0.15384615384615385,67.0,0.5522388059701493,0,15,0.0,0,1
67,7,39,0,0,1.0,1.0,,1.0,,,,,0.175,65.0,1.0307692307692307,0,14,0.0,0,1
48,9,36,0,0,,,,1.0,,,,,0.24324324324324326,70.0,0.6857142857142857,0,12,0.0,0,1
69,8,43,0,0,,,,1.0,,,,,0.18181818181818182,69.0,1.0,0,14,0.0,0,1
37,8,34,0,0,,,,1.0,,,,,0.22857142857142856,53.0,0.6981132075471698,0,13,0.0,0,1
54,1,31,0,1,,,,1.0,,,,,0.03125,70.0,0.7714285714285715,0,11,0.0,0,1
55,1,36,0,1,,,,1.0,,,,,0.02702702702702703,64.0,0.859375,0,15,0.0,0,1
73,8,40,0,0,,,,1.0,,,,,0.1951219512195122,74.0,0.9864864864864865,0,15,0.0,0,1
76,8,39,0,0,,,,1.0,,,,,0.2,74.0,1.027027027027027,0,11,0.0,0,1
35,5,35,0,0,,,,1.0,,,,,0.1388888888888889,59.0,0.5932203389830508,0,14,0.0,0,1
46,8,47,0,0,,,,1.0,,,,,0.16666666666666666,55.0,0.8363636363636363,0,14,0.0,0,1
40,4,37,0,0,,,,1.0,,,,,0.10526315789473684,59.0,0.6779661016949152,0,16,0.0,0,1
70,8,38,0,0,,,,1.0,,,,,0.20512820512820512,71.0,0.9859154929577465,0,15,0.0,0,1
45,5,38,0,0,,,,1.0,,,,,0.1282051282051282,67.0,0.6716417910447762,0,11,0.0,0,1
41,5,37,0,0,,,,1.0,,,,,0.13157894736842105,67.0,0.6119402985074627,0,12,0.0,0,1
59,5,49,0,0,,,,1.0,,,,,0.1,70.0,0.8428571428571429,0,14,0.0,0,1
60,6,43,0,0,,,,1.0,,,,,0.13636363636363635,69.0,0.8695652173913043,0,10,0.0,0,1
66,8,43,0,0,,,,1.0,,,,,0.18181818181818182,74.0,0.8918918918918919,0,16,0.0,0,1
74,10,43,0,0,,,,1.0,,,,,0.22727272727272727,74.0,1.0,0,15,0.0,0,1
66,21,40,0,0,,,,1.0,,,,,0.5121951219512195,72.0,0.9166666666666666,0,11,0.0,0,1
45,4,38,0,0,,,,1.0,,,,,0.10256410256410256,53.0,0.8490566037735849,0,16,0.0,0,1
82,7,39,0,0,,,,1.0,,,,,0.175,74.0,1.1081081081081081,0,16,0.0,0,1
38,6,41,0,0,,,,1.0,,,,,0.14285714285714285,53.0,0.7169811320754716,0,14,0.0,0,1
46,8,41,0,2,,,,1.0,,,,,0.19047619047619047,53.0,0.8679245283018868,0,16,0.0,0,1
54,3,39,0,0,,,,1.0,,,,,0.075,62.0,0.8709677419354839,0,14,0.0,0,1
77,9,39,0,1,,,,1.0,,,,,0.225,73.0,1.0547945205479452,0,12,0.0,0,1
64,8,38,0,0,,,,1.0,,,,,0.20512820512820512,73.0,0.8767123287671232,0,13,0.0,0,1
300,71,616,0,0,,,,1.0,,,,,0.11507293354943274,75.0,4.0,0,15,0.0,0,1
49,5,41,0,0,,,,1.0,,,,,0.11904761904761904,67.0,0.7313432835820896,0,12,0.0,0,1
64,6,38,0,0,,,,1.0,,,,,0.15384615384615385,71.0,0.9014084507042254,0,14,0.0,0,1
45,11,44,0,0,,,,1.0,,,,,0.24444444444444444,55.0,0.8181818181818182,0,16,0.0,0,1
36,6,43,0,0,,,,1.0,,,,,0.13636363636363635,70.0,0.5142857142857142,0,11,0.0,0,1
57,1,41,0,1,,,,1.0,,,,,0.023809523809523808,67.0,0.8507462686567164,0,16,0.0,0,1
34,5,40,0,0,,,,1.0,,,,,0.12195121951219512,57.0,0.5964912280701754,0,12,0.0,0,1
34,5,35,0,0,,,,1.0,,,,,0.1388888888888889,58.0,0.5862068965517241,0,13,0.0,0,1
31,5,37,0,0,,,,1.0,,,,,0.13157894736842105,56.0,0.5535714285714286,0,15,0.0,0,1
63,7,40,0,1,,,,1.0,,,,,0.17073170731707318,70.0,0.9,0,13,0.0,0,1
34,5,39,0,0,,,,1.0,,,,,0.125,57.0,0.5964912280701754,0,15,0.0,0,1
131,26,48,4,0,,,,1.0,,,,,0.5306122448979592,161.0,0.8136645962732919,0,16,0.0,0,1
41,7,37,0,0,,,,1.0,,,,,0.18421052631578946,56.0,0.7321428571428571,0,11,0.0,0,1
48,2,44,0,0,,,,1.0,,,,,0.044444444444444446,57.0,0.8421052631578947,0,16,0.0,0,1
46,2,35,0,0,,,,1.0,,,,,0.05555555555555555,52.0,0.8846153846153846,0,10,0.0,0,1
44,2,35,0,0,1.0,1.0,,1.0,,,,,0.05555555555555555,59.0,0.7457627118644068,0,10,0.0,0,1
38,5,34,0,0,,,,1.0,,,,,0.14285714285714285,67.0,0.5671641791044776,0,11,0.0,0,1
44,7,43,0,0,,,,1.0,,,,,0.1590909090909091,59.0,0.7457627118644068,0,16,0.0,0,1
43,1,41,0,0,,,,1.0,,,,,0.023809523809523808,67.0,0.6417910447761194,0,12,0.0,0,1
64,6,35,0,0,,,,1.0,,,,,0.16666666666666666,63.0,1.0158730158730158,0,12,0.0,0,1
83,3,51,0,0,,,,1.0,,,,,0.057692307692307696,76.0,1.0921052631578947,0,10,0.0,0,1
72,4,41,0,0,,,,1.0,,,,,0.09523809523809523,74.0,0.972972972972973,0,13,0.0,0,1
38,5,30,0,0,,,,1.0,,,,,0.16129032258064516,69.0,0.5507246376811594,0,13,0.0,0,1
70,1,45,0,0,,,,1.0,,,,,0.021739130434782608,74.0,0.9459459459459459,0,16,0.0,0,1
72,12,46,0,0,,,,1.0,,,,,0.2553191489361702,74.0,0.972972972972973,0,16,0.0,0,1
50,5,39,0,0,,,,1.0,,,,,0.125,52.0,0.9615384615384616,0,12,0.0,0,1
58,5,37,0,0,,,,1.0,,,,,0.13157894736842105,62.0,0.9354838709677419,0,16,0.0,0,1
42,4,41,0,0,,,,1.0,,,,,0.09523809523809523,54.0,0.7777777777777778,0,16,0.0,0,1
57,6,39,0,0,,,,1.0,,,,,0.15,71.0,0.8028169014084507,0,15,0.0,0,1
45,4,37,0,0,,,,1.0,,,,,0.10526315789473684,58.0,0.7758620689655172,0,13,0.0,0,1
45,1,35,0,1,,1.0,,1.0,,,,,0.027777777777777776,58.0,0.7758620689655172,0,15,0.0,0,1
143,107,311,6,1,,,,1.0,,,,,0.34294871794871795,161.0,0.8881987577639752,0,13,0.0,0,1
50,2,44,0,0,,,,1.0,,,,,0.044444444444444446,74.0,0.6756756756756757,0,12,0.0,0,1
85,3,38,0,0,,,,1.0,,,,,0.07692307692307693,73.0,1.1643835616438356,0,10,0.0,0,1
43,3,41,0,0,,,,1.0,,,,,0.07142857142857142,55.0,0.7818181818181819,0,11,0.0,0,1
76,8,53,0,0,,,,1.0,,,,,0.14814814814814814,76.0,1.0,0,10,0.0,0,1
49,6,37,0,0,,,,1.0,,,,,0.15789473684210525,67.0,0.7313432835820896,0,13,0.0,0,1
41,6,43,0,0,,,,1.0,,,,,0.13636363636363635,68.0,0.6029411764705882,0,14,0.0,0,1
74,6,43,0,0,,,,1.0,,,,,0.13636363636363635,73.0,1.0136986301369864,0,15,0.0,0,1
71,3,39,0,0,,,,1.0,,,,,0.075,73.0,0.9726027397260274,0,14,0.0,0,1
48,2,38,0,0,,,,1.0,,,,,0.05128205128205128,59.0,0.8135593220338984,0,9,0.0,0,1
82,6,37,0,0,,,,1.0,,,,,0.15789473684210525,74.0,1.1081081081081081,0,12,0.0,0,1
79,11,47,0,1,,,,1.0,,,,,0.22916666666666666,73.0,1.082191780821918,0,11,0.0,0,1
65,3,46,0,0,,1.0,,1.0,,,,,0.06382978723404255,66.0,0.9848484848484849,0,12,0.0,0,1
57,7,39,0,0,,,,1.0,,,,,0.175,69.0,0.8260869565217391,0,14,0.0,0,1
66,8,46,0,1,,,,1.0,,,,,0.1702127659574468,75.0,0.88,0,14,0.0,0,1
57,10,41,0,0,,,,1.0,,,,,0.23809523809523808,69.0,0.8260869565217391,0,14,0.0,0,1
72,9,32,0,0,,,,1.0,,,,,0.2727272727272727,74.0,0.972972972972973,0,13,0.0,0,1
33,6,38,0,0,,,,1.0,,,,,0.15384615384615385,56.0,0.5892857142857143,0,11,0.0,0,1
42,5,42,0,0,,,,1.0,,,,,0.11627906976744186,67.0,0.6268656716417911,0,12,0.0,0,1
63,3,38,0,0,,,,1.0,,,,,0.07692307692307693,72.0,0.875,0,14,0.0,0,1
37,1,38,0,0,,,,1.0,,,,,0.02564102564102564,53.0,0.6981132075471698,0,13,0.0,0,1
37,9,39,0,0,,,,1.0,,,,,0.225,53.0,0.6981132075471698,0,15,0.0,0,1
75,4,36,0,0,,,,1.0,,,,,0.10810810810810811,71.0,1.056338028169014,0,13,0.0,0,1
42,5,39,0,0,,,,1.0,,,,,0.125,59.0,0.711864406779661,0,8,0.0,0,1
36,1,42,0,1,,,,1.0,,,,,0.023255813953488372,55.0,0.6545454545454545,0,14,0.0,0,1
45,3,40,0,0,,,,1.0,,,,,0.07317073170731707,56.0,0.8035714285714286,0,16,0.0,0,1
48,3,35,0,0,,,,1.0,,,,,0.08333333333333333,57.0,0.8421052631578947,0,15,0.0,0,1
60,7,35,0,0,,,,1.0,,,,,0.19444444444444445,66.0,0.9090909090909091,0,15,0.0,0,1
57,4,41,0,0,,,,1.0,,,,,0.09523809523809523,62.0,0.9193548387096774,0,14,0.0,0,1
44,5,36,0,1,,,,1.0,,,,,0.13513513513513514,70.0,0.6285714285714286,0,15,0.0,0,1
44,3,37,0,0,,,,1.0,,,,,0.07894736842105263,58.0,0.7586206896551724,0,15,0.0,0,1
46,4,36,0,0,,,,1.0,,,,,0.10810810810810811,68.0,0.6764705882352942,0,16,0.0,0,1
58,7,34,0,0,,,,1.0,,,,,0.2,67.0,0.8656716417910447,0,16,0.0,0,1
65,9,39,0,0,,,,1.0,,,,,0.225,70.0,0.9285714285714286,0,14,0.0,0,1
55,2,41,0,0,,,,1.0,,,,,0.047619047619047616,67.0,0.8208955223880597,0,13,0.0,0,1
45,5,42,0,0,,,,1.0,,,,,0.11627906976744186,52.0,0.8653846153846154,0,15,0.0,0,1
46,5,39,0,0,,,,1.0,,,,,0.125,54.0,0.8518518518518519,0,13,0.0,0,1
48,7,40,0,0,,,,1.0,,,,,0.17073170731707318,69.0,0.6956521739130435,0,12,0.0,0,1
49,7,42,0,0,,,,1.0,,,,,0.16279069767441862,75.0,0.6533333333333333,0,13,0.0,0,1
49,4,37,0,1,,,,1.0,,,,,0.10526315789473684,56.0,0.875,0,16,0.0,0,1
61,6,44,0,0,,,,1.0,,,,,0.13333333333333333,69.0,0.8840579710144928,0,13,0.0,0,1
40,1,42,0,0,,,,1.0,,,,,0.023255813953488372,68.0,0.5882352941176471,0,15,0.0,0,1
63,10,35,0,0,,,,1.0,,,,,0.2777777777777778,72.0,0.875,0,13,0.0,0,1
43,2,46,0,0,,,,1.0,,,,,0.0425531914893617,54.0,0.7962962962962963,0,14,0.0,0,1
57,5,39,0,1,,,,1.0,,,,,0.125,63.0,0.9047619047619048,0,12,0.0,0,1
72,4,38,0,0,,,,1.0,,,,,0.10256410256410256,127.0,0.5669291338582677,0,12,0.0,0,1
60,4,36,0,0,,,,1.0,,,,,0.10810810810810811,62.0,0.967741935483871,0,16,0.0,0,1
67,9,38,0,0,,,,1.0,,,,,0.23076923076923078,70.0,0.9571428571428572,0,14,0.0,0,1
55,4,41,0,0,,,,1.0,,,,,0.09523809523809523,62.0,0.8870967741935484,0,14,0.0,0,1
74,4,40,0,0,,,,1.0,,,,,0.0975609756097561,71.0,1.0422535211267605,0,13,0.0,0,1
73,4,37,0,0,,,,1.0,,,,,0.10526315789473684,73.0,1.0,0,14,0.0,0,1
78,6,43,0,0,,,,1.0,,,,,0.13636363636363635,72.0,1.0833333333333333,0,12,0.0,0,1
44,4,42,0,0,,,,1.0,,,,,0.09302325581395349,59.0,0.7457627118644068,0,13,0.0,0,1
46,5,39,0,0,,,,1.0,,,,,0.125,56.0,0.8214285714285714,0,15,0.0,0,1
57,5,34,0,0,,,,1.0,,,,,0.14285714285714285,62.0,0.9193548387096774,0,12,0.0,0,1
82,1,40,0,0,,,,1.0,,,,,0.024390243902439025,72.0,1.1388888888888888,0,12,0.0,0,1
46,5,43,0,0,,,,1.0,,,,,0.11363636363636363,59.0,0.7796610169491526,0,13,0.0,0,1
44,3,41,0,0,,,,1.0,,,,,0.07142857142857142,59.0,0.7457627118644068,0,16,0.0,0,1
51,7,38,0,0,,,,1.0,,,,,0.1794871794871795,70.0,0.7285714285714285,0,16,0.0,0,1
41,8,38,0,0,,,,1.0,,,,,0.20512820512820512,69.0,0.5942028985507246,0,14,0.0,0,1
49,1,42,0,0,,,,1.0,,,,,0.023255813953488372,68.0,0.7205882352941176,0,16,0.0,0,1
57,1,37,0,1,,,,1.0,,,,,0.02631578947368421,61.0,0.9344262295081968,0,12,0.0,0,1
61,2,42,0,0,,,,1.0,,,,,0.046511627906976744,71.0,0.8591549295774648,0,16,0.0,0,1
69,5,43,0,0,,,,1.0,,,,,0.11363636363636363,74.0,0.9324324324324325,0,11,0.0,0,1
45,9,40,0,0,,,,1.0,,,,,0.21951219512195122,70.0,0.6428571428571429,0,15,0.0,0,1
44,6,42,0,1,,,,1.0,,,,,0.13953488372093023,56.0,0.7857142857142857,0,14,0.0,0,1
78,3,36,0,0,,,,1.0,,,,,0.08108108108108109,71.0,1.0985915492957747,0,10,0.0,0,1
54,4,34,0,0,,,,1.0,,,,,0.11428571428571428,63.0,0.8571428571428571,0,13,0.0,0,1
45,4,28,0,0,,,,1.0,,,,,0.13793103448275862,59.0,0.7627118644067796,0,13,0.0,0,1
43,5,44,0,1,,,,1.0,,,,,0.1111111111111111,70.0,0.6142857142857143,0,15,0.0,0,1
64,8,39,0,0,,,,1.0,,,,,0.2,63.0,1.0158730158730158,0,14,0.0,0,1
61,6,38,0,0,,,,1.0,,,,,0.15384615384615385,70.0,0.8714285714285714,0,16,0.0,0,1
56,5,40,0,0,,,,1.0,,,,,0.12195121951219512,62.0,0.9032258064516129,0,11,0.0,0,1
45,6,33,0,0,,,,1.0,,,,,0.17647058823529413,55.0,0.8181818181818182,0,16,0.0,0,1
72,10,45,0,0,,,,1.0,,,,,0.21739130434782608,73.0,0.9863013698630136,0,15,0.0,0,1
60,5,36,0,0,,,,1.0,,,,,0.13513513513513514,69.0,0.8695652173913043,0,15,0.0,0,1
43,8,34,0,0,,,,1.0,,,,,0.22857142857142856,59.0,0.7288135593220338,0,14,0.0,0,1
68,3,44,0,0,,1.0,,1.0,,,,,0.06666666666666667,72.0,0.9444444444444444,0,11,0.0,0,1
56,5,38,0,0,,,,1.0,,,,,0.1282051282051282,67.0,0.835820895522388,0,14,0.0,0,1
43,2,34,0,0,,,,1.0,,,,,0.05714285714285714,54.0,0.7962962962962963,0,11,0.0,0,1
41,6,37,0,0,,,,1.0,,,,,0.15789473684210525,53.0,0.7735849056603774,0,12,0.0,0,1
41,9,38,0,0,,,,1.0,,,,,0.23076923076923078,60.0,0.6833333333333333,0,8,0.0,0,1
42,2,35,0,0,,,,1.0,,,,,0.05555555555555555,57.0,0.7368421052631579,0,14,0.0,0,1
44,1,37,0,0,,,,1.0,,,,,0.02631578947368421,59.0,0.7457627118644068,0,15,0.0,0,1
61,2,44,0,0,,,,1.0,,,,,0.044444444444444446,70.0,0.8714285714285714,0,16,0.0,0,1
72,8,48,0,0,,,,1.0,,,,,0.16326530612244897,73.0,0.9863013698630136,0,16,0.0,0,1
42,3,39,0,0,,,,1.0,,,,,0.075,53.0,0.7924528301886793,0,16,0.0,0,1
33,1,39,0,0,,,,1.0,,,,,0.025,57.0,0.5789473684210527,0,15,0.0,0,1
66,12,39,0,0,,,,1.0,,,,,0.3,73.0,0.9041095890410958,0,13,0.0,0,1
48,8,37,0,0,,,,1.0,,,,,0.21052631578947367,62.0,0.7741935483870968,0,15,0.0,0,1
56,2,44,0,0,,,,1.0,,,,,0.044444444444444446,68.0,0.8235294117647058,0,13,0.0,0,1
43,6,40,0,0,,,,1.0,,,,,0.14634146341463414,68.0,0.6323529411764706,0,12,0.0,0,1
41,6,45,0,0,,,,1.0,,,,,0.13043478260869565,59.0,0.6949152542372882,0,12,0.0,0,1
55,3,37,0,0,,,,1.0,,,,,0.07894736842105263,62.0,0.8870967741935484,0,15,0.0,0,1
64,1,32,0,0,,,,1.0,,,,,0.030303030303030304,62.0,1.032258064516129,0,14,0.0,0,1
52,6,37,0,1,,,,1.0,,,,,0.15789473684210525,66.0,0.7878787878787878,0,13,0.0,0,1
47,3,39,0,0,,,,1.0,,,,,0.075,68.0,0.6911764705882353,0,12,0.0,0,1
42,1,43,0,0,,,,1.0,,,,,0.022727272727272728,54.0,0.7777777777777778,0,14,0.0,0,1
58,3,44,0,0,,,,1.0,,,,,0.06666666666666667,65.0,0.8923076923076924,0,14,0.0,0,1
44,4,35,0,0,,,,1.0,,,,,0.1111111111111111,55.0,0.8,0,15,0.0,0,1
44,8,36,0,0,,,,1.0,,,,,0.21621621621621623,56.0,0.7857142857142857,0,13,0.0,0,1
53,8,32,0,2,,,,1.0,,,,,0.24242424242424243,68.0,0.7794117647058824,0,15,0.0,0,1
45,8,40,0,0,,,,1.0,,,,,0.1951219512195122,61.0,0.7377049180327869,0,14,0.0,0,1
62,1,36,0,0,,,,1.0,,,,,0.02702702702702703,66.0,0.9393939393939394,0,9,0.0,0,1
43,3,36,0,0,,,,1.0,,,,,0.08108108108108109,58.0,0.7413793103448276,0,15,0.0,0,1
35,2,39,0,0,,,,1.0,,,,,0.05,58.0,0.603448275862069,0,11,0.0,0,1
47,5,32,0,0,,,,1.0,,,,,0.15151515151515152,54.0,0.8703703703703703,0,13,0.0,0,1
75,6,39,0,0,,,,1.0,,,,,0.15,73.0,1.0273972602739727,0,14,0.0,0,1
39,10,44,0,0,,,,1.0,,,,,0.2222222222222222,67.0,0.582089552238806,0,16,0.0,0,1
56,6,39,0,0,,,,1.0,,,,,0.15,62.0,0.9032258064516129,0,12,0.0,0,1
45,7,36,0,1,,,,1.0,,,,,0.1891891891891892,67.0,0.6716417910447762,0,9,0.0,0,1
42,5,39,0,0,,,,1.0,,,,,0.125,54.0,0.7777777777777778,0,14,0.0,0,1
37,2,37,0,0,,,,1.0,,,,,0.05263157894736842,54.0,0.6851851851851852,0,12,0.0,0,1
61,10,42,0,1,,,,1.0,,,,,0.23255813953488372,71.0,0.8591549295774648,0,15,0.0,0,1
54,4,33,0,1,,,,1.0,,,,,0.11764705882352941,62.0,0.8709677419354839,0,16,0.0,0,1
69,9,38,0,0,,,,1.0,,,,,0.23076923076923078,71.0,0.971830985915493,0,14,0.0,0,1
74,5,40,0,0,,,,1.0,,,,,0.12195121951219512,74.0,1.0,0,13,0.0,0,1
54,4,33,0,0,,,,1.0,,,,,0.11764705882352941,71.0,0.7605633802816901,0,12,0.0,0,1
47,7,41,0,0,,,,1.0,,,,,0.16666666666666666,54.0,0.8703703703703703,0,10,0.0,0,1
46,5,32,0,0,,1.0,,1.0,,,,,0.15151515151515152,70.0,0.6571428571428571,0,14,0.0,0,1
58,4,37,0,0,,,,1.0,,,,,0.10526315789473684,63.0,0.9206349206349206,0,13,0.0,0,1
50,7,44,0,1,,,,1.0,,,,,0.15555555555555556,63.0,0.7936507936507936,0,14,0.0,0,1
69,2,47,0,0,,,,1.0,,,,,0.041666666666666664,74.0,0.9324324324324325,0,11,0.0,0,1
42,9,47,0,0,,,,1.0,,,,,0.1875,69.0,0.6086956521739131,0,14,0.0,0,1
49,4,37,0,0,,,,1.0,,,,,0.10526315789473684,53.0,0.9245283018867925,0,12,0.0,0,1
306,65,746,0,0,,,,1.0,,,,,0.08701472556894244,157.0,1.9490445859872612,0,13,0.0,0,1
43,3,35,0,0,,,,1.0,,,,,0.08333333333333333,68.0,0.6323529411764706,0,10,0.0,0,1
58,6,41,0,0,,,,1.0,,,,,0.14285714285714285,66.0,0.8787878787878788,0,13,0.0,0,1
54,5,39,0,0,,,,1.0,,,,,0.125,67.0,0.8059701492537313,0,15,0.0,0,1
37,5,32,0,0,,,,1.0,,,,,0.15151515151515152,59.0,0.6271186440677966,0,13,0.0,0,1
36,5,35,0,0,,,,1.0,,,,,0.1388888888888889,60.0,0.6,0,15,0.0,0,1
67,4,41,0,0,,,,1.0,,,,,0.09523809523809523,63.0,1.0634920634920635,0,16,0.0,0,1
69,4,35,0,0,,,,1.0,,,,,0.1111111111111111,71.0,0.971830985915493,0,13,0.0,0,1
53,5,40,0,0,,,,1.0,,,,,0.12195121951219512,67.0,0.7910447761194029,0,14,0.0,0,1
44,3,39,0,0,,,,1.0,,,,,0.075,56.0,0.7857142857142857,0,12,0.0,0,1
44,6,41,0,0,,,,1.0,,,,,0.14285714285714285,57.0,0.7719298245614035,0,13,0.0,0,1
58,6,45,0,1,,1.0,,1.0,,,,,0.13043478260869565,69.0,0.8405797101449275,0,12,0.0,0,1
42,4,43,0,0,,,,1.0,,,,,0.09090909090909091,56.0,0.75,0,15,0.0,0,1
66,6,49,0,0,,,,1.0,,,,,0.12,67.0,0.9850746268656716,0,14,0.0,0,1
37,3,41,0,0,,,,1.0,,,,,0.07142857142857142,54.0,0.6851851851851852,0,13,0.0,0,1
64,1,40,0,0,,,,1.0,,,,,0.024390243902439025,66.0,0.9696969696969697,0,11,0.0,0,1
42,2,39,0,0,,1.0,,1.0,,,,,0.05,57.0,0.7368421052631579,0,13,0.0,0,1
42,6,44,0,0,,,,1.0,,,,,0.13333333333333333,54.0,0.7777777777777778,0,15,0.0,0,1
37,5,44,0,0,,,,1.0,,,,,0.1111111111111111,68.0,0.5441176470588235,0,14,0.0,0,1
54,7,42,0,0,,,,1.0,,,,,0.16279069767441862,63.0,0.8571428571428571,0,11,0.0,0,1
65,4,40,0,0,,,,1.0,,,,,0.0975609756097561,73.0,0.8904109589041096,0,11,0.0,0,1
78,12,47,0,1,,,,1.0,,,,,0.25,74.0,1.054054054054054,0,12,0.0,0,1
79,2,35,0,1,,,,1.0,,,,,0.05555555555555555,73.0,1.082191780821918,0,13,0.0,0,1
54,3,41,0,0,,,,1.0,,,,,0.07142857142857142,67.0,0.8059701492537313,0,14,0.0,0,1
64,4,40,0,0,,,,1.0,,,,,0.0975609756097561,66.0,0.9696969696969697,0,13,0.0,0,1
68,3,46,0,0,,,,1.0,,,,,0.06382978723404255,72.0,0.9444444444444444,0,11,0.0,0,1
44,4,40,0,0,,,,1.0,,,,,0.0975609756097561,55.0,0.8,0,12,0.0,0,1
74,6,40,0,0,,,,1.0,,,,,0.14634146341463414,75.0,0.9866666666666667,0,14,0.0,0,1
52,6,39,0,0,,,,1.0,,,,,0.15,61.0,0.8524590163934426,0,14,0.0,0,1
50,4,30,0,0,,,,1.0,,,,,0.12903225806451613,73.0,0.684931506849315,0,14,0.0,0,1
48,5,40,0,0,,,,1.0,,,,,0.12195121951219512,63.0,0.7619047619047619,0,12,0.0,0,1
69,1,36,0,0,,,,1.0,,,,,0.02702702702702703,73.0,0.9452054794520548,0,13,0.0,0,1
79,7,39,0,1,,,,1.0,,,,,0.175,74.0,1.0675675675675675,0,14,0.0,0,1
64,5,34,0,0,,,,1.0,,,,,0.14285714285714285,69.0,0.927536231884058,0,16,0.0,0,1
65,3,36,0,0,,,,1.0,,,,,0.08108108108108109,63.0,1.0317460317460319,0,16,0.0,0,1
41,5,37,0,0,,,,1.0,,,,,0.13157894736842105,59.0,0.6949152542372882,0,14,0.0,0,1
46,3,33,0,0,,,,1.0,,,,,0.08823529411764706,53.0,0.8679245283018868,0,16,0.0,0,1
46,5,44,0,0,,1.0,,1.0,,,,,0.1111111111111111,69.0,0.6666666666666666,0,16,0.0,0,1
65,2,46,0,0,,,,1.0,,,,,0.0425531914893617,71.0,0.9154929577464789,0,14,0.0,0,1
148,91,320,3,0,,,,1.0,,,,,0.2834890965732087,161.0,0.9192546583850931,0,14,0.0,0,1
46,6,40,0,0,,,,1.0,,,,,0.14634146341463414,70.0,0.6571428571428571,0,16,0.0,0,1
61,6,36,0,0,,,,1.0,,,,,0.16216216216216217,64.0,0.953125,0,16,0.0,0,1
67,4,45,0,0,,,,1.0,,,,,0.08695652173913043,73.0,0.9178082191780822,0,14,0.0,0,1
42,3,32,0,0,,,,1.0,,,,,0.09090909090909091,60.0,0.7,0,14,0.0,0,1
74,3,39,0,0,,,,1.0,,,,,0.075,73.0,1.0136986301369864,0,13,0.0,0,1
56,6,41,0,0,,,,1.0,,,,,0.14285714285714285,68.0,0.8235294117647058,0,11,0.0,0,1
66,5,48,0,0,,,,1.0,,,,,0.10204081632653061,76.0,0.868421052631579,0,16,0.0,0,1
59,8,44,0,0,,,,1.0,,,,,0.17777777777777778,74.0,0.7972972972972973,0,10,0.0,0,1
75,7,41,0,0,,,,1.0,,,,,0.16666666666666666,73.0,1.0273972602739727,0,11,0.0,0,1
59,5,44,0,1,,,,1.0,,,,,0.1111111111111111,71.0,0.8309859154929577,0,15,0.0,0,1
47,4,36,0,0,,,,1.0,,,,,0.10810810810810811,52.0,0.9038461538461539,0,9,0.0,0,1
77,9,47,0,0,,,,1.0,,,,,0.1875,71.0,1.0845070422535212,0,14,0.0,0,1
59,6,41,0,0,,,,1.0,,,,,0.14285714285714285,74.0,0.7972972972972973,0,12,0.0,0,1
46,3,36,0,1,,,,1.0,,,,,0.08108108108108109,58.0,0.7931034482758621,0,11,0.0,0,1
40,9,41,0,0,,,,1.0,,,,,0.21428571428571427,56.0,0.7142857142857143,0,12,0.0,0,1
60,3,29,0,0,,,,1.0,,,,,0.1,69.0,0.8695652173913043,0,12,0.0,0,1
64,10,35,0,0,,,,1.0,,,,,0.2777777777777778,69.0,0.927536231884058,0,8,0.0,0,1
43,0,14,0,0,,,,1.0,,,,,0.0,59.0,0.7288135593220338,0,11,0.0,0,1
64,4,44,0,0,,,,1.0,,,,,0.08888888888888889,71.0,0.9014084507042254,0,12,0.0,0,1
68,4,43,0,1,,,,1.0,,,,,0.09090909090909091,73.0,0.9315068493150684,0,14,0.0,0,1
44,5,43,0,0,,,,1.0,,,,,0.11363636363636363,68.0,0.6470588235294118,0,14,0.0,0,1
36,6,35,0,0,,,,1.0,,,,,0.16666666666666666,53.0,0.6792452830188679,0,14,0.0,0,1
68,6,40,0,0,,,,1.0,,,,,0.14634146341463414,70.0,0.9714285714285714,0,10,0.0,0,1
82,8,44,0,0,,,,1.0,,,,,0.17777777777777778,74.0,1.1081081081081081,0,14,0.0,0,1
46,3,40,0,0,,,,1.0,,,,,0.07317073170731707,52.0,0.8846153846153846,0,13,0.0,0,1
44,10,41,0,0,,,,1.0,,,,,0.23809523809523808,53.0,0.8301886792452831,0,9,0.0,0,1
63,0,37,0,1,,,,1.0,,,,,0.0,66.0,0.9545454545454546,0,13,0.0,0,1
71,8,43,0,0,,,,1.0,,,,,0.18181818181818182,74.0,0.9594594594594594,0,16,0.0,0,1
74,5,38,0,0,,,,1.0,,,,,0.1282051282051282,74.0,1.0,0,15,0.0,0,1
66,0,36,0,0,,,,1.0,,,,,0.0,63.0,1.0476190476190477,0,15,0.0,0,1
42,6,38,0,0,,,,1.0,,,,,0.15384615384615385,67.0,0.6268656716417911,0,12,0.0,0,1
77,4,38,0,0,,,,1.0,,,,,0.10256410256410256,73.0,1.0547945205479452,0,12,0.0,0,1
62,9,38,0,0,,,,1.0,,,,,0.23076923076923078,71.0,0.8732394366197183,0,11,0.0,0,1
244,67,638,0,0,,,,1.0,,,,,0.10485133020344288,123.0,1.983739837398374,0,16,0.0,0,1
65,1,40,0,0,,,,1.0,,,,,0.024390243902439025,71.0,0.9154929577464789,0,13,0.0,0,1
73,7,45,0,0,,,,1.0,,,,,0.15217391304347827,74.0,0.9864864864864865,0,16,0.0,0,1
49,5,45,0,0,,,,1.0,,,,,0.10869565217391304,70.0,0.7,0,12,0.0,0,1
42,0,43,0,0,,,,1.0,,,,,0.0,54.0,0.7777777777777778,0,11,0.0,0,1
65,4,37,0,0,,,,1.0,,,,,0.10526315789473684,71.0,0.9154929577464789,0,12,0.0,0,1
48,4,36,0,0,,,,1.0,,,,,0.10810810810810811,67.0,0.7164179104477612,0,15,0.0,0,1
71,4,38,0,0,,,,1.0,,,,,0.10256410256410256,73.0,0.9726027397260274,0,16,0.0,0,1
83,6,43,0,0,,,,1.0,,,,,0.13636363636363635,73.0,1.1369863013698631,0,11,0.0,0,1
41,4,40,0,0,,,,1.0,,,,,0.0975609756097561,55.0,0.7454545454545455,0,13,0.0,0,1
64,7,51,0,0,,,,1.0,,,,,0.1346153846153846,76.0,0.8421052631578947,0,14,0.0,0,1
39,2,35,0,0,,,,1.0,,,,,0.05555555555555555,69.0,0.5652173913043478,0,13,0.0,0,1
86,9,36,0,0,,,,1.0,,,,,0.24324324324324326,72.0,1.1944444444444444,0,14,0.0,0,1
71,11,39,0,0,,,,1.0,,,,,0.275,74.0,0.9594594594594594,0,11,0.0,0,1
41,3,40,0,0,,,,1.0,,,,,0.07317073170731707,55.0,0.7454545454545455,0,13,0.0,0,1
53,2,41,0,0,,,,1.0,,,,,0.047619047619047616,70.0,0.7571428571428571,0,11,0.0,0,1
73,5,40,0,0,,,,1.0,,,,,0.12195121951219512,73.0,1.0,0,14,0.0,0,1
40,4,40,0,0,,,,1.0,,,,,0.0975609756097561,59.0,0.6779661016949152,0,16,0.0,0,1
40,1,37,0,0,,,,1.0,,,,,0.02631578947368421,60.0,0.6666666666666666,0,13,0.0,0,1
136,91,251,7,0,,,,1.0,,,,,0.3611111111111111,161.0,0.84472049689441,0,14,0.0,0,1
67,9,37,0,0,,,,1.0,,,,,0.23684210526315788,74.0,0.9054054054054054,0,15,0.0,0,1
42,4,35,0,0,,,,1.0,,,,,0.1111111111111111,57.0,0.7368421052631579,0,13,0.0,0,1
75,4,45,0,0,,,,1.0,,,,,0.08695652173913043,72.0,1.0416666666666667,0,12,0.0,0,1
45,3,39,0,0,,,,1.0,,,,,0.075,58.0,0.7758620689655172,0,14,0.0,0,1
46,4,35,0,0,,,,1.0,,,,,0.1111111111111111,53.0,0.8679245283018868,0,12,0.0,0,1
63,3,42,0,0,,,,1.0,,,,,0.06976744186046512,63.0,1.0,0,15,0.0,0,1
72,6,34,0,0,,,,1.0,,,,,0.17142857142857143,76.0,0.9473684210526315,0,16,0.0,0,1
72,5,37,0,0,,,,1.0,,,,,0.13157894736842105,74.0,0.972972972972973,0,13,0.0,0,1
44,10,43,0,0,,,,1.0,,,,,0.22727272727272727,70.0,0.6285714285714286,0,13,0.0,0,1
43,1,32,0,0,,,,1.0,,,,,0.030303030303030304,54.0,0.7962962962962963,0,13,0.0,0,1
65,12,40,0,0,,,,1.0,,,,,0.2926829268292683,66.0,0.9848484848484849,0,12,0.0,0,1
76,7,33,0,0,,,,1.0,,,,,0.20588235294117646,74.0,1.027027027027027,0,14,0.0,0,1
53,3,36,0,0,,,,1.0,,,,,0.08108108108108109,70.0,0.7571428571428571,0,11,0.0,0,1
41,5,42,0,0,,,,1.0,,,,,0.11627906976744186,56.0,0.7321428571428571,0,15,0.0,0,1
40,6,41,0,0,,,,1.0,,,,,0.14285714285714285,53.0,0.7547169811320755,0,14,0.0,0,1
47,2,35,0,1,,,,1.0,,,,,0.05555555555555555,54.0,0.8703703703703703,0,12,0.0,0,1
80,4,38,0,0,,,,1.0,,,,,0.10256410256410256,71.0,1.1267605633802817,0,12,0.0,0,1
53,7,42,0,0,,,,1.0,,,,,0.16279069767441862,71.0,0.7464788732394366,0,10,0.0,0,1
67,1,38,0,0,,,,1.0,,,,,0.02564102564102564,62.0,1.0806451612903225,0,12,0.0,0,1
60,2,40,0,0,,,,1.0,,,,,0.04878048780487805,62.0,0.967741935483871,0,14,0.0,0,1
52,3,42,0,0,,,,1.0,,,,,0.06976744186046512,68.0,0.7647058823529411,0,14,0.0,0,1
80,6,42,0,0,,,,1.0,,,,,0.13953488372093023,74.0,1.0810810810810811,0,13,0.0,0,1
57,5,37,0,1,,,,1.0,,,,,0.13157894736842105,72.0,0.7916666666666666,0,12,0.0,0,1
65,3,43,0,0,,,,1.0,,,,,0.06818181818181818,74.0,0.8783783783783784,0,14,0.0,0,1
54,3,36,0,0,,,,1.0,,,,,0.08108108108108109,70.0,0.7714285714285715,0,13,0.0,0,1
65,3,43,0,0,,,,1.0,,,,,0.06818181818181818,127.0,0.5118110236220472,0,16,0.0,0,1
43,7,31,0,0,,,,1.0,,,,,0.21875,60.0,0.7166666666666667,0,12,0.0,0,1
43,4,39,0,0,,,,1.0,,,,,0.1,54.0,0.7962962962962963,0,12,0.0,0,1
80,7,38,0,0,,,,1.0,,,,,0.1794871794871795,74.0,1.0810810810810811,0,16,0.0,0,1
39,4,36,0,0,,,,1.0,,,,,0.10810810810810811,57.0,0.6842105263157895,0,12,0.0,0,1
44,5,38,0,0,,,,1.0,,,,,0.1282051282051282,69.0,0.6376811594202898,0,13,0.0,0,1
37,5,40,0,0,,,,1.0,,,,,0.12195121951219512,67.0,0.5522388059701493,0,16,0.0,0,1
69,5,37,0,0,,,,1.0,,,,,0.13157894736842105,74.0,0.9324324324324325,0,11,0.0,0,1
38,4,39,0,1,,,,1.0,,,,,0.1,56.0,0.6785714285714286,0,14,0.0,0,1
68,3,42,0,0,,,,1.0,,,,,0.06976744186046512,73.0,0.9315068493150684,0,16,0.0,0,1
50,7,40,0,0,,,,1.0,,,,,0.17073170731707318,71.0,0.704225352112676,0,10,0.0,0,1
41,8,46,0,0,,,,1.0,,,,,0.1702127659574468,55.0,0.7454545454545455,0,14,0.0,0,1
67,7,39,0,0,,,,1.0,,,,,0.175,70.0,0.9571428571428572,0,15,0.0,0,1
37,3,36,0,0,,,,1.0,,,,,0.08108108108108109,53.0,0.6981132075471698,0,14,0.0,0,1
74,7,45,0,0,,,,1.0,,,,,0.15217391304347827,73.0,1.0136986301369864,0,12,0.0,0,1
76,8,44,0,0,,,,1.0,,,,,0.17777777777777778,73.0,1.0410958904109588,0,15,0.0,0,1
42,3,39,0,0,,,,1.0,,,,,0.075,60.0,0.7,0,16,0.0,0,1
45,5,35,0,0,,,,1.0,,,,,0.1388888888888889,53.0,0.8490566037735849,0,10,0.0,0,1
57,6,44,0,0,,,,1.0,,,,,0.13333333333333333,62.0,0.9193548387096774,0,13,0.0,0,1
43,1,40,0,0,,1.0,,1.0,,,,,0.024390243902439025,59.0,0.7288135593220338,0,15,0.0,0,1
47,4,39,0,0,,,,1.0,,,,,0.1,70.0,0.6714285714285714,0,13,0.0,0,1
40,7,36,0,0,,,,1.0,,,,,0.1891891891891892,53.0,0.7547169811320755,0,14,0.0,0,1
32,1,42,0,0,,,,1.0,,,,,0.023255813953488372,56.0,0.5714285714285714,0,15,0.0,0,1
43,3,40,0,0,,,,1.0,,,,,0.07317073170731707,54.0,0.7962962962962963,0,10,0.0,0,1
61,2,36,0,0,,,,1.0,,,,,0.05405405405405406,62.0,0.9838709677419355,0,11,0.0,0,1
34,4,36,0,0,,,,1.0,,,,,0.10810810810810811,56.0,0.6071428571428571,0,13,0.0,0,1
251,50,546,0,0,,,,1.0,,,,,0.09140767824497258,76.0,3.3026315789473686,0,11,0.0,0,1
57,3,37,0,0,,,,1.0,,,,,0.07894736842105263,66.0,0.8636363636363636,0,13,0.0,0,1
70,2,40,0,0,,,,1.0,,,,,0.04878048780487805,72.0,0.9722222222222222,0,11,0.0,0,1
145,89,263,3,0,,,,1.0,,,,,0.3371212121212121,161.0,0.9006211180124224,0,14,0.0,0,1
39,5,41,0,0,,,,1.0,,,,,0.11904761904761904,54.0,0.7222222222222222,0,13,0.0,0,1
62,6,41,0,0,,,,1.0,,,,,0.14285714285714285,69.0,0.8985507246376812,0,12,0.0,0,1
65,4,35,0,0,,,,1.0,,,,,0.1111111111111111,69.0,0.9420289855072463,0,14,0.0,0,1
74,7,32,0,1,,,,1.0,,,,,0.21212121212121213,74.0,1.0,0,13,0.0,0,1
63,7,34,0,0,,,,1.0,,,,,0.2,70.0,0.9,0,11,0.0,0,1
57,7,38,0,0,,,,1.0,,,,,0.1794871794871795,65.0,0.8769230769230769,0,12,0.0,0,1
77,4,43,0,0,,,,1.0,,,,,0.09090909090909091,74.0,1.0405405405405406,0,15,0.0,0,1
73,5,35,0,0,,,,1.0,,,,,0.1388888888888889,73.0,1.0,0,11,0.0,0,1
42,6,38,0,1,,,,1.0,,,,,0.15384615384615385,53.0,0.7924528301886793,0,16,0.0,0,1
60,2,33,0,0,,,,1.0,,,,,0.058823529411764705,73.0,0.821917808219178,0,13,0.0,0,1
30,6,41,0,0,,,,1.0,,,,,0.14285714285714285,60.0,0.5,0,11,0.0,0,1
57,0,40,0,0,,,,1.0,,,,,0.0,63.0,0.9047619047619048,0,12,0.0,0,1
34,6,40,0,0,,,,1.0,,,,,0.14634146341463414,67.0,0.5074626865671642,0,13,0.0,0,1
67,2,42,0,0,,,,1.0,,,,,0.046511627906976744,76.0,0.881578947368421,0,14,0.0,0,1
72,8,42,0,0,,,,1.0,,,,,0.18604651162790697,74.0,0.972972972972973,0,15,0.0,0,1
55,10,45,0,0,,,,1.0,,,,,0.21739130434782608,73.0,0.7534246575342466,0,11,0.0,0,1
42,3,36,0,0,,,,1.0,,,,,0.08108108108108109,55.0,0.7636363636363637,0,16,0.0,0,1
395,84,998,0,0,,,,1.0,,,,,0.08408408408408409,75.0,5.266666666666667,0,15,0.0,0,1
65,4,46,0,0,,,,1.0,,,,,0.0851063829787234,73.0,0.8904109589041096,0,13,0.0,0,1
43,5,33,0,0,,,,1.0,,,,,0.14705882352941177,58.0,0.7413793103448276,0,14,0.0,0,1
80,3,40,0,0,,,,1.0,,,,,0.07317073170731707,73.0,1.095890410958904,0,13,0.0,0,1
35,3,47,0,0,,,,1.0,,,,,0.0625,58.0,0.603448275862069,0,15,0.0,0,1
63,10,43,0,0,,,,1.0,,,,,0.22727272727272727,70.0,0.9,0,14,0.0,0,1
42,6,38,0,0,,,,1.0,,,,,0.15384615384615385,56.0,0.75,0,15,0.0,0,1
45,0,38,0,0,,,,1.0,,,,,0.0,58.0,0.7758620689655172,0,11,0.0,0,1
46,2,41,0,0,1.0,,,1.0,,,,,0.047619047619047616,57.0,0.8070175438596491,0,14,0.0,0,1
41,7,22,0,0,,,,1.0,,,,,0.30434782608695654,58.0,0.7068965517241379,0,16,0.0,0,1
42,7,40,0,0,,,,1.0,,,,,0.17073170731707318,54.0,0.7777777777777778,0,15,0.0,0,1
68,8,44,0,0,,,,1.0,,,,,0.17777777777777778,71.0,0.9577464788732394,0,13,0.0,0,1
48,7,39,0,0,,,,1.0,,,,,0.175,67.0,0.7164179104477612,0,13,0.0,0,1
41,4,38,0,0,,,,1.0,,,,,0.10256410256410256,57.0,0.7192982456140351,0,15,0.0,0,1
47,2,39,0,0,,,,1.0,,,,,0.05,62.0,0.7580645161290323,0,10,0.0,0,1
66,8,42,0,0,,,,1.0,,,,,0.18604651162790697,73.0,0.9041095890410958,0,13,0.0,0,1
54,10,39,0,0,,,,1.0,,,,,0.25,66.0,0.8181818181818182,0,13,0.0,0,1
81,5,41,0,1,,,,1.0,,,,,0.11904761904761904,74.0,1.0945945945945945,0,15,0.0,0,1
59,13,41,0,0,,,,1.0,,,,,0.30952380952380953,71.0,0.8309859154929577,0,15,0.0,0,1
45,7,39,0,0,,,,1.0,,,,,0.175,68.0,0.6617647058823529,0,15,0.0,0,1
49,7,42,0,0,,,,1.0,,,,,0.16279069767441862,63.0,0.7777777777777778,0,13,0.0,0,1
47,7,43,0,1,,,,1.0,,,,,0.1590909090909091,70.0,0.6714285714285714,0,10,0.0,0,1
62,8,40,0,0,,,,1.0,,,,,0.1951219512195122,67.0,0.9253731343283582,0,15,0.0,0,1
42,7,43,0,0,,,,1.0,,,,,0.1590909090909091,54.0,0.7777777777777778,0,13,0.0,0,1
43,5,34,0,0,,,,1.0,,,,,0.14285714285714285,55.0,0.7818181818181819,0,14,0.0,0,1
77,5,42,0,0,,,,1.0,,,,,0.11627906976744186,74.0,1.0405405405405406,0,14,0.0,0,1
44,6,34,0,0,,,,1.0,,,,,0.17142857142857143,57.0,0.7719298245614035,0,12,0.0,0,1
64,9,38,0,0,,,,1.0,,,,,0.23076923076923078,69.0,0.927536231884058,0,16,0.0,0,1
38,2,38,0,0,,,,1.0,,,,,0.05128205128205128,53.0,0.7169811320754716,0,13,0.0,0,1
60,9,35,0,0,,,,1.0,,,,,0.25,66.0,0.9090909090909091,0,14,0.0,0,1
75,3,36,0,0,,,,1.0,,,,,0.08108108108108109,74.0,1.0135135135135136,0,15,0.0,0,1
73,3,37,0,0,,,,1.0,,,,,0.07894736842105263,73.0,1.0,0,15,0.0,0,1
56,0,37,0,0,,,,1.0,,,,,0.0,63.0,0.8888888888888888,0,15,0.0,0,1
55,4,33,0,0,,,,1.0,,,,,0.11764705882352941,75.0,0.7333333333333333,0,16,0.0,0,1
35,4,37,0,0,,,,1.0,,,,,0.10526315789473684,58.0,0.603448275862069,0,13,0.0,0,1
69,2,52,0,0,,,,1.0,,,,,0.03773584905660377,76.0,0.9078947368421053,0,15,0.0,0,1
37,6,32,0,0,,,,1.0,,,,,0.18181818181818182,54.0,0.6851851851851852,0,14,0.0,0,1
59,4,39,0,0,,,,1.0,,,,,0.1,67.0,0.8805970149253731,0,12,0.0,0,1
65,1,39,0,0,,,,1.0,,,,,0.025,71.0,0.9154929577464789,0,12,0.0,0,1
45,3,38,0,1,,,,1.0,,,,,0.07692307692307693,54.0,0.8333333333333334,0,14,0.0,0,1
44,6,42,0,0,,,,1.0,,,,,0.13953488372093023,56.0,0.7857142857142857,0,13,0.0,0,1
43,1,39,0,0,,,,1.0,,,,,0.025,68.0,0.6323529411764706,0,14,0.0,0,1
75,10,41,0,0,,,,1.0,,,,,0.23809523809523808,73.0,1.0273972602739727,0,14,0.0,0,1
59,5,42,0,0,,,,1.0,,,,,0.11627906976744186,71.0,0.8309859154929577,0,15,0.0,0,1
42,12,46,0,0,,,,1.0,,,,,0.2553191489361702,58.0,0.7241379310344828,0,12,0.0,0,1
43,2,41,0,0,,,,1.0,,,,,0.047619047619047616,55.0,0.7818181818181819,0,10,0.0,0,1
43,3,41,0,0,,,,1.0,,,,,0.07142857142857142,57.0,0.7543859649122807,0,10,0.0,0,1
44,5,44,0,0,,,,1.0,,,,,0.1111111111111111,54.0,0.8148148148148148,0,11,0.0,0,1
42,5,37,0,0,,,,1.0,,,,,0.13157894736842105,57.0,0.7368421052631579,0,14,0.0,0,1
67,12,36,0,0,,,,1.0,,,,,0.32432432432432434,72.0,0.9305555555555556,0,14,0.0,0,1
54,4,45,0,0,,,,1.0,,,,,0.08695652173913043,65.0,0.8307692307692308,0,15,0.0,0,1
59,5,42,0,1,,,,1.0,,,,,0.11627906976744186,70.0,0.8428571428571429,0,15,0.0,0,1
77,2,38,0,0,,,,1.0,,,,,0.05128205128205128,73.0,1.0547945205479452,0,15,0.0,0,1
42,4,37,0,0,,,,1.0,,,,,0.10526315789473684,58.0,0.7241379310344828,0,14,0.0,0,1
46,3,44,0,0,,,,1.0,,,,,0.06666666666666667,62.0,0.7419354838709677,0,10,0.0,0,1
79,4,33,0,1,,,,1.0,,,,,0.11764705882352941,73.0,1.082191780821918,0,10,0.0,0,1
43,4,34,0,0,,,,1.0,,,,,0.11428571428571428,55.0,0.7818181818181819,0,11,0.0,0,1
78,8,37,0,0,,,,1.0,,,,,0.21052631578947367,71.0,1.0985915492957747,0,12,0.0,0,1
35,2,40,0,0,,,,1.0,,,,,0.04878048780487805,56.0,0.625,0,12,0.0,0,1
90,3,39,0,0,,,,1.0,,,,,0.075,74.0,1.2162162162162162,0,13,0.0,0,1
63,3,44,0,0,,,,1.0,,,,,0.06666666666666667,73.0,0.863013698630137,0,16,0.0,0,1
63,5,42,0,0,,,,1.0,,,,,0.11627906976744186,73.0,0.863013698630137,0,12,0.0,0,1
45,5,40,0,0,,,,1.0,,,,,0.12195121951219512,54.0,0.8333333333333334,0,14,0.0,0,1
70,3,41,0,0,,,,1.0,,,,,0.07142857142857142,74.0,0.9459459459459459,0,15,0.0,0,1
48,4,39,0,0,,,,1.0,,,,,0.1,58.0,0.8275862068965517,0,16,0.0,0,1
64,2,40,0,0,,,,1.0,,,,,0.04878048780487805,70.0,0.9142857142857143,0,14,0.0,0,1
47,3,37,0,0,,,,1.0,,,,,0.07894736842105263,67.0,0.7014925373134329,0,13,0.0,0,1
62,0,25,0,0,,,,1.0,,,,,0.0,74.0,0.8378378378378378,0,15,0.0,0,1
68,5,42,0,0,,,,1.0,,,,,0.11627906976744186,74.0,0.918918918918919,0,13,0.0,0,1
44,1,42,0,0,,,,1.0,,,,,0.023255813953488372,52.0,0.8461538461538461,0,15,0.0,0,1
42,4,32,0,0,,,,1.0,,,,,0.12121212121212122,56.0,0.75,0,12,0.0,0,1
41,6,42,0,0,,,,1.0,,,,,0.13953488372093023,54.0,0.7592592592592593,0,14,0.0,0,1
87,7,44,0,0,,,,1.0,,,,,0.15555555555555556,71.0,1.2253521126760563,0,14,0.0,0,1
47,2,38,0,0,,,,1.0,,,,,0.05128205128205128,53.0,0.8867924528301887,0,13,0.0,0,1
47,8,40,0,0,,,,1.0,,,,,0.1951219512195122,67.0,0.7014925373134329,0,12,0.0,0,1
65,3,43,0,0,,,,1.0,,,,,0.06818181818181818,69.0,0.9420289855072463,0,15,0.0,0,1
80,9,41,0,0,,,,1.0,,,,,0.21428571428571427,74.0,1.0810810810810811,0,16,0.0,0,1
73,6,39,0,0,,,,1.0,,,,,0.15,73.0,1.0,0,14,0.0,0,1
44,2,37,0,0,,,,1.0,,,,,0.05263157894736842,68.0,0.6470588235294118,0,12,0.0,0,1
35,2,45,0,0,,,,1.0,,,,,0.043478260869565216,57.0,0.6140350877192983,0,10,0.0,0,1
54,1,41,0,0,,,,1.0,,,,,0.023809523809523808,71.0,0.7605633802816901,0,15,0.0,0,1
60,5,40,0,0,,,,1.0,,,,,0.12195121951219512,70.0,0.8571428571428571,0,12,0.0,0,1
74,5,40,0,0,,,,1.0,,,,,0.12195121951219512,74.0,1.0,0,12,0.0,0,1
71,6,44,0,0,,,,1.0,,,,,0.13333333333333333,74.0,0.9594594594594594,0,15,0.0,0,1
56,13,39,0,0,,,,1.0,,,,,0.325,70.0,0.8,0,14,0.0,0,1
80,4,52,0,0,,,,1.0,,,,,0.07547169811320754,76.0,1.0526315789473684,0,16,0.0,0,1
44,10,41,0,0,,,,1.0,,,,,0.23809523809523808,54.0,0.8148148148148148,0,16,0.0,0,1
46,7,40,0,1,,,,1.0,,,,,0.17073170731707318,61.0,0.7540983606557377,0,12,0.0,0,1
66,1,34,0,0,,,,1.0,,,,,0.02857142857142857,73.0,0.9041095890410958,0,15,0.0,0,1
50,7,43,0,0,,,,1.0,,,,,0.1590909090909091,57.0,0.8771929824561403,0,12,0.0,0,1
34,5,35,0,0,,,,1.0,,,,,0.1388888888888889,56.0,0.6071428571428571,0,11,0.0,0,1
57,9,37,0,0,,,,1.0,,,,,0.23684210526315788,69.0,0.8260869565217391,0,10,0.0,0,1
53,5,32,0,0,,,,1.0,,,,,0.15151515151515152,70.0,0.7571428571428571,0,13,0.0,0,1
63,6,40,0,0,,,,1.0,,,,,0.14634146341463414,70.0,0.9,0,16,0.0,0,1
42,10,35,0,0,,,,1.0,,,,,0.2777777777777778,58.0,0.7241379310344828,0,12,0.0,0,1
38,7,41,0,0,,,,1.0,,,,,0.16666666666666666,70.0,0.5428571428571428,0,14,0.0,0,1
45,0,35,0,0,,,,1.0,,,,,0.0,53.0,0.8490566037735849,0,12,0.0,0,1
42,7,44,0,0,,,,1.0,,,,,0.15555555555555556,68.0,0.6176470588235294,0,12,0.0,0,1
52,9,47,0,0,,,,1.0,,,,,0.1875,67.0,0.7761194029850746,0,15,0.0,0,1
43,4,38,0,0,,,,1.0,,,,,0.10256410256410256,59.0,0.7288135593220338,0,16,0.0,0,1
63,3,39,0,0,,,,1.0,,,,,0.075,71.0,0.8873239436619719,0,14,0.0,0,1
78,4,42,0,0,,,,1.0,,,,,0.09302325581395349,72.0,1.0833333333333333,0,15,0.0,0,1
81,5,40,0,1,,,,1.0,,,,,0.12195121951219512,73.0,1.1095890410958904,0,13,0.0,0,1
36,6,44,0,0,,,,1.0,,,,,0.13333333333333333,69.0,0.5217391304347826,0,13,0.0,0,1
46,4,34,0,0,,,,1.0,,,,,0.11428571428571428,67.0,0.6865671641791045,0,14,0.0,0,1
47,3,43,0,0,,,,1.0,,,,,0.06818181818181818,68.0,0.6911764705882353,0,15,0.0,0,1
45,5,46,0,0,,,,1.0,,,,,0.10638297872340426,52.0,0.8653846153846154,0,11,0.0,0,1
56,5,39,0,0,,,,1.0,,,,,0.125,70.0,0.8,0,16,0.0,0,1
65,5,40,0,1,,,,1.0,,,,,0.12195121951219512,73.0,0.8904109589041096,0,13,0.0,0,1
45,9,44,0,0,,,,1.0,,,,,0.2,69.0,0.6521739130434783,0,15,0.0,0,1
68,5,47,0,0,,,,1.0,,,,,0.10416666666666667,62.0,1.096774193548387,0,16,0.0,0,1
35,2,38,0,0,,,,1.0,,,,,0.05128205128205128,54.0,0.6481481481481481,0,15,0.0,0,1
43,5,36,0,0,,,,1.0,,,,,0.13513513513513514,56.0,0.7678571428571429,0,14,0.0,0,1
36,4,36,0,0,,,,1.0,,,,,0.10810810810810811,58.0,0.6206896551724138,0,15,0.0,0,1
55,5,43,0,0,,,,1.0,,,,,0.11363636363636363,66.0,0.8333333333333334,0,15,0.0,0,1
43,6,40,0,0,,,,1.0,,,,,0.14634146341463414,54.0,0.7962962962962963,0,12,0.0,0,1
66,3,49,0,0,,,,1.0,,,,,0.06,75.0,0.88,0,15,0.0,0,1
43,1,37,0,1,,,,1.0,,,,,0.02631578947368421,68.0,0.6323529411764706,0,13,0.0,0,1
52,9,42,0,0,,,,1.0,,,,,0.20930232558139536,67.0,0.7761194029850746,0,14,0.0,0,1
41,8,39,0,1,,,,1.0,,,,,0.2,56.0,0.7321428571428571,0,15,0.0,0,1
68,6,39,0,0,,,,1.0,,,,,0.15,74.0,0.918918918918919,0,15,0.0,0,1
44,4,37,0,0,,,,1.0,,,,,0.10526315789473684,70.0,0.6285714285714286,0,13,0.0,0,1
39,11,37,0,0,,,,1.0,,,,,0.2894736842105263,69.0,0.5652173913043478,0,12,0.0,0,1
42,4,45,0,0,,,,1.0,,,,,0.08695652173913043,52.0,0.8076923076923077,0,14,0.0,0,1
55,6,36,0,1,,,,1.0,,,,,0.16216216216216217,68.0,0.8088235294117647,0,15,0.0,0,1
65,5,41,0,0,,,,1.0,,,,,0.11904761904761904,73.0,0.8904109589041096,0,11,0.0,0,1
74,5,41,0,0,,,,1.0,,,,,0.11904761904761904,72.0,1.0277777777777777,0,13,0.0,0,1
42,5,36,0,0,,,,1.0,,,,,0.13513513513513514,58.0,0.7241379310344828,0,14,0.0,0,1
75,2,36,0,0,,,,1.0,,,,,0.05405405405405406,72.0,1.0416666666666667,0,12,0.0,0,1
44,4,34,0,0,,,,1.0,,,,,0.11428571428571428,54.0,0.8148148148148148,0,13,0.0,0,1
69,7,45,0,1,,,,1.0,,,,,0.15217391304347827,73.0,0.9452054794520548,0,12,0.0,0,1
134,91,282,3,0,,,,1.0,,,,,0.3215547703180212,161.0,0.8322981366459627,0,14,0.0,0,1
54,5,38,0,0,,,,1.0,,,,,0.1282051282051282,66.0,0.8181818181818182,0,11,0.0,0,1
37,3,46,0,0,,,,1.0,,,,,0.06382978723404255,68.0,0.5441176470588235,0,11,0.0,0,1
61,4,36,0,0,,,,1.0,,,,,0.10810810810810811,70.0,0.8714285714285714,0,13,0.0,0,1
65,5,39,0,0,,,,1.0,,,,,0.125,71.0,0.9154929577464789,0,16,0.0,0,1
35,6,40,0,0,,,,1.0,,,,,0.14634146341463414,70.0,0.5,0,10,0.0,0,1
60,5,36,0,0,,,,1.0,,,,,0.13513513513513514,70.0,0.8571428571428571,0,16,0.0,0,1
76,7,39,0,0,,,,1.0,,,,,0.175,76.0,1.0,0,11,0.0,0,1
36,3,34,0,0,,,,1.0,,,,,0.08571428571428572,57.0,0.631578947368421,0,11,0.0,0,1
38,6,41,0,0,,,,1.0,,,,,0.14285714285714285,55.0,0.6909090909090909,0,16,0.0,0,1
47,14,41,0,0,1.0,,,1.0,,,,,0.3333333333333333,53.0,0.8867924528301887,0,15,0.0,0,1
44,1,41,0,0,,,,1.0,,,,,0.023809523809523808,54.0,0.8148148148148148,0,14,0.0,0,1
43,11,30,0,0,,,,1.0,,,,,0.3548387096774194,69.0,0.6231884057971014,0,13,0.0,0,1
73,4,44,0,0,,,,1.0,,,,,0.08888888888888889,71.0,1.028169014084507,0,11,0.0,0,1
77,8,46,0,1,,,,1.0,,,,,0.1702127659574468,74.0,1.0405405405405406,0,14,0.0,0,1
60,3,30,0,1,,,,1.0,,,,,0.0967741935483871,63.0,0.9523809523809523,0,14,0.0,0,1
70,3,40,0,0,,,,1.0,,,,,0.07317073170731707,71.0,0.9859154929577465,0,16,0.0,0,1
67,8,33,0,0,,,,1.0,,,,,0.23529411764705882,69.0,0.9710144927536232,0,10,0.0,0,1
70,11,40,0,1,,,,1.0,,,,,0.2682926829268293,75.0,0.9333333333333333,0,15,0.0,0,1
36,8,44,0,0,,,,1.0,,,,,0.17777777777777778,55.0,0.6545454545454545,0,16,0.0,0,1
66,8,42,0,0,,,,1.0,,,,,0.18604651162790697,66.0,1.0,0,11,0.0,0,1
52,9,42,0,0,,,,1.0,,,,,0.20930232558139536,69.0,0.7536231884057971,0,12,0.0,0,1
42,3,33,0,0,,,,1.0,,,,,0.08823529411764706,56.0,0.75,0,16,0.0,0,1
68,8,45,0,1,,,,1.0,,,,,0.17391304347826086,74.0,0.918918918918919,0,13,0.0,0,1
58821,1540,596,11751,209,,,,1.0,10800.0,,,,2.579564489112228,1555.0,37.82700964630225,1,12,0.0,0,1
47,2,43,0,0,,,,1.0,,,,,0.045454545454545456,62.0,0.7580645161290323,0,14,0.0,0,1
70,6,40,0,0,,,,1.0,,,,,0.14634146341463414,74.0,0.9459459459459459,0,14,0.0,0,1
145,95,266,3,0,,,,1.0,,,,,0.35580524344569286,161.0,0.9006211180124224,0,13,0.0,0,1
63,6,41,0,0,,,,1.0,,,,,0.14285714285714285,69.0,0.9130434782608695,0,12,0.0,0,1
42,5,38,0,1,,,,1.0,,,,,0.1282051282051282,53.0,0.7924528301886793,0,15,0.0,0,1
63,5,37,0,0,,,,1.0,,,,,0.13157894736842105,72.0,0.875,0,12,0.0,0,1
36,7,41,0,0,,,,1.0,,,,,0.16666666666666666,52.0,0.6923076923076923,0,13,0.0,0,1
44,5,40,0,1,,,,1.0,,,,,0.12195121951219512,53.0,0.8301886792452831,0,16,0.0,0,1
35,5,36,0,0,,,,1.0,,,,,0.13513513513513514,58.0,0.603448275862069,0,14,0.0,0,1
3562,191,425,11,0,1.0,,1.0,1.0,-18000.0,,,,0.44835680751173707,1121.0,3.1775200713648526,0,6,0.0,0,1
184661,5795,186,57,182,,,,1.0,-18000.0,,,,30.989304812834224,2063.0,89.51090644692196,1,12,0.0,0,1
41,1,41,0,0,,1.0,,1.0,,,,,0.023809523809523808,54.0,0.7592592592592593,0,15,0.0,0,1
48,3,33,0,1,,,,1.0,,,,,0.08823529411764706,56.0,0.8571428571428571,0,11,0.0,0,1
70,8,44,0,0,,,,1.0,,,,,0.17777777777777778,73.0,0.958904109589041,0,14,0.0,0,1
66,3,46,0,0,,,,1.0,,,,,0.06382978723404255,73.0,0.9041095890410958,0,14,0.0,0,1
84,9,37,0,1,,,,1.0,,,,,0.23684210526315788,74.0,1.135135135135135,0,12,0.0,0,1
47,3,34,0,0,,,,1.0,,,,,0.08571428571428572,55.0,0.8545454545454545,0,13,0.0,0,1
64,6,46,0,0,,,,1.0,,,,,0.1276595744680851,73.0,0.8767123287671232,0,13,0.0,0,1
60,8,35,0,0,,,,1.0,,,,,0.2222222222222222,66.0,0.9090909090909091,0,13,0.0,0,1
42,3,35,0,0,,,,1.0,,,,,0.08333333333333333,55.0,0.7636363636363637,0,15,0.0,0,1
47,3,43,0,0,,,,1.0,,,,,0.06818181818181818,67.0,0.7014925373134329,0,14,0.0,0,1
75,2,46,0,0,,,,1.0,,,,,0.0425531914893617,71.0,1.056338028169014,0,15,0.0,0,1
50,3,41,0,0,,,,1.0,,,,,0.07142857142857142,68.0,0.7352941176470589,0,15,0.0,0,1
42,1,34,0,0,,,,1.0,,,,,0.02857142857142857,55.0,0.7636363636363637,0,15,0.0,0,1
61,3,42,0,0,,,,1.0,,,,,0.06976744186046512,66.0,0.9242424242424242,0,14,0.0,0,1
56,5,43,0,0,,,,1.0,,,,,0.11363636363636363,68.0,0.8235294117647058,0,13,0.0,0,1
44,8,34,0,0,,,,1.0,,,,,0.22857142857142856,69.0,0.6376811594202898,0,13,0.0,0,1
59,4,42,0,0,,,,1.0,,,,,0.09302325581395349,64.0,0.921875,0,15,0.0,0,1
67,1,42,0,0,,,,1.0,,,,,0.023255813953488372,74.0,0.9054054054054054,0,13,0.0,0,1
75,7,41,0,0,,,,1.0,,,,,0.16666666666666666,73.0,1.0273972602739727,0,13,0.0,0,1
66,4,43,0,0,,,,1.0,,,,,0.09090909090909091,73.0,0.9041095890410958,0,15,0.0,0,1
48,3,35,0,0,,,,1.0,,,,,0.08333333333333333,59.0,0.8135593220338984,0,16,0.0,0,1
65,11,43,0,1,,,,1.0,,,,,0.25,74.0,0.8783783783783784,0,14,0.0,0,1
35,7,42,0,0,,,,1.0,,,,,0.16279069767441862,68.0,0.5147058823529411,0,12,0.0,0,1
57,6,38,0,0,,,,1.0,,,,,0.15384615384615385,70.0,0.8142857142857143,0,13,0.0,0,1
42,4,37,0,0,,,,1.0,,,,,0.10526315789473684,54.0,0.7777777777777778,0,14,0.0,0,1
43,2,39,0,0,,,,1.0,,,,,0.05,53.0,0.8113207547169812,0,12,0.0,0,1
33,5,37,0,0,,,,1.0,,,,,0.13157894736842105,58.0,0.5689655172413793,0,14,0.0,0,1
67,4,35,0,0,,,,1.0,,,,,0.1111111111111111,72.0,0.9305555555555556,0,15,0.0,0,1
43,1,34,0,1,,,,1.0,,,,,0.02857142857142857,56.0,0.7678571428571429,0,12,0.0,0,1
49,2,41,0,0,,,,1.0,,,,,0.047619047619047616,66.0,0.7424242424242424,0,12,0.0,0,1
43,10,43,0,0,,,,1.0,,,,,0.22727272727272727,54.0,0.7962962962962963,0,15,0.0,0,1
74,8,40,0,0,,,,1.0,,,,,0.1951219512195122,74.0,1.0,0,14,0.0,0,1
44,2,43,0,0,,,,1.0,,,,,0.045454545454545456,66.0,0.6666666666666666,0,12,0.0,0,1
71,5,44,0,0,,,,1.0,,,,,0.1111111111111111,74.0,0.9594594594594594,0,12,0.0,0,1
39,3,32,0,0,,,,1.0,,,,,0.09090909090909091,53.0,0.7358490566037735,0,14,0.0,0,1
55,5,42,0,0,,,,1.0,,,,,0.11627906976744186,70.0,0.7857142857142857,0,10,0.0,0,1
56,1,42,0,0,,,,1.0,,,,,0.023255813953488372,63.0,0.8888888888888888,0,14,0.0,0,1
80,3,35,0,0,,,,1.0,,,,,0.08333333333333333,71.0,1.1267605633802817,0,15,0.0,0,1
62,10,39,0,0,,,,1.0,,,,,0.25,70.0,0.8857142857142857,0,15,0.0,0,1
33,2,38,0,0,,,,1.0,,,,,0.05128205128205128,58.0,0.5689655172413793,0,15,0.0,0,1
47,5,36,0,0,,,,1.0,,,,,0.13513513513513514,58.0,0.8103448275862069,0,13,0.0,0,1
63,6,42,0,0,,,,1.0,,,,,0.13953488372093023,74.0,0.8513513513513513,0,14,0.0,0,1
36,5,40,0,0,,,,1.0,,,,,0.12195121951219512,67.0,0.5373134328358209,0,16,0.0,0,1
68,8,44,0,0,,,,1.0,,,,,0.17777777777777778,72.0,0.9444444444444444,0,15,0.0,0,1
61,8,40,0,0,,,,1.0,,,,,0.1951219512195122,71.0,0.8591549295774648,0,15,0.0,0,1
67,7,42,0,0,,,,1.0,,,,,0.16279069767441862,74.0,0.9054054054054054,0,12,0.0,0,1
56,1,38,0,0,,,,1.0,,,,,0.02564102564102564,69.0,0.8115942028985508,0,15,0.0,0,1
58,4,41,0,1,,,,1.0,,,,,0.09523809523809523,61.0,0.9508196721311475,0,12,0.0,0,1
311,59,818,0,1,,,,1.0,,,,,0.07203907203907203,123.0,2.5284552845528454,0,15,0.0,0,1
47,1,35,0,0,,,,1.0,,,,,0.027777777777777776,57.0,0.8245614035087719,0,12,0.0,0,1
41,4,38,0,0,,,,1.0,,,,,0.10256410256410256,54.0,0.7592592592592593,0,15,0.0,0,1
36,5,38,0,0,,,,1.0,,,,,0.1282051282051282,58.0,0.6206896551724138,0,12,0.0,0,1
36,9,40,0,0,,,,1.0,,,,,0.21951219512195122,57.0,0.631578947368421,0,13,0.0,0,1
72,3,39,0,0,,,,1.0,,,,,0.075,73.0,0.9863013698630136,0,10,0.0,0,1
54,8,40,0,0,,,,1.0,,,,,0.1951219512195122,70.0,0.7714285714285715,0,12,0.0,0,1
47,5,47,0,0,,,,1.0,,,,,0.10416666666666667,53.0,0.8867924528301887,0,15,0.0,0,1
43,4,38,0,0,,,,1.0,,,,,0.10256410256410256,58.0,0.7413793103448276,0,12,0.0,0,1
60,7,41,0,0,,,,1.0,,,,,0.16666666666666666,61.0,0.9836065573770492,0,16,0.0,0,1
68,4,43,0,0,,,,1.0,,,,,0.09090909090909091,71.0,0.9577464788732394,0,14,0.0,0,1
59,3,34,0,0,,,,1.0,,,,,0.08571428571428572,66.0,0.8939393939393939,0,10,0.0,0,1
34,4,37,0,0,,,,1.0,,,,,0.10526315789473684,59.0,0.576271186440678,0,12,0.0,0,1
80,6,40,0,0,,,,1.0,,,,,0.14634146341463414,74.0,1.0810810810810811,0,14,0.0,0,1
39,6,33,0,2,,,,1.0,,,,,0.17647058823529413,70.0,0.5571428571428572,0,10,0.0,0,1
38,4,42,0,0,,,,1.0,,,,,0.09302325581395349,54.0,0.7037037037037037,0,13,0.0,0,1
51,7,37,0,2,,,,1.0,,,,,0.18421052631578946,66.0,0.7727272727272727,0,9,0.0,0,1
80,3,38,0,0,,,,1.0,,,,,0.07692307692307693,71.0,1.1267605633802817,0,14,0.0,0,1
48,2,36,0,0,,,,1.0,,,,,0.05405405405405406,59.0,0.8135593220338984,0,12,0.0,0,1
42,10,38,0,0,,,,1.0,,,,,0.2564102564102564,53.0,0.7924528301886793,0,11,0.0,0,1
74,1,33,0,0,,,,1.0,,,,,0.029411764705882353,73.0,1.0136986301369864,0,16,0.0,0,1
34,4,37,0,1,,1.0,,1.0,,,,,0.10526315789473684,60.0,0.5666666666666667,0,13,0.0,0,1
48,10,43,0,0,,,,1.0,,,,,0.22727272727272727,66.0,0.7272727272727273,0,13,0.0,0,1
55,6,40,0,0,,,,1.0,,,,,0.14634146341463414,68.0,0.8088235294117647,0,13,0.0,0,1
41,4,40,0,0,,,,1.0,,,,,0.0975609756097561,54.0,0.7592592592592593,0,13,0.0,0,1
80,5,43,0,0,,,,1.0,,,,,0.11363636363636363,73.0,1.095890410958904,0,15,0.0,0,1
60,5,35,0,0,,,,1.0,,,,,0.1388888888888889,71.0,0.8450704225352113,0,10,0.0,0,1
58,3,39,0,0,,,,1.0,,,,,0.075,70.0,0.8285714285714286,0,15,0.0,0,1
62,5,42,0,0,,,,1.0,,,,,0.11627906976744186,64.0,0.96875,0,13,0.0,0,1
41,8,38,0,0,,,,1.0,,,,,0.20512820512820512,54.0,0.7592592592592593,0,16,0.0,0,1
51,5,43,0,1,,,,1.0,,,,,0.11363636363636363,61.0,0.8360655737704918,0,14,0.0,0,1
64,5,43,0,0,,,,1.0,,,,,0.11363636363636363,73.0,0.8767123287671232,0,13,0.0,0,1
59,5,45,0,0,,,,1.0,,,,,0.10869565217391304,69.0,0.855072463768116,0,12,0.0,0,1
49,4,39,0,0,,,,1.0,,,,,0.1,67.0,0.7313432835820896,0,10,0.0,0,1
73,8,43,0,1,,,,1.0,,,,,0.18181818181818182,74.0,0.9864864864864865,0,15,0.0,0,1
63,3,42,0,0,,,,1.0,,,,,0.06976744186046512,72.0,0.875,0,13,0.0,0,1
68,6,48,0,0,,,,1.0,,,,,0.12244897959183673,71.0,0.9577464788732394,0,11,0.0,0,1
72,4,40,0,0,,,,1.0,,,,,0.0975609756097561,71.0,1.0140845070422535,0,15,0.0,0,1
58,6,35,0,0,,,,1.0,,,,,0.16666666666666666,61.0,0.9508196721311475,0,12,0.0,0,1
34,1,44,0,0,,,,1.0,,,,,0.022222222222222223,53.0,0.6415094339622641,0,13,0.0,0,1
78953,37667,16289,14214,91,,,1.0,1.0,-14400.0,,,,2.3122774708410065,1451.0,54.412818745692626,1,15,0.0,0,1
38,9,39,0,1,,,,1.0,,,,,0.225,53.0,0.7169811320754716,0,11,0.0,0,1
48,5,42,0,0,,,,1.0,,,,,0.11627906976744186,59.0,0.8135593220338984,0,14,0.0,0,1
64,11,43,0,0,,,,1.0,,,,,0.25,62.0,1.032258064516129,0,16,0.0,0,1
71,9,36,0,0,,,,1.0,,,,,0.24324324324324326,73.0,0.9726027397260274,0,12,0.0,0,1
63,4,33,0,0,,,,1.0,,,,,0.11764705882352941,62.0,1.0161290322580645,0,13,0.0,0,1
62,1,38,0,0,,,,1.0,,,,,0.02564102564102564,65.0,0.9538461538461539,0,12,0.0,0,1
44,4,44,0,0,,,,1.0,,,,,0.08888888888888889,58.0,0.7586206896551724,0,12,0.0,0,1
60,5,37,0,0,,,,1.0,,,,,0.13157894736842105,62.0,0.967741935483871,0,14,0.0,0,1
58,6,42,0,0,,,,1.0,,,,,0.13953488372093023,69.0,0.8405797101449275,0,14,0.0,0,1
55,7,33,0,0,,,,1.0,,,,,0.20588235294117646,70.0,0.7857142857142857,0,13,0.0,0,1
79,2,38,0,0,,,,1.0,,,,,0.05128205128205128,73.0,1.082191780821918,0,16,0.0,0,1
66,6,40,0,0,,,,1.0,,,,,0.14634146341463414,69.0,0.9565217391304348,0,13,0.0,0,1
59,2,32,0,0,,,,1.0,,,,,0.06060606060606061,70.0,0.8428571428571429,0,14,0.0,0,1
38,7,43,0,0,,,,1.0,,,,,0.1590909090909091,67.0,0.5671641791044776,0,13,0.0,0,1
63,2,39,0,0,,,,1.0,,,,,0.05,68.0,0.9264705882352942,0,14,0.0,0,1
39,7,39,0,0,,,,1.0,,,,,0.175,54.0,0.7222222222222222,0,14,0.0,0,1
65,6,42,0,0,,,,1.0,,,,,0.13953488372093023,74.0,0.8783783783783784,0,10,0.0,0,1
70,7,39,0,0,,,,1.0,,,,,0.175,72.0,0.9722222222222222,0,13,0.0,0,1
44,1,37,0,0,,,,1.0,,,,,0.02631578947368421,54.0,0.8148148148148148,0,12,0.0,0,1
42,6,40,0,0,,,,1.0,,,,,0.14634146341463414,55.0,0.7636363636363637,0,13,0.0,0,1
77,6,41,0,0,,,,1.0,,,,,0.14285714285714285,73.0,1.0547945205479452,0,12,0.0,0,1
60,4,30,0,0,,,,1.0,,,,,0.12903225806451613,73.0,0.821917808219178,0,14,0.0,0,1
40,4,44,0,0,,,,1.0,,,,,0.08888888888888889,54.0,0.7407407407407407,0,13,0.0,0,1
40,3,35,0,0,,,,1.0,,,,,0.08333333333333333,53.0,0.7547169811320755,0,16,0.0,0,1
41,3,43,0,0,,,,1.0,,,,,0.06818181818181818,57.0,0.7192982456140351,0,16,0.0,0,1
34,3,39,0,0,,,,1.0,,,,,0.075,54.0,0.6296296296296297,0,11,0.0,0,1
53,4,30,0,0,1.0,1.0,,1.0,,,,,0.12903225806451613,65.0,0.8153846153846154,0,14,0.0,0,1
52,10,43,0,0,,,,1.0,,,,,0.22727272727272727,67.0,0.7761194029850746,0,13,0.0,0,1
39,5,33,0,0,,,,1.0,,,,,0.14705882352941177,59.0,0.6610169491525424,0,15,0.0,0,1
44,5,31,0,0,,,,1.0,,,,,0.15625,53.0,0.8301886792452831,0,14,0.0,0,1
57,1,42,0,0,,,,1.0,,,,,0.023255813953488372,65.0,0.8769230769230769,0,10,0.0,0,1
63,3,36,0,0,,,,1.0,,,,,0.08108108108108109,73.0,0.863013698630137,0,16,0.0,0,1
58,6,43,0,0,,,,1.0,,,,,0.13636363636363635,68.0,0.8529411764705882,0,12,0.0,0,1
37,6,43,0,0,,,,1.0,,,,,0.13636363636363635,59.0,0.6271186440677966,0,16,0.0,0,1
44,3,33,0,0,,,,1.0,,,,,0.08823529411764706,53.0,0.8301886792452831,0,15,0.0,0,1
57,4,42,0,1,,,,1.0,,,,,0.09302325581395349,66.0,0.8636363636363636,0,14,0.0,0,1
72,3,46,0,0,,,,1.0,,,,,0.06382978723404255,74.0,0.972972972972973,0,11,0.0,0,1
45,7,39,0,0,,,,1.0,,,,,0.175,68.0,0.6617647058823529,0,11,0.0,0,1
73,8,43,0,0,,,,1.0,,,,,0.18181818181818182,73.0,1.0,0,14,0.0,0,1
47,4,36,0,0,,,,1.0,,,,,0.10810810810810811,70.0,0.6714285714285714,0,11,0.0,0,1
42,3,44,0,0,,,,1.0,,,,,0.06666666666666667,53.0,0.7924528301886793,0,14,0.0,0,1
55,6,41,0,0,,,,1.0,,,,,0.14285714285714285,62.0,0.8870967741935484,0,11,0.0,0,1
51,14,41,0,0,,,,1.0,,,,,0.3333333333333333,68.0,0.75,0,14,0.0,0,1
61,11,41,0,0,,,,1.0,,,,,0.2619047619047619,60.0,1.0166666666666666,0,16,0.0,0,1
64,3,38,0,0,,,,1.0,,,,,0.07692307692307693,63.0,1.0158730158730158,0,11,0.0,0,1
56,9,39,0,1,,,,1.0,,,,,0.225,68.0,0.8235294117647058,0,12,0.0,0,1
53,1,42,0,0,,,,1.0,,,,,0.023255813953488372,66.0,0.803030303030303,0,15,0.0,0,1
59,10,47,0,0,,,,1.0,,,,,0.20833333333333334,69.0,0.855072463768116,0,14,0.0,0,1
43,1,36,0,0,,,,1.0,,,,,0.02702702702702703,58.0,0.7413793103448276,0,13,0.0,0,1
45,5,38,0,0,,,,1.0,,,,,0.1282051282051282,53.0,0.8490566037735849,0,10,0.0,0,1
45,10,42,0,0,,,,1.0,,,,,0.23255813953488372,68.0,0.6617647058823529,0,16,0.0,0,1
65,5,28,0,0,,,,1.0,,,,,0.1724137931034483,73.0,0.8904109589041096,0,13,0.0,0,1
46,4,34,0,0,,,,1.0,,,,,0.11428571428571428,59.0,0.7796610169491526,0,13,0.0,0,1
49,2,42,0,0,,,,1.0,,,,,0.046511627906976744,68.0,0.7205882352941176,0,10,0.0,0,1
65,9,34,0,0,,,,1.0,,,,,0.2571428571428571,75.0,0.8666666666666667,0,15,0.0,0,1
57,4,42,0,0,,,,1.0,,,,,0.09302325581395349,66.0,0.8636363636363636,0,15,0.0,0,1
43,4,36,0,0,,,,1.0,,,,,0.10810810810810811,60.0,0.7166666666666667,0,11,0.0,0,1
55,6,33,0,0,,,,1.0,,,,,0.17647058823529413,67.0,0.8208955223880597,0,12,0.0,0,1
35,2,42,0,0,,,,1.0,,,,,0.046511627906976744,69.0,0.5072463768115942,0,16,0.0,0,1
35,3,41,0,0,,,,1.0,,,,,0.07142857142857142,53.0,0.660377358490566,0,12,0.0,0,1
55,4,38,0,0,,,,1.0,,,,,0.10256410256410256,67.0,0.8208955223880597,0,12,0.0,0,1
48,1,33,0,0,,,,1.0,,,,,0.029411764705882353,67.0,0.7164179104477612,0,12,0.0,0,1
43,8,39,0,0,,,,1.0,,,,,0.2,59.0,0.7288135593220338,0,12,0.0,0,1
35,2,37,0,0,,1.0,,1.0,,,,,0.05263157894736842,53.0,0.660377358490566,0,15,0.0,0,1
62,2,43,0,0,,,,1.0,,,,,0.045454545454545456,62.0,1.0,0,11,0.0,0,1
56,1,31,0,0,,,,1.0,,,,,0.03125,64.0,0.875,0,15,0.0,0,1
36,3,36,0,0,,,,1.0,,,,,0.08108108108108109,53.0,0.6792452830188679,0,15,0.0,0,1
44,4,35,0,0,,,,1.0,,,,,0.1111111111111111,57.0,0.7719298245614035,0,15,0.0,0,1
48,6,40,0,0,,,,1.0,,,,,0.14634146341463414,62.0,0.7741935483870968,0,16,0.0,0,1
72,3,39,0,0,,,,1.0,,,,,0.075,73.0,0.9863013698630136,0,10,0.0,0,1
57,6,33,0,0,,,,1.0,,,,,0.17647058823529413,62.0,0.9193548387096774,0,15,0.0,0,1
54,5,37,0,0,,,,1.0,,,,,0.13157894736842105,70.0,0.7714285714285715,0,14,0.0,0,1
46,4,40,0,0,,,,1.0,,,,,0.0975609756097561,68.0,0.6764705882352942,0,15,0.0,0,1
52,2,38,0,0,,,,1.0,,,,,0.05128205128205128,70.0,0.7428571428571429,0,14,0.0,0,1
63,7,39,0,0,,,,1.0,,,,,0.175,64.0,0.984375,0,15,0.0,0,1
45,6,36,0,0,,,,1.0,,,,,0.16216216216216217,69.0,0.6521739130434783,0,15,0.0,0,1
45,7,34,0,0,,,,1.0,,,,,0.2,56.0,0.8035714285714286,0,15,0.0,0,1
73,7,37,0,0,,,,1.0,,,,,0.18421052631578946,72.0,1.0138888888888888,0,16,0.0,0,1
67,4,37,0,0,,,,1.0,,,,,0.10526315789473684,70.0,0.9571428571428572,0,12,0.0,0,1
75,5,39,0,0,,,,1.0,,,,,0.125,73.0,1.0273972602739727,0,15,0.0,0,1
43,9,42,0,0,,,,1.0,,,,,0.20930232558139536,55.0,0.7818181818181819,0,13,0.0,0,1
42,6,45,0,0,,,,1.0,,,,,0.13043478260869565,53.0,0.7924528301886793,0,14,0.0,0,1
71,10,40,0,0,,,,1.0,,,,,0.24390243902439024,71.0,1.0,0,12,0.0,0,1
47,6,39,0,0,,,,1.0,,,,,0.15,58.0,0.8103448275862069,0,14,0.0,0,1
59,4,39,0,0,,,,1.0,,,,,0.1,66.0,0.8939393939393939,0,16,0.0,0,1
62,8,42,0,0,,,,1.0,,,,,0.18604651162790697,70.0,0.8857142857142857,0,12,0.0,0,1
40,4,38,0,0,,,,1.0,,,,,0.10256410256410256,55.0,0.7272727272727273,0,13,0.0,0,1
47,4,34,0,0,,,,1.0,,,,,0.11428571428571428,68.0,0.6911764705882353,0,14,0.0,0,1
41,4,39,0,0,,,,1.0,,,,,0.1,56.0,0.7321428571428571,0,13,0.0,0,1
71,2,44,0,0,,,,1.0,,,,,0.044444444444444446,75.0,0.9466666666666667,0,12,0.0,0,1
59,11,38,0,0,,,,1.0,,,,,0.28205128205128205,70.0,0.8428571428571429,0,11,0.0,0,1
56,7,37,0,0,,,,1.0,,,,,0.18421052631578946,62.0,0.9032258064516129,0,13,0.0,0,1
45,6,40,0,0,,,,1.0,,,,,0.14634146341463414,67.0,0.6716417910447762,0,15,0.0,0,1
35,6,37,0,0,,,,1.0,,,,,0.15789473684210525,59.0,0.5932203389830508,0,13,0.0,0,1
62,4,40,0,0,,,,1.0,,,,,0.0975609756097561,70.0,0.8857142857142857,0,12,0.0,0,1
62,9,42,0,0,,,,1.0,,,,,0.20930232558139536,74.0,0.8378378378378378,0,15,0.0,0,1
63,3,41,0,0,,,,1.0,,,,,0.07142857142857142,62.0,1.0161290322580645,0,13,0.0,0,1
74,4,44,0,0,,,,1.0,,,,,0.08888888888888889,76.0,0.9736842105263158,0,8,0.0,0,1
34,9,37,0,0,,,,1.0,,,,,0.23684210526315788,53.0,0.6415094339622641,0,13,0.0,0,1
44,2,34,0,0,,,,1.0,,,,,0.05714285714285714,53.0,0.8301886792452831,0,11,0.0,0,1
46,5,39,0,0,,1.0,,1.0,,,,,0.125,59.0,0.7796610169491526,0,10,0.0,0,1
75,1,35,0,0,,,,1.0,,,,,0.027777777777777776,73.0,1.0273972602739727,0,12,0.0,0,1
57,6,38,0,0,,,,1.0,,,,,0.15384615384615385,67.0,0.8507462686567164,0,14,0.0,0,1
77,3,42,0,0,,,,1.0,,,,,0.06976744186046512,74.0,1.0405405405405406,0,16,0.0,0,1
76,5,39,0,0,,,,1.0,,,,,0.125,72.0,1.0555555555555556,0,12,0.0,0,1
67,3,34,0,0,,,,1.0,,,,,0.08571428571428572,74.0,0.9054054054054054,0,11,0.0,0,1
50,8,40,0,0,,,,1.0,,,,,0.1951219512195122,73.0,0.684931506849315,0,14,0.0,0,1
44,2,39,0,0,,,,1.0,,,,,0.05,58.0,0.7586206896551724,0,13,0.0,0,1
66,11,38,0,0,,,,1.0,,,,,0.28205128205128205,127.0,0.5196850393700787,0,14,0.0,0,1
46,2,37,0,0,,,,1.0,,,,,0.05263157894736842,57.0,0.8070175438596491,0,10,0.0,0,1
76,6,39,0,0,,,,1.0,,,,,0.15,71.0,1.0704225352112675,0,15,0.0,0,1
37,4,36,0,0,,,,1.0,,,,,0.10810810810810811,52.0,0.7115384615384616,0,16,0.0,0,1
64,2,41,0,0,,,,1.0,,,,,0.047619047619047616,72.0,0.8888888888888888,0,15,0.0,0,1
70,5,32,0,0,,,,1.0,,,,,0.15151515151515152,75.0,0.9333333333333333,0,12,0.0,0,1
79,10,49,0,0,,,,1.0,,,,,0.2,74.0,1.0675675675675675,0,10,0.0,0,1
69,8,41,0,0,,,,1.0,,,,,0.19047619047619047,69.0,1.0,0,12,0.0,0,1
37,6,37,0,0,,,,1.0,,,,,0.15789473684210525,68.0,0.5441176470588235,0,12,0.0,0,1
67,7,42,0,1,,,,1.0,,,,,0.16279069767441862,74.0,0.9054054054054054,0,10,0.0,0,1
60,4,38,0,0,,,,1.0,,,,,0.10256410256410256,62.0,0.967741935483871,0,16,0.0,0,1
36,8,35,0,1,,,,1.0,,,,,0.2222222222222222,67.0,0.5373134328358209,0,16,0.0,0,1
52,3,42,0,0,,,,1.0,,,,,0.06976744186046512,61.0,0.8524590163934426,0,16,0.0,0,1
47,4,40,0,0,,,,1.0,,,,,0.0975609756097561,54.0,0.8703703703703703,0,8,0.0,0,1
31,5,33,0,0,,,,1.0,,,,,0.14705882352941177,60.0,0.5166666666666667,0,15,0.0,0,1
46,4,41,0,0,,,,1.0,,,,,0.09523809523809523,69.0,0.6666666666666666,0,14,0.0,0,1
61,3,38,0,0,,,,1.0,,,,,0.07692307692307693,70.0,0.8714285714285714,0,12,0.0,0,1
63,6,39,0,1,,,,1.0,,,,,0.15,67.0,0.9402985074626866,0,13,0.0,0,1
44,0,39,0,0,,,,1.0,,,,,0.0,57.0,0.7719298245614035,0,14,0.0,0,1
44,3,40,0,0,,,,1.0,,,,,0.07317073170731707,58.0,0.7586206896551724,0,13,0.0,0,1
56,7,40,0,0,,,,1.0,,,,,0.17073170731707318,62.0,0.9032258064516129,0,11,0.0,0,1
40,6,45,0,0,,,,1.0,,,,,0.13043478260869565,68.0,0.5882352941176471,0,12,0.0,0,1
45,3,39,0,0,,,,1.0,,,,,0.075,68.0,0.6617647058823529,0,12,0.0,0,1
73,5,47,0,0,,,,1.0,,,,,0.10416666666666667,74.0,0.9864864864864865,0,14,0.0,0,1
69,7,39,0,0,,,,1.0,,,,,0.175,74.0,0.9324324324324325,0,14,0.0,0,1
63,8,34,0,0,,,,1.0,,,,,0.22857142857142856,71.0,0.8873239436619719,0,15,0.0,0,1
58,7,37,0,0,,,,1.0,,,,,0.18421052631578946,70.0,0.8285714285714286,0,13,0.0,0,1
55,4,42,0,0,,,,1.0,,,,,0.09302325581395349,69.0,0.7971014492753623,0,11,0.0,0,1
57,6,35,0,0,,,,1.0,,,,,0.16666666666666666,63.0,0.9047619047619048,0,11,0.0,0,1
57,5,40,0,0,,,,1.0,,,,,0.12195121951219512,64.0,0.890625,0,14,0.0,0,1
44,4,38,0,0,,,,1.0,,,,,0.10256410256410256,59.0,0.7457627118644068,0,12,0.0,0,1
54,7,38,0,0,,,,1.0,,,,,0.1794871794871795,68.0,0.7941176470588235,0,16,0.0,0,1
62,4,34,0,0,,,,1.0,,,,,0.11428571428571428,66.0,0.9393939393939394,0,13,0.0,0,1
52,5,39,0,0,,,,1.0,,,,,0.125,66.0,0.7878787878787878,0,9,0.0,0,1
54,3,40,0,0,,,,1.0,,,,,0.07317073170731707,63.0,0.8571428571428571,0,14,0.0,0,1
60,3,35,0,0,,,,1.0,,,,,0.08333333333333333,63.0,0.9523809523809523,0,11,0.0,0,1
40,13,39,0,1,,,,1.0,,,,,0.325,70.0,0.5714285714285714,0,14,0.0,0,1
43,2,34,0,0,,,,1.0,,,,,0.05714285714285714,53.0,0.8113207547169812,0,14,0.0,0,1
37,2,44,0,0,1.0,1.0,,1.0,,,,,0.044444444444444446,57.0,0.6491228070175439,0,15,0.0,0,1
58,9,46,0,0,,,,1.0,,,,,0.19148936170212766,71.0,0.8169014084507042,0,14,0.0,0,1
1304,4605,511,148,14,,,,1.0,-14400.0,,,,8.994140625,826.0,1.5786924939467313,1,10,0.0,0,1
46,4,42,0,0,,,,1.0,,,,,0.09302325581395349,66.0,0.696969696969697,0,15,0.0,0,1
55,4,34,0,0,,,,1.0,,,,,0.11428571428571428,71.0,0.7746478873239436,0,12,0.0,0,1
66,3,35,0,0,,,,1.0,,,,,0.08333333333333333,63.0,1.0476190476190477,0,15,0.0,0,1
72,6,42,0,0,,,,1.0,,,,,0.13953488372093023,73.0,0.9863013698630136,0,13,0.0,0,1
45,2,34,0,0,,,,1.0,,,,,0.05714285714285714,70.0,0.6428571428571429,0,13,0.0,0,1
50,5,41,0,0,,,,1.0,,,,,0.11904761904761904,66.0,0.7575757575757576,0,9,0.0,0,1
60,3,37,0,0,,,,1.0,,,,,0.07894736842105263,63.0,0.9523809523809523,0,15,0.0,0,1
56,4,38,0,0,,,,1.0,,,,,0.10256410256410256,69.0,0.8115942028985508,0,14,0.0,0,1
60,5,41,0,1,,,,1.0,,,,,0.11904761904761904,67.0,0.8955223880597015,0,12,0.0,0,1
44,8,32,0,0,,,,1.0,,,,,0.24242424242424243,55.0,0.8,0,13,0.0,0,1
57,3,37,0,0,,,,1.0,,,,,0.07894736842105263,62.0,0.9193548387096774,0,15,0.0,0,1
46,3,47,0,0,,,,1.0,,,,,0.0625,72.0,0.6388888888888888,0,11,0.0,0,1
68,5,33,0,0,,,,1.0,,,,,0.14705882352941177,70.0,0.9714285714285714,0,16,0.0,0,1
53,7,40,0,0,,,,1.0,,,,,0.17073170731707318,70.0,0.7571428571428571,0,15,0.0,0,1
47,4,39,0,0,,,,1.0,,,,,0.1,71.0,0.6619718309859155,0,15,0.0,0,1
46,7,38,0,0,,,,1.0,,,,,0.1794871794871795,67.0,0.6865671641791045,0,13,0.0,0,1
42,2,40,0,0,,,,1.0,,,,,0.04878048780487805,54.0,0.7777777777777778,0,14,0.0,0,1
59,12,38,0,0,,,,1.0,,,,,0.3076923076923077,62.0,0.9516129032258065,0,12,0.0,0,1
43,6,39,0,0,,,,1.0,,,,,0.15,58.0,0.7413793103448276,0,11,0.0,0,1
63,11,41,0,0,,,,1.0,,,,,0.2619047619047619,70.0,0.9,0,14,0.0,0,1
55,7,39,0,0,,,,1.0,,,,,0.175,62.0,0.8870967741935484,0,16,0.0,0,1
71,3,35,0,0,,,,1.0,,,,,0.08333333333333333,73.0,0.9726027397260274,0,14,0.0,0,1
36,5,36,0,0,,,,1.0,,,,,0.13513513513513514,57.0,0.631578947368421,0,12,0.0,0,1
76,4,35,0,0,,,,1.0,,,,,0.1111111111111111,74.0,1.027027027027027,0,14,0.0,0,1
51,3,40,0,0,,,,1.0,,,,,0.07317073170731707,61.0,0.8360655737704918,0,15,0.0,0,1
41,3,39,0,0,,,,1.0,,,,,0.075,53.0,0.7735849056603774,0,14,0.0,0,1
46,1,38,0,0,,,,1.0,,,,,0.02564102564102564,53.0,0.8679245283018868,0,13,0.0,0,1
38,8,39,0,0,,,,1.0,,,,,0.2,67.0,0.5671641791044776,0,11,0.0,0,1
36,6,41,0,0,,,,1.0,,,,,0.14285714285714285,57.0,0.631578947368421,0,14,0.0,0,1
55,3,35,0,0,,,,1.0,,,,,0.08333333333333333,67.0,0.8208955223880597,0,11,0.0,0,1
59,5,44,0,1,,,,1.0,,,,,0.1111111111111111,61.0,0.9672131147540983,0,16,0.0,0,1
38841,1284,879,1137,21,1.0,,,1.0,32400.0,,,,1.459090909090909,1455.0,26.694845360824743,1,10,0.0,0,1
65,4,37,0,0,,,,1.0,,,,,0.10526315789473684,71.0,0.9154929577464789,0,10,0.0,0,1
67,7,37,0,0,,,,1.0,,,,,0.18421052631578946,73.0,0.9178082191780822,0,10,0.0,0,1
47,3,37,0,0,,,,1.0,,,,,0.07894736842105263,55.0,0.8545454545454545,0,14,0.0,0,1
45,4,26,0,0,,,,1.0,,,,,0.14814814814814814,56.0,0.8035714285714286,0,9,0.0,0,1
75,6,40,0,0,,,,1.0,,,,,0.14634146341463414,71.0,1.056338028169014,0,15,0.0,0,1
63,5,39,0,0,,,,1.0,,,,,0.125,71.0,0.8873239436619719,0,16,0.0,0,1
64,6,35,0,0,,,,1.0,,,,,0.16666666666666666,61.0,1.0491803278688525,0,12,0.0,0,1
36,10,43,0,0,,,,1.0,,,,,0.22727272727272727,70.0,0.5142857142857142,0,12,0.0,0,1
61,13,42,0,0,,,,1.0,,,,,0.3023255813953488,63.0,0.9682539682539683,0,10,0.0,0,1
62,3,37,0,1,,,,1.0,,,,,0.07894736842105263,68.0,0.9117647058823529,0,11,0.0,0,1
83,4,41,0,1,,,,1.0,,,,,0.09523809523809523,73.0,1.1369863013698631,0,14,0.0,0,1
59,8,42,0,0,,,,1.0,,,,,0.18604651162790697,71.0,0.8309859154929577,0,13,0.0,0,1
76,9,51,0,0,,,,1.0,,,,,0.17307692307692307,75.0,1.0133333333333334,0,14,0.0,0,1
34,5,36,0,0,,,,1.0,,,,,0.13513513513513514,54.0,0.6296296296296297,0,13,0.0,0,1
41,10,37,0,0,,,,1.0,,,,,0.2631578947368421,69.0,0.5942028985507246,0,15,0.0,0,1
43,2,38,0,0,,,,1.0,,,,,0.05128205128205128,54.0,0.7962962962962963,0,12,0.0,0,1
70,6,41,0,0,,,,1.0,,,,,0.14285714285714285,71.0,0.9859154929577465,0,16,0.0,0,1
68,4,41,0,1,,,,1.0,,,,,0.09523809523809523,73.0,0.9315068493150684,0,11,0.0,0,1
62,4,38,0,0,,,,1.0,,,,,0.10256410256410256,66.0,0.9393939393939394,0,14,0.0,0,1
52,6,36,0,0,,,,1.0,,,,,0.16216216216216217,66.0,0.7878787878787878,0,13,0.0,0,1
52,6,40,0,1,,,,1.0,,,,,0.14634146341463414,64.0,0.8125,0,13,0.0,0,1
39,1,41,0,0,,,,1.0,,,,,0.023809523809523808,54.0,0.7222222222222222,0,14,0.0,0,1
53,2,40,0,0,,,,1.0,,,,,0.04878048780487805,68.0,0.7794117647058824,0,9,0.0,0,1
68,5,38,0,0,,,,1.0,,,,,0.1282051282051282,72.0,0.9444444444444444,0,16,0.0,0,1
50,1,34,0,0,,,,1.0,,,,,0.02857142857142857,62.0,0.8064516129032258,0,10,0.0,0,1
50,5,41,0,1,,,,1.0,,,,,0.11904761904761904,63.0,0.7936507936507936,0,16,0.0,0,1
46,7,34,0,1,,,,1.0,,,,,0.2,69.0,0.6666666666666666,0,9,0.0,0,1
40,7,41,0,0,,,,1.0,,,,,0.16666666666666666,54.0,0.7407407407407407,0,12,0.0,0,1
45,5,43,0,1,,,,1.0,,,,,0.11363636363636363,52.0,0.8653846153846154,0,15,0.0,0,1
64,3,38,0,0,,,,1.0,,,,,0.07692307692307693,71.0,0.9014084507042254,0,11,0.0,0,1
67,5,35,0,0,,,,1.0,,,,,0.1388888888888889,72.0,0.9305555555555556,0,12,0.0,0,1
54,2,40,0,1,,,,1.0,,,,,0.04878048780487805,63.0,0.8571428571428571,0,14,0.0,0,1
77,8,34,0,0,,,,1.0,,,,,0.22857142857142856,74.0,1.0405405405405406,0,14,0.0,0,1
43,3,39,0,0,,,,1.0,,,,,0.075,70.0,0.6142857142857143,0,13,0.0,0,1
69,3,47,0,0,,,,1.0,,,,,0.0625,74.0,0.9324324324324325,0,16,0.0,0,1
63,8,38,0,0,,,,1.0,,,,,0.20512820512820512,63.0,1.0,0,16,0.0,0,1
50,6,38,0,0,,,,1.0,,,,,0.15384615384615385,63.0,0.7936507936507936,0,14,0.0,0,1
56,5,38,0,1,,,,1.0,,,,,0.1282051282051282,61.0,0.9180327868852459,0,16,0.0,0,1
46,5,31,0,0,,,,1.0,,,,,0.15625,55.0,0.8363636363636363,0,14,0.0,0,1
45,6,37,0,0,,,,1.0,,,,,0.15789473684210525,58.0,0.7758620689655172,0,15,0.0,0,1
52,6,37,0,0,,,,1.0,,,,,0.15789473684210525,64.0,0.8125,0,13,0.0,0,1
65,4,37,0,0,,,,1.0,,,,,0.10526315789473684,74.0,0.8783783783783784,0,12,0.0,0,1
54,7,42,0,0,,,,1.0,,,,,0.16279069767441862,62.0,0.8709677419354839,0,16,0.0,0,1
74,6,47,0,0,,,,1.0,,,,,0.125,74.0,1.0,0,12,0.0,0,1
38,5,40,0,0,,,,1.0,,,,,0.12195121951219512,57.0,0.6666666666666666,0,16,0.0,0,1
55,1,36,0,1,,,,1.0,,,,,0.02702702702702703,64.0,0.859375,0,14,0.0,0,1
80,10,46,0,0,,,,1.0,,,,,0.2127659574468085,74.0,1.0810810810810811,0,15,0.0,0,1
68,7,39,0,0,,,,1.0,,,,,0.175,74.0,0.918918918918919,0,12,0.0,0,1
54,6,37,0,0,,,,1.0,,,,,0.15789473684210525,68.0,0.7941176470588235,0,14,0.0,0,1
82,1,40,0,0,,,,1.0,,,,,0.024390243902439025,74.0,1.1081081081081081,0,11,0.0,0,1
41,2,40,0,0,,,,1.0,,,,,0.04878048780487805,58.0,0.7068965517241379,0,11,0.0,0,1
36,3,44,0,0,,,,1.0,,,,,0.06666666666666667,56.0,0.6428571428571429,0,15,0.0,0,1
51,3,42,0,0,,,,1.0,,,,,0.06976744186046512,62.0,0.8225806451612904,0,13,0.0,0,1
36,4,37,0,0,,,,1.0,,,,,0.10526315789473684,55.0,0.6545454545454545,0,15,0.0,0,1
54,6,48,0,0,,,,1.0,,,,,0.12244897959183673,65.0,0.8307692307692308,0,15,0.0,0,1
45,4,43,0,0,,,,1.0,,,,,0.09090909090909091,54.0,0.8333333333333334,0,13,0.0,0,1
58,4,32,0,0,,,,1.0,,,,,0.12121212121212122,70.0,0.8285714285714286,0,16,0.0,0,1
72,3,39,0,0,,,,1.0,,,,,0.075,71.0,1.0140845070422535,0,14,0.0,0,1
61,7,41,0,1,,,,1.0,,,,,0.16666666666666666,69.0,0.8840579710144928,0,14,0.0,0,1
56,10,39,0,0,,,,1.0,,,,,0.25,63.0,0.8888888888888888,0,11,0.0,0,1
71,4,35,0,1,,,,1.0,,,,,0.1111111111111111,73.0,0.9726027397260274,0,13,0.0,0,1
36,4,42,0,0,,,,1.0,,,,,0.09302325581395349,68.0,0.5294117647058824,0,10,0.0,0,1
210,120,260,3,1,,,,1.0,,,,,0.45977011494252873,161.0,1.3043478260869565,0,10,0.0,0,1
66,7,43,0,0,,,,1.0,,,,,0.1590909090909091,71.0,0.9295774647887324,0,14,0.0,0,1
43,6,33,0,0,,,,1.0,,,,,0.17647058823529413,55.0,0.7818181818181819,0,13,0.0,0,1
61,3,35,0,0,,,,1.0,,,,,0.08333333333333333,71.0,0.8591549295774648,0,14,0.0,0,1
35,7,37,0,0,,,,1.0,,,,,0.18421052631578946,52.0,0.6730769230769231,0,11,0.0,0,1
68,2,34,0,0,,,,1.0,,,,,0.05714285714285714,71.0,0.9577464788732394,0,16,0.0,0,1
42,4,39,0,0,,,,1.0,,,,,0.1,53.0,0.7924528301886793,0,13,0.0,0,1
43,9,39,0,0,,,,1.0,,,,,0.225,69.0,0.6231884057971014,0,13,0.0,0,1
68,3,41,0,0,,,,1.0,,,,,0.07142857142857142,70.0,0.9714285714285714,0,11,0.0,0,1
40,6,40,0,0,,,,1.0,,,,,0.14634146341463414,70.0,0.5714285714285714,0,11,0.0,0,1
83,5,46,0,0,,,,1.0,,,,,0.10638297872340426,74.0,1.1216216216216217,0,14,0.0,0,1
74,2,35,0,0,,,,1.0,,,,,0.05555555555555555,127.0,0.5826771653543307,0,8,0.0,0,1
37,6,37,0,0,,,,1.0,,,,,0.15789473684210525,67.0,0.5522388059701493,0,14,0.0,0,1
60,1,43,0,0,,,,1.0,,,,,0.022727272727272728,67.0,0.8955223880597015,0,13,0.0,0,1
45,7,41,0,0,,,,1.0,,,,,0.16666666666666666,59.0,0.7627118644067796,0,12,0.0,0,1
34,4,35,0,0,,,,1.0,,,,,0.1111111111111111,58.0,0.5862068965517241,0,10,0.0,0,1
65,6,41,0,0,,,,1.0,,,,,0.14285714285714285,70.0,0.9285714285714286,0,16,0.0,0,1
61,2,37,0,2,,,,1.0,,,,,0.05263157894736842,62.0,0.9838709677419355,0,14,0.0,0,1
77,2,43,0,1,,,,1.0,,,,,0.045454545454545456,74.0,1.0405405405405406,0,16,0.0,0,1
47,4,39,0,0,,,,1.0,,,,,0.1,55.0,0.8545454545454545,0,12,0.0,0,1
61,6,36,0,0,,,,1.0,,,,,0.16216216216216217,67.0,0.9104477611940298,0,11,0.0,0,1
56,4,37,0,0,,,,1.0,,,,,0.10526315789473684,73.0,0.7671232876712328,0,15,0.0,0,1
69,6,30,0,0,,,,1.0,,,,,0.1935483870967742,75.0,0.92,0,13,0.0,0,1
35,3,42,0,0,,,,1.0,,,,,0.06976744186046512,59.0,0.5932203389830508,0,12,0.0,0,1
54921,1141,796,121,4,,,1.0,1.0,-18000.0,,,,1.4316185696361354,1863.0,29.47987117552335,1,16,0.0,0,1
60,4,36,0,0,,,,1.0,,,,,0.10810810810810811,70.0,0.8571428571428571,0,12,0.0,0,1
78,6,47,0,0,,,,1.0,,,,,0.125,73.0,1.0684931506849316,0,13,0.0,0,1
70,3,40,0,0,,,,1.0,,,,,0.07317073170731707,75.0,0.9333333333333333,0,14,0.0,0,1
50,6,40,0,0,,,,1.0,,,,,0.14634146341463414,66.0,0.7575757575757576,0,15,0.0,0,1
59,6,40,0,0,,,,1.0,,,,,0.14634146341463414,64.0,0.921875,0,15,0.0,0,1
56,4,43,0,0,,,,1.0,,,,,0.09090909090909091,73.0,0.7671232876712328,0,14,0.0,0,1
40,2,13,0,0,,,,1.0,,,,,0.14285714285714285,56.0,0.7142857142857143,0,16,0.0,0,1
63,10,44,0,2,,,,1.0,,,,,0.2222222222222222,70.0,0.9,0,13,0.0,0,1
43,2,39,0,0,,,,1.0,,,,,0.05,59.0,0.7288135593220338,0,13,0.0,0,1
45,3,43,0,0,,,,1.0,,,,,0.06818181818181818,55.0,0.8181818181818182,0,15,0.0,0,1
44,3,42,0,0,,,,1.0,,,,,0.06976744186046512,60.0,0.7333333333333333,0,16,0.0,0,1
49,1,34,0,0,,,,1.0,,,,,0.02857142857142857,66.0,0.7424242424242424,0,12,0.0,0,1
34,3,38,0,0,,,,1.0,,,,,0.07692307692307693,53.0,0.6415094339622641,0,15,0.0,0,1
32,5,36,0,0,,,,1.0,,,,,0.13513513513513514,53.0,0.6037735849056604,0,14,0.0,0,1
36,3,47,0,0,,,,1.0,,,,,0.0625,53.0,0.6792452830188679,0,11,0.0,0,1
61,0,37,0,0,,,,1.0,,,,,0.0,68.0,0.8970588235294118,0,13,0.0,0,1
68,1,37,0,0,,,,1.0,,,,,0.02631578947368421,73.0,0.9315068493150684,0,15,0.0,0,1
54,1,37,0,0,,,,1.0,,,,,0.02631578947368421,70.0,0.7714285714285715,0,13,0.0,0,1
43,5,39,0,0,,,,1.0,,,,,0.125,68.0,0.6323529411764706,0,11,0.0,0,1
75,4,46,0,0,,,,1.0,,,,,0.0851063829787234,74.0,1.0135135135135136,0,15,0.0,0,1
85,13,43,0,0,,,,1.0,,,,,0.29545454545454547,72.0,1.1805555555555556,0,14,0.0,0,1
63,3,43,0,0,,,,1.0,,,,,0.06818181818181818,69.0,0.9130434782608695,0,13,0.0,0,1
46,7,39,0,0,,,,1.0,,,,,0.175,59.0,0.7796610169491526,0,13,0.0,0,1
43,5,37,0,0,,,,1.0,,,,,0.13157894736842105,53.0,0.8113207547169812,0,12,0.0,0,1
34,10,39,0,0,,,,1.0,,,,,0.25,52.0,0.6538461538461539,0,13,0.0,0,1
61,4,44,0,0,,,,1.0,,,,,0.08888888888888889,65.0,0.9384615384615385,0,10,0.0,0,1
34,4,37,0,0,,,,1.0,,,,,0.10526315789473684,53.0,0.6415094339622641,0,12,0.0,0,1
43,6,35,0,0,,,,1.0,,,,,0.16666666666666666,66.0,0.6515151515151515,0,13,0.0,0,1
57,2,37,0,1,,,,1.0,,,,,0.05263157894736842,67.0,0.8507462686567164,0,8,0.0,0,1
43,4,34,0,1,,,,1.0,,,,,0.11428571428571428,55.0,0.7818181818181819,0,13,0.0,0,1
53,2,43,0,0,,,,1.0,,,,,0.045454545454545456,74.0,0.7162162162162162,0,15,0.0,0,1
136,99,278,3,0,,,,1.0,,,,,0.3548387096774194,161.0,0.84472049689441,0,14,0.0,0,1
38,1,35,0,0,,,,1.0,,,,,0.027777777777777776,53.0,0.7169811320754716,0,15,0.0,0,1
43,6,37,0,0,,,,1.0,,,,,0.15789473684210525,53.0,0.8113207547169812,0,14,0.0,0,1
61,6,39,0,0,,,,1.0,,,,,0.15,66.0,0.9242424242424242,0,15,0.0,0,1
44,5,38,0,0,,,,1.0,,,,,0.1282051282051282,59.0,0.7457627118644068,0,10,0.0,0,1
37,6,40,0,0,,,,1.0,,,,,0.14634146341463414,56.0,0.6607142857142857,0,15,0.0,0,1
57,6,35,0,0,,,,1.0,,,,,0.16666666666666666,67.0,0.8507462686567164,0,11,0.0,0,1
60,2,35,0,0,,,,1.0,,,,,0.05555555555555555,70.0,0.8571428571428571,0,14,0.0,0,1
52,6,41,0,0,,,,1.0,,,,,0.14285714285714285,68.0,0.7647058823529411,0,16,0.0,0,1
78,7,40,0,0,,,,1.0,,,,,0.17073170731707318,75.0,1.04,0,14,0.0,0,1
47,5,30,0,0,,,,1.0,,,,,0.16129032258064516,60.0,0.7833333333333333,0,15,0.0,0,1
46,1,36,0,0,,,,1.0,,,,,0.02702702702702703,58.0,0.7931034482758621,0,12,0.0,0,1
44,4,40,0,0,,,,1.0,,,,,0.0975609756097561,68.0,0.6470588235294118,0,12,0.0,0,1
45,7,35,0,0,,,,1.0,,,,,0.19444444444444445,60.0,0.75,0,16,0.0,0,1
42,1,37,0,0,,,,1.0,,,,,0.02631578947368421,57.0,0.7368421052631579,0,14,0.0,0,1
63,5,37,0,0,,,,1.0,,,,,0.13157894736842105,70.0,0.9,0,13,0.0,0,1
38,3,47,0,0,,,,1.0,,,,,0.0625,53.0,0.7169811320754716,0,14,0.0,0,1
61,1,33,0,0,,,,1.0,,,,,0.029411764705882353,62.0,0.9838709677419355,0,16,0.0,0,1
70,7,38,0,0,,,,1.0,,,,,0.1794871794871795,72.0,0.9722222222222222,0,11,0.0,0,1
57,4,34,0,0,,,,1.0,,,,,0.11428571428571428,69.0,0.8260869565217391,0,15,0.0,0,1
34,1,46,0,0,,,,1.0,,,,,0.02127659574468085,59.0,0.576271186440678,0,11,0.0,0,1
67,8,36,0,0,,,,1.0,,,,,0.21621621621621623,72.0,0.9305555555555556,0,12,0.0,0,1
34,7,35,0,0,,,,1.0,,,,,0.19444444444444445,69.0,0.4927536231884058,0,16,0.0,0,1
35,3,40,0,0,,1.0,,1.0,,,,,0.07317073170731707,55.0,0.6363636363636364,0,11,0.0,0,1
57,4,36,0,2,,,,1.0,,,,,0.10810810810810811,61.0,0.9344262295081968,0,15,0.0,0,1
42,5,38,0,0,,,,1.0,,,,,0.1282051282051282,53.0,0.7924528301886793,0,12,0.0,0,1
34,5,42,0,0,,,,1.0,,,,,0.11627906976744186,57.0,0.5964912280701754,0,12,0.0,0,1
44,6,35,0,0,,,,1.0,,,,,0.16666666666666666,55.0,0.8,0,14,0.0,0,1
57,5,39,0,1,,,,1.0,,,,,0.125,66.0,0.8636363636363636,0,14,0.0,0,1
50,3,35,0,0,,,,1.0,,,,,0.08333333333333333,65.0,0.7692307692307693,0,12,0.0,0,1
33,9,39,0,0,,,,1.0,,,,,0.225,68.0,0.4852941176470588,0,15,0.0,0,1
52,2,37,0,0,,,,1.0,,,,,0.05263157894736842,64.0,0.8125,0,15,0.0,0,1
44,6,36,0,0,,,,1.0,,,,,0.16216216216216217,53.0,0.8301886792452831,0,16,0.0,0,1
56,5,38,0,0,,,,1.0,,,,,0.1282051282051282,62.0,0.9032258064516129,0,11,0.0,0,1
77,6,43,0,0,,,,1.0,,,,,0.13636363636363635,73.0,1.0547945205479452,0,14,0.0,0,1
56,6,45,0,0,,,,1.0,,,,,0.13043478260869565,64.0,0.875,0,15,0.0,0,1
44,8,37,0,0,,,,1.0,,,,,0.21052631578947367,69.0,0.6376811594202898,0,14,0.0,0,1
37,5,41,0,0,,,,1.0,,,,,0.11904761904761904,67.0,0.5522388059701493,0,14,0.0,0,1
42,8,36,0,0,,,,1.0,,,,,0.21621621621621623,57.0,0.7368421052631579,0,15,0.0,0,1
88,4,45,0,0,,,,1.0,,,,,0.08695652173913043,72.0,1.2222222222222223,0,13,0.0,0,1
35,3,35,0,0,,,,1.0,,,,,0.08333333333333333,53.0,0.660377358490566,0,10,0.0,0,1
62,4,30,0,0,,,,1.0,,,,,0.12903225806451613,65.0,0.9538461538461539,0,14,0.0,0,1
51,4,33,0,0,,,,1.0,,,,,0.11764705882352941,70.0,0.7285714285714285,0,14,0.0,0,1
61,15,46,0,0,,,,1.0,,,,,0.3191489361702128,69.0,0.8840579710144928,0,14,0.0,0,1
55,4,38,0,0,,,,1.0,,,,,0.10256410256410256,62.0,0.8870967741935484,0,12,0.0,0,1
34,2,37,0,0,,,,1.0,,,,,0.05263157894736842,58.0,0.5862068965517241,0,12,0.0,0,1
61,5,37,0,0,,,,1.0,,,,,0.13157894736842105,66.0,0.9242424242424242,0,10,0.0,0,1
53,2,42,0,0,,,,1.0,,,,,0.046511627906976744,63.0,0.8412698412698413,0,13,0.0,0,1
49,3,42,0,0,,,,1.0,,,,,0.06976744186046512,64.0,0.765625,0,12,0.0,0,1
36,4,36,0,0,,,,1.0,,,,,0.10810810810810811,57.0,0.631578947368421,0,13,0.0,0,1
42,4,39,0,0,,,,1.0,,,,,0.1,70.0,0.6,0,14,0.0,0,1
46,9,43,0,0,,,,1.0,,,,,0.20454545454545456,62.0,0.7419354838709677,0,15,0.0,0,1
41,8,39,0,0,,,,1.0,,,,,0.2,52.0,0.7884615384615384,0,13,0.0,0,1
36,2,38,0,1,,,,1.0,,,,,0.05128205128205128,60.0,0.6,0,12,0.0,0,1
43,4,35,0,1,,,,1.0,,,,,0.1111111111111111,68.0,0.6323529411764706,0,12,0.0,0,1
52,5,43,0,1,,,,1.0,,,,,0.11363636363636363,63.0,0.8253968253968254,0,11,0.0,0,1
44,2,35,0,0,,,,1.0,,,,,0.05555555555555555,70.0,0.6285714285714286,0,13,0.0,0,1
46,5,44,0,0,,,,1.0,,,,,0.1111111111111111,60.0,0.7666666666666667,0,11,0.0,0,1
37,5,38,0,0,,,,1.0,,,,,0.1282051282051282,67.0,0.5522388059701493,0,13,0.0,0,1
48,6,37,0,0,,,,1.0,,,,,0.15789473684210525,68.0,0.7058823529411765,0,15,0.0,0,1
54,3,43,0,0,,,,1.0,,,,,0.06818181818181818,62.0,0.8709677419354839,0,15,0.0,0,1
67,4,31,0,0,,,,1.0,,,,,0.125,74.0,0.9054054054054054,0,16,0.0,0,1
75,7,43,0,0,,,,1.0,,,,,0.1590909090909091,74.0,1.0135135135135136,0,16,0.0,0,1
35,4,36,0,0,,,,1.0,,,,,0.10810810810810811,57.0,0.6140350877192983,0,16,0.0,0,1
61,15,40,0,1,,,,1.0,,,,,0.36585365853658536,70.0,0.8714285714285714,0,14,0.0,0,1
42,5,37,0,0,,,,1.0,,,,,0.13157894736842105,59.0,0.711864406779661,0,13,0.0,0,1
53,10,37,0,0,,,,1.0,,,,,0.2631578947368421,71.0,0.7464788732394366,0,12,0.0,0,1
46,5,38,0,0,,,,1.0,,,,,0.1282051282051282,58.0,0.7931034482758621,0,13,0.0,0,1
66,5,40,0,0,,,,1.0,,,,,0.12195121951219512,63.0,1.0476190476190477,0,12,0.0,0,1
61,1,41,0,0,,,,1.0,,,,,0.023809523809523808,71.0,0.8591549295774648,0,13,0.0,0,1
36,6,34,0,1,,,,1.0,,,,,0.17142857142857143,69.0,0.5217391304347826,0,12,0.0,0,1
52,1,37,0,0,,,,1.0,,,,,0.02631578947368421,62.0,0.8387096774193549,0,13,0.0,0,1
45,4,34,0,0,,,,1.0,,,,,0.11428571428571428,55.0,0.8181818181818182,0,12,0.0,0,1
53,3,40,0,0,,,,1.0,,,,,0.07317073170731707,67.0,0.7910447761194029,0,11,0.0,0,1
70,2,45,0,0,,,,1.0,,,,,0.043478260869565216,63.0,1.1111111111111112,0,11,0.0,0,1
42,3,41,0,0,,,,1.0,,,,,0.07142857142857142,68.0,0.6176470588235294,0,11,0.0,0,1
45,4,37,0,0,,,,1.0,,,,,0.10526315789473684,58.0,0.7758620689655172,0,15,0.0,0,1
47,9,44,0,0,,,,1.0,,,,,0.2,69.0,0.6811594202898551,0,15,0.0,0,1
60,4,41,0,0,,,,1.0,,,,,0.09523809523809523,74.0,0.8108108108108109,0,13,0.0,0,1
67,7,41,0,0,,,,1.0,,,,,0.16666666666666666,66.0,1.0151515151515151,0,11,0.0,0,1
38,5,41,0,0,,,,1.0,,,,,0.11904761904761904,58.0,0.6551724137931034,0,14,0.0,0,1
46,8,39,0,0,,,,1.0,,,,,0.2,54.0,0.8518518518518519,0,13,0.0,0,1
83,7,42,0,0,,,,1.0,,,,,0.16279069767441862,127.0,0.6535433070866141,0,10,0.0,0,1
42,6,40,0,0,,,,1.0,,,,,0.14634146341463414,53.0,0.7924528301886793,0,9,0.0,0,1
39,5,37,0,0,,,,1.0,,,,,0.13157894736842105,58.0,0.6724137931034483,0,13,0.0,0,1
41,7,36,0,0,,,,1.0,,,,,0.1891891891891892,59.0,0.6949152542372882,0,13,0.0,0,1
45,14,40,0,0,,,,1.0,,,,,0.34146341463414637,70.0,0.6428571428571429,0,8,0.0,0,1
44,2,37,0,0,,,,1.0,,,,,0.05263157894736842,56.0,0.7857142857142857,0,15,0.0,0,1
41,4,36,0,0,,,,1.0,,,,,0.10810810810810811,57.0,0.7192982456140351,0,10,0.0,0,1
50,2,40,0,0,,,,1.0,,,,,0.04878048780487805,68.0,0.7352941176470589,0,13,0.0,0,1
80,3,43,0,0,,,,1.0,,,,,0.06818181818181818,72.0,1.1111111111111112,0,12,0.0,0,1
89,8,38,0,0,,,,1.0,,,,,0.20512820512820512,74.0,1.2027027027027026,0,16,0.0,0,1
42,3,34,0,0,,,,1.0,,,,,0.08571428571428572,53.0,0.7924528301886793,0,11,0.0,0,1
39,2,44,0,0,,,,1.0,,,,,0.044444444444444446,52.0,0.75,0,11,0.0,0,1
33,8,43,0,0,,,,1.0,,,,,0.18181818181818182,56.0,0.5892857142857143,0,12,0.0,0,1
48,9,40,0,0,,,,1.0,,,,,0.21951219512195122,53.0,0.9056603773584906,0,15,0.0,0,1
57,9,40,0,0,,,,1.0,,,,,0.21951219512195122,68.0,0.8382352941176471,0,15,0.0,0,1
43,8,36,0,0,,,,1.0,,,,,0.21621621621621623,69.0,0.6231884057971014,0,13,0.0,0,1
45,5,35,0,0,,,,1.0,,,,,0.1388888888888889,57.0,0.7894736842105263,0,14,0.0,0,1
76,9,46,0,1,,,,1.0,,,,,0.19148936170212766,74.0,1.027027027027027,0,14,0.0,0,1
64,5,40,0,0,,,,1.0,,,,,0.12195121951219512,70.0,0.9142857142857143,0,12,0.0,0,1
76,4,38,0,0,,,,1.0,,,,,0.10256410256410256,73.0,1.0410958904109588,0,12,0.0,0,1
43,5,40,0,0,,,,1.0,,,,,0.12195121951219512,52.0,0.8269230769230769,0,16,0.0,0,1
135,88,210,3,0,,,,1.0,,,,,0.41706161137440756,161.0,0.8385093167701864,0,11,0.0,0,1
74,2,37,0,0,,,,1.0,,,,,0.05263157894736842,73.0,1.0136986301369864,0,13,0.0,0,1
41,8,34,0,0,,,,1.0,,,,,0.22857142857142856,58.0,0.7068965517241379,0,15,0.0,0,1
42,2,42,0,1,,,,1.0,,,,,0.046511627906976744,55.0,0.7636363636363637,0,14,0.0,0,1
56,7,43,0,0,,,,1.0,,,,,0.1590909090909091,61.0,0.9180327868852459,0,11,0.0,0,1
39,2,40,0,0,,,,1.0,,,,,0.04878048780487805,68.0,0.5735294117647058,0,12,0.0,0,1
66,5,39,0,0,,,,1.0,,,,,0.125,73.0,0.9041095890410958,0,12,0.0,0,1
84,2,37,0,0,,,,1.0,,,,,0.05263157894736842,72.0,1.1666666666666667,0,16,0.0,0,1
44,10,37,0,0,,,,1.0,,,,,0.2631578947368421,53.0,0.8301886792452831,0,14,0.0,0,1
45,3,35,0,0,,,,1.0,,,,,0.08333333333333333,62.0,0.7258064516129032,0,14,0.0,0,1
37,6,35,0,0,,,,1.0,,,,,0.16666666666666666,54.0,0.6851851851851852,0,14,0.0,0,1
33,3,39,0,0,,,,1.0,,,,,0.075,59.0,0.559322033898305,0,11,0.0,0,1
40,4,38,0,0,,,,1.0,,,,,0.10256410256410256,59.0,0.6779661016949152,0,11,0.0,0,1
44,5,37,0,0,,,,1.0,,,,,0.13157894736842105,53.0,0.8301886792452831,0,15,0.0,0,1
71,9,33,0,0,,,,1.0,,,,,0.2647058823529412,73.0,0.9726027397260274,0,13,0.0,0,1
42,7,36,0,0,,,,1.0,,,,,0.1891891891891892,60.0,0.7,0,11,0.0,0,1
67,3,45,0,0,,,,1.0,,,,,0.06521739130434782,76.0,0.881578947368421,0,15,0.0,0,1
45,8,39,0,1,,,,1.0,,,,,0.2,55.0,0.8181818181818182,0,14,0.0,0,1
47,2,49,0,0,,,,1.0,,,,,0.04,69.0,0.6811594202898551,0,13,0.0,0,1
56,9,43,0,0,,,,1.0,,,,,0.20454545454545456,74.0,0.7567567567567568,0,12,0.0,0,1
64,14,46,0,0,,,,1.0,,,,,0.2978723404255319,70.0,0.9142857142857143,0,15,0.0,0,1
78,3,40,0,0,,,,1.0,,,,,0.07317073170731707,74.0,1.054054054054054,0,15,0.0,0,1
65,5,41,0,0,,,,1.0,,,,,0.11904761904761904,72.0,0.9027777777777778,0,12,0.0,0,1
47,12,40,0,0,,,,1.0,,,,,0.2926829268292683,68.0,0.6911764705882353,0,15,0.0,0,1
53,6,38,0,0,,,,1.0,,,,,0.15384615384615385,70.0,0.7571428571428571,0,12,0.0,0,1
58,7,37,0,0,,,,1.0,,,,,0.18421052631578946,70.0,0.8285714285714286,0,12,0.0,0,1
218,51,523,0,0,,,,1.0,,,,,0.09732824427480916,75.0,2.9066666666666667,0,11,0.0,0,1
63,7,30,0,0,,,,1.0,,,,,0.22580645161290322,71.0,0.8873239436619719,0,12,0.0,0,1
40,1,37,0,0,,,,1.0,,,,,0.02631578947368421,53.0,0.7547169811320755,0,14,0.0,0,1
65,8,38,0,0,,,,1.0,,,,,0.20512820512820512,72.0,0.9027777777777778,0,15,0.0,0,1
73,5,36,0,1,,,,1.0,,,,,0.13513513513513514,71.0,1.028169014084507,0,13,0.0,0,1
55,6,35,0,0,,,,1.0,,,,,0.16666666666666666,70.0,0.7857142857142857,0,14,0.0,0,1
75,9,43,0,0,,,,1.0,,,,,0.20454545454545456,74.0,1.0135135135135136,0,14,0.0,0,1
57,4,41,0,0,,,,1.0,,,,,0.09523809523809523,66.0,0.8636363636363636,0,13,0.0,0,1
45,4,44,0,1,,,,1.0,,,,,0.08888888888888889,59.0,0.7627118644067796,0,15,0.0,0,1
39,4,42,0,0,,,,1.0,,,,,0.09302325581395349,53.0,0.7358490566037735,0,9,0.0,0,1
66,9,43,0,0,,,,1.0,,,,,0.20454545454545456,73.0,0.9041095890410958,0,13,0.0,0,1
88,8,48,0,0,,,,1.0,,,,,0.16326530612244897,76.0,1.1578947368421053,0,12,0.0,0,1
57,7,35,0,0,,,,1.0,,,,,0.19444444444444445,62.0,0.9193548387096774,0,10,0.0,0,1
42,2,29,0,0,,,,1.0,,,,,0.06666666666666667,54.0,0.7777777777777778,0,14,0.0,0,1
36,3,42,0,0,,,,1.0,,,,,0.06976744186046512,59.0,0.6101694915254238,0,14,0.0,0,1
65,5,42,0,0,,,,1.0,,,,,0.11627906976744186,73.0,0.8904109589041096,0,14,0.0,0,1
43,6,35,0,0,,,,1.0,,,,,0.16666666666666666,54.0,0.7962962962962963,0,16,0.0,0,1
60,5,41,0,0,,,,1.0,,,,,0.11904761904761904,62.0,0.967741935483871,0,14,0.0,0,1
132,107,230,3,0,,,,1.0,,,,,0.46320346320346323,161.0,0.8198757763975155,0,15,0.0,0,1
67,3,49,0,0,,,,1.0,,,,,0.06,62.0,1.0806451612903225,0,10,0.0,0,1
36,6,36,0,0,,,,1.0,,,,,0.16216216216216217,56.0,0.6428571428571429,0,10,0.0,0,1
49,4,41,0,0,,,,1.0,,,,,0.09523809523809523,53.0,0.9245283018867925,0,14,0.0,0,1
52,4,45,0,0,,,,1.0,,,,,0.08695652173913043,60.0,0.8666666666666667,0,11,0.0,0,1
46,10,33,0,0,,,,1.0,,,,,0.29411764705882354,70.0,0.6571428571428571,0,14,0.0,0,1
54,5,39,0,0,,,,1.0,,,,,0.125,67.0,0.8059701492537313,0,16,0.0,0,1
65,6,42,0,0,,,,1.0,,,,,0.13953488372093023,70.0,0.9285714285714286,0,14,0.0,0,1
84,5,46,0,0,,,,1.0,,,,,0.10638297872340426,74.0,1.135135135135135,0,15,0.0,0,1
74,3,46,0,0,,,,1.0,,,,,0.06382978723404255,72.0,1.0277777777777777,0,12,0.0,0,1
78,4,39,0,0,,,,1.0,,,,,0.1,72.0,1.0833333333333333,0,14,0.0,0,1
40,3,43,0,0,,,,1.0,,,,,0.06818181818181818,59.0,0.6779661016949152,0,11,0.0,0,1
69,3,41,0,0,,,,1.0,,,,,0.07142857142857142,70.0,0.9857142857142858,0,12,0.0,0,1
61,2,39,0,0,,,,1.0,,,,,0.05,70.0,0.8714285714285714,0,15,0.0,0,1
36,3,40,0,1,,,,1.0,,,,,0.07317073170731707,68.0,0.5294117647058824,0,11,0.0,0,1
72,5,45,0,0,,,,1.0,,,,,0.10869565217391304,73.0,0.9863013698630136,0,11,0.0,0,1
74,3,41,0,0,,,,1.0,,,,,0.07142857142857142,73.0,1.0136986301369864,0,12,0.0,0,1
63,2,35,0,0,,,,1.0,,,,,0.05555555555555555,70.0,0.9,0,14,0.0,0,1
74,7,41,0,0,,,,1.0,,,,,0.16666666666666666,71.0,1.0422535211267605,0,13,0.0,0,1
32,2,36,0,0,,,,1.0,,,,,0.05405405405405406,53.0,0.6037735849056604,0,12,0.0,0,1
54,5,42,0,0,,,,1.0,,,,,0.11627906976744186,62.0,0.8709677419354839,0,15,0.0,0,1
39,6,46,0,1,,,,1.0,,,,,0.1276595744680851,68.0,0.5735294117647058,0,16,0.0,0,1
45,7,38,0,0,,,,1.0,,,,,0.1794871794871795,54.0,0.8333333333333334,0,16,0.0,0,1
45,4,34,0,0,,,,1.0,,,,,0.11428571428571428,55.0,0.8181818181818182,0,14,0.0,0,1
57,2,39,0,0,,,,1.0,,,,,0.05,71.0,0.8028169014084507,0,13,0.0,0,1
46,7,38,0,0,,,,1.0,,,,,0.1794871794871795,66.0,0.696969696969697,0,14,0.0,0,1
56,3,35,0,0,,,,1.0,,,,,0.08333333333333333,71.0,0.7887323943661971,0,14,0.0,0,1
67,5,41,0,0,,,,1.0,,,,,0.11904761904761904,73.0,0.9178082191780822,0,16,0.0,0,1
56,2,42,0,0,,,,1.0,,,,,0.046511627906976744,71.0,0.7887323943661971,0,14,0.0,0,1
42,0,40,0,0,,,,1.0,,,,,0.0,56.0,0.75,0,11,0.0,0,1
36,4,38,0,0,,,,1.0,,,,,0.10256410256410256,55.0,0.6545454545454545,0,16,0.0,0,1
67,2,35,0,0,,,,1.0,,,,,0.05555555555555555,70.0,0.9571428571428572,0,10,0.0,0,1
70,3,38,0,0,,,,1.0,,,,,0.07692307692307693,72.0,0.9722222222222222,0,14,0.0,0,1
60,6,36,0,0,,,,1.0,,,,,0.16216216216216217,70.0,0.8571428571428571,0,15,0.0,0,1
36,9,41,0,0,,,,1.0,,,,,0.21428571428571427,70.0,0.5142857142857142,0,14,0.0,0,1
38,6,34,0,0,,,,1.0,,,,,0.17142857142857143,57.0,0.6666666666666666,0,14,0.0,0,1
54,2,41,0,0,,,,1.0,,,,,0.047619047619047616,69.0,0.782608695652174,0,13,0.0,0,1
79,6,44,0,2,,,,1.0,,,,,0.13333333333333333,74.0,1.0675675675675675,0,12,0.0,0,1
74,4,44,0,0,,,,1.0,,,,,0.08888888888888889,75.0,0.9866666666666667,0,14,0.0,0,1
37,3,41,0,0,,,,1.0,,,,,0.07142857142857142,67.0,0.5522388059701493,0,15,0.0,0,1
48,3,35,0,0,,,,1.0,,,,,0.08333333333333333,62.0,0.7741935483870968,0,16,0.0,0,1
39,0,40,0,0,,,,1.0,,,,,0.0,58.0,0.6724137931034483,0,13,0.0,0,1
70,6,39,0,0,,,,1.0,,,,,0.15,75.0,0.9333333333333333,0,13,0.0,0,1
47,7,35,0,1,,,,1.0,,,,,0.19444444444444445,68.0,0.6911764705882353,0,16,0.0,0,1
52,9,46,0,0,,,,1.0,,,,,0.19148936170212766,68.0,0.7647058823529411,0,13,0.0,0,1
57,3,39,0,0,,,,1.0,,,,,0.075,63.0,0.9047619047619048,0,16,0.0,0,1
47,4,42,0,0,,,,1.0,,,,,0.09302325581395349,61.0,0.7704918032786885,0,10,0.0,0,1
71,6,40,0,0,,,,1.0,,,,,0.14634146341463414,72.0,0.9861111111111112,0,13,0.0,0,1
39,5,38,0,0,,,,1.0,,,,,0.1282051282051282,58.0,0.6724137931034483,0,16,0.0,0,1
38,2,36,0,0,,,,1.0,,,,,0.05405405405405406,52.0,0.7307692307692307,0,12,0.0,0,1
48,2,36,0,0,,,,1.0,,,,,0.05405405405405406,68.0,0.7058823529411765,0,15,0.0,0,1
78,4,38,0,0,,,,1.0,,,,,0.10256410256410256,72.0,1.0833333333333333,0,13,0.0,0,1
56,6,40,0,0,,,,1.0,,,,,0.14634146341463414,62.0,0.9032258064516129,0,16,0.0,0,1
53,5,42,0,0,,,,1.0,,,,,0.11627906976744186,63.0,0.8412698412698413,0,14,0.0,0,1
34,6,41,0,0,,,,1.0,,,,,0.14285714285714285,54.0,0.6296296296296297,0,13,0.0,0,1
34,6,20,0,0,,,,1.0,,,,,0.2857142857142857,65.0,0.5230769230769231,0,12,0.0,0,1
57,4,38,0,0,,1.0,,1.0,,,,,0.10256410256410256,71.0,0.8028169014084507,0,11,0.0,0,1
60,7,42,0,0,,,,1.0,,,,,0.16279069767441862,70.0,0.8571428571428571,0,13,0.0,0,1
61,8,34,0,0,,,,1.0,,,,,0.22857142857142856,71.0,0.8591549295774648,0,12,0.0,0,1
41,8,44,0,0,,,,1.0,,,,,0.17777777777777778,56.0,0.7321428571428571,0,14,0.0,0,1
47,1,41,0,0,,,,1.0,,,,,0.023809523809523808,55.0,0.8545454545454545,0,10,0.0,0,1
80,8,47,0,0,,1.0,,1.0,,,,,0.16666666666666666,74.0,1.0810810810810811,0,11,0.0,0,1
71,3,41,0,0,,,,1.0,,,,,0.07142857142857142,74.0,0.9594594594594594,0,13,0.0,0,1
45,6,32,0,0,,,,1.0,,,,,0.18181818181818182,57.0,0.7894736842105263,0,12,0.0,0,1
56,0,37,0,0,,,,1.0,,,,,0.0,70.0,0.8,0,14,0.0,0,1
46,7,40,0,0,,,,1.0,,,,,0.17073170731707318,68.0,0.6764705882352942,0,13,0.0,0,1
80,7,40,0,0,,,,1.0,,,,,0.17073170731707318,71.0,1.1267605633802817,0,10,0.0,0,1
65,5,37,0,1,,,,1.0,,,,,0.13157894736842105,69.0,0.9420289855072463,0,10,0.0,0,1
57,5,41,0,1,,,,1.0,,,,,0.11904761904761904,66.0,0.8636363636363636,0,13,0.0,0,1
43,4,34,0,0,,,,1.0,,,,,0.11428571428571428,53.0,0.8113207547169812,0,15,0.0,0,1
66,8,42,0,0,,,,1.0,,,,,0.18604651162790697,74.0,0.8918918918918919,0,15,0.0,0,1
75,2,41,0,0,,,,1.0,,,,,0.047619047619047616,72.0,1.0416666666666667,0,10,0.0,0,1
237,50,589,0,0,,,,1.0,,,,,0.0847457627118644,75.0,3.16,0,14,0.0,0,1
51,12,32,0,0,,,,1.0,,,,,0.36363636363636365,68.0,0.75,0,14,0.0,0,1
49,4,37,0,1,,,,1.0,,,,,0.10526315789473684,67.0,0.7313432835820896,0,15,0.0,0,1
59,2,32,0,1,,,,1.0,,,,,0.06060606060606061,65.0,0.9076923076923077,0,16,0.0,0,1
43,4,41,0,0,,,,1.0,,,,,0.09523809523809523,54.0,0.7962962962962963,0,12,0.0,0,1
61,7,43,0,0,,,,1.0,,,,,0.1590909090909091,68.0,0.8970588235294118,0,16,0.0,0,1
54,10,41,0,0,,,,1.0,,,,,0.23809523809523808,69.0,0.782608695652174,0,13,0.0,0,1
69,6,41,0,0,,,,1.0,,,,,0.14285714285714285,70.0,0.9857142857142858,0,10,0.0,0,1
55,5,42,0,0,,,,1.0,,,,,0.11627906976744186,64.0,0.859375,0,11,0.0,0,1
62,4,44,0,0,,,,1.0,,,,,0.08888888888888889,65.0,0.9538461538461539,0,16,0.0,0,1
55,4,41,0,0,,,,1.0,,,,,0.09523809523809523,67.0,0.8208955223880597,0,11,0.0,0,1
35,7,46,0,0,,,,1.0,,,,,0.14893617021276595,55.0,0.6363636363636364,0,15,0.0,0,1
43,4,32,0,0,,,,1.0,,,,,0.12121212121212122,55.0,0.7818181818181819,0,16,0.0,0,1
85,2,45,0,0,,,,1.0,,,,,0.043478260869565216,72.0,1.1805555555555556,0,13,0.0,0,1
46,3,41,0,0,,,,1.0,,,,,0.07142857142857142,53.0,0.8679245283018868,0,14,0.0,0,1
43,4,43,0,0,,,,1.0,,,,,0.09090909090909091,54.0,0.7962962962962963,0,16,0.0,0,1
66,8,37,0,1,,,,1.0,,,,,0.21052631578947367,70.0,0.9428571428571428,0,14,0.0,0,1
72,12,43,0,0,,,,1.0,,,,,0.2727272727272727,70.0,1.0285714285714285,0,16,0.0,0,1
68,4,42,0,0,,,,1.0,,,,,0.09302325581395349,70.0,0.9714285714285714,0,15,0.0,0,1
57,3,34,0,0,,,,1.0,,,,,0.08571428571428572,68.0,0.8382352941176471,0,8,0.0,0,1
37,5,41,0,0,,,,1.0,,,,,0.11904761904761904,68.0,0.5441176470588235,0,13,0.0,0,1
50,8,35,0,1,,,,1.0,,,,,0.2222222222222222,74.0,0.6756756756756757,0,16,0.0,0,1
71,13,43,0,0,,,,1.0,,,,,0.29545454545454547,71.0,1.0,0,16,0.0,0,1
56,7,35,0,0,,,,1.0,,,,,0.19444444444444445,71.0,0.7887323943661971,0,11,0.0,0,1
50,7,42,0,0,,,,1.0,,,,,0.16279069767441862,69.0,0.7246376811594203,0,9,0.0,0,1
36,7,43,0,0,,,,1.0,,,,,0.1590909090909091,67.0,0.5373134328358209,0,12,0.0,0,1
61,1,42,0,0,,,,1.0,,,,,0.023255813953488372,62.0,0.9838709677419355,0,11,0.0,0,1
46,2,46,0,0,,,,1.0,,,,,0.0425531914893617,53.0,0.8679245283018868,0,16,0.0,0,1
55,8,35,0,0,,,,1.0,,,,,0.2222222222222222,67.0,0.8208955223880597,0,11,0.0,0,1
43,2,41,0,0,,,,1.0,,,,,0.047619047619047616,54.0,0.7962962962962963,0,15,0.0,0,1
77,6,35,0,0,,,,1.0,,,,,0.16666666666666666,71.0,1.0845070422535212,0,16,0.0,0,1
56,4,36,0,0,,,,1.0,,,,,0.10810810810810811,63.0,0.8888888888888888,0,10,0.0,0,1
41,3,37,0,0,,,,1.0,,,,,0.07894736842105263,57.0,0.7192982456140351,0,16,0.0,0,1
68,3,42,0,0,,,,1.0,,,,,0.06976744186046512,74.0,0.918918918918919,0,12,0.0,0,1
62,8,37,0,0,,,,1.0,,,,,0.21052631578947367,71.0,0.8732394366197183,0,14,0.0,0,1
46,4,33,0,0,,,,1.0,,,,,0.11764705882352941,70.0,0.6571428571428571,0,14,0.0,0,1
36,8,40,0,0,,,,1.0,,,,,0.1951219512195122,54.0,0.6666666666666666,0,14,0.0,0,1
64,5,42,0,0,,,,1.0,,,,,0.11627906976744186,69.0,0.927536231884058,0,14,0.0,0,1
66,2,42,0,0,,,,1.0,,,,,0.046511627906976744,71.0,0.9295774647887324,0,13,0.0,0,1
43,7,41,0,0,,,,1.0,,,,,0.16666666666666666,68.0,0.6323529411764706,0,13,0.0,0,1
49,1,40,0,0,,,,1.0,,,,,0.024390243902439025,68.0,0.7205882352941176,0,10,0.0,0,1
71,10,42,0,0,,,,1.0,,,,,0.23255813953488372,72.0,0.9861111111111112,0,15,0.0,0,1
54,3,32,0,0,,,,1.0,,,,,0.09090909090909091,71.0,0.7605633802816901,0,13,0.0,0,1
38,7,39,0,0,,,,1.0,,,,,0.175,68.0,0.5588235294117647,0,12,0.0,0,1
64,2,48,0,0,,,,1.0,,,,,0.04081632653061224,73.0,0.8767123287671232,0,15,0.0,0,1
44,3,36,0,0,,,,1.0,,,,,0.08108108108108109,56.0,0.7857142857142857,0,13,0.0,0,1
42,5,41,0,0,,,,1.0,,,,,0.11904761904761904,54.0,0.7777777777777778,0,12,0.0,0,1
36,2,34,0,0,,,,1.0,,,,,0.05714285714285714,54.0,0.6666666666666666,0,15,0.0,0,1
46,7,34,0,0,,,,1.0,,,,,0.2,53.0,0.8679245283018868,0,12,0.0,0,1
70,1,37,0,1,,,,1.0,,,,,0.02631578947368421,74.0,0.9459459459459459,0,12,0.0,0,1
57,8,43,0,0,,,,1.0,,,,,0.18181818181818182,69.0,0.8260869565217391,0,14,0.0,0,1
61,4,39,0,0,,,,1.0,,,,,0.1,62.0,0.9838709677419355,0,12,0.0,0,1
56,10,39,0,1,,,,1.0,,,,,0.25,70.0,0.8,0,14,0.0,0,1
41,2,37,0,0,,,,1.0,,,,,0.05263157894736842,56.0,0.7321428571428571,0,12,0.0,0,1
41,9,41,0,0,,,,1.0,,,,,0.21428571428571427,70.0,0.5857142857142857,0,14,0.0,0,1
85,7,45,0,0,,,,1.0,,,,,0.15217391304347827,74.0,1.1486486486486487,0,15,0.0,0,1
64,3,47,0,1,,,,1.0,,,,,0.0625,73.0,0.8767123287671232,0,13,0.0,0,1
66,11,45,0,0,,,,1.0,,,,,0.2391304347826087,64.0,1.03125,0,12,0.0,0,1
53,3,42,0,0,,,,1.0,,,,,0.06976744186046512,66.0,0.803030303030303,0,12,0.0,0,1
56,6,40,0,1,,,,1.0,,,,,0.14634146341463414,70.0,0.8,0,16,0.0,0,1
80,11,43,0,0,,,,1.0,,,,,0.25,74.0,1.0810810810810811,0,13,0.0,0,1
37,9,39,0,0,,,,1.0,,,,,0.225,58.0,0.6379310344827587,0,15,0.0,0,1
86,4,38,0,0,,,,1.0,,,,,0.10256410256410256,73.0,1.178082191780822,0,12,0.0,0,1
75,7,45,0,0,,,,1.0,,,,,0.15217391304347827,73.0,1.0273972602739727,0,16,0.0,0,1
62,4,35,0,0,,,,1.0,,,,,0.1111111111111111,64.0,0.96875,0,14,0.0,0,1
42,5,43,0,0,,,,1.0,,,,,0.11363636363636363,56.0,0.75,0,11,0.0,0,1
44,10,32,0,0,,,,1.0,,,,,0.30303030303030304,69.0,0.6376811594202898,0,10,0.0,0,1
42,7,35,0,1,,,,1.0,,,,,0.19444444444444445,60.0,0.7,0,13,0.0,0,1
65,2,36,0,0,,,,1.0,,,,,0.05405405405405406,72.0,0.9027777777777778,0,16,0.0,0,1
51,4,35,0,0,,,,1.0,,,,,0.1111111111111111,62.0,0.8225806451612904,0,15,0.0,0,1
76,4,40,0,0,,,,1.0,,,,,0.0975609756097561,71.0,1.0704225352112675,0,16,0.0,0,1
44,5,38,0,0,,,,1.0,,,,,0.1282051282051282,69.0,0.6376811594202898,0,11,0.0,0,1
80,8,49,0,0,,,,1.0,,,,,0.16,73.0,1.095890410958904,0,12,0.0,0,1
68,3,42,0,0,,,,1.0,,,,,0.06976744186046512,72.0,0.9444444444444444,0,13,0.0,0,1
66,5,39,0,0,,,,1.0,,,,,0.125,74.0,0.8918918918918919,0,14,0.0,0,1
60,8,42,0,0,,,,1.0,,,,,0.18604651162790697,60.0,1.0,0,13,0.0,0,1
69,9,39,0,0,,,,1.0,,,,,0.225,68.0,1.0147058823529411,0,11,0.0,0,1
65,7,41,0,0,,,,1.0,,,,,0.16666666666666666,70.0,0.9285714285714286,0,15,0.0,0,1
39,5,42,0,0,,,,1.0,,,,,0.11627906976744186,68.0,0.5735294117647058,0,15,0.0,0,1
62,0,39,0,0,,,,1.0,,,,,0.0,68.0,0.9117647058823529,0,12,0.0,0,1
41,8,34,0,0,,,,1.0,,,,,0.22857142857142856,58.0,0.7068965517241379,0,9,0.0,0,1
48,5,33,0,1,,,,1.0,,,,,0.14705882352941177,55.0,0.8727272727272727,0,12,0.0,0,1
43,11,37,0,0,,,,1.0,,,,,0.2894736842105263,70.0,0.6142857142857143,0,12,0.0,0,1
45,2,33,0,0,,,,1.0,,,,,0.058823529411764705,59.0,0.7627118644067796,0,16,0.0,0,1
45,6,39,0,0,,,,1.0,,,,,0.15,69.0,0.6521739130434783,0,10,0.0,0,1
44,3,38,0,0,,,,1.0,,,,,0.07692307692307693,53.0,0.8301886792452831,0,14,0.0,0,1
40,3,36,0,0,,,,1.0,,,,,0.08108108108108109,55.0,0.7272727272727273,0,11,0.0,0,1
46,6,36,0,0,,,,1.0,,,,,0.16216216216216217,56.0,0.8214285714285714,0,14,0.0,0,1
70,5,37,0,0,,,,1.0,,,,,0.13157894736842105,72.0,0.9722222222222222,0,12,0.0,0,1
42,6,33,0,0,,,,1.0,,,,,0.17647058823529413,53.0,0.7924528301886793,0,12,0.0,0,1
56,3,41,0,0,,,,1.0,,,,,0.07142857142857142,62.0,0.9032258064516129,0,13,0.0,0,1
70,2,38,0,0,,,,1.0,,,,,0.05128205128205128,72.0,0.9722222222222222,0,12,0.0,0,1
51,3,35,0,1,,,,1.0,,,,,0.08333333333333333,65.0,0.7846153846153846,0,15,0.0,0,1
44,6,35,0,0,,,,1.0,,,,,0.16666666666666666,53.0,0.8301886792452831,0,14,0.0,0,1
39,4,36,0,0,,,,1.0,,,,,0.10810810810810811,67.0,0.582089552238806,0,16,0.0,0,1
64,2,40,0,0,,,,1.0,,,,,0.04878048780487805,71.0,0.9014084507042254,0,15,0.0,0,1
78,6,41,0,0,,,,1.0,,,,,0.14285714285714285,75.0,1.04,0,14,0.0,0,1
61,6,35,0,1,,,,1.0,,,,,0.16666666666666666,71.0,0.8591549295774648,0,13,0.0,0,1
76,4,42,0,0,,,,1.0,,,,,0.09302325581395349,73.0,1.0410958904109588,0,14,0.0,0,1
44,3,35,0,0,,,,1.0,,,,,0.08333333333333333,58.0,0.7586206896551724,0,11,0.0,0,1
55,5,31,0,0,,,,1.0,,,,,0.15625,62.0,0.8870967741935484,0,12,0.0,0,1
57,6,37,0,0,,,,1.0,,,,,0.15789473684210525,70.0,0.8142857142857143,0,14,0.0,0,1
33,7,38,0,0,,,,1.0,,,,,0.1794871794871795,59.0,0.559322033898305,0,13,0.0,0,1
65,4,41,0,0,,,,1.0,,,,,0.09523809523809523,74.0,0.8783783783783784,0,16,0.0,0,1
63,10,39,0,0,,,,1.0,,,,,0.25,69.0,0.9130434782608695,0,14,0.0,0,1
69,5,38,0,0,,,,1.0,,,,,0.1282051282051282,72.0,0.9583333333333334,0,16,0.0,0,1
38,1,39,0,0,,,,1.0,,,,,0.025,56.0,0.6785714285714286,0,11,0.0,0,1
66,5,42,0,0,,,,1.0,,,,,0.11627906976744186,74.0,0.8918918918918919,0,14,0.0,0,1
46,5,45,0,0,,,,1.0,,,,,0.10869565217391304,68.0,0.6764705882352942,0,11,0.0,0,1
63,10,38,0,0,,,,1.0,,,,,0.2564102564102564,67.0,0.9402985074626866,0,14,0.0,0,1
63,9,45,0,0,,,,1.0,,,,,0.1956521739130435,62.0,1.0161290322580645,0,16,0.0,0,1
64,4,37,0,0,,,,1.0,,,,,0.10526315789473684,71.0,0.9014084507042254,0,14,0.0,0,1
58,3,35,0,0,,,,1.0,,,,,0.08333333333333333,66.0,0.8787878787878788,0,15,0.0,0,1
54,3,35,0,0,,,,1.0,,,,,0.08333333333333333,70.0,0.7714285714285715,0,16,0.0,0,1
39,4,38,0,0,,,,1.0,,,,,0.10256410256410256,59.0,0.6610169491525424,0,11,0.0,0,1
75,7,48,0,0,,,,1.0,,,,,0.14285714285714285,76.0,0.9868421052631579,0,13,0.0,0,1
77,7,52,0,0,,,,1.0,,,,,0.1320754716981132,76.0,1.013157894736842,0,12,0.0,0,1
67,1,39,0,0,,,,1.0,,,,,0.025,70.0,0.9571428571428572,0,15,0.0,0,1
80,10,38,0,0,,,,1.0,,,,,0.2564102564102564,75.0,1.0666666666666667,0,13,0.0,0,1
56,3,32,0,0,,,,1.0,,,,,0.09090909090909091,63.0,0.8888888888888888,0,11,0.0,0,1
42,4,38,0,0,,,,1.0,,,,,0.10256410256410256,58.0,0.7241379310344828,0,11,0.0,0,1
82,4,44,0,0,,,,1.0,,,,,0.08888888888888889,74.0,1.1081081081081081,0,15,0.0,0,1
66,4,39,0,1,,,,1.0,,,,,0.1,75.0,0.88,0,14,0.0,0,1
81,7,45,0,1,,,,1.0,,,,,0.15217391304347827,74.0,1.0945945945945945,0,12,0.0,0,1
318,84,876,0,0,,,,1.0,,,,,0.09578107183580388,75.0,4.24,0,15,0.0,0,1
55,5,46,0,0,,,,1.0,,,,,0.10638297872340426,66.0,0.8333333333333334,0,13,0.0,0,1
59,8,40,0,1,,,,1.0,,,,,0.1951219512195122,67.0,0.8805970149253731,0,15,0.0,0,1
56,7,38,0,0,,,,1.0,,,,,0.1794871794871795,66.0,0.8484848484848485,0,12,0.0,0,1
55,4,43,0,0,,,,1.0,,,,,0.09090909090909091,66.0,0.8333333333333334,0,13,0.0,0,1
55,8,35,0,1,,,,1.0,,,,,0.2222222222222222,66.0,0.8333333333333334,0,14,0.0,0,1
45,1,37,0,0,,,,1.0,,,,,0.02631578947368421,67.0,0.6716417910447762,0,11,0.0,0,1
48,4,38,0,0,,,,1.0,,,,,0.10256410256410256,66.0,0.7272727272727273,0,12,0.0,0,1
47,6,38,0,0,,,,1.0,,,,,0.15384615384615385,67.0,0.7014925373134329,0,12,0.0,0,1
59,5,35,0,0,,,,1.0,,,,,0.1388888888888889,67.0,0.8805970149253731,0,15,0.0,0,1
47,6,41,0,0,,,,1.0,,,,,0.14285714285714285,67.0,0.7014925373134329,0,11,0.0,0,1
58,2,34,0,0,,,,1.0,,,,,0.05714285714285714,66.0,0.8787878787878788,0,14,0.0,0,1
58,3,33,0,0,,,,1.0,,,,,0.08823529411764706,67.0,0.8656716417910447,0,11,0.0,0,1
55,2,34,0,0,,,,1.0,,,,,0.05714285714285714,63.0,0.873015873015873,0,14,0.0,0,1
61,5,44,0,0,,,,1.0,,,,,0.1111111111111111,63.0,0.9682539682539683,0,15,0.0,0,1
58,3,43,0,0,,,,1.0,,,,,0.06818181818181818,66.0,0.8787878787878788,0,14,0.0,0,1
55,5,44,0,0,,1.0,,1.0,,,,,0.1111111111111111,67.0,0.8208955223880597,0,12,0.0,0,1
55,2,35,0,0,,,,1.0,,,,,0.05555555555555555,62.0,0.8870967741935484,0,15,0.0,0,1
45,3,42,0,0,,,,1.0,,,,,0.06976744186046512,66.0,0.6818181818181818,0,15,0.0,0,1
50,5,44,0,0,,,,1.0,,,,,0.1111111111111111,66.0,0.7575757575757576,0,13,0.0,0,1
61,1,43,0,1,,,,1.0,,,,,0.022727272727272728,65.0,0.9384615384615385,0,13,0.0,0,1
64,3,45,0,0,,,,1.0,,,,,0.06521739130434782,67.0,0.9552238805970149,0,16,0.0,0,1
54,2,41,0,0,,,,1.0,,,,,0.047619047619047616,67.0,0.8059701492537313,0,13,0.0,0,1
56,6,46,0,0,,,,1.0,,,,,0.1276595744680851,67.0,0.835820895522388,0,13,0.0,0,1
61,7,41,0,0,,,,1.0,,,,,0.16666666666666666,67.0,0.9104477611940298,0,13,0.0,0,1
54,6,42,0,1,,,,1.0,,,,,0.13953488372093023,67.0,0.8059701492537313,0,10,0.0,0,1
48,5,41,0,0,,,,1.0,,,,,0.11904761904761904,63.0,0.7619047619047619,0,11,0.0,0,1
59,4,42,0,0,,,,1.0,,,,,0.09302325581395349,63.0,0.9365079365079365,0,16,0.0,0,1
59,6,42,0,0,,,,1.0,,,,,0.13953488372093023,62.0,0.9516129032258065,0,13,0.0,0,1
55,4,40,0,0,,1.0,,1.0,,,,,0.0975609756097561,67.0,0.8208955223880597,0,11,0.0,0,1
58,6,43,0,0,,,,1.0,,,,,0.13636363636363635,62.0,0.9354838709677419,0,11,0.0,0,1
60,6,46,0,0,,,,1.0,,,,,0.1276595744680851,65.0,0.9230769230769231,0,14,0.0,0,1
46,5,35,0,0,,,,1.0,,,,,0.1388888888888889,62.0,0.7419354838709677,0,15,0.0,0,1
55,4,35,0,0,,,,1.0,,,,,0.1111111111111111,62.0,0.8870967741935484,0,13,0.0,0,1
62,2,37,0,0,,,,1.0,,,,,0.05263157894736842,65.0,0.9538461538461539,0,15,0.0,0,1
58,6,36,0,1,,,,1.0,,,,,0.16216216216216217,65.0,0.8923076923076924,0,13,0.0,0,1
49,4,37,0,0,,,,1.0,,,,,0.10526315789473684,64.0,0.765625,0,14,0.0,0,1
59,3,35,0,0,,,,1.0,,,,,0.08333333333333333,64.0,0.921875,0,14,0.0,0,1
48,6,37,0,0,,,,1.0,,,,,0.15789473684210525,65.0,0.7384615384615385,0,13,0.0,0,1
58,2,39,0,0,,,,1.0,,,,,0.05,64.0,0.90625,0,14,0.0,0,1
57,3,36,0,0,,,,1.0,,,,,0.08108108108108109,65.0,0.8769230769230769,0,13,0.0,0,1
63,6,33,0,0,,,,1.0,,,,,0.17647058823529413,66.0,0.9545454545454546,0,15,0.0,0,1
59,5,39,0,1,,,,1.0,,,,,0.125,62.0,0.9516129032258065,0,16,0.0,0,1
50,6,38,0,0,,,,1.0,,,,,0.15384615384615385,66.0,0.7575757575757576,0,15,0.0,0,1
59,4,37,0,0,,,,1.0,,,,,0.10526315789473684,64.0,0.921875,0,14,0.0,0,1
48,4,40,0,0,,,,1.0,,,,,0.0975609756097561,62.0,0.7741935483870968,0,10,0.0,0,1
53,5,46,0,0,,,,1.0,,,,,0.10638297872340426,62.0,0.8548387096774194,0,13,0.0,0,1
50,4,43,0,0,,,,1.0,,,,,0.09090909090909091,61.0,0.819672131147541,0,14,0.0,0,1
64,5,41,0,0,,,,1.0,,,,,0.11904761904761904,62.0,1.032258064516129,0,10,0.0,0,1
60,5,44,0,1,,,,1.0,,,,,0.1111111111111111,65.0,0.9230769230769231,0,15,0.0,0,1
50,8,43,0,1,,,,1.0,,,,,0.18181818181818182,62.0,0.8064516129032258,0,13,0.0,0,1
47,3,36,0,0,,,,1.0,,,,,0.08108108108108109,65.0,0.7230769230769231,0,10,0.0,0,1
60,6,43,0,0,,,,1.0,,,,,0.13636363636363635,61.0,0.9836065573770492,0,15,0.0,0,1
56,2,41,0,0,,,,1.0,,,,,0.047619047619047616,66.0,0.8484848484848485,0,13,0.0,0,1
59,5,41,0,0,,,,1.0,,,,,0.11904761904761904,63.0,0.9365079365079365,0,9,0.0,0,1
60,2,38,0,0,,,,1.0,,,,,0.05128205128205128,62.0,0.967741935483871,0,11,0.0,0,1
59,2,40,0,0,,,,1.0,,,,,0.04878048780487805,61.0,0.9672131147540983,0,11,0.0,0,1
46,6,40,0,0,,,,1.0,,,,,0.14634146341463414,63.0,0.7301587301587301,0,11,0.0,0,1
48,3,41,0,0,,,,1.0,,,,,0.07142857142857142,64.0,0.75,0,14,0.0,0,1
59,6,41,0,0,,,,1.0,,,,,0.14285714285714285,60.0,0.9833333333333333,0,13,0.0,0,1
60,3,41,0,0,,,,1.0,,,,,0.07142857142857142,62.0,0.967741935483871,0,10,0.0,0,1
59,2,40,0,0,,,,1.0,,,,,0.04878048780487805,63.0,0.9365079365079365,0,12,0.0,0,1
59,4,37,0,1,,,,1.0,,,,,0.10526315789473684,66.0,0.8939393939393939,0,11,0.0,0,1
50,4,43,0,0,,,,1.0,,,,,0.09090909090909091,62.0,0.8064516129032258,0,15,0.0,0,1
57,6,44,0,0,,,,1.0,,,,,0.13333333333333333,64.0,0.890625,0,12,0.0,0,1
60,6,41,0,0,,,,1.0,,,,,0.14285714285714285,66.0,0.9090909090909091,0,14,0.0,0,1
57,2,39,0,0,,,,1.0,,,,,0.05,64.0,0.890625,0,11,0.0,0,1
57,5,39,0,0,,,,1.0,,,,,0.125,65.0,0.8769230769230769,0,13,0.0,0,1
56,4,43,0,0,,,,1.0,,,,,0.09090909090909091,64.0,0.875,0,14,0.0,0,1
47,3,37,0,0,,,,1.0,,,,,0.07894736842105263,61.0,0.7704918032786885,0,11,0.0,0,1
60,8,44,0,0,,,,1.0,,,,,0.17777777777777778,64.0,0.9375,0,15,0.0,0,1
61,4,44,0,1,,,,1.0,,,,,0.08888888888888889,61.0,1.0,0,10,0.0,0,1
49,6,34,0,0,,,,1.0,,,,,0.17142857142857143,61.0,0.8032786885245902,0,13,0.0,0,1
48,5,47,0,0,,,,1.0,,,,,0.10416666666666667,67.0,0.7164179104477612,0,16,0.0,0,1
56,4,43,0,0,,,,1.0,,,,,0.09090909090909091,63.0,0.8888888888888888,0,13,0.0,0,1
52,5,46,0,0,,1.0,,1.0,,,,,0.10638297872340426,62.0,0.8387096774193549,0,12,0.0,0,1
62,8,34,0,0,,,,1.0,,,,,0.22857142857142856,67.0,0.9253731343283582,0,14,0.0,0,1
62,3,36,0,0,,,,1.0,,,,,0.08108108108108109,61.0,1.0163934426229508,0,11,0.0,0,1
65,9,45,0,0,,,,1.0,,,,,0.1956521739130435,61.0,1.0655737704918034,0,9,0.0,0,1
52,3,43,0,0,,,,1.0,,,,,0.06818181818181818,62.0,0.8387096774193549,0,11,0.0,0,1
58,4,38,0,0,,,,1.0,,,,,0.10256410256410256,61.0,0.9508196721311475,0,15,0.0,0,1
65,7,41,0,0,,,,1.0,,,,,0.16666666666666666,61.0,1.0655737704918034,0,16,0.0,0,1
63,1,41,0,0,,,,1.0,,,,,0.023809523809523808,62.0,1.0161290322580645,0,15,0.0,0,1
60,3,37,0,0,,,,1.0,,,,,0.07894736842105263,63.0,0.9523809523809523,0,12,0.0,0,1
67,9,48,0,0,,,,1.0,,,,,0.1836734693877551,62.0,1.0806451612903225,0,13,0.0,0,1
57,1,41,0,0,,,,1.0,,,,,0.023809523809523808,67.0,0.8507462686567164,0,12,0.0,0,1
54,7,34,0,0,,,,1.0,,,,,0.2,60.0,0.9,0,12,0.0,0,1
61,5,35,0,0,,,,1.0,,,,,0.1388888888888889,62.0,0.9838709677419355,0,16,0.0,0,1
66,3,35,0,0,,,,1.0,,,,,0.08333333333333333,63.0,1.0476190476190477,0,15,0.0,0,1
64,7,44,0,0,,,,1.0,,,,,0.15555555555555556,153.0,0.41830065359477125,0,11,0.0,0,1
62,6,35,0,0,,,,1.0,,,,,0.16666666666666666,68.0,0.9117647058823529,0,15,0.0,0,1
63,20,41,0,0,,,,1.0,,,,,0.47619047619047616,68.0,0.9264705882352942,0,14,0.0,0,1
52,1,35,0,0,,,,1.0,,,,,0.027777777777777776,68.0,0.7647058823529411,0,15,0.0,0,1
59,7,43,0,0,,,,1.0,,,,,0.1590909090909091,68.0,0.8676470588235294,0,13,0.0,0,1
62,1,36,0,0,,,,1.0,,,,,0.02702702702702703,69.0,0.8985507246376812,0,16,0.0,0,1
60,3,45,0,0,,,,1.0,,,,,0.06521739130434782,69.0,0.8695652173913043,0,16,0.0,0,1
59,3,39,0,0,,,,1.0,,,,,0.075,69.0,0.855072463768116,0,13,0.0,0,1
49,5,37,0,0,,,,1.0,,,,,0.13157894736842105,68.0,0.7205882352941176,0,14,0.0,0,1
58,2,40,0,0,,,,1.0,,,,,0.04878048780487805,69.0,0.8405797101449275,0,12,0.0,0,1
54,1,34,0,0,,,,1.0,,,,,0.02857142857142857,68.0,0.7941176470588235,0,15,0.0,0,1
63,6,42,0,0,,,,1.0,,,,,0.13953488372093023,68.0,0.9264705882352942,0,11,0.0,0,1
64,4,34,0,0,,,,1.0,,,,,0.11428571428571428,69.0,0.927536231884058,0,11,0.0,0,1
62,4,44,0,0,,,,1.0,,,,,0.08888888888888889,68.0,0.9117647058823529,0,14,0.0,0,1
63,8,42,0,0,,,,1.0,,,,,0.18604651162790697,69.0,0.9130434782608695,0,14,0.0,0,1
58,6,34,0,0,,,,1.0,,,,,0.17142857142857143,69.0,0.8405797101449275,0,13,0.0,0,1
57,8,45,0,0,,,,1.0,,,,,0.17391304347826086,69.0,0.8260869565217391,0,15,0.0,0,1
64,6,40,0,0,,,,1.0,,,,,0.14634146341463414,69.0,0.927536231884058,0,15,0.0,0,1
66,8,37,0,0,,,,1.0,,,,,0.21052631578947367,69.0,0.9565217391304348,0,12,0.0,0,1
63,3,44,0,0,,,,1.0,,,,,0.06666666666666667,69.0,0.9130434782608695,0,13,0.0,0,1
64,9,43,0,0,,,,1.0,,,,,0.20454545454545456,69.0,0.927536231884058,0,14,0.0,0,1
62,5,37,0,0,,,,1.0,,,,,0.13157894736842105,69.0,0.8985507246376812,0,16,0.0,0,1
66,6,39,0,0,,,,1.0,,,,,0.15,69.0,0.9565217391304348,0,15,0.0,0,1
58,8,42,0,0,,,,1.0,,,,,0.18604651162790697,69.0,0.8405797101449275,0,8,0.0,0,1
67,4,41,0,0,,,,1.0,,,,,0.09523809523809523,69.0,0.9710144927536232,0,15,0.0,0,1
61,7,44,0,0,,,,1.0,,,,,0.15555555555555556,70.0,0.8714285714285714,0,15,0.0,0,1
59,7,36,0,0,,,,1.0,,,,,0.1891891891891892,70.0,0.8428571428571429,0,11,0.0,0,1
55,4,37,0,0,,,,1.0,,,,,0.10526315789473684,69.0,0.7971014492753623,0,10,0.0,0,1
67,5,41,0,0,,,,1.0,,,,,0.11904761904761904,69.0,0.9710144927536232,0,16,0.0,0,1
62,6,42,0,0,,,,1.0,,,,,0.13953488372093023,70.0,0.8857142857142857,0,12,0.0,0,1
69,6,41,0,0,,,,1.0,,,,,0.14285714285714285,70.0,0.9857142857142858,0,15,0.0,0,1
65,11,40,0,0,,,,1.0,,,,,0.2682926829268293,69.0,0.9420289855072463,0,13,0.0,0,1
55,12,37,0,0,,,,1.0,,,,,0.3157894736842105,69.0,0.7971014492753623,0,13,0.0,0,1
60,10,41,0,0,,,,1.0,,,,,0.23809523809523808,69.0,0.8695652173913043,0,13,0.0,0,1
58,7,39,0,0,,,,1.0,,,,,0.175,70.0,0.8285714285714286,0,14,0.0,0,1
51,4,42,0,0,,,,1.0,,,,,0.09302325581395349,70.0,0.7285714285714285,0,16,0.0,0,1
57,11,41,0,0,,,,1.0,,,,,0.2619047619047619,70.0,0.8142857142857143,0,14,0.0,0,1
65,8,43,0,0,,,,1.0,,,,,0.18181818181818182,70.0,0.9285714285714286,0,13,0.0,0,1
70,9,45,0,0,,,,1.0,,,,,0.1956521739130435,69.0,1.0144927536231885,0,10,0.0,0,1
60,7,36,0,0,,,,1.0,,,,,0.1891891891891892,70.0,0.8571428571428571,0,11,0.0,0,1
44,4,38,0,0,,,,1.0,,,,,0.10256410256410256,70.0,0.6285714285714286,0,11,0.0,0,1
56,6,38,0,0,,,,1.0,,,,,0.15384615384615385,70.0,0.8,0,16,0.0,0,1
62,3,33,0,0,,,,1.0,,,,,0.08823529411764706,70.0,0.8857142857142857,0,13,0.0,0,1
60,9,39,0,0,,,,1.0,,,,,0.225,70.0,0.8571428571428571,0,14,0.0,0,1
59,8,40,0,0,,,,1.0,,,,,0.1951219512195122,70.0,0.8428571428571429,0,13,0.0,0,1
55,6,29,0,0,,,,1.0,,,,,0.2,70.0,0.7857142857142857,0,13,0.0,0,1
51,4,37,0,0,,,,1.0,,,,,0.10526315789473684,74.0,0.6891891891891891,0,13,0.0,0,1
60,5,40,0,0,,,,1.0,,,,,0.12195121951219512,71.0,0.8450704225352113,0,13,0.0,0,1
62,3,38,0,0,,,,1.0,,,,,0.07692307692307693,69.0,0.8985507246376812,0,13,0.0,0,1
56,2,42,0,0,,,,1.0,,,,,0.046511627906976744,70.0,0.8,0,13,0.0,0,1
64,8,43,0,0,,,,1.0,,,,,0.18181818181818182,70.0,0.9142857142857143,0,15,0.0,0,1
65,8,37,0,0,,,,1.0,,,,,0.21052631578947367,70.0,0.9285714285714286,0,14,0.0,0,1
63,6,39,0,1,,,,1.0,,,,,0.15,74.0,0.8513513513513513,0,14,0.0,0,1
64,6,36,0,0,,,,1.0,,,,,0.16216216216216217,70.0,0.9142857142857143,0,15,0.0,0,1
56,4,40,0,0,,,,1.0,,,,,0.0975609756097561,74.0,0.7567567567567568,0,15,0.0,0,1
64,2,47,0,0,,,,1.0,,,,,0.041666666666666664,70.0,0.9142857142857143,0,11,0.0,0,1
62,4,43,0,0,,,,1.0,,,,,0.09090909090909091,73.0,0.8493150684931506,0,11,0.0,0,1
66,4,38,0,0,,,,1.0,,,,,0.10256410256410256,70.0,0.9428571428571428,0,13,0.0,0,1
54,2,41,0,0,,,,1.0,,,,,0.047619047619047616,71.0,0.7605633802816901,0,14,0.0,0,1
64,1,39,0,0,,,,1.0,,,,,0.025,74.0,0.8648648648648649,0,12,0.0,0,1
52,6,41,0,0,,,,1.0,,,,,0.14285714285714285,74.0,0.7027027027027027,0,13,0.0,0,1
57,3,41,0,0,,,,1.0,,,,,0.07142857142857142,70.0,0.8142857142857143,0,11,0.0,0,1
64,1,35,0,1,,,,1.0,,,,,0.027777777777777776,70.0,0.9142857142857143,0,14,0.0,0,1
61,4,40,0,0,,,,1.0,,,,,0.0975609756097561,70.0,0.8714285714285714,0,14,0.0,0,1
61,1,39,0,0,,,,1.0,,,,,0.025,71.0,0.8591549295774648,0,13,0.0,0,1
62,7,34,0,0,,,,1.0,,,,,0.2,71.0,0.8732394366197183,0,9,0.0,0,1
57,5,43,0,0,,,,1.0,,,,,0.11363636363636363,71.0,0.8028169014084507,0,13,0.0,0,1
65,3,43,0,1,,,,1.0,,,,,0.06818181818181818,70.0,0.9285714285714286,0,13,0.0,0,1
55,4,36,0,0,,,,1.0,,,,,0.10810810810810811,70.0,0.7857142857142857,0,14,0.0,0,1
68,7,40,0,0,,,,1.0,,,,,0.17073170731707318,70.0,0.9714285714285714,0,14,0.0,0,1
61,3,37,0,0,,,,1.0,,,,,0.07894736842105263,71.0,0.8591549295774648,0,14,0.0,0,1
61,5,32,0,0,,,,1.0,,,,,0.15151515151515152,70.0,0.8714285714285714,0,16,0.0,0,1
63,8,36,0,0,,,,1.0,,,,,0.21621621621621623,70.0,0.9,0,15,0.0,0,1
59,7,34,0,0,,,,1.0,,,,,0.2,70.0,0.8428571428571429,0,15,0.0,0,1
60,2,41,0,0,,,,1.0,,,,,0.047619047619047616,71.0,0.8450704225352113,0,16,0.0,0,1
64,4,36,0,0,,,,1.0,,,,,0.10810810810810811,71.0,0.9014084507042254,0,16,0.0,0,1
62,4,42,0,1,,,,1.0,,,,,0.09302325581395349,70.0,0.8857142857142857,0,13,0.0,0,1
51,2,37,0,0,,,,1.0,,,,,0.05263157894736842,70.0,0.7285714285714285,0,14,0.0,0,1
64,4,31,0,0,,,,1.0,,,,,0.125,71.0,0.9014084507042254,0,14,0.0,0,1
63,4,40,0,0,,,,1.0,,,,,0.0975609756097561,70.0,0.9,0,13,0.0,0,1
66,7,52,0,0,,,,1.0,,,,,0.1320754716981132,76.0,0.868421052631579,0,14,0.0,0,1
60,9,41,0,0,,,,1.0,,,,,0.21428571428571427,71.0,0.8450704225352113,0,15,0.0,0,1
56,6,37,0,0,,,,1.0,,,,,0.15789473684210525,71.0,0.7887323943661971,0,15,0.0,0,1
67,7,46,0,0,,,,1.0,,,,,0.14893617021276595,70.0,0.9571428571428572,0,13,0.0,0,1
70,5,44,0,0,,,,1.0,,,,,0.1111111111111111,70.0,1.0,0,16,0.0,0,1
63,7,40,0,0,,,,1.0,,,,,0.17073170731707318,70.0,0.9,0,15,0.0,0,1
55,5,47,0,0,,,,1.0,,,,,0.10416666666666667,71.0,0.7746478873239436,0,15,0.0,0,1
69,6,39,0,0,,,,1.0,,,,,0.15,71.0,0.971830985915493,0,15,0.0,0,1
70,10,41,0,0,,,,1.0,,,,,0.23809523809523808,70.0,1.0,0,15,0.0,0,1
66,4,36,0,0,,,,1.0,,,,,0.10810810810810811,70.0,0.9428571428571428,0,15,0.0,0,1
69,5,36,0,1,,,,1.0,,,,,0.13513513513513514,70.0,0.9857142857142858,0,14,0.0,0,1
66,8,44,0,0,,,,1.0,,,,,0.17777777777777778,71.0,0.9295774647887324,0,16,0.0,0,1
59,14,38,0,1,,,,1.0,,,,,0.358974358974359,73.0,0.8082191780821918,0,13,0.0,0,1
61,5,42,0,0,,,,1.0,,,,,0.11627906976744186,70.0,0.8714285714285714,0,13,0.0,0,1
51,5,37,0,0,,,,1.0,,,,,0.13157894736842105,70.0,0.7285714285714285,0,10,0.0,0,1
53,2,40,0,1,,1.0,,1.0,,,,,0.04878048780487805,73.0,0.726027397260274,0,16,0.0,0,1
68,4,39,0,0,,,,1.0,,,,,0.1,72.0,0.9444444444444444,0,13,0.0,0,1
61,6,46,0,0,,,,1.0,,,,,0.1276595744680851,70.0,0.8714285714285714,0,12,0.0,0,1
65,4,43,0,0,,,,1.0,,,,,0.09090909090909091,73.0,0.8904109589041096,0,14,0.0,0,1
54,10,34,0,0,,,,1.0,,,,,0.2857142857142857,73.0,0.7397260273972602,0,15,0.0,0,1
64,4,37,0,0,,,,1.0,,,,,0.10526315789473684,73.0,0.8767123287671232,0,13,0.0,0,1
70,1,30,0,0,,,,1.0,,,,,0.03225806451612903,71.0,0.9859154929577465,0,12,0.0,0,1
47,4,39,0,0,,,,1.0,,,,,0.1,71.0,0.6619718309859155,0,13,0.0,0,1
73,7,36,0,0,,,,1.0,,,,,0.1891891891891892,72.0,1.0138888888888888,0,10,0.0,0,1
65,9,33,0,1,,,,1.0,,,,,0.2647058823529412,74.0,0.8783783783783784,0,10,0.0,0,1
64,3,42,0,0,,,,1.0,,,,,0.06976744186046512,72.0,0.8888888888888888,0,13,0.0,0,1
63,9,34,0,0,,,,1.0,,,,,0.2571428571428571,74.0,0.8513513513513513,0,16,0.0,0,1
67,3,46,0,0,,,,1.0,,,,,0.06382978723404255,73.0,0.9178082191780822,0,14,0.0,0,1
62,6,35,0,0,,,,1.0,,,,,0.16666666666666666,74.0,0.8378378378378378,0,13,0.0,0,1
62,6,50,0,0,,,,1.0,,,,,0.11764705882352941,74.0,0.8378378378378378,0,10,0.0,0,1
55,3,38,0,0,,,,1.0,,,,,0.07692307692307693,75.0,0.7333333333333333,0,16,0.0,0,1
61,5,42,0,0,,,,1.0,,,,,0.11627906976744186,74.0,0.8243243243243243,0,12,0.0,0,1
66,6,43,0,0,,,,1.0,,,,,0.13636363636363635,71.0,0.9295774647887324,0,14,0.0,0,1
61,4,41,0,1,,,,1.0,,,,,0.09523809523809523,73.0,0.8356164383561644,0,12,0.0,0,1
76,4,40,0,0,,,,1.0,,,,,0.0975609756097561,74.0,1.027027027027027,0,12,0.0,0,1
65,1,38,0,0,,,,1.0,,,,,0.02564102564102564,71.0,0.9154929577464789,0,12,0.0,0,1
75,5,41,0,0,,,,1.0,,,,,0.11904761904761904,71.0,1.056338028169014,0,14,0.0,0,1
64,7,42,0,0,,,,1.0,,,,,0.16279069767441862,71.0,0.9014084507042254,0,14,0.0,0,1
64,1,39,0,0,,,,1.0,,,,,0.025,71.0,0.9014084507042254,0,14,0.0,0,1
59,1,28,0,0,,,,1.0,,,,,0.034482758620689655,75.0,0.7866666666666666,0,13,0.0,0,1
72,3,39,0,0,,,,1.0,,,,,0.075,71.0,1.0140845070422535,0,14,0.0,0,1
62,3,35,0,1,,,,1.0,,,,,0.08333333333333333,71.0,0.8732394366197183,0,10,0.0,0,1
61,9,33,0,0,,,,1.0,,,,,0.2647058823529412,72.0,0.8472222222222222,0,16,0.0,0,1
64,6,39,0,0,,,,1.0,,,,,0.15,72.0,0.8888888888888888,0,14,0.0,0,1
71,1,40,0,0,,,,1.0,,,,,0.024390243902439025,72.0,0.9861111111111112,0,11,0.0,0,1
63,4,45,0,0,,,,1.0,,,,,0.08695652173913043,71.0,0.8873239436619719,0,14,0.0,0,1
58,4,42,0,0,,,,1.0,,,,,0.09302325581395349,71.0,0.8169014084507042,0,11,0.0,0,1
71,4,43,0,0,,,,1.0,,,,,0.09090909090909091,71.0,1.0,0,16,0.0,0,1
73,5,39,0,0,,,,1.0,,,,,0.125,72.0,1.0138888888888888,0,13,0.0,0,1
68,7,39,0,0,,,,1.0,,,,,0.175,72.0,0.9444444444444444,0,11,0.0,0,1
75,7,43,0,0,,,,1.0,,,,,0.1590909090909091,71.0,1.056338028169014,0,13,0.0,0,1
86,7,44,0,0,,,,1.0,,,,,0.15555555555555556,72.0,1.1944444444444444,0,15,0.0,0,1
69,8,41,0,0,,,,1.0,,,,,0.19047619047619047,72.0,0.9583333333333334,0,15,0.0,0,1
79,3,32,0,0,,,,1.0,,,,,0.09090909090909091,72.0,1.0972222222222223,0,15,0.0,0,1
80,11,36,0,0,,,,1.0,,,,,0.2972972972972973,71.0,1.1267605633802817,0,13,0.0,0,1
78,10,38,0,0,,,,1.0,,,,,0.2564102564102564,72.0,1.0833333333333333,0,14,0.0,0,1
74,5,36,0,0,,,,1.0,,,,,0.13513513513513514,72.0,1.0277777777777777,0,13,0.0,0,1
68,2,37,0,0,,,,1.0,,,,,0.05263157894736842,72.0,0.9444444444444444,0,13,0.0,0,1
76,5,44,0,0,,,,1.0,,,,,0.1111111111111111,72.0,1.0555555555555556,0,12,0.0,0,1
74,4,37,0,0,,,,1.0,,,,,0.10526315789473684,73.0,1.0136986301369864,0,12,0.0,0,1
66,5,36,0,0,,,,1.0,,,,,0.13513513513513514,72.0,0.9166666666666666,0,9,0.0,0,1
71,7,39,0,0,,,,1.0,,,,,0.175,73.0,0.9726027397260274,0,13,0.0,0,1
72,9,39,0,0,,,,1.0,,,,,0.225,72.0,1.0,0,14,0.0,0,1
67,2,42,0,1,,,,1.0,,,,,0.046511627906976744,72.0,0.9305555555555556,0,12,0.0,0,1
59,1,44,0,0,,,,1.0,,,,,0.022222222222222223,72.0,0.8194444444444444,0,13,0.0,0,1
73,5,42,0,1,,,,1.0,,,,,0.11627906976744186,72.0,1.0138888888888888,0,14,0.0,0,1
79,3,36,0,0,,,,1.0,,,,,0.08108108108108109,73.0,1.082191780821918,0,15,0.0,0,1
56,5,47,0,0,,,,1.0,,,,,0.10416666666666667,72.0,0.7777777777777778,0,13,0.0,0,1
73,9,47,0,0,,,,1.0,,,,,0.1875,73.0,1.0,0,9,0.0,0,1
65,3,34,0,0,,,,1.0,,,,,0.08571428571428572,72.0,0.9027777777777778,0,16,0.0,0,1
80,3,44,0,0,,,,1.0,,,,,0.06666666666666667,72.0,1.1111111111111112,0,14,0.0,0,1
71,7,47,0,0,,,,1.0,,,,,0.14583333333333334,72.0,0.9861111111111112,0,11,0.0,0,1
63,5,44,0,0,,,,1.0,,,,,0.1111111111111111,73.0,0.863013698630137,0,10,0.0,0,1
77,6,40,0,0,,,,1.0,,,,,0.14634146341463414,72.0,1.0694444444444444,0,13,0.0,0,1
71,12,45,0,0,,,,1.0,,,,,0.2608695652173913,72.0,0.9861111111111112,0,11,0.0,0,1
75,9,37,0,0,,,,1.0,,,,,0.23684210526315788,72.0,1.0416666666666667,0,12,0.0,0,1
71,4,39,0,0,,,,1.0,,,,,0.1,72.0,0.9861111111111112,0,13,0.0,0,1
70,8,39,0,0,,,,1.0,,,,,0.2,73.0,0.958904109589041,0,15,0.0,0,1
63,0,35,0,0,,,,1.0,,,,,0.0,73.0,0.863013698630137,0,15,0.0,0,1
72,10,39,0,0,,,,1.0,,,,,0.25,73.0,0.9863013698630136,0,16,0.0,0,1
78,8,40,0,0,,,,1.0,,,,,0.1951219512195122,73.0,1.0684931506849316,0,13,0.0,0,1
68,6,38,0,0,,,,1.0,,,,,0.15384615384615385,73.0,0.9315068493150684,0,12,0.0,0,1
84,5,42,0,0,,,,1.0,,,,,0.11627906976744186,73.0,1.1506849315068493,0,15,0.0,0,1
71,10,38,0,0,,,,1.0,,,,,0.2564102564102564,73.0,0.9726027397260274,0,14,0.0,0,1
70,6,43,0,1,,,,1.0,,,,,0.13636363636363635,73.0,0.958904109589041,0,12,0.0,0,1
67,3,38,0,0,,,,1.0,,,,,0.07692307692307693,73.0,0.9178082191780822,0,10,0.0,0,1
64,8,42,0,0,,,,1.0,,,,,0.18604651162790697,73.0,0.8767123287671232,0,16,0.0,0,1
76,4,39,0,0,,,,1.0,,,,,0.1,74.0,1.027027027027027,0,13,0.0,0,1
77,8,39,0,0,,,,1.0,,,,,0.2,73.0,1.0547945205479452,0,10,0.0,0,1
78,4,42,0,1,,,,1.0,,,,,0.09302325581395349,73.0,1.0684931506849316,0,12,0.0,0,1
78,8,48,0,0,,,,1.0,,,,,0.16326530612244897,73.0,1.0684931506849316,0,12,0.0,0,1
69,1,41,0,0,,,,1.0,,,,,0.023809523809523808,74.0,0.9324324324324325,0,15,0.0,0,1
63,7,36,0,0,,,,1.0,,,,,0.1891891891891892,73.0,0.863013698630137,0,12,0.0,0,1
67,6,39,0,0,,,,1.0,,,,,0.15,73.0,0.9178082191780822,0,10,0.0,0,1
81,5,42,0,0,,1.0,,1.0,,,,,0.11627906976744186,73.0,1.1095890410958904,0,16,0.0,0,1
67,1,29,0,0,,,,1.0,,,,,0.03333333333333333,73.0,0.9178082191780822,0,14,0.0,0,1
76,4,33,0,0,,,,1.0,,,,,0.11764705882352941,74.0,1.027027027027027,0,16,0.0,0,1
78,3,37,0,0,,,,1.0,,,,,0.07894736842105263,73.0,1.0684931506849316,0,11,0.0,0,1
64,9,43,0,0,,,,1.0,,,,,0.20454545454545456,73.0,0.8767123287671232,0,12,0.0,0,1
74,9,49,0,0,,,,1.0,,,,,0.18,74.0,1.0,0,12,0.0,0,1
68,6,35,0,0,,,,1.0,,,,,0.16666666666666666,74.0,0.918918918918919,0,13,0.0,0,1
72,3,36,0,0,,,,1.0,,,,,0.08108108108108109,74.0,0.972972972972973,0,14,0.0,0,1
62,4,47,0,0,,,,1.0,,,,,0.08333333333333333,74.0,0.8378378378378378,0,13,0.0,0,1
75,5,38,0,0,,,,1.0,,,,,0.1282051282051282,73.0,1.0273972602739727,0,13,0.0,0,1
67,3,42,0,0,,,,1.0,,,,,0.06976744186046512,73.0,0.9178082191780822,0,15,0.0,0,1
64,6,48,0,1,,,,1.0,,,,,0.12244897959183673,73.0,0.8767123287671232,0,12,0.0,0,1
85,4,45,0,0,,,,1.0,,,,,0.08695652173913043,73.0,1.1643835616438356,0,16,0.0,0,1
63,5,41,0,0,,,,1.0,,,,,0.11904761904761904,73.0,0.863013698630137,0,16,0.0,0,1
69,6,43,0,1,,,,1.0,,,,,0.13636363636363635,74.0,0.9324324324324325,0,12,0.0,0,1
61,6,45,0,0,,,,1.0,,,,,0.13043478260869565,74.0,0.8243243243243243,0,12,0.0,0,1
74,4,33,0,0,,,,1.0,,,,,0.11764705882352941,74.0,1.0,0,13,0.0,0,1
69,4,31,0,0,,,,1.0,,,,,0.125,74.0,0.9324324324324325,0,11,0.0,0,1
62,7,35,0,0,,,,1.0,,,,,0.19444444444444445,74.0,0.8378378378378378,0,15,0.0,0,1
77,10,40,0,0,,,,1.0,,,,,0.24390243902439024,74.0,1.0405405405405406,0,14,0.0,0,1
64,6,50,0,0,,,,1.0,,,,,0.11764705882352941,74.0,0.8648648648648649,0,13,0.0,0,1
78,12,51,0,0,,,,1.0,,,,,0.23076923076923078,74.0,1.054054054054054,0,16,0.0,0,1
73,4,44,0,0,,,,1.0,,,,,0.08888888888888889,74.0,0.9864864864864865,0,14,0.0,0,1
77,6,51,0,0,,,,1.0,,,,,0.11538461538461539,76.0,1.013157894736842,0,14,0.0,0,1
77,5,48,0,0,,,,1.0,,,,,0.10204081632653061,73.0,1.0547945205479452,0,16,0.0,0,1
77,6,48,0,0,,,,1.0,,,,,0.12244897959183673,75.0,1.0266666666666666,0,14,0.0,0,1
77,2,36,0,0,,,,1.0,,,,,0.05405405405405406,75.0,1.0266666666666666,0,14,0.0,0,1
72,1,40,0,0,,,,1.0,,,,,0.024390243902439025,74.0,0.972972972972973,0,11,0.0,0,1
67,11,47,0,0,,,,1.0,,,,,0.22916666666666666,75.0,0.8933333333333333,0,15,0.0,0,1
77,6,48,0,0,,,,1.0,,,,,0.12244897959183673,74.0,1.0405405405405406,0,16,0.0,0,1
73,5,47,0,1,,,,1.0,,,,,0.10416666666666667,75.0,0.9733333333333334,0,15,0.0,0,1
79,4,41,0,0,,,,1.0,,,,,0.09523809523809523,74.0,1.0675675675675675,0,11,0.0,0,1
71,10,51,0,0,,,,1.0,,,,,0.19230769230769232,76.0,0.9342105263157895,0,12,0.0,0,1
75,7,49,0,0,,,,1.0,,,,,0.14,76.0,0.9868421052631579,0,13,0.0,0,1
68,9,49,0,0,,,,1.0,,,,,0.18,74.0,0.918918918918919,0,11,0.0,0,1
72,4,46,0,0,,,,1.0,,,,,0.0851063829787234,75.0,0.96,0,14,0.0,0,1
74,2,35,0,0,,,,1.0,,,,,0.05555555555555555,127.0,0.5826771653543307,0,13,0.0,0,1
72,5,35,0,1,,,,1.0,,,,,0.1388888888888889,73.0,0.9863013698630136,0,12,0.0,0,1
73,5,48,0,0,,,,1.0,,,,,0.10204081632653061,74.0,0.9864864864864865,0,12,0.0,0,1
64,5,42,0,0,,,,1.0,,,,,0.11627906976744186,74.0,0.8648648648648649,0,15,0.0,0,1
71,3,42,0,1,,,,1.0,,,,,0.06976744186046512,74.0,0.9594594594594594,0,16,0.0,0,1
80,4,41,0,1,,,,1.0,,,,,0.09523809523809523,73.0,1.095890410958904,0,16,0.0,0,1
85,8,43,0,0,,,,1.0,,,,,0.18181818181818182,74.0,1.1486486486486487,0,13,0.0,0,1
75,4,45,0,0,,,,1.0,,,,,0.08695652173913043,74.0,1.0135135135135136,0,16,0.0,0,1
69,4,45,0,0,,,,1.0,,,,,0.08695652173913043,73.0,0.9452054794520548,0,13,0.0,0,1
88,5,48,0,0,,,,1.0,,,,,0.10204081632653061,75.0,1.1733333333333333,0,14,0.0,0,1
85,3,41,0,0,,,,1.0,,,,,0.07142857142857142,74.0,1.1486486486486487,0,16,0.0,0,1
80,8,39,0,0,,,,1.0,,,,,0.2,74.0,1.0810810810810811,0,15,0.0,0,1
78,12,41,0,0,,,,1.0,,,,,0.2857142857142857,74.0,1.054054054054054,0,13,0.0,0,1
79,6,46,0,0,,,,1.0,,,,,0.1276595744680851,75.0,1.0533333333333332,0,12,0.0,0,1
67,11,43,0,0,,,,1.0,,,,,0.25,74.0,0.9054054054054054,0,16,0.0,0,1
72,7,42,0,0,,,,1.0,,,,,0.16279069767441862,74.0,0.972972972972973,0,15,0.0,0,1
66,5,39,0,0,,,,1.0,,,,,0.125,75.0,0.88,0,14,0.0,0,1
76,3,37,0,0,,,,1.0,,,,,0.07894736842105263,75.0,1.0133333333333334,0,15,0.0,0,1
75,5,40,0,1,,,,1.0,,,,,0.12195121951219512,74.0,1.0135135135135136,0,11,0.0,0,1
83,10,41,0,0,,,,1.0,,,,,0.23809523809523808,72.0,1.1527777777777777,0,14,0.0,0,1
78,7,43,0,0,,,,1.0,,,,,0.1590909090909091,74.0,1.054054054054054,0,12,0.0,0,1
74,7,42,0,0,,,,1.0,,,,,0.16279069767441862,75.0,0.9866666666666667,0,15,0.0,0,1
76,6,34,0,0,,,,1.0,,,,,0.17142857142857143,74.0,1.027027027027027,0,15,0.0,0,1
80,2,43,0,1,,,,1.0,,,,,0.045454545454545456,74.0,1.0810810810810811,0,12,0.0,0,1
77,3,40,0,0,,,,1.0,,,,,0.07317073170731707,127.0,0.6062992125984252,0,11,0.0,0,1
72,3,40,0,0,,,,1.0,,,,,0.07317073170731707,74.0,0.972972972972973,0,13,0.0,0,1
82,2,31,0,0,,,,1.0,,,,,0.0625,74.0,1.1081081081081081,0,14,0.0,0,1
78,6,35,0,0,,,,1.0,,,,,0.16666666666666666,71.0,1.0985915492957747,0,13,0.0,0,1
79,5,40,0,0,,,,1.0,,,,,0.12195121951219512,71.0,1.1126760563380282,0,14,0.0,0,1
77,3,39,0,0,,,,1.0,,,,,0.075,71.0,1.0845070422535212,0,14,0.0,0,1
71,5,38,0,0,,,,1.0,,,,,0.1282051282051282,71.0,1.0,0,10,0.0,0,1
56,4,42,0,0,,,,1.0,,,,,0.09302325581395349,71.0,0.7887323943661971,0,11,0.0,0,1
72,3,30,0,0,,,,1.0,,,,,0.0967741935483871,73.0,0.9863013698630136,0,15,0.0,0,1
80,3,39,0,0,,,,1.0,,,,,0.075,74.0,1.0810810810810811,0,14,0.0,0,1
87,7,35,0,0,,,,1.0,,,,,0.19444444444444445,72.0,1.2083333333333333,0,13,0.0,0,1
75,6,40,0,0,,,,1.0,,,,,0.14634146341463414,75.0,1.0,0,16,0.0,0,1
72,6,38,0,0,,,,1.0,,,,,0.15384615384615385,72.0,1.0,0,13,0.0,0,1
73,6,37,0,0,,,,1.0,,,,,0.15789473684210525,75.0,0.9733333333333334,0,15,0.0,0,1
69,11,38,0,0,,,,1.0,,,,,0.28205128205128205,71.0,0.971830985915493,0,13,0.0,0,1
78,7,42,0,0,,,,1.0,,,,,0.16279069767441862,74.0,1.054054054054054,0,14,0.0,0,1
67,4,32,0,0,,,,1.0,,,,,0.12121212121212122,72.0,0.9305555555555556,0,16,0.0,0,1
82,3,31,0,0,,,,1.0,,,,,0.09375,73.0,1.1232876712328768,0,14,0.0,0,1
67,6,41,0,0,,,,1.0,,,,,0.14285714285714285,74.0,0.9054054054054054,0,16,0.0,0,1
81,8,45,0,0,,,,1.0,,,,,0.17391304347826086,74.0,1.0945945945945945,0,13,0.0,0,1
83,6,38,0,0,,,,1.0,,,,,0.15384615384615385,73.0,1.1369863013698631,0,16,0.0,0,1
78,7,40,0,0,,,,1.0,,,,,0.17073170731707318,73.0,1.0684931506849316,0,12,0.0,0,1
83,8,41,0,0,,,,1.0,,,,,0.19047619047619047,73.0,1.1369863013698631,0,14,0.0,0,1
81,6,39,0,0,,,,1.0,,,,,0.15,73.0,1.1095890410958904,0,12,0.0,0,1
82,5,46,0,0,,,,1.0,,,,,0.10638297872340426,74.0,1.1081081081081081,0,13,0.0,0,1
220,60,519,0,0,,,,1.0,,,,,0.11538461538461539,75.0,2.933333333333333,0,12,0.0,0,1
301,60,727,0,0,,,,1.0,,,,,0.08241758241758242,157.0,1.9171974522292994,0,15,0.0,0,1
268,53,687,0,1,,,,1.0,,,,,0.07703488372093023,123.0,2.178861788617886,0,12,0.0,0,1
343,82,874,0,0,,,,1.0,,,,,0.09371428571428571,71.0,4.830985915492958,0,13,0.0,0,1
358,152,1052,0,1,,,,1.0,,,,,0.144349477682811,157.0,2.2802547770700636,0,12,0.0,0,1
250,60,680,0,0,,,,1.0,,,,,0.0881057268722467,75.0,3.3333333333333335,0,15,0.0,0,1
276,59,604,0,0,,,,1.0,,,,,0.09752066115702479,127.0,2.173228346456693,0,13,0.0,0,1
239,32,514,0,0,,,,1.0,,,,,0.062135922330097085,73.0,3.2739726027397262,0,13,0.0,0,1
270,64,642,0,0,,,,1.0,,,,,0.09953343701399689,76.0,3.5526315789473686,0,12,0.0,0,1
309,65,749,0,0,,,,1.0,,,,,0.08666666666666667,127.0,2.4330708661417324,0,15,0.0,0,1
236,51,559,0,0,,,,1.0,,,,,0.09107142857142857,120.0,1.9666666666666666,0,14,0.0,0,1
131,115,316,3,0,,,,1.0,,,,,0.3627760252365931,161.0,0.8136645962732919,0,11,0.0,0,1
138,99,287,3,0,,,,1.0,,,,,0.34375,161.0,0.8571428571428571,0,15,0.0,0,1
237,120,292,3,0,,,,1.0,,,,,0.40955631399317405,161.0,1.4720496894409938,0,16,0.0,0,1
46,5,34,0,0,,,,1.0,,,,,0.14285714285714285,54.0,0.8518518518518519,0,14,0.0,0,1
43,3,39,0,0,,,,1.0,,,,,0.075,54.0,0.7962962962962963,0,11,0.0,0,1
38,3,37,0,0,,,,1.0,,,,,0.07894736842105263,56.0,0.6785714285714286,0,11,0.0,0,1
45,8,36,0,0,,,,1.0,,,,,0.21621621621621623,56.0,0.8035714285714286,0,15,0.0,0,1
44,1,37,0,0,,,,1.0,,,,,0.02631578947368421,59.0,0.7457627118644068,0,16,0.0,0,1
43,3,37,0,0,,,,1.0,,,,,0.07894736842105263,53.0,0.8113207547169812,0,15,0.0,0,1
44,5,43,0,0,,,,1.0,,,,,0.11363636363636363,53.0,0.8301886792452831,0,13,0.0,0,1
43,6,35,0,0,,,,1.0,,,,,0.16666666666666666,56.0,0.7678571428571429,0,16,0.0,0,1
43,5,40,0,0,,,,1.0,,,,,0.12195121951219512,57.0,0.7543859649122807,0,15,0.0,0,1
45,3,37,0,0,,,,1.0,,,,,0.07894736842105263,53.0,0.8490566037735849,0,13,0.0,0,1
44,5,38,0,0,,,,1.0,,,,,0.1282051282051282,52.0,0.8461538461538461,0,13,0.0,0,1
36,2,32,0,0,,,,1.0,,,,,0.06060606060606061,58.0,0.6206896551724138,0,15,0.0,0,1
34,2,37,0,0,,,,1.0,,,,,0.05263157894736842,56.0,0.6071428571428571,0,12,0.0,0,1
36,4,40,0,0,,,,1.0,,,,,0.0975609756097561,53.0,0.6792452830188679,0,10,0.0,0,1
43,4,37,0,0,,,,1.0,,,,,0.10526315789473684,55.0,0.7818181818181819,0,16,0.0,0,1
35,1,44,0,0,,,,1.0,,,,,0.022222222222222223,54.0,0.6481481481481481,0,12,0.0,0,1
42,4,36,0,0,,,,1.0,,,,,0.10810810810810811,54.0,0.7777777777777778,0,13,0.0,0,1
33,3,40,0,0,,,,1.0,,,,,0.07317073170731707,54.0,0.6111111111111112,0,13,0.0,0,1
37,4,37,0,0,,,,1.0,,,,,0.10526315789473684,52.0,0.7115384615384616,0,16,0.0,0,1
45,16,44,0,0,,,,1.0,,,,,0.35555555555555557,59.0,0.7627118644067796,0,15,0.0,0,1
42,8,37,0,0,,,,1.0,,,,,0.21052631578947367,56.0,0.75,0,14,0.0,0,1
44,5,37,0,0,,,,1.0,,,,,0.13157894736842105,55.0,0.8,0,15,0.0,0,1
42,6,36,0,0,,,,1.0,,,,,0.16216216216216217,55.0,0.7636363636363637,0,14,0.0,0,1
42,6,38,0,0,,,,1.0,,,,,0.15384615384615385,53.0,0.7924528301886793,0,13,0.0,0,1
46,2,37,0,0,,,,1.0,,,,,0.05263157894736842,52.0,0.8846153846153846,0,15,0.0,0,1
35,7,37,0,0,,,,1.0,,,,,0.18421052631578946,53.0,0.660377358490566,0,13,0.0,0,1
36,2,30,0,0,,,,1.0,,,,,0.06451612903225806,53.0,0.6792452830188679,0,11,0.0,0,1
37,3,42,0,0,,,,1.0,,,,,0.06976744186046512,55.0,0.6727272727272727,0,12,0.0,0,1
44,1,37,0,0,,,,1.0,,,,,0.02631578947368421,54.0,0.8148148148148148,0,15,0.0,0,1
37,1,38,0,0,,,,1.0,,,,,0.02564102564102564,54.0,0.6851851851851852,0,14,0.0,0,1
36,4,37,0,0,,,,1.0,,,,,0.10526315789473684,54.0,0.6666666666666666,0,14,0.0,0,1
41,5,34,0,0,,,,1.0,,,,,0.14285714285714285,54.0,0.7592592592592593,0,12,0.0,0,1
44,7,37,0,0,,,,1.0,,,,,0.18421052631578946,55.0,0.8,0,14,0.0,0,1
35,8,39,0,1,,,,1.0,,,,,0.2,56.0,0.625,0,13,0.0,0,1
32,3,26,0,0,,,,1.0,,,,,0.1111111111111111,55.0,0.5818181818181818,0,12,0.0,0,1
45,2,39,0,0,,,,1.0,,,,,0.05,54.0,0.8333333333333334,0,13,0.0,0,1
46,7,43,0,0,,,,1.0,,,,,0.1590909090909091,53.0,0.8679245283018868,0,12,0.0,0,1
43,6,37,0,0,,,,1.0,,,,,0.15789473684210525,54.0,0.7962962962962963,0,16,0.0,0,1
43,3,35,0,0,,,,1.0,,,,,0.08333333333333333,53.0,0.8113207547169812,0,13,0.0,0,1
32,7,41,0,0,,,,1.0,,,,,0.16666666666666666,56.0,0.5714285714285714,0,13,0.0,0,1
40,5,36,0,0,,,,1.0,,,,,0.13513513513513514,52.0,0.7692307692307693,0,15,0.0,0,1
41,2,43,0,0,,,,1.0,,,,,0.045454545454545456,56.0,0.7321428571428571,0,13,0.0,0,1
44,4,38,0,0,,,,1.0,,,,,0.10256410256410256,56.0,0.7857142857142857,0,12,0.0,0,1
45,5,38,0,0,,,,1.0,,,,,0.1282051282051282,56.0,0.8035714285714286,0,11,0.0,0,1
47,6,37,0,0,,1.0,,1.0,,,,,0.15789473684210525,53.0,0.8867924528301887,0,14,0.0,0,1
42,8,39,0,0,,,,1.0,,,,,0.2,53.0,0.7924528301886793,0,13,0.0,0,1
67458,2146,1321,19,39,,,,1.0,-14400.0,,,,1.6232980332829048,1851.0,36.44408427876823,1,19,0.0,0,1
44,4,37,0,0,,,,1.0,,,,,0.10526315789473684,54.0,0.8148148148148148,0,12,0.0,0,1
34,7,43,0,0,,,,1.0,,,,,0.1590909090909091,55.0,0.6181818181818182,0,12,0.0,0,1
42,4,38,0,0,,,,1.0,,,,,0.10256410256410256,55.0,0.7636363636363637,0,14,0.0,0,1
38,7,40,0,0,,,,1.0,,,,,0.17073170731707318,56.0,0.6785714285714286,0,16,0.0,0,1
33,5,38,0,0,,,,1.0,,,,,0.1282051282051282,52.0,0.6346153846153846,0,12,0.0,0,1
46,6,38,0,0,,,,1.0,,,,,0.15384615384615385,53.0,0.8679245283018868,0,13,0.0,0,1
44,10,41,0,0,,,,1.0,,,,,0.23809523809523808,52.0,0.8461538461538461,0,11,0.0,0,1
45,1,37,0,0,,,,1.0,,,,,0.02631578947368421,53.0,0.8490566037735849,0,15,0.0,0,1
39,8,35,0,0,,,,1.0,,,,,0.2222222222222222,54.0,0.7222222222222222,0,12,0.0,0,1
36,5,33,0,0,,,,1.0,,,,,0.14705882352941177,56.0,0.6428571428571429,0,11,0.0,0,1
43,2,34,0,0,1.0,1.0,,1.0,,,,,0.05714285714285714,56.0,0.7678571428571429,0,14,0.0,0,1
33,2,43,0,0,,,,1.0,,,,,0.045454545454545456,53.0,0.6226415094339622,0,11,0.0,0,1
46,8,36,0,0,,,,1.0,,,,,0.21621621621621623,55.0,0.8363636363636363,0,14,0.0,0,1
42,14,44,0,0,,,,1.0,,,,,0.3111111111111111,54.0,0.7777777777777778,0,11,0.0,0,1
36,10,39,0,0,,,,1.0,,,,,0.25,56.0,0.6428571428571429,0,13,0.0,0,1
46,3,36,0,0,,,,1.0,,,,,0.08108108108108109,54.0,0.8518518518518519,0,12,0.0,0,1
35,1,33,0,0,,,,1.0,,,,,0.029411764705882353,53.0,0.660377358490566,0,12,0.0,0,1
45,1,35,0,1,,,,1.0,,,,,0.027777777777777776,57.0,0.7894736842105263,0,11,0.0,0,1
41,4,34,0,0,,,,1.0,,,,,0.11428571428571428,57.0,0.7192982456140351,0,11,0.0,0,1
39,1,36,0,0,,,,1.0,,,,,0.02702702702702703,54.0,0.7222222222222222,0,16,0.0,0,1
43,6,43,0,0,,,,1.0,,,,,0.13636363636363635,54.0,0.7962962962962963,0,16,0.0,0,1
36,1,32,0,0,,,,1.0,,,,,0.030303030303030304,52.0,0.6923076923076923,0,13,0.0,0,1
43,6,42,0,0,,,,1.0,,,,,0.13953488372093023,56.0,0.7678571428571429,0,14,0.0,0,1
47,3,35,0,0,,,,1.0,,,,,0.08333333333333333,53.0,0.8867924528301887,0,12,0.0,0,1
47,1,40,0,0,,,,1.0,,,,,0.024390243902439025,55.0,0.8545454545454545,0,14,0.0,0,1
44,4,40,0,0,,,,1.0,,,,,0.0975609756097561,54.0,0.8148148148148148,0,15,0.0,0,1
41,5,39,0,0,,,,1.0,,,,,0.125,53.0,0.7735849056603774,0,15,0.0,0,1
37,5,38,0,0,,,,1.0,,,,,0.1282051282051282,56.0,0.6607142857142857,0,16,0.0,0,1
33,2,35,0,0,,,,1.0,,,,,0.05555555555555555,54.0,0.6111111111111112,0,13,0.0,0,1
40,4,33,0,0,,,,1.0,,,,,0.11764705882352941,52.0,0.7692307692307693,0,12,0.0,0,1
36,5,42,0,0,,,,1.0,,,,,0.11627906976744186,57.0,0.631578947368421,0,14,0.0,0,1
38,6,42,0,0,,,,1.0,,,,,0.13953488372093023,52.0,0.7307692307692307,0,13,0.0,0,1
43,2,39,0,0,,,,1.0,,,,,0.05,54.0,0.7962962962962963,0,11,0.0,0,1
42,6,39,0,0,,,,1.0,,,,,0.15,53.0,0.7924528301886793,0,15,0.0,0,1
44,3,36,0,0,,,,1.0,,,,,0.08108108108108109,55.0,0.8,0,14,0.0,0,1
37,1,33,0,0,,,,1.0,,,,,0.029411764705882353,52.0,0.7115384615384616,0,14,0.0,0,1
40,6,37,0,0,,,,1.0,,,,,0.15789473684210525,55.0,0.7272727272727273,0,14,0.0,0,1
41,2,40,0,0,,,,1.0,,,,,0.04878048780487805,52.0,0.7884615384615384,0,12,0.0,0,1
43,3,35,0,0,,,,1.0,,,,,0.08333333333333333,54.0,0.7962962962962963,0,13,0.0,0,1
37,4,36,0,0,,,,1.0,,,,,0.10810810810810811,55.0,0.6727272727272727,0,12,0.0,0,1
36,3,42,0,0,,,,1.0,,,,,0.06976744186046512,56.0,0.6428571428571429,0,15,0.0,0,1
37,6,41,0,0,,,,1.0,,,,,0.14285714285714285,53.0,0.6981132075471698,0,15,0.0,0,1
38,7,42,0,1,,,,1.0,,,,,0.16279069767441862,56.0,0.6785714285714286,0,13,0.0,0,1
30,5,44,0,0,,,,1.0,,,,,0.1111111111111111,53.0,0.5660377358490566,0,10,0.0,0,1
45,6,41,0,0,,,,1.0,,,,,0.14285714285714285,54.0,0.8333333333333334,0,14,0.0,0,1
45,8,36,0,0,,,,1.0,,,,,0.21621621621621623,54.0,0.8333333333333334,0,14,0.0,0,1
47,0,27,0,0,,,,1.0,,,,,0.0,58.0,0.8103448275862069,0,14,0.0,0,1
33,5,40,0,1,,,,1.0,,,,,0.12195121951219512,55.0,0.6,0,16,0.0,0,1
42,6,42,0,0,,,,1.0,,,,,0.13953488372093023,56.0,0.75,0,8,0.0,0,1
34,6,35,0,0,,,,1.0,,,,,0.16666666666666666,54.0,0.6296296296296297,0,11,0.0,0,1
42,6,44,0,0,,,,1.0,,,,,0.13333333333333333,57.0,0.7368421052631579,0,16,0.0,0,1
41,6,42,0,0,,,,1.0,,,,,0.13953488372093023,54.0,0.7592592592592593,0,13,0.0,0,1
46,2,29,0,0,,,,1.0,,,,,0.06666666666666667,57.0,0.8070175438596491,0,14,0.0,0,1
43,5,44,0,1,,,,1.0,,,,,0.1111111111111111,59.0,0.7288135593220338,0,15,0.0,0,1
35,4,38,0,0,,,,1.0,,,,,0.10256410256410256,59.0,0.5932203389830508,0,15,0.0,0,1
43,5,46,0,0,,,,1.0,,,,,0.10638297872340426,59.0,0.7288135593220338,0,14,0.0,0,1
38,2,36,0,0,,,,1.0,,,,,0.05405405405405406,59.0,0.6440677966101694,0,13,0.0,0,1
43,2,36,0,0,,,,1.0,,,,,0.05405405405405406,60.0,0.7166666666666667,0,11,0.0,0,1
44,3,39,0,0,,,,1.0,,,,,0.075,59.0,0.7457627118644068,0,14,0.0,0,1
43,3,45,0,0,,,,1.0,,,,,0.06521739130434782,57.0,0.7543859649122807,0,14,0.0,0,1
36,7,44,0,0,,,,1.0,,,,,0.15555555555555556,57.0,0.631578947368421,0,14,0.0,0,1
35,8,40,0,0,,,,1.0,,,,,0.1951219512195122,57.0,0.6140350877192983,0,15,0.0,0,1
41,2,37,0,0,,,,1.0,,,,,0.05263157894736842,57.0,0.7192982456140351,0,14,0.0,0,1
46,7,36,0,0,,,,1.0,,,,,0.1891891891891892,57.0,0.8070175438596491,0,13,0.0,0,1
45,14,38,0,0,,,,1.0,,,,,0.358974358974359,57.0,0.7894736842105263,0,13,0.0,0,1
38,5,26,0,0,,,,1.0,,,,,0.18518518518518517,57.0,0.6666666666666666,0,14,0.0,0,1
44,6,36,0,0,,,,1.0,,,,,0.16216216216216217,57.0,0.7719298245614035,0,15,0.0,0,1
38,4,37,0,0,,,,1.0,,,,,0.10526315789473684,57.0,0.6666666666666666,0,15,0.0,0,1
43,6,36,0,0,,,,1.0,,,,,0.16216216216216217,57.0,0.7543859649122807,0,12,0.0,0,1
46,3,41,0,0,,,,1.0,,,,,0.07142857142857142,58.0,0.7931034482758621,0,12,0.0,0,1
42,3,44,0,0,,,,1.0,,,,,0.06666666666666667,58.0,0.7241379310344828,0,14,0.0,0,1
36,3,36,0,0,,,,1.0,,,,,0.08108108108108109,58.0,0.6206896551724138,0,15,0.0,0,1
44,6,38,0,0,,,,1.0,,,,,0.15384615384615385,58.0,0.7586206896551724,0,16,0.0,0,1
37,7,42,0,0,,,,1.0,,,,,0.16279069767441862,58.0,0.6379310344827587,0,13,0.0,0,1
41,8,47,0,0,,,,1.0,,,,,0.16666666666666666,58.0,0.7068965517241379,0,9,0.0,0,1
42,2,40,0,1,,,,1.0,,,,,0.04878048780487805,59.0,0.711864406779661,0,16,0.0,0,1
43,2,39,0,0,,,,1.0,,,,,0.05,59.0,0.7288135593220338,0,15,0.0,0,1
42,5,36,0,0,,,,1.0,,,,,0.13513513513513514,59.0,0.711864406779661,0,11,0.0,0,1
34,4,32,0,0,,,,1.0,,,,,0.12121212121212122,59.0,0.576271186440678,0,15,0.0,0,1
37,8,43,0,1,,,,1.0,,,,,0.18181818181818182,59.0,0.6271186440677966,0,12,0.0,0,1
33,4,37,0,0,,,,1.0,,,,,0.10526315789473684,59.0,0.559322033898305,0,14,0.0,0,1
36,4,39,0,0,,,,1.0,,,,,0.1,60.0,0.6,0,12,0.0,0,1
38,4,40,0,1,,,,1.0,,,,,0.0975609756097561,59.0,0.6440677966101694,0,15,0.0,0,1
43,5,44,0,0,,,,1.0,,,,,0.1111111111111111,59.0,0.7288135593220338,0,13,0.0,0,1
44,5,25,0,0,,,,1.0,,,,,0.19230769230769232,59.0,0.7457627118644068,0,12,0.0,0,1
43,3,41,0,0,,,,1.0,,,,,0.07142857142857142,59.0,0.7288135593220338,0,16,0.0,0,1
45,7,38,0,0,,,,1.0,,,,,0.1794871794871795,59.0,0.7627118644067796,0,13,0.0,0,1
43,1,41,0,0,,,,1.0,,,,,0.023809523809523808,59.0,0.7288135593220338,0,14,0.0,0,1
42,3,37,0,0,,,,1.0,,,,,0.07894736842105263,58.0,0.7241379310344828,0,11,0.0,0,1
37,0,38,0,0,,,,1.0,,,,,0.0,58.0,0.6379310344827587,0,16,0.0,0,1
43,6,36,0,0,,,,1.0,,,,,0.16216216216216217,57.0,0.7543859649122807,0,9,0.0,0,1
44,3,34,0,1,,,,1.0,,,,,0.08571428571428572,56.0,0.7857142857142857,0,16,0.0,0,1
42,6,39,0,0,,,,1.0,,,,,0.15,58.0,0.7241379310344828,0,12,0.0,0,1
35,4,39,0,0,,,,1.0,,,,,0.1,58.0,0.603448275862069,0,14,0.0,0,1
35,3,34,0,0,,,,1.0,,,,,0.08571428571428572,58.0,0.603448275862069,0,14,0.0,0,1
44,8,36,0,0,,,,1.0,,,,,0.21621621621621623,58.0,0.7586206896551724,0,12,0.0,0,1
41,9,39,0,0,,,,1.0,,,,,0.225,58.0,0.7068965517241379,0,11,0.0,0,1
45,6,41,0,1,,,,1.0,,,,,0.14285714285714285,58.0,0.7758620689655172,0,12,0.0,0,1
41,1,35,0,0,,,,1.0,,,,,0.027777777777777776,58.0,0.7068965517241379,0,14,0.0,0,1
550,444,465,777,1,,,1.0,1.0,-14400.0,,,,0.9527896995708155,367.0,1.4986376021798364,1,14,0.0,0,1
38,4,39,0,0,,,,1.0,,,,,0.1,68.0,0.5588235294117647,0,16,0.0,0,1
48,5,36,0,0,,,,1.0,,,,,0.13513513513513514,68.0,0.7058823529411765,0,12,0.0,0,1
38,3,38,0,0,,,,1.0,,,,,0.07692307692307693,69.0,0.5507246376811594,0,15,0.0,0,1
44,4,41,0,0,,,,1.0,,,,,0.09523809523809523,69.0,0.6376811594202898,0,10,0.0,0,1
34,4,45,0,0,,,,1.0,,,,,0.08695652173913043,68.0,0.5,0,15,0.0,0,1
44,6,35,0,0,,,,1.0,,,,,0.16666666666666666,70.0,0.6285714285714286,0,14,0.0,0,1
42,10,45,0,0,,,,1.0,,,,,0.21739130434782608,69.0,0.6086956521739131,0,12,0.0,0,1
43,5,42,0,1,,,,1.0,,,,,0.11627906976744186,67.0,0.6417910447761194,0,14,0.0,0,1
46,10,32,0,0,,,,1.0,,,,,0.30303030303030304,70.0,0.6571428571428571,0,12,0.0,0,1
46,8,39,0,0,,,,1.0,,,,,0.2,70.0,0.6571428571428571,0,12,0.0,0,1
34,5,44,0,0,,,,1.0,,,,,0.1111111111111111,68.0,0.5,0,14,0.0,0,1
44,11,38,0,0,,,,1.0,,,,,0.28205128205128205,70.0,0.6285714285714286,0,13,0.0,0,1
46,8,43,0,0,,,,1.0,,,,,0.18181818181818182,69.0,0.6666666666666666,0,14,0.0,0,1
36,2,40,0,0,,,,1.0,,,,,0.04878048780487805,69.0,0.5217391304347826,0,12,0.0,0,1
36,5,40,0,0,,,,1.0,,,,,0.12195121951219512,70.0,0.5142857142857142,0,14,0.0,0,1
44,2,38,0,0,,,,1.0,,,,,0.05128205128205128,70.0,0.6285714285714286,0,10,0.0,0,1
44,5,39,0,0,,,,1.0,,,,,0.125,68.0,0.6470588235294118,0,11,0.0,0,1
47,4,38,0,0,,,,1.0,,,,,0.10256410256410256,68.0,0.6911764705882353,0,14,0.0,0,1
45,3,40,0,0,,,,1.0,,,,,0.07317073170731707,67.0,0.6716417910447762,0,12,0.0,0,1
39,4,43,0,0,,,,1.0,,,,,0.09090909090909091,67.0,0.582089552238806,0,11,0.0,0,1
41,7,43,0,0,,,,1.0,,,,,0.1590909090909091,67.0,0.6119402985074627,0,14,0.0,0,1
46,4,37,0,0,,,,1.0,,,,,0.10526315789473684,67.0,0.6865671641791045,0,11,0.0,0,1
37,6,42,0,0,,,,1.0,,,,,0.13953488372093023,67.0,0.5522388059701493,0,14,0.0,0,1
37,6,41,0,0,,,,1.0,,,,,0.14285714285714285,66.0,0.5606060606060606,0,11,0.0,0,1
35,1,40,0,0,,,,1.0,,,,,0.024390243902439025,68.0,0.5147058823529411,0,15,0.0,0,1
43,4,39,0,0,,,,1.0,,,,,0.1,67.0,0.6417910447761194,0,12,0.0,0,1
48,4,43,0,1,,,,1.0,,,,,0.09090909090909091,68.0,0.7058823529411765,0,13,0.0,0,1
48,2,44,0,0,,,,1.0,,,,,0.044444444444444446,67.0,0.7164179104477612,0,11,0.0,0,1
47,1,37,0,1,,,,1.0,,,,,0.02631578947368421,68.0,0.6911764705882353,0,15,0.0,0,1
48,4,33,0,0,,,,1.0,,,,,0.11764705882352941,67.0,0.7164179104477612,0,14,0.0,0,1
46,1,41,0,0,,,,1.0,,,,,0.023809523809523808,67.0,0.6865671641791045,0,12,0.0,0,1
38,2,37,0,0,,,,1.0,,,,,0.05263157894736842,67.0,0.5671641791044776,0,16,0.0,0,1
36,5,37,0,0,,,,1.0,,,,,0.13157894736842105,67.0,0.5373134328358209,0,15,0.0,0,1
44,5,39,0,0,,,,1.0,,,,,0.125,67.0,0.6567164179104478,0,15,0.0,0,1
45,4,42,0,0,,,,1.0,,,,,0.09302325581395349,68.0,0.6617647058823529,0,14,0.0,0,1
43,1,43,0,0,,,,1.0,,,,,0.022727272727272728,67.0,0.6417910447761194,0,10,0.0,0,1
45,7,40,0,0,,,,1.0,,,,,0.17073170731707318,68.0,0.6617647058823529,0,16,0.0,0,1
48,5,35,0,0,,,,1.0,,,,,0.1388888888888889,68.0,0.7058823529411765,0,16,0.0,0,1
39,12,39,0,1,,,,1.0,,,,,0.3,68.0,0.5735294117647058,0,12,0.0,0,1
49,1,40,0,0,,,,1.0,,,,,0.024390243902439025,68.0,0.7205882352941176,0,14,0.0,0,1
51,4,43,0,0,,,,1.0,,,,,0.09090909090909091,68.0,0.75,0,12,0.0,0,1
43,7,45,0,0,,,,1.0,,,,,0.15217391304347827,68.0,0.6323529411764706,0,14,0.0,0,1
49,6,32,0,0,,,,1.0,,,,,0.18181818181818182,68.0,0.7205882352941176,0,12,0.0,0,1
38,6,37,0,0,,,,1.0,,,,,0.15789473684210525,68.0,0.5588235294117647,0,13,0.0,0,1
46,9,44,0,0,,,,1.0,,,,,0.2,68.0,0.6764705882352942,0,13,0.0,0,1
50,6,34,0,0,,,,1.0,,,,,0.17142857142857143,68.0,0.7352941176470589,0,14,0.0,0,1
44,2,37,0,0,,,,1.0,,,,,0.05263157894736842,68.0,0.6470588235294118,0,13,0.0,0,1
49,8,45,0,0,,,,1.0,,,,,0.17391304347826086,68.0,0.7205882352941176,0,11,0.0,0,1
52,2,40,0,0,,,,1.0,,,,,0.04878048780487805,69.0,0.7536231884057971,0,13,0.0,0,1
52,7,35,0,0,,,,1.0,,,,,0.19444444444444445,68.0,0.7647058823529411,0,9,0.0,0,1
58,5,44,0,1,,,,1.0,,,,,0.1111111111111111,68.0,0.8529411764705882,0,16,0.0,0,1
47,10,42,0,0,,,,1.0,,,,,0.23255813953488372,68.0,0.6911764705882353,0,16,0.0,0,1
45,11,43,0,0,,,,1.0,,,,,0.25,69.0,0.6521739130434783,0,11,0.0,0,1
47,9,41,0,0,,,,1.0,,,,,0.21428571428571427,68.0,0.6911764705882353,0,15,0.0,0,1
38,4,31,0,0,,,,1.0,,,,,0.125,69.0,0.5507246376811594,0,14,0.0,0,1
50,4,36,0,0,,,,1.0,,,,,0.10810810810810811,69.0,0.7246376811594203,0,14,0.0,0,1
51,8,37,0,0,,,,1.0,,,,,0.21052631578947367,68.0,0.75,0,13,0.0,0,1
47,4,38,0,0,,,,1.0,,,,,0.10256410256410256,69.0,0.6811594202898551,0,13,0.0,0,1
50,7,43,0,0,,,,1.0,,,,,0.1590909090909091,69.0,0.7246376811594203,0,10,0.0,0,1
49,3,42,0,0,,,,1.0,,,,,0.06976744186046512,69.0,0.7101449275362319,0,13,0.0,0,1
25815,526,296,145,0,,,,1.0,-21600.0,,,,1.771043771043771,1229.0,21.004882017900734,0,11,0.0,0,1
55,9,42,0,0,,,,1.0,,,,,0.20930232558139536,66.0,0.8333333333333334,0,11,0.0,0,1
52,6,36,0,0,,,,1.0,,,,,0.16216216216216217,69.0,0.7536231884057971,0,13,0.0,0,1
44,9,37,0,0,,,,1.0,,,,,0.23684210526315788,69.0,0.6376811594202898,0,13,0.0,0,1
51,3,38,0,1,,,,1.0,,,,,0.07692307692307693,66.0,0.7727272727272727,0,16,0.0,0,1
53,3,44,0,0,,,,1.0,,,,,0.06666666666666667,66.0,0.803030303030303,0,14,0.0,0,1
63,1,40,0,0,,,,1.0,,,,,0.024390243902439025,65.0,0.9692307692307692,0,13,0.0,0,1
48,7,38,0,0,,,,1.0,,,,,0.1794871794871795,66.0,0.7272727272727273,0,16,0.0,0,1
42,6,40,0,0,,,,1.0,,,,,0.14634146341463414,67.0,0.6268656716417911,0,11,0.0,0,1
106,4,76,0,0,,,,1.0,,,,,0.05194805194805195,66.0,1.606060606060606,0,14,0.0,0,1
58,3,37,0,0,,,,1.0,,,,,0.07894736842105263,67.0,0.8656716417910447,0,12,0.0,0,1
53,7,44,0,0,,,,1.0,,,,,0.15555555555555556,65.0,0.8153846153846154,0,15,0.0,0,1
63,2,34,0,0,,,,1.0,,,,,0.05714285714285714,66.0,0.9545454545454546,0,12,0.0,0,1
55,3,26,0,1,,,,1.0,,,,,0.1111111111111111,65.0,0.8461538461538461,0,14,0.0,0,1
63,3,32,0,0,,,,1.0,,,,,0.09090909090909091,66.0,0.9545454545454546,0,12,0.0,0,1
54,5,32,0,0,,,,1.0,,,,,0.15151515151515152,66.0,0.8181818181818182,0,14,0.0,0,1
62,6,34,0,0,,,,1.0,,,,,0.17142857142857143,61.0,1.0163934426229508,0,16,0.0,0,1
66,4,36,0,0,,,,1.0,,,,,0.10810810810810811,64.0,1.03125,0,12,0.0,0,1
285,13,38,0,0,1.0,,,1.0,,,,,0.3333333333333333,42.0,6.785714285714286,1,9,0.0,0,1
61,4,41,0,0,,,,1.0,,,,,0.09523809523809523,65.0,0.9384615384615385,0,15,0.0,0,1
49,4,42,0,0,,,,1.0,,,,,0.09302325581395349,64.0,0.765625,0,12,0.0,0,1
53,3,38,0,0,,,,1.0,,,,,0.07692307692307693,63.0,0.8412698412698413,0,13,0.0,0,1
49,4,43,0,0,,,,1.0,,,,,0.09090909090909091,59.0,0.8305084745762712,0,14,0.0,0,1
54,4,38,0,0,,,,1.0,,,,,0.10256410256410256,61.0,0.8852459016393442,0,12,0.0,0,1
55,2,40,0,0,,,,1.0,,,,,0.04878048780487805,60.0,0.9166666666666666,0,16,0.0,0,1
46,2,43,0,0,,,,1.0,,,,,0.045454545454545456,63.0,0.7301587301587301,0,11,0.0,0,1
55,4,30,0,0,,,,1.0,,,,,0.12903225806451613,67.0,0.8208955223880597,0,14,0.0,0,1
59,2,37,0,0,1.0,1.0,,1.0,,,,,0.05263157894736842,63.0,0.9365079365079365,0,14,0.0,0,1
54,4,38,0,0,,,,1.0,,,,,0.10256410256410256,61.0,0.8852459016393442,0,13,0.0,0,1
55,7,41,0,0,,,,1.0,,,,,0.16666666666666666,66.0,0.8333333333333334,0,13,0.0,0,1
50,1,39,0,0,,,,1.0,,,,,0.025,64.0,0.78125,0,13,0.0,0,1
60,7,42,0,0,,,,1.0,,,,,0.16279069767441862,65.0,0.9230769230769231,0,10,0.0,0,1
63,5,38,0,0,,,,1.0,,,,,0.1282051282051282,61.0,1.0327868852459017,0,11,0.0,0,1
61,6,43,0,0,,,,1.0,,,,,0.13636363636363635,64.0,0.953125,0,8,0.0,0,1
58,4,39,0,0,,,,1.0,,,,,0.1,61.0,0.9508196721311475,0,12,0.0,0,1
55,6,36,0,0,,,,1.0,,,,,0.16216216216216217,62.0,0.8870967741935484,0,15,0.0,0,1
54,5,41,0,0,,,,1.0,,,,,0.11904761904761904,62.0,0.8709677419354839,0,13,0.0,0,1
55,1,33,0,0,,,,1.0,,,,,0.029411764705882353,62.0,0.8870967741935484,0,15,0.0,0,1
50,8,37,0,0,,,,1.0,,,,,0.21052631578947367,61.0,0.819672131147541,0,11,0.0,0,1
61,1,28,0,0,,,,1.0,,,,,0.034482758620689655,60.0,1.0166666666666666,0,13,0.0,0,1
55,3,33,0,0,,,,1.0,,,,,0.08823529411764706,66.0,0.8333333333333334,0,16,0.0,0,1
49,6,43,0,0,,,,1.0,,,,,0.13636363636363635,62.0,0.7903225806451613,0,11,0.0,0,1
57,6,42,0,0,,,,1.0,,,,,0.13953488372093023,62.0,0.9193548387096774,0,15,0.0,0,1
59,3,38,0,0,,,,1.0,,,,,0.07692307692307693,61.0,0.9672131147540983,0,12,0.0,0,1
57,2,29,0,0,,,,1.0,,,,,0.06666666666666667,64.0,0.890625,0,14,0.0,0,1
55,1,41,0,0,,,,1.0,,,,,0.023809523809523808,63.0,0.873015873015873,0,14,0.0,0,1
56,4,40,0,0,,,,1.0,,,,,0.0975609756097561,66.0,0.8484848484848485,0,14,0.0,0,1
64,8,41,0,1,,,,1.0,,,,,0.19047619047619047,61.0,1.0491803278688525,0,10,0.0,0,1
56,2,33,0,0,,,,1.0,,,,,0.058823529411764705,63.0,0.8888888888888888,0,14,0.0,0,1
60,3,41,0,0,,,,1.0,,,,,0.07142857142857142,61.0,0.9836065573770492,0,12,0.0,0,1
51,2,45,0,0,,,,1.0,,,,,0.043478260869565216,60.0,0.85,0,16,0.0,0,1
61,5,40,0,0,,,,1.0,,,,,0.12195121951219512,63.0,0.9682539682539683,0,12,0.0,0,1
55,7,43,0,0,,,,1.0,,,,,0.1590909090909091,64.0,0.859375,0,10,0.0,0,1
55,5,39,0,0,,,,1.0,,,,,0.125,60.0,0.9166666666666666,0,12,0.0,0,1
62,5,32,0,0,,,,1.0,,,,,0.15151515151515152,60.0,1.0333333333333334,0,16,0.0,0,1
65,3,35,0,0,,,,1.0,,,,,0.08333333333333333,59.0,1.1016949152542372,0,15,0.0,0,1
47,7,39,0,0,,,,1.0,,,,,0.175,66.0,0.7121212121212122,0,14,0.0,0,1
62,2,41,0,0,,,,1.0,,,,,0.047619047619047616,63.0,0.9841269841269841,0,14,0.0,0,1
59,5,45,0,0,,,,1.0,,,,,0.10869565217391304,66.0,0.8939393939393939,0,14,0.0,0,1
59,6,41,0,0,,,,1.0,,,,,0.14285714285714285,65.0,0.9076923076923077,0,11,0.0,0,1
64,4,36,0,0,,,,1.0,,,,,0.10810810810810811,66.0,0.9696969696969697,0,13,0.0,0,1
64,5,42,0,0,,,,1.0,,,,,0.11627906976744186,62.0,1.032258064516129,0,12,0.0,0,1
53,0,39,0,1,,,,1.0,,,,,0.0,66.0,0.803030303030303,0,10,0.0,0,1
43,5,42,0,1,,1.0,,1.0,,,,,0.11627906976744186,64.0,0.671875,0,14,0.0,0,1
58,4,35,0,0,,,,1.0,,,,,0.1111111111111111,63.0,0.9206349206349206,0,16,0.0,0,1
56,6,41,0,1,,,,1.0,,,,,0.14285714285714285,63.0,0.8888888888888888,0,16,0.0,0,1
53,3,40,0,0,,,,1.0,,,,,0.07317073170731707,64.0,0.828125,0,13,0.0,0,1
53,6,37,0,0,,,,1.0,,,,,0.15789473684210525,63.0,0.8412698412698413,0,16,0.0,0,1
64,8,42,0,0,,,,1.0,,,,,0.18604651162790697,63.0,1.0158730158730158,0,15,0.0,0,1
57,7,40,0,0,,,,1.0,,,,,0.17073170731707318,62.0,0.9193548387096774,0,15,0.0,0,1
69,6,34,0,0,,,,1.0,,,,,0.17142857142857143,64.0,1.078125,0,16,0.0,0,1
58,3,35,0,1,,,,1.0,,,,,0.08333333333333333,65.0,0.8923076923076924,0,12,0.0,0,1
64,6,42,0,0,,,,1.0,,,,,0.13953488372093023,61.0,1.0491803278688525,0,11,0.0,0,1
62,2,30,0,1,,,,1.0,,,,,0.06451612903225806,64.0,0.96875,0,14,0.0,0,1
64,3,38,0,0,,,,1.0,,,,,0.07692307692307693,65.0,0.9846153846153847,0,8,0.0,0,1
63,2,38,0,0,,1.0,,1.0,,,,,0.05128205128205128,65.0,0.9692307692307692,0,11,0.0,0,1
59,7,35,0,0,,,,1.0,,,,,0.19444444444444445,62.0,0.9516129032258065,0,12,0.0,0,1
64,3,39,0,0,,,,1.0,,,,,0.075,61.0,1.0491803278688525,0,12,0.0,0,1
55,5,39,0,0,,,,1.0,,,,,0.125,61.0,0.9016393442622951,0,14,0.0,0,1
63,3,38,0,0,,,,1.0,,,,,0.07692307692307693,62.0,1.0161290322580645,0,12,0.0,0,1
55,10,39,0,0,,,,1.0,,,,,0.25,67.0,0.8208955223880597,0,10,0.0,0,1
59,2,40,0,0,,,,1.0,,,,,0.04878048780487805,68.0,0.8676470588235294,0,14,0.0,0,1
53,5,42,0,1,,,,1.0,,,,,0.11627906976744186,67.0,0.7910447761194029,0,15,0.0,0,1
60,6,34,0,0,,,,1.0,,,,,0.17142857142857143,68.0,0.8823529411764706,0,14,0.0,0,1
51,5,42,0,0,,,,1.0,,,,,0.11627906976744186,68.0,0.75,0,14,0.0,0,1
64,8,39,0,0,,,,1.0,,,,,0.2,67.0,0.9552238805970149,0,13,0.0,0,1
48,2,31,0,1,,,,1.0,,,,,0.0625,68.0,0.7058823529411765,0,13,0.0,0,1
51,6,36,0,0,,,,1.0,,,,,0.16216216216216217,68.0,0.75,0,14,0.0,0,1
59,5,37,0,1,,,,1.0,,,,,0.13157894736842105,68.0,0.8676470588235294,0,16,0.0,0,1
53,4,41,0,0,,,,1.0,,,,,0.09523809523809523,67.0,0.7910447761194029,0,13,0.0,0,1
50,8,40,0,0,,,,1.0,,,,,0.1951219512195122,67.0,0.746268656716418,0,11,0.0,0,1
55,4,40,0,0,,,,1.0,,,,,0.0975609756097561,68.0,0.8088235294117647,0,14,0.0,0,1
64,4,41,0,1,,,,1.0,,,,,0.09523809523809523,67.0,0.9552238805970149,0,13,0.0,0,1
62,11,49,0,0,,,,1.0,,,,,0.22,68.0,0.9117647058823529,0,12,0.0,0,1
70,6,42,0,0,,,,1.0,,,,,0.13953488372093023,69.0,1.0144927536231885,0,10,0.0,0,1
58,4,38,0,1,,,,1.0,,,,,0.10256410256410256,68.0,0.8529411764705882,0,15,0.0,0,1
59,7,48,0,1,,,,1.0,,,,,0.14285714285714285,68.0,0.8676470588235294,0,13,0.0,0,1
65,9,39,0,0,,,,1.0,,,,,0.225,68.0,0.9558823529411765,0,14,0.0,0,1
62,5,36,0,0,,,,1.0,,,,,0.13513513513513514,68.0,0.9117647058823529,0,9,0.0,0,1
64,7,38,0,0,,,,1.0,,,,,0.1794871794871795,68.0,0.9411764705882353,0,14,0.0,0,1
63,9,40,0,0,,,,1.0,,,,,0.21951219512195122,69.0,0.9130434782608695,0,12,0.0,0,1
54,8,35,0,0,,,,1.0,,,,,0.2222222222222222,69.0,0.782608695652174,0,14,0.0,0,1
55,4,36,0,0,,,,1.0,,,,,0.10810810810810811,69.0,0.7971014492753623,0,12,0.0,0,1
67,0,33,0,0,,,,1.0,,,,,0.0,69.0,0.9710144927536232,0,11,0.0,0,1
61,5,40,0,0,,,,1.0,,,,,0.12195121951219512,69.0,0.8840579710144928,0,12,0.0,0,1
63,8,38,0,0,,,,1.0,,,,,0.20512820512820512,69.0,0.9130434782608695,0,14,0.0,0,1
60,4,45,0,1,,,,1.0,,,,,0.08695652173913043,69.0,0.8695652173913043,0,15,0.0,0,1
58,1,32,0,1,,,,1.0,,,,,0.030303030303030304,69.0,0.8405797101449275,0,14,0.0,0,1
62,7,36,0,0,,,,1.0,,,,,0.1891891891891892,69.0,0.8985507246376812,0,12,0.0,0,1
64,6,36,0,0,,,,1.0,,,,,0.16216216216216217,69.0,0.927536231884058,0,11,0.0,0,1
68,5,39,0,0,,,,1.0,,,,,0.125,70.0,0.9714285714285714,0,14,0.0,0,1
60,8,40,0,0,,,,1.0,,,,,0.1951219512195122,72.0,0.8333333333333334,0,10,0.0,0,1
64,2,42,0,0,,,,1.0,,,,,0.046511627906976744,69.0,0.927536231884058,0,9,0.0,0,1
62,1,30,0,1,,,,1.0,,,,,0.03225806451612903,69.0,0.8985507246376812,0,11,0.0,0,1
60,9,38,0,1,,,,1.0,,,,,0.23076923076923078,69.0,0.8695652173913043,0,14,0.0,0,1
66,4,34,0,0,,,,1.0,,,,,0.11428571428571428,69.0,0.9565217391304348,0,13,0.0,0,1
64,7,35,0,0,,,,1.0,,,,,0.19444444444444445,70.0,0.9142857142857143,0,15,0.0,0,1
55,6,34,0,0,,,,1.0,,,,,0.17142857142857143,69.0,0.7971014492753623,0,11,0.0,0,1
61,3,37,0,0,,,,1.0,,,,,0.07894736842105263,69.0,0.8840579710144928,0,13,0.0,0,1
57,6,47,0,1,,,,1.0,,,,,0.125,72.0,0.7916666666666666,0,12,0.0,0,1
61,9,42,0,0,,,,1.0,,,,,0.20930232558139536,69.0,0.8840579710144928,0,15,0.0,0,1
60,4,40,0,1,,,,1.0,,,,,0.0975609756097561,69.0,0.8695652173913043,0,11,0.0,0,1
60,6,44,0,0,,,,1.0,,,,,0.13333333333333333,72.0,0.8333333333333334,0,14,0.0,0,1
55,4,44,0,0,,,,1.0,,,,,0.08888888888888889,69.0,0.7971014492753623,0,14,0.0,0,1
57,5,44,0,0,,,,1.0,,,,,0.1111111111111111,69.0,0.8260869565217391,0,13,0.0,0,1
60,3,39,0,1,,,,1.0,,,,,0.075,74.0,0.8108108108108109,0,14,0.0,0,1
51,1,41,0,0,,,,1.0,,,,,0.023809523809523808,69.0,0.7391304347826086,0,12,0.0,0,1
58,3,44,0,1,,,,1.0,,,,,0.06666666666666667,69.0,0.8405797101449275,0,15,0.0,0,1
60,5,46,0,0,,,,1.0,,,,,0.10638297872340426,69.0,0.8695652173913043,0,13,0.0,0,1
65,6,40,0,0,,,,1.0,,,,,0.14634146341463414,70.0,0.9285714285714286,0,15,0.0,0,1
56,8,40,0,0,,,,1.0,,,,,0.1951219512195122,69.0,0.8115942028985508,0,12,0.0,0,1
63,3,41,0,0,,,,1.0,,,,,0.07142857142857142,69.0,0.9130434782608695,0,13,0.0,0,1
59,3,41,0,0,,,,1.0,,,,,0.07142857142857142,70.0,0.8428571428571429,0,15,0.0,0,1
60,2,38,0,0,,,,1.0,,,,,0.05128205128205128,70.0,0.8571428571428571,0,13,0.0,0,1
72,4,34,0,0,,,,1.0,,,,,0.11428571428571428,69.0,1.0434782608695652,0,13,0.0,0,1
67,4,41,0,0,,,,1.0,,,,,0.09523809523809523,69.0,0.9710144927536232,0,14,0.0,0,1
69,2,43,0,0,,,,1.0,,,,,0.045454545454545456,69.0,1.0,0,12,0.0,0,1
75,1,41,0,0,,,,1.0,,,,,0.023809523809523808,70.0,1.0714285714285714,0,14,0.0,0,1
71,3,35,0,0,,,,1.0,,,,,0.08333333333333333,70.0,1.0142857142857142,0,15,0.0,0,1
71,7,44,0,0,,,,1.0,,,,,0.15555555555555556,70.0,1.0142857142857142,0,14,0.0,0,1
64,8,39,0,0,,,,1.0,,,,,0.2,70.0,0.9142857142857143,0,11,0.0,0,1
72,5,44,0,0,,,,1.0,,,,,0.1111111111111111,69.0,1.0434782608695652,0,13,0.0,0,1
65,10,41,0,0,,,,1.0,,,,,0.23809523809523808,69.0,0.9420289855072463,0,16,0.0,0,1
56,4,43,0,0,,,,1.0,,,,,0.09090909090909091,69.0,0.8115942028985508,0,12,0.0,0,1
67,8,40,0,0,,,,1.0,,,,,0.1951219512195122,69.0,0.9710144927536232,0,15,0.0,0,1
63,4,43,0,0,,,,1.0,,,,,0.09090909090909091,69.0,0.9130434782608695,0,11,0.0,0,1
59,5,38,0,1,,,,1.0,,,,,0.1282051282051282,69.0,0.855072463768116,0,13,0.0,0,1
59,1,40,0,0,,,,1.0,,,,,0.024390243902439025,70.0,0.8428571428571429,0,15,0.0,0,1
48,3,45,0,0,,,,1.0,,,,,0.06521739130434782,70.0,0.6857142857142857,0,15,0.0,0,1
48,10,40,0,0,,,,1.0,,,,,0.24390243902439024,70.0,0.6857142857142857,0,15,0.0,0,1
68,9,37,0,0,,,,1.0,,,,,0.23684210526315788,70.0,0.9714285714285714,0,15,0.0,0,1
54,3,41,0,0,,,,1.0,,,,,0.07142857142857142,69.0,0.782608695652174,0,16,0.0,0,1
53,8,40,0,0,,,,1.0,,,,,0.1951219512195122,69.0,0.7681159420289855,0,11,0.0,0,1
53,8,35,0,1,,,,1.0,,,,,0.2222222222222222,72.0,0.7361111111111112,0,15,0.0,0,1
53,7,41,0,0,,,,1.0,,,,,0.16666666666666666,69.0,0.7681159420289855,0,11,0.0,0,1
57,6,35,0,0,,,,1.0,,,,,0.16666666666666666,69.0,0.8260869565217391,0,10,0.0,0,1
62,5,42,0,1,,,,1.0,,,,,0.11627906976744186,71.0,0.8732394366197183,0,14,0.0,0,1
66,8,45,0,0,,,,1.0,,,,,0.17391304347826086,69.0,0.9565217391304348,0,15,0.0,0,1
62,6,39,0,0,,,,1.0,,,,,0.15,70.0,0.8857142857142857,0,13,0.0,0,1
64,4,34,0,0,,,,1.0,,,,,0.11428571428571428,72.0,0.8888888888888888,0,16,0.0,0,1
60,5,34,0,0,,,,1.0,,,,,0.14285714285714285,72.0,0.8333333333333334,0,14,0.0,0,1
57,5,44,0,0,,,,1.0,,,,,0.1111111111111111,70.0,0.8142857142857143,0,16,0.0,0,1
62,6,39,0,0,,,,1.0,,,,,0.15,72.0,0.8611111111111112,0,11,0.0,0,1
65,4,41,0,1,,,,1.0,,,,,0.09523809523809523,70.0,0.9285714285714286,0,14,0.0,0,1
59,9,37,0,0,,,,1.0,,,,,0.23684210526315788,73.0,0.8082191780821918,0,12,0.0,0,1
56,3,41,0,0,,,,1.0,,,,,0.07142857142857142,72.0,0.7777777777777778,0,14,0.0,0,1
65,7,42,0,0,,,,1.0,,,,,0.16279069767441862,70.0,0.9285714285714286,0,12,0.0,0,1
60,8,37,0,0,,,,1.0,,,,,0.21052631578947367,71.0,0.8450704225352113,0,12,0.0,0,1
62,3,39,0,0,,,,1.0,,,,,0.075,72.0,0.8611111111111112,0,14,0.0,0,1
62,4,40,0,0,,,,1.0,,,,,0.0975609756097561,73.0,0.8493150684931506,0,13,0.0,0,1
63,1,35,0,0,,,,1.0,,,,,0.027777777777777776,72.0,0.875,0,9,0.0,0,1
59,11,34,0,0,,,,1.0,,,,,0.3142857142857143,74.0,0.7972972972972973,0,15,0.0,0,1
58,2,46,0,0,,,,1.0,,,,,0.0425531914893617,75.0,0.7733333333333333,0,14,0.0,0,1
63,3,46,0,0,,,,1.0,,,,,0.06382978723404255,70.0,0.9,0,14,0.0,0,1
59,7,40,0,0,,,,1.0,,,,,0.17073170731707318,70.0,0.8428571428571429,0,13,0.0,0,1
60,10,39,0,0,,,,1.0,,,,,0.25,73.0,0.821917808219178,0,11,0.0,0,1
62,5,39,0,0,,,,1.0,,,,,0.125,70.0,0.8857142857142857,0,15,0.0,0,1
73,3,37,0,1,,,,1.0,,,,,0.07894736842105263,70.0,1.042857142857143,0,12,0.0,0,1
54,1,41,0,0,,,,1.0,,,,,0.023809523809523808,73.0,0.7397260273972602,0,12,0.0,0,1
56,2,39,0,0,,,,1.0,,,,,0.05,70.0,0.8,0,12,0.0,0,1
75,4,37,0,0,,,,1.0,,,,,0.10526315789473684,70.0,1.0714285714285714,0,13,0.0,0,1
63,3,45,0,1,,,,1.0,,,,,0.06521739130434782,71.0,0.8873239436619719,0,12,0.0,0,1
65,6,51,0,0,,,,1.0,,,,,0.11538461538461539,75.0,0.8666666666666667,0,9,0.0,0,1
65,7,50,0,0,,,,1.0,,,,,0.13725490196078433,75.0,0.8666666666666667,0,10,0.0,0,1
69,7,45,0,0,,,,1.0,,,,,0.15217391304347827,71.0,0.971830985915493,0,16,0.0,0,1
76,3,41,0,0,,,,1.0,,,,,0.07142857142857142,70.0,1.0857142857142856,0,16,0.0,0,1
81,5,43,0,0,,,,1.0,,,,,0.11363636363636363,71.0,1.1408450704225352,0,15,0.0,0,1
81,2,43,0,0,,,,1.0,,,,,0.045454545454545456,70.0,1.1571428571428573,0,12,0.0,0,1
79,4,44,0,0,,,,1.0,,,,,0.08888888888888889,70.0,1.1285714285714286,0,11,0.0,0,1
79,7,39,0,0,,,,1.0,,,,,0.175,70.0,1.1285714285714286,0,12,0.0,0,1
81,6,39,0,0,,,,1.0,,,,,0.15,70.0,1.1571428571428573,0,14,0.0,0,1
78,2,36,0,0,,,,1.0,,,,,0.05405405405405406,71.0,1.0985915492957747,0,14,0.0,0,1
77,6,35,0,0,,,,1.0,,,,,0.16666666666666666,71.0,1.0845070422535212,0,14,0.0,0,1
68,4,47,0,0,,,,1.0,,,,,0.08333333333333333,72.0,0.9444444444444444,0,15,0.0,0,1
75,8,43,0,0,,,,1.0,,,,,0.18181818181818182,71.0,1.056338028169014,0,15,0.0,0,1
76,2,46,0,0,,,,1.0,,,,,0.0425531914893617,71.0,1.0704225352112675,0,13,0.0,0,1
82,4,41,0,0,,,,1.0,,,,,0.09523809523809523,71.0,1.1549295774647887,0,14,0.0,0,1
78,4,32,0,0,,,,1.0,,,,,0.12121212121212122,71.0,1.0985915492957747,0,15,0.0,0,1
69,5,45,0,0,,,,1.0,,,,,0.10869565217391304,72.0,0.9583333333333334,0,14,0.0,0,1
67,3,47,0,0,,,,1.0,,,,,0.0625,72.0,0.9305555555555556,0,11,0.0,0,1
73,7,41,0,0,,,,1.0,,,,,0.16666666666666666,71.0,1.028169014084507,0,14,0.0,0,1
69,0,37,0,0,,,,1.0,,,,,0.0,72.0,0.9583333333333334,0,15,0.0,0,1
66,5,43,0,0,,,,1.0,,,,,0.11363636363636363,72.0,0.9166666666666666,0,16,0.0,0,1
75,5,37,0,0,,,,1.0,,,,,0.13157894736842105,71.0,1.056338028169014,0,14,0.0,0,1
63,6,42,0,0,,,,1.0,,,,,0.13953488372093023,72.0,0.875,0,15,0.0,0,1
58,1,27,0,0,,,,1.0,,,,,0.03571428571428571,70.0,0.8285714285714286,0,12,0.0,0,1
69,3,38,0,0,,,,1.0,,,,,0.07692307692307693,72.0,0.9583333333333334,0,13,0.0,0,1
81,4,48,0,0,,,,1.0,,,,,0.08163265306122448,72.0,1.125,0,15,0.0,0,1
76,8,38,0,0,,,,1.0,,,,,0.20512820512820512,73.0,1.0410958904109588,0,15,0.0,0,1
71,7,39,0,0,,,,1.0,,,,,0.175,72.0,0.9861111111111112,0,12,0.0,0,1
74,8,42,0,0,,,,1.0,,,,,0.18604651162790697,73.0,1.0136986301369864,0,14,0.0,0,1
77,11,39,0,0,,,,1.0,,,,,0.275,72.0,1.0694444444444444,0,14,0.0,0,1
73,9,39,0,0,,,,1.0,,,,,0.225,72.0,1.0138888888888888,0,13,0.0,0,1
75,4,37,0,1,,,,1.0,,,,,0.10526315789473684,72.0,1.0416666666666667,0,15,0.0,0,1
79,11,45,0,0,,,,1.0,,,,,0.2391304347826087,72.0,1.0972222222222223,0,14,0.0,0,1
72,5,45,0,0,,,,1.0,,,,,0.10869565217391304,72.0,1.0,0,14,0.0,0,1
59,4,46,0,0,,,,1.0,,,,,0.0851063829787234,73.0,0.8082191780821918,0,9,0.0,0,1
73,5,42,0,0,,,,1.0,,,,,0.11627906976744186,72.0,1.0138888888888888,0,15,0.0,0,1
60,5,40,0,0,,,,1.0,,,,,0.12195121951219512,73.0,0.821917808219178,0,12,0.0,0,1
77,5,40,0,0,,,,1.0,,,,,0.12195121951219512,73.0,1.0547945205479452,0,15,0.0,0,1
63,5,39,0,1,,,,1.0,,,,,0.125,72.0,0.875,0,11,0.0,0,1
62,2,48,0,0,,,,1.0,,,,,0.04081632653061224,72.0,0.8611111111111112,0,13,0.0,0,1
78,4,38,0,0,,,,1.0,,,,,0.10256410256410256,72.0,1.0833333333333333,0,14,0.0,0,1
76,5,45,0,1,,,,1.0,,,,,0.10869565217391304,72.0,1.0555555555555556,0,15,0.0,0,1
75,6,42,0,0,,,,1.0,,,,,0.13953488372093023,73.0,1.0273972602739727,0,13,0.0,0,1
72,5,45,0,0,,,,1.0,,,,,0.10869565217391304,74.0,0.972972972972973,0,14,0.0,0,1
72,8,45,0,0,,,,1.0,,,,,0.17391304347826086,73.0,0.9863013698630136,0,14,0.0,0,1
62,2,37,0,0,,,,1.0,,,,,0.05263157894736842,74.0,0.8378378378378378,0,13,0.0,0,1
76,9,38,0,0,,,,1.0,,,,,0.23076923076923078,74.0,1.027027027027027,0,12,0.0,0,1
63,9,45,0,0,,,,1.0,,,,,0.1956521739130435,73.0,0.863013698630137,0,11,0.0,0,1
81,2,45,0,0,,,,1.0,,,,,0.043478260869565216,75.0,1.08,0,12,0.0,0,1
73,8,41,0,0,,,,1.0,,,,,0.19047619047619047,72.0,1.0138888888888888,0,11,0.0,0,1
66,6,45,0,0,,,,1.0,,,,,0.13043478260869565,73.0,0.9041095890410958,0,12,0.0,0,1
74,5,46,0,0,,,,1.0,,,,,0.10638297872340426,74.0,1.0,0,13,0.0,0,1
76,6,40,0,0,,,,1.0,,,,,0.14634146341463414,74.0,1.027027027027027,0,14,0.0,0,1
69,4,42,0,1,,,,1.0,,,,,0.09302325581395349,126.0,0.5476190476190477,0,15,0.0,0,1
69,4,44,0,0,,,,1.0,,,,,0.08888888888888889,72.0,0.9583333333333334,0,14,0.0,0,1
83,7,42,0,0,,,,1.0,,,,,0.16279069767441862,72.0,1.1527777777777777,0,14,0.0,0,1
53,7,50,0,0,,,,1.0,,,,,0.13725490196078433,72.0,0.7361111111111112,0,12,0.0,0,1
55,2,35,0,1,,,,1.0,,,,,0.05555555555555555,73.0,0.7534246575342466,0,16,0.0,0,1
78,5,55,0,0,,,,1.0,,,,,0.08928571428571429,75.0,1.04,0,16,0.0,0,1
74,8,45,0,0,,,,1.0,,,,,0.17391304347826086,73.0,1.0136986301369864,0,16,0.0,0,1
75,4,42,0,0,,,,1.0,,,,,0.09302325581395349,72.0,1.0416666666666667,0,13,0.0,0,1
84,11,41,0,0,,,,1.0,,,,,0.2619047619047619,74.0,1.135135135135135,0,15,0.0,0,1
73,5,46,0,0,,,,1.0,,,,,0.10638297872340426,73.0,1.0,0,13,0.0,0,1
75,5,42,0,0,,,,1.0,,,,,0.11627906976744186,73.0,1.0273972602739727,0,11,0.0,0,1
77,9,41,0,0,,,,1.0,,,,,0.21428571428571427,73.0,1.0547945205479452,0,15,0.0,0,1
72,5,42,0,0,,,,1.0,,,,,0.11627906976744186,73.0,0.9863013698630136,0,16,0.0,0,1
70,10,34,0,0,,,,1.0,,,,,0.2857142857142857,73.0,0.958904109589041,0,12,0.0,0,1
67,5,43,0,0,,,,1.0,,,,,0.11363636363636363,73.0,0.9178082191780822,0,12,0.0,0,1
76,9,41,0,2,,,,1.0,,,,,0.21428571428571427,71.0,1.0704225352112675,0,14,0.0,0,1
78,7,41,0,0,,,,1.0,,,,,0.16666666666666666,73.0,1.0684931506849316,0,13,0.0,0,1
65,5,40,0,0,,,,1.0,,,,,0.12195121951219512,73.0,0.8904109589041096,0,11,0.0,0,1
83,2,32,0,0,,,,1.0,,,,,0.06060606060606061,71.0,1.1690140845070423,0,14,0.0,0,1
75,3,36,0,0,,,,1.0,,,,,0.08108108108108109,73.0,1.0273972602739727,0,16,0.0,0,1
73,1,39,0,0,,,,1.0,,,,,0.025,74.0,0.9864864864864865,0,13,0.0,0,1
70,5,27,0,0,,,,1.0,,,,,0.17857142857142858,126.0,0.5555555555555556,0,14,0.0,0,1
67,8,40,0,1,,,,1.0,,,,,0.1951219512195122,71.0,0.9436619718309859,0,12,0.0,0,1
77,8,34,0,0,,,,1.0,,,,,0.22857142857142856,126.0,0.6111111111111112,0,11,0.0,0,1
72,9,40,0,0,,,,1.0,,,,,0.21951219512195122,70.0,1.0285714285714285,0,11,0.0,0,1
79,10,40,0,0,,,,1.0,,,,,0.24390243902439024,72.0,1.0972222222222223,0,11,0.0,0,1
83,5,39,0,0,,,,1.0,,,,,0.125,70.0,1.1857142857142857,0,16,0.0,0,1
65,7,37,0,0,,,,1.0,,,,,0.18421052631578946,73.0,0.8904109589041096,0,11,0.0,0,1
79,8,39,0,1,,,,1.0,,,,,0.2,126.0,0.626984126984127,0,14,0.0,0,1
71,7,36,0,1,,,,1.0,,,,,0.1891891891891892,71.0,1.0,0,11,0.0,0,1
68,14,43,0,1,,,,1.0,,,,,0.3181818181818182,72.0,0.9444444444444444,0,15,0.0,0,1
74,3,41,0,1,,,,1.0,,,,,0.07142857142857142,71.0,1.0422535211267605,0,12,0.0,0,1
70,11,35,0,0,,,,1.0,,,,,0.3055555555555556,72.0,0.9722222222222222,0,13,0.0,0,1
76,5,38,0,0,,,,1.0,,,,,0.1282051282051282,71.0,1.0704225352112675,0,13,0.0,0,1
77,4,45,0,1,,,,1.0,,,,,0.08695652173913043,71.0,1.0845070422535212,0,13,0.0,0,1
78,8,44,0,0,,,,1.0,,,,,0.17777777777777778,73.0,1.0684931506849316,0,11,0.0,0,1
81,3,37,0,0,,,,1.0,,,,,0.07894736842105263,73.0,1.1095890410958904,0,13,0.0,0,1
78,1,38,0,0,,,,1.0,,,,,0.02564102564102564,72.0,1.0833333333333333,0,12,0.0,0,1
87,5,44,0,0,,,,1.0,,,,,0.1111111111111111,74.0,1.1756756756756757,0,10,0.0,0,1
81,9,41,0,0,,,,1.0,,,,,0.21428571428571427,72.0,1.125,0,13,0.0,0,1
75,7,39,0,0,,,,1.0,,,,,0.175,73.0,1.0273972602739727,0,16,0.0,0,1
80,6,40,0,0,,,,1.0,,,,,0.14634146341463414,72.0,1.1111111111111112,0,8,0.0,0,1
86,5,44,0,1,,,,1.0,,,,,0.1111111111111111,73.0,1.178082191780822,0,12,0.0,0,1
70,1,39,0,0,,,,1.0,,,,,0.025,72.0,0.9722222222222222,0,13,0.0,0,1
73,8,44,0,0,,,,1.0,,,,,0.17777777777777778,72.0,1.0138888888888888,0,10,0.0,0,1
76,4,39,0,0,,,,1.0,,,,,0.1,73.0,1.0410958904109588,0,13,0.0,0,1
81,3,49,0,1,,,,1.0,,,,,0.06,73.0,1.1095890410958904,0,13,0.0,0,1
81,2,42,0,0,,,,1.0,,,,,0.046511627906976744,73.0,1.1095890410958904,0,16,0.0,0,1
292,51,713,0,0,,,,1.0,,,,,0.07142857142857142,126.0,2.3174603174603177,0,12,0.0,0,1
300,43,657,0,0,,,,1.0,,,,,0.06534954407294832,73.0,4.109589041095891,0,14,0.0,0,1
315,79,821,0,0,,,,1.0,,,,,0.09610705596107055,156.0,2.019230769230769,0,14,0.0,0,1
109,14,159,0,0,,,,1.0,,,,,0.0875,153.0,0.7124183006535948,0,14,0.0,0,1
235,52,548,0,2,,,,1.0,,,,,0.0947176684881603,126.0,1.8650793650793651,0,11,0.0,0,1
141,77,179,3,0,,,,1.0,,,,,0.42777777777777776,160.0,0.88125,0,10,0.0,0,1
146,82,281,3,0,,,,1.0,,,,,0.2907801418439716,160.0,0.9125,0,14,0.0,0,1
131,102,312,3,0,,,,1.0,,,,,0.3258785942492013,160.0,0.81875,0,10,0.0,0,1
136,71,202,4,0,,,,1.0,,,,,0.3497536945812808,160.0,0.85,0,14,0.0,0,1
150,101,242,3,0,,,,1.0,,,,,0.4156378600823045,160.0,0.9375,0,11,0.0,0,1
41,9,36,0,0,,,,1.0,,,,,0.24324324324324326,55.0,0.7454545454545455,0,14,0.0,0,1
34,6,41,0,0,,1.0,,1.0,,,,,0.14285714285714285,54.0,0.6296296296296297,0,13,0.0,0,1
46,4,39,0,0,,,,1.0,,,,,0.1,52.0,0.8846153846153846,0,16,0.0,0,1
43,6,45,0,0,,,,1.0,,,,,0.13043478260869565,54.0,0.7962962962962963,0,16,0.0,0,1
46,4,37,0,0,,,,1.0,,,,,0.10526315789473684,55.0,0.8363636363636363,0,11,0.0,0,1
35,1,40,0,0,,,,1.0,,,,,0.024390243902439025,52.0,0.6730769230769231,0,15,0.0,0,1
43,7,38,0,0,,,,1.0,,,,,0.1794871794871795,52.0,0.8269230769230769,0,13,0.0,0,1
45,5,35,0,1,,,,1.0,,,,,0.1388888888888889,52.0,0.8653846153846154,0,12,0.0,0,1
36,6,33,0,0,,,,1.0,,,,,0.17647058823529413,52.0,0.6923076923076923,0,14,0.0,0,1
48,4,38,0,2,,,,1.0,,,,,0.10256410256410256,55.0,0.8727272727272727,0,12,0.0,0,1
40,9,36,0,0,,,,1.0,,,,,0.24324324324324326,54.0,0.7407407407407407,0,13,0.0,0,1
41,10,36,0,0,,,,1.0,,,,,0.2702702702702703,52.0,0.7884615384615384,0,12,0.0,0,1
43,4,41,0,0,,,,1.0,,,,,0.09523809523809523,55.0,0.7818181818181819,0,15,0.0,0,1
41,6,42,0,0,,,,1.0,,,,,0.13953488372093023,52.0,0.7884615384615384,0,13,0.0,0,1
44,8,38,0,0,,,,1.0,,,,,0.20512820512820512,54.0,0.8148148148148148,0,13,0.0,0,1
33,7,35,0,0,,,,1.0,,,,,0.19444444444444445,54.0,0.6111111111111112,0,12,0.0,0,1
36,4,41,0,0,,,,1.0,,,,,0.09523809523809523,52.0,0.6923076923076923,0,13,0.0,0,1
42,5,35,0,1,,,,1.0,,,,,0.1388888888888889,53.0,0.7924528301886793,0,8,0.0,0,1
42,9,34,0,0,,,,1.0,,,,,0.2571428571428571,52.0,0.8076923076923077,0,15,0.0,0,1
43,2,45,0,0,,,,1.0,,,,,0.043478260869565216,52.0,0.8269230769230769,0,11,0.0,0,1
32,9,35,0,0,,,,1.0,,,,,0.25,54.0,0.5925925925925926,0,13,0.0,0,1
36,5,37,0,0,,,,1.0,,,,,0.13157894736842105,54.0,0.6666666666666666,0,13,0.0,0,1
47,2,36,0,0,,,,1.0,,,,,0.05405405405405406,56.0,0.8392857142857143,0,15,0.0,0,1
34,5,44,0,0,,,,1.0,,,,,0.1111111111111111,53.0,0.6415094339622641,0,14,0.0,0,1
35,4,45,0,0,,,,1.0,,,,,0.08695652173913043,55.0,0.6363636363636364,0,14,0.0,0,1
34,8,41,0,1,,,,1.0,,,,,0.19047619047619047,54.0,0.6296296296296297,0,13,0.0,0,1
43,7,37,0,0,,,,1.0,,,,,0.18421052631578946,52.0,0.8269230769230769,0,16,0.0,0,1
41,5,29,0,0,,,,1.0,,,,,0.16666666666666666,54.0,0.7592592592592593,0,13,0.0,0,1
42,2,36,0,0,,,,1.0,,,,,0.05405405405405406,52.0,0.8076923076923077,0,13,0.0,0,1
34,7,45,0,0,,,,1.0,,,,,0.15217391304347827,55.0,0.6181818181818182,0,14,0.0,0,1
45,2,32,0,0,,,,1.0,,,,,0.06060606060606061,53.0,0.8490566037735849,0,15,0.0,0,1
44,5,43,0,0,,,,1.0,,,,,0.11363636363636363,53.0,0.8301886792452831,0,10,0.0,0,1
39,1,42,0,0,,,,1.0,,,,,0.023255813953488372,52.0,0.75,0,14,0.0,0,1
43,7,34,0,1,,,,1.0,,,,,0.2,51.0,0.8431372549019608,0,14,0.0,0,1
35,3,41,0,0,,,,1.0,,,,,0.07142857142857142,56.0,0.625,0,13,0.0,0,1
45,7,41,0,1,,,,1.0,,,,,0.16666666666666666,52.0,0.8653846153846154,0,14,0.0,0,1
35,8,39,0,0,,,,1.0,,,,,0.2,51.0,0.6862745098039216,0,14,0.0,0,1
45,5,41,0,0,,,,1.0,,,,,0.11904761904761904,52.0,0.8653846153846154,0,14,0.0,0,1
33,2,45,0,0,,,,1.0,,,,,0.043478260869565216,53.0,0.6226415094339622,0,16,0.0,0,1
39,6,37,0,0,,,,1.0,,,,,0.15789473684210525,52.0,0.75,0,14,0.0,0,1
32,1,28,0,1,,,,1.0,,,,,0.034482758620689655,56.0,0.5714285714285714,0,15,0.0,0,1
43,5,37,0,1,,,,1.0,,,,,0.13157894736842105,52.0,0.8269230769230769,0,11,0.0,0,1
42,0,38,0,0,,,,1.0,,,,,0.0,51.0,0.8235294117647058,0,14,0.0,0,1
42,7,41,0,0,,,,1.0,,,,,0.16666666666666666,52.0,0.8076923076923077,0,15,0.0,0,1
36,2,36,0,0,,,,1.0,,,,,0.05405405405405406,53.0,0.6792452830188679,0,13,0.0,0,1
37,8,44,0,0,,,,1.0,,,,,0.17777777777777778,53.0,0.6981132075471698,0,14,0.0,0,1
42,2,38,0,0,,,,1.0,,,,,0.05128205128205128,53.0,0.7924528301886793,0,16,0.0,0,1
42,3,41,0,0,,,,1.0,,,,,0.07142857142857142,54.0,0.7777777777777778,0,14,0.0,0,1
37,6,39,0,0,,,,1.0,,,,,0.15,52.0,0.7115384615384616,0,12,0.0,0,1
35,7,34,0,0,,,,1.0,,,,,0.2,53.0,0.660377358490566,0,15,0.0,0,1
27,3,39,0,0,,,,1.0,,,,,0.075,53.0,0.5094339622641509,0,12,0.0,0,1
48,0,38,0,0,,,,1.0,,,,,0.0,55.0,0.8727272727272727,0,13,0.0,0,1
44,15,33,0,0,,,,1.0,,,,,0.4411764705882353,55.0,0.8,0,9,0.0,0,1
41,2,39,0,0,,,,1.0,,,,,0.05,55.0,0.7454545454545455,0,15,0.0,0,1
44,10,40,0,0,,,,1.0,,,,,0.24390243902439024,55.0,0.8,0,12,0.0,0,1
37,3,39,0,0,,,,1.0,,,,,0.075,52.0,0.7115384615384616,0,10,0.0,0,1
46,2,35,0,0,,,,1.0,,,,,0.05555555555555555,52.0,0.8846153846153846,0,11,0.0,0,1
36,2,35,0,0,,,,1.0,,,,,0.05555555555555555,54.0,0.6666666666666666,0,16,0.0,0,1
49,6,44,0,0,,,,1.0,,,,,0.13333333333333333,53.0,0.9245283018867925,0,11,0.0,0,1
35,7,35,0,0,,,,1.0,,,,,0.19444444444444445,52.0,0.6730769230769231,0,12,0.0,0,1
44,6,34,0,0,,,,1.0,,,,,0.17142857142857143,57.0,0.7719298245614035,0,14,0.0,0,1
41,0,34,0,0,,,,1.0,,,,,0.0,52.0,0.7884615384615384,0,11,0.0,0,1
43,1,38,0,0,,,,1.0,,,,,0.02564102564102564,51.0,0.8431372549019608,0,13,0.0,0,1
35,3,39,0,0,,,,1.0,,,,,0.075,53.0,0.660377358490566,0,11,0.0,0,1
43,4,34,0,0,,,,1.0,,,,,0.11428571428571428,54.0,0.7962962962962963,0,12,0.0,0,1
50,3,40,0,0,,,,1.0,,,,,0.07317073170731707,53.0,0.9433962264150944,0,15,0.0,0,1
46,3,39,0,0,,,,1.0,,,,,0.075,54.0,0.8518518518518519,0,14,0.0,0,1
33,2,25,0,0,,,,1.0,,,,,0.07692307692307693,55.0,0.6,0,14,0.0,0,1
37,3,39,0,0,,,,1.0,,,,,0.075,55.0,0.6727272727272727,0,16,0.0,0,1
46,3,36,0,0,,,,1.0,,,,,0.08108108108108109,55.0,0.8363636363636363,0,12,0.0,0,1
33,5,39,0,0,,,,1.0,,,,,0.125,54.0,0.6111111111111112,0,10,0.0,0,1
41,5,34,0,0,,,,1.0,,,,,0.14285714285714285,54.0,0.7592592592592593,0,15,0.0,0,1
46,5,42,0,0,,,,1.0,,,,,0.11627906976744186,54.0,0.8518518518518519,0,12,0.0,0,1
41,6,38,0,0,,,,1.0,,,,,0.15384615384615385,55.0,0.7454545454545455,0,14,0.0,0,1
41,8,28,0,0,,,,1.0,,,,,0.27586206896551724,54.0,0.7592592592592593,0,12,0.0,0,1
44,5,41,0,0,,,,1.0,,,,,0.11904761904761904,52.0,0.8461538461538461,0,14,0.0,0,1
42,4,36,0,0,,,,1.0,,,,,0.10810810810810811,54.0,0.7777777777777778,0,16,0.0,0,1
33,2,35,0,0,,,,1.0,,,,,0.05555555555555555,51.0,0.6470588235294118,0,11,0.0,0,1
35,6,39,0,0,,,,1.0,,,,,0.15,53.0,0.660377358490566,0,13,0.0,0,1
46,4,27,0,0,,,,1.0,,,,,0.14285714285714285,54.0,0.8518518518518519,0,15,0.0,0,1
43,4,41,0,0,,,,1.0,,,,,0.09523809523809523,53.0,0.8113207547169812,0,13,0.0,0,1
44,4,38,0,0,,,,1.0,,,,,0.10256410256410256,52.0,0.8461538461538461,0,12,0.0,0,1
40,4,41,0,0,,,,1.0,,,,,0.09523809523809523,55.0,0.7272727272727273,0,10,0.0,0,1
35,4,37,0,1,,,,1.0,,,,,0.10526315789473684,55.0,0.6363636363636364,0,13,0.0,0,1
43,1,31,0,0,,,,1.0,,,,,0.03125,56.0,0.7678571428571429,0,14,0.0,0,1
34,4,39,0,0,,,,1.0,,,,,0.1,53.0,0.6415094339622641,0,11,0.0,0,1
45,9,41,0,0,,,,1.0,,,,,0.21428571428571427,52.0,0.8653846153846154,0,15,0.0,0,1
33,1,39,0,0,,,,1.0,,,,,0.025,52.0,0.6346153846153846,0,14,0.0,0,1
35,6,39,0,0,,,,1.0,,,,,0.15,53.0,0.660377358490566,0,12,0.0,0,1
50,5,33,0,1,,,,1.0,,,,,0.14705882352941177,54.0,0.9259259259259259,0,12,0.0,0,1
43,2,34,0,0,,,,1.0,,,,,0.05714285714285714,52.0,0.8269230769230769,0,11,0.0,0,1
40,5,40,0,1,,,,1.0,,,,,0.12195121951219512,59.0,0.6779661016949152,0,13,0.0,0,1
37,4,33,0,0,,,,1.0,,,,,0.11764705882352941,53.0,0.6981132075471698,0,14,0.0,0,1
35,2,33,0,1,,,,1.0,,,,,0.058823529411764705,55.0,0.6363636363636364,0,14,0.0,0,1
41,4,37,0,1,,,,1.0,,,,,0.10526315789473684,53.0,0.7735849056603774,0,14,0.0,0,1
36,1,41,0,0,,,,1.0,,,,,0.023809523809523808,53.0,0.6792452830188679,0,15,0.0,0,1
44,6,38,0,0,,,,1.0,,,,,0.15384615384615385,53.0,0.8301886792452831,0,15,0.0,0,1
34,4,36,0,0,,,,1.0,,,,,0.10810810810810811,57.0,0.5964912280701754,0,13,0.0,0,1
42,4,33,0,0,,,,1.0,,,,,0.11764705882352941,53.0,0.7924528301886793,0,14,0.0,0,1
39,16,45,0,0,,,,1.0,,,,,0.34782608695652173,54.0,0.7222222222222222,0,15,0.0,0,1
46,3,36,0,0,,,,1.0,,,,,0.08108108108108109,54.0,0.8518518518518519,0,14,0.0,0,1
45,6,34,0,0,,,,1.0,,,,,0.17142857142857143,52.0,0.8653846153846154,0,15,0.0,0,1
45,4,41,0,0,,,,1.0,,,,,0.09523809523809523,53.0,0.8490566037735849,0,14,0.0,0,1
36,2,38,0,0,,,,1.0,,,,,0.05128205128205128,53.0,0.6792452830188679,0,14,0.0,0,1
42,7,37,0,0,,,,1.0,,,,,0.18421052631578946,52.0,0.8076923076923077,0,12,0.0,0,1
45,8,43,0,0,,,,1.0,,,,,0.18181818181818182,56.0,0.8035714285714286,0,15,0.0,0,1
44,2,38,0,0,,,,1.0,,,,,0.05128205128205128,58.0,0.7586206896551724,0,13,0.0,0,1
34,2,44,0,0,,1.0,,1.0,,,,,0.044444444444444446,58.0,0.5862068965517241,0,15,0.0,0,1
42,2,39,0,1,,,,1.0,,,,,0.05,58.0,0.7241379310344828,0,14,0.0,0,1
42,1,39,0,0,,,,1.0,,,,,0.025,59.0,0.711864406779661,0,12,0.0,0,1
44,6,41,0,1,,,,1.0,,,,,0.14285714285714285,58.0,0.7586206896551724,0,15,0.0,0,1
44,4,34,0,0,,,,1.0,,,,,0.11428571428571428,58.0,0.7586206896551724,0,13,0.0,0,1
41,3,41,0,0,,,,1.0,,,,,0.07142857142857142,56.0,0.7321428571428571,0,11,0.0,0,1
38,7,39,0,0,,,,1.0,,,,,0.175,59.0,0.6440677966101694,0,13,0.0,0,1
46,7,41,0,0,,,,1.0,,,,,0.16666666666666666,59.0,0.7796610169491526,0,11,0.0,0,1
44,5,39,0,0,,,,1.0,,,,,0.125,59.0,0.7457627118644068,0,12,0.0,0,1
46,1,37,0,0,,,,1.0,,,,,0.02631578947368421,58.0,0.7931034482758621,0,9,0.0,0,1
45,4,41,0,0,,,,1.0,,,,,0.09523809523809523,56.0,0.8035714285714286,0,14,0.0,0,1
42,4,38,0,0,,,,1.0,,,,,0.10256410256410256,56.0,0.75,0,15,0.0,0,1
43,5,34,0,0,,,,1.0,,,,,0.14285714285714285,57.0,0.7543859649122807,0,12,0.0,0,1
34,4,37,0,0,,,,1.0,,,,,0.10526315789473684,57.0,0.5964912280701754,0,13,0.0,0,1
36,0,45,0,0,,,,1.0,,,,,0.0,56.0,0.6428571428571429,0,13,0.0,0,1
43,4,35,0,0,,,,1.0,,,,,0.1111111111111111,57.0,0.7543859649122807,0,12,0.0,0,1
44,2,36,0,0,,,,1.0,,,,,0.05405405405405406,57.0,0.7719298245614035,0,11,0.0,0,1
33,1,38,0,0,,,,1.0,,,,,0.02564102564102564,57.0,0.5789473684210527,0,13,0.0,0,1
42,1,37,0,0,,,,1.0,,,,,0.02631578947368421,57.0,0.7368421052631579,0,8,0.0,0,1
42,8,34,0,0,,,,1.0,,,,,0.22857142857142856,57.0,0.7368421052631579,0,12,0.0,0,1
42,6,40,0,0,,,,1.0,,,,,0.14634146341463414,57.0,0.7368421052631579,0,13,0.0,0,1
42,7,36,0,0,,,,1.0,,,,,0.1891891891891892,58.0,0.7241379310344828,0,13,0.0,0,1
34,4,45,0,0,,,,1.0,,,,,0.08695652173913043,58.0,0.5862068965517241,0,13,0.0,0,1
37,3,34,0,0,,,,1.0,,,,,0.08571428571428572,58.0,0.6379310344827587,0,11,0.0,0,1
40,4,42,0,0,,,,1.0,,,,,0.09302325581395349,58.0,0.6896551724137931,0,13,0.0,0,1
44,2,17,0,0,,,,1.0,,,,,0.1111111111111111,58.0,0.7586206896551724,0,12,0.0,0,1
33,0,16,0,0,,,,1.0,,,,,0.0,58.0,0.5689655172413793,0,13,0.0,0,1
41,9,39,0,0,,,,1.0,,,,,0.225,59.0,0.6949152542372882,0,16,0.0,0,1
47,2,42,0,0,,,,1.0,,,,,0.046511627906976744,59.0,0.7966101694915254,0,16,0.0,0,1
44,3,40,0,0,,,,1.0,,,,,0.07317073170731707,58.0,0.7586206896551724,0,13,0.0,0,1
37,6,37,0,0,,,,1.0,,,,,0.15789473684210525,58.0,0.6379310344827587,0,15,0.0,0,1
35,6,41,0,0,,,,1.0,,,,,0.14285714285714285,58.0,0.603448275862069,0,15,0.0,0,1
40,5,31,0,0,,,,1.0,,,,,0.15625,59.0,0.6779661016949152,0,15,0.0,0,1
42,4,42,0,0,,,,1.0,,,,,0.09302325581395349,59.0,0.711864406779661,0,10,0.0,0,1
37,4,32,0,0,,,,1.0,,,,,0.12121212121212122,57.0,0.6491228070175439,0,14,0.0,0,1
43,6,40,0,0,,,,1.0,,,,,0.14634146341463414,57.0,0.7543859649122807,0,15,0.0,0,1
46,4,39,0,0,,,,1.0,,,,,0.1,56.0,0.8214285714285714,0,12,0.0,0,1
36,4,41,0,0,,,,1.0,,,,,0.09523809523809523,57.0,0.631578947368421,0,15,0.0,0,1
45,11,43,0,0,,,,1.0,,,,,0.25,57.0,0.7894736842105263,0,14,0.0,0,1
34,2,38,0,0,,,,1.0,,,,,0.05128205128205128,57.0,0.5964912280701754,0,6,0.0,0,1
44,12,43,0,0,,,,1.0,,,,,0.2727272727272727,57.0,0.7719298245614035,0,16,0.0,0,1
45,7,41,0,0,,,,1.0,,,,,0.16666666666666666,57.0,0.7894736842105263,0,10,0.0,0,1
17674,513,135,178,1,,,,1.0,25200.0,,,,3.7720588235294117,333.0,53.07507507507508,1,13,0.0,0,1
45,5,47,0,0,,,,1.0,,,,,0.10416666666666667,67.0,0.6716417910447762,0,14,0.0,0,1
42,4,46,0,0,,,,1.0,,,,,0.0851063829787234,67.0,0.6268656716417911,0,13,0.0,0,1
46,2,33,0,0,,,,1.0,,,,,0.058823529411764705,67.0,0.6865671641791045,0,12,0.0,0,1
46,6,42,0,0,,,,1.0,,,,,0.13953488372093023,68.0,0.6764705882352942,0,15,0.0,0,1
44,6,42,0,0,,,,1.0,,,,,0.13953488372093023,68.0,0.6470588235294118,0,16,0.0,0,1
39,5,41,0,0,,,,1.0,,,,,0.11904761904761904,68.0,0.5735294117647058,0,11,0.0,0,1
35,8,38,0,0,,,,1.0,,,,,0.20512820512820512,68.0,0.5147058823529411,0,14,0.0,0,1
44,7,37,0,1,,,,1.0,,,,,0.18421052631578946,68.0,0.6470588235294118,0,13,0.0,0,1
38,5,46,0,0,,,,1.0,,,,,0.10638297872340426,68.0,0.5588235294117647,0,12,0.0,0,1
35,0,49,0,1,,,,1.0,,,,,0.0,68.0,0.5147058823529411,0,15,0.0,0,1
38,5,36,0,0,,,,1.0,,,,,0.13513513513513514,69.0,0.5507246376811594,0,12,0.0,0,1
42,7,41,0,0,,,,1.0,,,,,0.16666666666666666,67.0,0.6268656716417911,0,16,0.0,0,1
44,7,48,0,0,,,,1.0,,,,,0.14285714285714285,67.0,0.6567164179104478,0,11,0.0,0,1
47,9,42,0,0,,,,1.0,,,,,0.20930232558139536,69.0,0.6811594202898551,0,14,0.0,0,1
43,4,37,0,0,,,,1.0,,,,,0.10526315789473684,69.0,0.6231884057971014,0,11,0.0,0,1
48,3,40,0,0,,,,1.0,,,,,0.07317073170731707,69.0,0.6956521739130435,0,11,0.0,0,1
49,4,38,0,1,,,,1.0,,,,,0.10256410256410256,67.0,0.7313432835820896,0,11,0.0,0,1
37,8,36,0,0,,,,1.0,,,,,0.21621621621621623,67.0,0.5522388059701493,0,13,0.0,0,1
42,5,40,0,0,,,,1.0,,,,,0.12195121951219512,67.0,0.6268656716417911,0,11,0.0,0,1
36,8,42,0,0,,,,1.0,,,,,0.18604651162790697,66.0,0.5454545454545454,0,16,0.0,0,1
38,4,40,0,0,,,,1.0,,,,,0.0975609756097561,66.0,0.5757575757575758,0,16,0.0,0,1
43,4,41,0,0,,,,1.0,,,,,0.09523809523809523,66.0,0.6515151515151515,0,9,0.0,0,1
37,2,36,0,0,,,,1.0,,,,,0.05405405405405406,66.0,0.5606060606060606,0,15,0.0,0,1
48,5,47,0,0,,,,1.0,,,,,0.10416666666666667,66.0,0.7272727272727273,0,16,0.0,0,1
44,3,37,0,1,,,,1.0,,,,,0.07894736842105263,67.0,0.6567164179104478,0,13,0.0,0,1
48,4,36,0,0,,,,1.0,,,,,0.10810810810810811,67.0,0.7164179104477612,0,12,0.0,0,1
48,6,38,0,0,,,,1.0,,,,,0.15384615384615385,66.0,0.7272727272727273,0,12,0.0,0,1
46,8,43,0,0,,,,1.0,,,,,0.18181818181818182,66.0,0.696969696969697,0,13,0.0,0,1
35,5,42,0,0,,,,1.0,,,,,0.11627906976744186,67.0,0.5223880597014925,0,12,0.0,0,1
49,3,42,0,1,,,,1.0,,,,,0.06976744186046512,67.0,0.7313432835820896,0,13,0.0,0,1
40,3,40,0,0,,,,1.0,,,,,0.07317073170731707,67.0,0.5970149253731343,0,16,0.0,0,1
38,5,36,0,0,,,,1.0,,,,,0.13513513513513514,67.0,0.5671641791044776,0,13,0.0,0,1
39,9,44,0,0,,,,1.0,,,,,0.2,67.0,0.582089552238806,0,15,0.0,0,1
47,4,41,0,0,,,,1.0,,,,,0.09523809523809523,67.0,0.7014925373134329,0,14,0.0,0,1
54,5,43,0,0,,,,1.0,,,,,0.11363636363636363,67.0,0.8059701492537313,0,12,0.0,0,1
50,3,34,0,0,,,,1.0,,,,,0.08571428571428572,67.0,0.746268656716418,0,11,0.0,0,1
49,6,39,0,1,,,,1.0,,,,,0.15,67.0,0.7313432835820896,0,11,0.0,0,1
47,7,40,0,0,,,,1.0,,,,,0.17073170731707318,67.0,0.7014925373134329,0,14,0.0,0,1
47,6,41,0,0,,,,1.0,,,,,0.14285714285714285,67.0,0.7014925373134329,0,13,0.0,0,1
51,9,46,0,0,,,,1.0,,,,,0.19148936170212766,67.0,0.7611940298507462,0,14,0.0,0,1
55,15,35,0,0,,,,1.0,,,,,0.4166666666666667,68.0,0.8088235294117647,0,14,0.0,0,1
50,7,40,0,0,,,,1.0,,,,,0.17073170731707318,67.0,0.746268656716418,0,15,0.0,0,1
44,5,40,0,0,,,,1.0,,,,,0.12195121951219512,68.0,0.6470588235294118,0,13,0.0,0,1
53,5,46,0,0,,,,1.0,,,,,0.10638297872340426,67.0,0.7910447761194029,0,13,0.0,0,1
43,7,39,0,1,,,,1.0,,,,,0.175,68.0,0.6323529411764706,0,14,0.0,0,1
48,8,33,0,0,,,,1.0,,,,,0.23529411764705882,68.0,0.7058823529411765,0,14,0.0,0,1
51,8,35,0,0,,,,1.0,,,,,0.2222222222222222,68.0,0.75,0,16,0.0,0,1
42,4,40,0,0,,,,1.0,,,,,0.0975609756097561,66.0,0.6363636363636364,0,13,0.0,0,1
52,3,34,0,1,,,,1.0,,,,,0.08571428571428572,66.0,0.7878787878787878,0,16,0.0,0,1
50,3,41,0,0,,,,1.0,,,,,0.07142857142857142,66.0,0.7575757575757576,0,16,0.0,0,1
57,4,41,0,0,,,,1.0,,,,,0.09523809523809523,65.0,0.8769230769230769,0,15,0.0,0,1
58,8,33,0,0,,,,1.0,,,,,0.23529411764705882,65.0,0.8923076923076924,0,13,0.0,0,1
68,4,39,0,0,,,,1.0,,,,,0.1,65.0,1.0461538461538462,0,13,0.0,0,1
46,8,39,0,2,,,,1.0,,,,,0.2,66.0,0.696969696969697,0,12,0.0,0,1
65,3,43,0,0,,,,1.0,,,,,0.06818181818181818,65.0,1.0,0,13,0.0,0,1
53,6,44,0,1,,,,1.0,,,,,0.13333333333333333,65.0,0.8153846153846154,0,15,0.0,0,1
59,13,36,0,0,,,,1.0,,,,,0.35135135135135137,65.0,0.9076923076923077,0,14,0.0,0,1
57,4,32,0,0,,,,1.0,,,,,0.12121212121212122,65.0,0.8769230769230769,0,10,0.0,0,1
51,2,36,0,0,,,,1.0,,,,,0.05405405405405406,65.0,0.7846153846153846,0,11,0.0,0,1
60,7,38,0,0,,,,1.0,,,,,0.1794871794871795,61.0,0.9836065573770492,0,13,0.0,0,1
46,5,38,0,0,,,,1.0,,,,,0.1282051282051282,59.0,0.7796610169491526,0,13,0.0,0,1
48,2,34,0,0,,,,1.0,,,,,0.05714285714285714,65.0,0.7384615384615385,0,15,0.0,0,1
56,4,38,0,0,,,,1.0,,,,,0.10256410256410256,61.0,0.9180327868852459,0,14,0.0,0,1
55,1,37,0,0,,,,1.0,,,,,0.02631578947368421,65.0,0.8461538461538461,0,13,0.0,0,1
59,4,42,0,0,,,,1.0,,,,,0.09302325581395349,66.0,0.8939393939393939,0,15,0.0,0,1
54,5,44,0,0,,,,1.0,,,,,0.1111111111111111,62.0,0.8709677419354839,0,15,0.0,0,1
49,2,42,0,0,,,,1.0,,,,,0.046511627906976744,61.0,0.8032786885245902,0,15,0.0,0,1
52,7,42,0,0,,,,1.0,,,,,0.16279069767441862,61.0,0.8524590163934426,0,15,0.0,0,1
49,4,42,0,0,,,,1.0,,,,,0.09302325581395349,61.0,0.8032786885245902,0,15,0.0,0,1
55,7,38,0,0,,,,1.0,,,,,0.1794871794871795,66.0,0.8333333333333334,0,13,0.0,0,1
47,0,39,0,0,,,,1.0,,,,,0.0,60.0,0.7833333333333333,0,13,0.0,0,1
50,2,44,0,2,,,,1.0,,,,,0.044444444444444446,64.0,0.78125,0,15,0.0,0,1
60,5,37,0,0,,,,1.0,,,,,0.13157894736842105,62.0,0.967741935483871,0,13,0.0,0,1
62,8,40,0,0,,,,1.0,,,,,0.1951219512195122,61.0,1.0163934426229508,0,15,0.0,0,1
60,7,33,0,0,,,,1.0,,,,,0.20588235294117646,65.0,0.9230769230769231,0,13,0.0,0,1
44,1,37,0,0,,,,1.0,,,,,0.02631578947368421,65.0,0.676923076923077,0,14,0.0,0,1
48,7,39,0,0,,,,1.0,,,,,0.175,63.0,0.7619047619047619,0,14,0.0,0,1
8803,322,154,1727,10,1.0,,,1.0,,,,,2.07741935483871,145.0,60.710344827586205,1,13,0.0,0,1
64,3,33,0,0,,,,1.0,,,,,0.08823529411764706,63.0,1.0158730158730158,0,12,0.0,0,1
53,5,40,0,0,,,,1.0,,,,,0.12195121951219512,62.0,0.8548387096774194,0,15,0.0,0,1
60,24,41,0,0,,,,1.0,,,,,0.5714285714285714,61.0,0.9836065573770492,0,12,0.0,0,1
48,4,47,0,0,,,,1.0,,,,,0.08333333333333333,63.0,0.7619047619047619,0,14,0.0,0,1
55,4,37,0,0,,,,1.0,,,,,0.10526315789473684,61.0,0.9016393442622951,0,16,0.0,0,1
62,4,42,0,0,,,,1.0,,,,,0.09302325581395349,62.0,1.0,0,11,0.0,0,1
60,5,41,0,0,,,,1.0,,,,,0.11904761904761904,61.0,0.9836065573770492,0,14,0.0,0,1
60,3,35,0,2,,,,1.0,,,,,0.08333333333333333,64.0,0.9375,0,14,0.0,0,1
65,5,34,0,1,,,,1.0,,,,,0.14285714285714285,59.0,1.1016949152542372,0,13,0.0,0,1
58,9,45,0,0,,1.0,,1.0,,,,,0.1956521739130435,62.0,0.9354838709677419,0,13,0.0,0,1
57,9,32,0,0,,,,1.0,,,,,0.2727272727272727,61.0,0.9344262295081968,0,13,0.0,0,1
57,4,37,0,0,,,,1.0,,,,,0.10526315789473684,61.0,0.9344262295081968,0,14,0.0,0,1
55,13,35,0,0,,,,1.0,,,,,0.3611111111111111,61.0,0.9016393442622951,0,15,0.0,0,1
50,6,39,0,0,,,,1.0,,,,,0.15,62.0,0.8064516129032258,0,9,0.0,0,1
64,5,43,0,0,,,,1.0,,,,,0.11363636363636363,61.0,1.0491803278688525,0,13,0.0,0,1
49,5,37,0,1,,,,1.0,,,,,0.13157894736842105,61.0,0.8032786885245902,0,11,0.0,0,1
48,2,40,0,1,,,,1.0,,,,,0.04878048780487805,66.0,0.7272727272727273,0,16,0.0,0,1
55,4,42,0,0,,,,1.0,,,,,0.09302325581395349,63.0,0.873015873015873,0,15,0.0,0,1
51,4,47,0,0,,,,1.0,,,,,0.08333333333333333,65.0,0.7846153846153846,0,14,0.0,0,1
46,5,47,0,0,,,,1.0,,,,,0.10416666666666667,62.0,0.7419354838709677,0,13,0.0,0,1
48,4,45,0,0,,,,1.0,,,,,0.08695652173913043,65.0,0.7384615384615385,0,13,0.0,0,1
61,4,45,0,0,,,,1.0,,,,,0.08695652173913043,62.0,0.9838709677419355,0,13,0.0,0,1
63,1,47,0,0,,,,1.0,,,,,0.020833333333333332,66.0,0.9545454545454546,0,14,0.0,0,1
58,0,38,0,0,,,,1.0,,,,,0.0,65.0,0.8923076923076924,0,14,0.0,0,1
46,4,34,0,0,,,,1.0,,,,,0.11428571428571428,65.0,0.7076923076923077,0,15,0.0,0,1
53,7,41,0,0,,,,1.0,,,,,0.16666666666666666,60.0,0.8833333333333333,0,15,0.0,0,1
67,6,42,0,1,,,,1.0,,,,,0.13953488372093023,61.0,1.098360655737705,0,11,0.0,0,1
59,4,40,0,1,,,,1.0,,,,,0.0975609756097561,65.0,0.9076923076923077,0,12,0.0,0,1
59,8,38,0,1,,,,1.0,,,,,0.20512820512820512,60.0,0.9833333333333333,0,16,0.0,0,1
59,1,31,0,1,,,,1.0,,,,,0.03125,65.0,0.9076923076923077,0,14,0.0,0,1
53,10,39,0,1,,,,1.0,,,,,0.25,61.0,0.8688524590163934,0,13,0.0,0,1
63,2,42,0,0,,,,1.0,,,,,0.046511627906976744,60.0,1.05,0,14,0.0,0,1
59,5,40,0,1,,,,1.0,,,,,0.12195121951219512,62.0,0.9516129032258065,0,16,0.0,0,1
61,5,40,0,0,,,,1.0,,,,,0.12195121951219512,60.0,1.0166666666666666,0,13,0.0,0,1
67,7,36,0,0,,,,1.0,,,,,0.1891891891891892,61.0,1.098360655737705,0,12,0.0,0,1
54,6,38,0,0,,,,1.0,,,,,0.15384615384615385,65.0,0.8307692307692308,0,12,0.0,0,1
67,3,38,0,0,,,,1.0,,,,,0.07692307692307693,63.0,1.0634920634920635,0,12,0.0,0,1
63,4,35,0,1,,,,1.0,,,,,0.1111111111111111,66.0,0.9545454545454546,0,14,0.0,0,1
52,5,36,0,0,,,,1.0,,,,,0.13513513513513514,67.0,0.7761194029850746,0,13,0.0,0,1
52,1,42,0,0,,,,1.0,,,,,0.023255813953488372,66.0,0.7878787878787878,0,14,0.0,0,1
65,4,38,0,1,,,,1.0,,,,,0.10256410256410256,66.0,0.9848484848484849,0,11,0.0,0,1
52,6,36,0,0,,,,1.0,,,,,0.16216216216216217,67.0,0.7761194029850746,0,11,0.0,0,1
62,1,42,0,1,,,,1.0,,,,,0.023255813953488372,67.0,0.9253731343283582,0,10,0.0,0,1
66,6,43,0,0,,,,1.0,,,,,0.13636363636363635,67.0,0.9850746268656716,0,15,0.0,0,1
61,5,45,0,0,,,,1.0,,,,,0.10869565217391304,66.0,0.9242424242424242,0,11,0.0,0,1
59,7,39,0,1,,,,1.0,,,,,0.175,68.0,0.8676470588235294,0,14,0.0,0,1
59,6,38,0,0,,,,1.0,,,,,0.15384615384615385,68.0,0.8676470588235294,0,16,0.0,0,1
59,6,36,0,0,,,,1.0,,,,,0.16216216216216217,68.0,0.8676470588235294,0,12,0.0,0,1
62,6,39,0,0,,,,1.0,,,,,0.15,68.0,0.9117647058823529,0,16,0.0,0,1
57,10,39,0,0,,,,1.0,,,,,0.25,68.0,0.8382352941176471,0,10,0.0,0,1
63,5,37,0,0,,,,1.0,,,,,0.13157894736842105,67.0,0.9402985074626866,0,15,0.0,0,1
60,6,34,0,1,,,,1.0,,,,,0.17142857142857143,69.0,0.8695652173913043,0,13,0.0,0,1
69,3,32,0,1,,,,1.0,,,,,0.09090909090909091,68.0,1.0147058823529411,0,10,0.0,0,1
61,7,39,0,0,,,,1.0,,,,,0.175,67.0,0.9104477611940298,0,11,0.0,0,1
55,4,36,0,0,,,,1.0,,,,,0.10810810810810811,67.0,0.8208955223880597,0,16,0.0,0,1
65,8,43,0,0,,,,1.0,,,,,0.18181818181818182,69.0,0.9420289855072463,0,11,0.0,0,1
53,2,38,0,2,,1.0,,1.0,,,,,0.05128205128205128,68.0,0.7794117647058824,0,11,0.0,0,1
63,11,45,0,0,,,,1.0,,,,,0.2391304347826087,68.0,0.9264705882352942,0,15,0.0,0,1
61,3,35,0,0,,,,1.0,,,,,0.08333333333333333,68.0,0.8970588235294118,0,14,0.0,0,1
59,7,41,0,0,,,,1.0,,,,,0.16666666666666666,68.0,0.8676470588235294,0,12,0.0,0,1
59,4,46,0,0,,,,1.0,,,,,0.0851063829787234,66.0,0.8939393939393939,0,15,0.0,0,1
63,0,47,0,0,,,,1.0,,,,,0.0,66.0,0.9545454545454546,0,14,0.0,0,1
56,5,41,0,1,,,,1.0,,,,,0.11904761904761904,69.0,0.8115942028985508,0,14,0.0,0,1
71,6,42,0,0,,,,1.0,,,,,0.13953488372093023,67.0,1.0597014925373134,0,12,0.0,0,1
49,3,31,0,0,,,,1.0,,,,,0.09375,67.0,0.7313432835820896,0,15,0.0,0,1
68,7,43,0,1,,,,1.0,,,,,0.1590909090909091,68.0,1.0,0,14,0.0,0,1
62,14,41,0,0,,,,1.0,,,,,0.3333333333333333,68.0,0.9117647058823529,0,15,0.0,0,1
62,5,35,0,0,,,,1.0,,,,,0.1388888888888889,68.0,0.9117647058823529,0,12,0.0,0,1
55,9,40,0,0,,,,1.0,,,,,0.21951219512195122,68.0,0.8088235294117647,0,16,0.0,0,1
53,5,36,0,1,,,,1.0,,,,,0.13513513513513514,68.0,0.7794117647058824,0,10,0.0,0,1
62,6,32,0,0,,,,1.0,,,,,0.18181818181818182,68.0,0.9117647058823529,0,12,0.0,0,1
59,8,40,0,0,,,,1.0,,,,,0.1951219512195122,70.0,0.8428571428571429,0,15,0.0,0,1
51,6,42,0,1,,,,1.0,,,,,0.13953488372093023,68.0,0.75,0,13,0.0,0,1
57,7,45,0,0,,,,1.0,,,,,0.15217391304347827,68.0,0.8382352941176471,0,13,0.0,0,1
63,1,40,0,0,,,,1.0,,,,,0.024390243902439025,68.0,0.9264705882352942,0,13,0.0,0,1
64,3,38,0,0,,,,1.0,,,,,0.07692307692307693,68.0,0.9411764705882353,0,16,0.0,0,1
60,3,42,0,0,,,,1.0,,,,,0.06976744186046512,71.0,0.8450704225352113,0,14,0.0,0,1
54,9,35,0,0,,,,1.0,,,,,0.25,70.0,0.7714285714285715,0,12,0.0,0,1
68,8,39,0,0,,,,1.0,,,,,0.2,68.0,1.0,0,12,0.0,0,1
67,4,37,0,0,,,,1.0,,,,,0.10526315789473684,73.0,0.9178082191780822,0,13,0.0,0,1
66,3,37,0,2,,,,1.0,,,,,0.07894736842105263,69.0,0.9565217391304348,0,12,0.0,0,1
62,4,37,0,0,,,,1.0,,,,,0.10526315789473684,68.0,0.9117647058823529,0,13,0.0,0,1
60,6,41,0,0,,,,1.0,,,,,0.14285714285714285,69.0,0.8695652173913043,0,11,0.0,0,1
62,8,39,0,0,,,,1.0,,,,,0.2,68.0,0.9117647058823529,0,11,0.0,0,1
50,5,38,0,0,,,,1.0,,,,,0.1282051282051282,68.0,0.7352941176470589,0,14,0.0,0,1
59,5,39,0,1,,,,1.0,,,,,0.125,69.0,0.855072463768116,0,16,0.0,0,1
61,5,34,0,0,,,,1.0,,,,,0.14285714285714285,68.0,0.8970588235294118,0,14,0.0,0,1
62,5,35,0,1,,,,1.0,,,,,0.1388888888888889,69.0,0.8985507246376812,0,13,0.0,0,1
60,0,38,0,0,,,,1.0,,,,,0.0,68.0,0.8823529411764706,0,14,0.0,0,1
57,3,41,0,0,,,,1.0,,,,,0.07142857142857142,69.0,0.8260869565217391,0,16,0.0,0,1
63,6,38,0,0,,,,1.0,,,,,0.15384615384615385,69.0,0.9130434782608695,0,14,0.0,0,1
59,9,39,0,0,,,,1.0,,,,,0.225,69.0,0.855072463768116,0,15,0.0,0,1
62,4,37,0,0,,,,1.0,,,,,0.10526315789473684,70.0,0.8857142857142857,0,12,0.0,0,1
58,7,43,0,0,,,,1.0,,,,,0.1590909090909091,69.0,0.8405797101449275,0,13,0.0,0,1
70,2,39,0,0,,,,1.0,,,,,0.05,70.0,1.0,0,12,0.0,0,1
55,3,39,0,0,,,,1.0,,,,,0.075,69.0,0.7971014492753623,0,15,0.0,0,1
66,3,41,0,0,,,,1.0,,,,,0.07142857142857142,73.0,0.9041095890410958,0,12,0.0,0,1
66,1,40,0,1,,,,1.0,,,,,0.024390243902439025,69.0,0.9565217391304348,0,14,0.0,0,1
57,7,44,0,0,,,,1.0,,,,,0.15555555555555556,69.0,0.8260869565217391,0,15,0.0,0,1
57,0,38,0,0,,,,1.0,,,,,0.0,68.0,0.8382352941176471,0,12,0.0,0,1
53,8,41,0,0,,,,1.0,,,,,0.19047619047619047,69.0,0.7681159420289855,0,14,0.0,0,1
55,9,38,0,0,,,,1.0,,,,,0.23076923076923078,68.0,0.8088235294117647,0,15,0.0,0,1
53,3,35,0,0,,,,1.0,,,,,0.08333333333333333,68.0,0.7794117647058824,0,11,0.0,0,1
59,11,46,0,0,,,,1.0,,,,,0.23404255319148937,68.0,0.8676470588235294,0,15,0.0,0,1
69,7,35,0,1,,,,1.0,,,,,0.19444444444444445,68.0,1.0147058823529411,0,15,0.0,0,1
64,3,35,0,0,,,,1.0,,,,,0.08333333333333333,68.0,0.9411764705882353,0,16,0.0,0,1
62,1,44,0,0,,,,1.0,,,,,0.022222222222222223,68.0,0.9117647058823529,0,9,0.0,0,1
55,8,39,0,0,,,,1.0,,,,,0.2,73.0,0.7534246575342466,0,16,0.0,0,1
52,7,37,0,0,,,,1.0,,,,,0.18421052631578946,69.0,0.7536231884057971,0,14,0.0,0,1
59,3,34,0,0,,,,1.0,,,,,0.08571428571428572,73.0,0.8082191780821918,0,11,0.0,0,1
61,2,36,0,0,,,,1.0,,,,,0.05405405405405406,69.0,0.8840579710144928,0,9,0.0,0,1
68,5,42,0,0,,,,1.0,,,,,0.11627906976744186,69.0,0.9855072463768116,0,15,0.0,0,1
68,5,42,0,0,,,,1.0,,,,,0.11627906976744186,69.0,0.9855072463768116,0,12,0.0,0,1
62,5,37,0,0,,,,1.0,,,,,0.13157894736842105,69.0,0.8985507246376812,0,12,0.0,0,1
49,6,51,0,0,,,,1.0,,,,,0.11538461538461539,74.0,0.6621621621621622,0,12,0.0,0,1
66,11,41,0,0,,,,1.0,,,,,0.2619047619047619,71.0,0.9295774647887324,0,14,0.0,0,1
59,3,43,0,1,,,,1.0,,,,,0.06818181818181818,71.0,0.8309859154929577,0,10,0.0,0,1
62,4,40,0,0,,,,1.0,,,,,0.0975609756097561,69.0,0.8985507246376812,0,15,0.0,0,1
54,3,40,0,1,,,,1.0,,,,,0.07317073170731707,73.0,0.7397260273972602,0,14,0.0,0,1
58,4,34,0,0,,,,1.0,,,,,0.11428571428571428,69.0,0.8405797101449275,0,13,0.0,0,1
54,6,37,0,0,,,,1.0,,,,,0.15789473684210525,71.0,0.7605633802816901,0,14,0.0,0,1
62,5,40,0,0,,,,1.0,,,,,0.12195121951219512,72.0,0.8611111111111112,0,14,0.0,0,1
49,1,45,0,0,,,,1.0,,,,,0.021739130434782608,69.0,0.7101449275362319,0,13,0.0,0,1
62,0,41,0,1,,,,1.0,,,,,0.0,71.0,0.8732394366197183,0,11,0.0,0,1
61,9,42,0,0,,,,1.0,,,,,0.20930232558139536,69.0,0.8840579710144928,0,10,0.0,0,1
61,1,34,0,0,,,,1.0,,,,,0.02857142857142857,71.0,0.8591549295774648,0,15,0.0,0,1
68,8,37,0,0,,,,1.0,,,,,0.21052631578947367,72.0,0.9444444444444444,0,14,0.0,0,1
67,6,40,0,1,,,,1.0,,,,,0.14634146341463414,69.0,0.9710144927536232,0,12,0.0,0,1
62,5,39,0,0,,,,1.0,,,,,0.125,69.0,0.8985507246376812,0,14,0.0,0,1
48,8,47,0,1,,,,1.0,,,,,0.16666666666666666,69.0,0.6956521739130435,0,13,0.0,0,1
58,7,36,0,0,,,,1.0,,,,,0.1891891891891892,73.0,0.7945205479452054,0,12,0.0,0,1
70,3,42,0,1,,,,1.0,,,,,0.06976744186046512,69.0,1.0144927536231885,0,11,0.0,0,1
76,6,38,0,1,,,,1.0,,,,,0.15384615384615385,70.0,1.0857142857142856,0,14,0.0,0,1
67,0,0,0,0,,,,1.0,,,,,0.0,72.0,0.9305555555555556,0,14,0.0,0,1
67,3,37,0,0,,,,1.0,,,,,0.07894736842105263,69.0,0.9710144927536232,0,15,0.0,0,1
64,5,39,0,1,,,,1.0,,,,,0.125,70.0,0.9142857142857143,0,8,0.0,0,1
67,4,40,0,0,,,,1.0,,,,,0.0975609756097561,70.0,0.9571428571428572,0,12,0.0,0,1
72,4,39,0,0,,,,1.0,,,,,0.1,69.0,1.0434782608695652,0,13,0.0,0,1
74,6,43,0,0,,,,1.0,,,,,0.13636363636363635,69.0,1.0724637681159421,0,16,0.0,0,1
85,6,46,0,0,,,,1.0,,,,,0.1276595744680851,70.0,1.2142857142857142,0,12,0.0,0,1
70,2,32,0,0,,,,1.0,,,,,0.06060606060606061,70.0,1.0,0,13,0.0,0,1
68,7,41,0,0,,,,1.0,,,,,0.16666666666666666,70.0,0.9714285714285714,0,13,0.0,0,1
75,7,43,0,1,,,,1.0,,,,,0.1590909090909091,70.0,1.0714285714285714,0,16,0.0,0,1
80,5,36,0,1,,,,1.0,,,,,0.13513513513513514,70.0,1.1428571428571428,0,16,0.0,0,1
68,4,36,0,1,,,,1.0,,,,,0.10810810810810811,70.0,0.9714285714285714,0,14,0.0,0,1
69,5,44,0,0,,,,1.0,,,,,0.1111111111111111,70.0,0.9857142857142858,0,16,0.0,0,1
70,5,42,0,0,,,,1.0,,,,,0.11627906976744186,70.0,1.0,0,12,0.0,0,1
69,12,33,0,0,,,,1.0,,,,,0.35294117647058826,70.0,0.9857142857142858,0,14,0.0,0,1
67,10,43,0,0,,,,1.0,,,,,0.22727272727272727,70.0,0.9571428571428572,0,13,0.0,0,1
65,8,42,0,2,,,,1.0,,,,,0.18604651162790697,71.0,0.9154929577464789,0,13,0.0,0,1
71,5,35,0,0,,,,1.0,,,,,0.1388888888888889,71.0,1.0,0,15,0.0,0,1
72,7,42,0,1,,,,1.0,,,,,0.16279069767441862,70.0,1.0285714285714285,0,8,0.0,0,1
79,2,42,0,1,,,,1.0,,,,,0.046511627906976744,70.0,1.1285714285714286,0,16,0.0,0,1
67,11,35,0,0,,,,1.0,,,,,0.3055555555555556,70.0,0.9571428571428572,0,13,0.0,0,1
75,4,40,0,0,,,,1.0,,,,,0.0975609756097561,71.0,1.056338028169014,0,11,0.0,0,1
69,4,38,0,0,,,,1.0,,,,,0.10256410256410256,70.0,0.9857142857142858,0,15,0.0,0,1
74,2,39,0,0,,,,1.0,,,,,0.05,71.0,1.0422535211267605,0,15,0.0,0,1
67,4,42,0,1,,,,1.0,,,,,0.09302325581395349,71.0,0.9436619718309859,0,11,0.0,0,1
79,4,35,0,0,,,,1.0,,,,,0.1111111111111111,71.0,1.1126760563380282,0,11,0.0,0,1
68,1,41,0,0,,,,1.0,,,,,0.023809523809523808,71.0,0.9577464788732394,0,13,0.0,0,1
77,2,41,0,0,,,,1.0,,,,,0.047619047619047616,71.0,1.0845070422535212,0,14,0.0,0,1
63,12,31,0,1,,,,1.0,,,,,0.375,71.0,0.8873239436619719,0,11,0.0,0,1
64,4,45,0,0,,,,1.0,,,,,0.08695652173913043,71.0,0.9014084507042254,0,13,0.0,0,1
71,2,37,0,0,,,,1.0,,,,,0.05263157894736842,71.0,1.0,0,13,0.0,0,1
79,6,39,0,0,,,,1.0,,,,,0.15,71.0,1.1126760563380282,0,11,0.0,0,1
63,8,46,0,1,,,,1.0,,,,,0.1702127659574468,72.0,0.875,0,16,0.0,0,1
82,8,40,0,0,,,,1.0,,,,,0.1951219512195122,71.0,1.1549295774647887,0,12,0.0,0,1
73,8,42,0,0,,,,1.0,,,,,0.18604651162790697,71.0,1.028169014084507,0,14,0.0,0,1
77,7,38,0,0,,,,1.0,,,,,0.1794871794871795,71.0,1.0845070422535212,0,16,0.0,0,1
76,4,40,0,0,,,,1.0,,,,,0.0975609756097561,71.0,1.0704225352112675,0,11,0.0,0,1
60,5,46,0,0,,,,1.0,,,,,0.10638297872340426,71.0,0.8450704225352113,0,11,0.0,0,1
71,9,44,0,1,,,,1.0,,,,,0.2,71.0,1.0,0,16,0.0,0,1
65,6,32,0,1,,,,1.0,,,,,0.18181818181818182,71.0,0.9154929577464789,0,12,0.0,0,1
78,6,42,0,0,,,,1.0,,,,,0.13953488372093023,71.0,1.0985915492957747,0,12,0.0,0,1
81,3,42,0,2,,,,1.0,,,,,0.06976744186046512,72.0,1.125,0,9,0.0,0,1
78,4,41,0,0,,,,1.0,,,,,0.09523809523809523,72.0,1.0833333333333333,0,15,0.0,0,1
75,4,42,0,0,,,,1.0,,,,,0.09302325581395349,72.0,1.0416666666666667,0,13,0.0,0,1
77,8,47,0,0,,,,1.0,,,,,0.16666666666666666,71.0,1.0845070422535212,0,16,0.0,0,1
74,5,44,0,0,,,,1.0,,,,,0.1111111111111111,72.0,1.0277777777777777,0,15,0.0,0,1
75,5,40,0,0,,,,1.0,,,,,0.12195121951219512,71.0,1.056338028169014,0,13,0.0,0,1
74,10,46,0,0,,,,1.0,,,,,0.2127659574468085,72.0,1.0277777777777777,0,14,0.0,0,1
76,11,43,0,0,,,,1.0,,,,,0.25,72.0,1.0555555555555556,0,15,0.0,0,1
74,4,51,0,0,,,,1.0,,,,,0.07692307692307693,71.0,1.0422535211267605,0,10,0.0,0,1
69,7,49,0,0,,,,1.0,,,,,0.14,74.0,0.9324324324324325,0,9,0.0,0,1
69,6,49,0,0,,,,1.0,,,,,0.12,74.0,0.9324324324324325,0,15,0.0,0,1
77,5,43,0,0,,,,1.0,,,,,0.11363636363636363,72.0,1.0694444444444444,0,14,0.0,0,1
66,6,39,0,0,,,,1.0,,,,,0.15,125.0,0.528,0,11,0.0,0,1
80,2,42,0,0,,,,1.0,,,,,0.046511627906976744,73.0,1.095890410958904,0,11,0.0,0,1
81,5,53,0,0,,,,1.0,,,,,0.09259259259259259,71.0,1.1408450704225352,0,14,0.0,0,1
59,2,36,0,0,,,,1.0,,,,,0.05405405405405406,72.0,0.8194444444444444,0,15,0.0,0,1
72,3,47,0,0,,,,1.0,,,,,0.0625,72.0,1.0,0,16,0.0,0,1
65,4,46,0,0,,,,1.0,,,,,0.0851063829787234,71.0,0.9154929577464789,0,16,0.0,0,1
76,19,47,0,1,,,,1.0,,,,,0.3958333333333333,72.0,1.0555555555555556,0,13,0.0,0,1
81,3,47,0,1,,,,1.0,,,,,0.0625,71.0,1.1408450704225352,0,12,0.0,0,1
75,3,41,0,1,,,,1.0,,,,,0.07142857142857142,72.0,1.0416666666666667,0,11,0.0,0,1
59,2,43,0,0,,,,1.0,,,,,0.045454545454545456,71.0,0.8309859154929577,0,14,0.0,0,1
68,3,40,0,0,,,,1.0,,,,,0.07317073170731707,72.0,0.9444444444444444,0,14,0.0,0,1
79,2,45,0,0,,,,1.0,,,,,0.043478260869565216,71.0,1.1126760563380282,0,13,0.0,0,1
69,6,50,0,1,,,,1.0,,,,,0.11764705882352941,71.0,0.971830985915493,0,11,0.0,0,1
70,4,48,0,2,,,,1.0,,,,,0.08163265306122448,72.0,0.9722222222222222,0,14,0.0,0,1
83,9,43,0,0,,,,1.0,,,,,0.20454545454545456,72.0,1.1527777777777777,0,12,0.0,0,1
85,3,37,0,0,,,,1.0,,,,,0.07894736842105263,69.0,1.2318840579710144,0,13,0.0,0,1
70,4,41,0,0,,,,1.0,,,,,0.09523809523809523,71.0,0.9859154929577465,0,14,0.0,0,1
83,8,41,0,0,,,,1.0,,,,,0.19047619047619047,73.0,1.1369863013698631,0,14,0.0,0,1
73,4,33,0,0,,,,1.0,,,,,0.11764705882352941,69.0,1.0579710144927537,0,16,0.0,0,1
72,6,41,0,1,,,,1.0,,,,,0.14285714285714285,72.0,1.0,0,12,0.0,0,1
81,8,40,0,0,,,,1.0,,,,,0.1951219512195122,69.0,1.173913043478261,0,14,0.0,0,1
82,4,37,0,0,,,,1.0,,,,,0.10526315789473684,74.0,1.1081081081081081,0,13,0.0,0,1
83,10,31,0,0,,,,1.0,,,,,0.3125,70.0,1.1857142857142857,0,11,0.0,0,1
85,4,39,0,0,,,,1.0,,,,,0.1,70.0,1.2142857142857142,0,14,0.0,0,1
75,6,36,0,0,,,,1.0,,,,,0.16216216216216217,72.0,1.0416666666666667,0,15,0.0,0,1
80,3,50,0,0,,,,1.0,,,,,0.058823529411764705,70.0,1.1428571428571428,0,13,0.0,0,1
83,6,42,0,1,,,,1.0,,,,,0.13953488372093023,70.0,1.1857142857142857,0,15,0.0,0,1
70,1,39,0,0,,,,1.0,,,,,0.025,69.0,1.0144927536231885,0,11,0.0,0,1
75,7,42,0,0,,,,1.0,,,,,0.16279069767441862,70.0,1.0714285714285714,0,16,0.0,0,1
64,9,45,0,0,,,,1.0,,,,,0.1956521739130435,72.0,0.8888888888888888,0,13,0.0,0,1
73,7,47,0,0,,,,1.0,,,,,0.14583333333333334,71.0,1.028169014084507,0,13,0.0,0,1
78,9,44,0,0,,,,1.0,,,,,0.2,71.0,1.0985915492957747,0,14,0.0,0,1
74,8,45,0,0,,,,1.0,,,,,0.17391304347826086,72.0,1.0277777777777777,0,13,0.0,0,1
132,9,52,0,0,,,,1.0,,,,,0.16981132075471697,72.0,1.8333333333333333,0,11,0.0,0,1
77,10,42,0,0,,,,1.0,,,,,0.23255813953488372,73.0,1.0547945205479452,0,13,0.0,0,1
89,2,28,0,0,,,,1.0,,,,,0.06896551724137931,72.0,1.2361111111111112,0,14,0.0,0,1
85,6,36,0,0,,,,1.0,,,,,0.16216216216216217,73.0,1.1643835616438356,0,15,0.0,0,1
64,6,44,0,1,,,,1.0,,,,,0.13333333333333333,72.0,0.8888888888888888,0,11,0.0,0,1
66,2,42,0,1,,,,1.0,,,,,0.046511627906976744,72.0,0.9166666666666666,0,14,0.0,0,1
305,39,826,0,1,,,,1.0,,,,,0.0471584038694075,72.0,4.236111111111111,0,9,0.0,0,1
90,22,277,0,0,,,,1.0,,,,,0.07913669064748201,74.0,1.2162162162162162,0,11,0.0,0,1
328,78,885,0,0,,,,1.0,,,,,0.08803611738148984,72.0,4.555555555555555,0,14,0.0,0,1
265,87,650,0,0,,,,1.0,,,,,0.1336405529953917,73.0,3.6301369863013697,0,14,0.0,0,1
221,59,563,0,0,,,,1.0,,,,,0.10460992907801418,73.0,3.0273972602739727,0,12,0.0,0,1
20,6,26,26,0,1.0,,1.0,1.0,,,,,0.2222222222222222,58.0,0.3448275862068966,0,12,0.0,0,1
51,4,33,0,0,,,,1.0,,,,,0.11764705882352941,67.0,0.7611940298507462,0,11,0.0,0,1
283,105,783,0,0,,,,1.0,,,,,0.13392857142857142,72.0,3.9305555555555554,0,8,0.0,0,1
50,6,30,0,0,,,,1.0,,,,,0.1935483870967742,67.0,0.746268656716418,0,13,0.0,0,1
11405,819,2000,0,19,1.0,,,1.0,-14400.0,,,,0.40929535232383807,2059.0,5.539096648858669,1,13,0.0,0,1
520,219,406,36,2,,,1.0,1.0,-18000.0,,,,0.538083538083538,2029.0,0.2562838836865451,1,10,0.0,0,1
4671,38877,25953,6,228,,,,1.0,-18000.0,,,,1.4979193958542036,2009.0,2.325037332005973,1,16,0.0,0,1
8512,2069,1177,70,43,,,1.0,1.0,-14400.0,,,,1.7563667232597624,1972.0,4.316430020283976,1,19,0.0,0,1
245,6656,7469,1,72,,,,1.0,-14400.0,,,,0.8910307898259705,1901.0,0.12887953708574434,1,13,0.0,0,1
7778,506,1002,380,8,,,1.0,1.0,-14400.0,,,,0.5044865403788634,1891.0,4.113167636171338,1,15,0.0,0,1
18685,32089,18275,2,144,,,,1.0,-18000.0,,,,1.7557999562267455,1886.0,9.907211028632025,1,14,0.0,0,1
5473,396,440,194,17,,,1.0,1.0,-14400.0,,,,0.8979591836734694,1868.0,2.9298715203426124,1,11,0.0,0,1
61183,33760,16759,5,75,,,,1.0,-21600.0,,,,2.0143198090692125,1866.0,32.78831725616291,1,12,0.25,1,1
3910,1319,809,3,49,,,,1.0,-18000.0,,,,1.628395061728395,1803.0,2.1686078757626177,1,12,0.0,0,1
4361,94666,90861,207,1954,1.0,,,1.0,-25200.0,,,,1.0418656864255684,1688.0,2.5835308056872037,1,18,0.0,0,1
4332,1715,1803,15,6,,,1.0,1.0,-14400.0,,,,0.9506651884700665,1631.0,2.656039239730227,1,20,0.14285714285714285,1,1
2911,1232,2001,2,49,,,,1.0,-21600.0,,,,0.6153846153846154,1582.0,1.8400758533501895,1,18,0.0,0,1
6904,561,598,0,17,,,1.0,1.0,3600.0,,,,0.9365609348914858,1492.0,4.627345844504021,1,16,0.4444444444444444,1,1
84120,9777,9948,3,72,,,,1.0,-21600.0,,,,0.982711830334707,1480.0,56.83783783783784,1,11,0.0,0,1
12785,970,1799,1,7,,,,1.0,-18000.0,,,,0.5388888888888889,1414.0,9.041725601131542,1,11,0.0,0,1
11390,876,1571,1,21,,,,1.0,-18000.0,,,,0.5572519083969466,1414.0,8.055162659123056,1,16,0.0,0,1
8960,873,1301,0,4,,,,1.0,-18000.0,,,,0.6705069124423964,1414.0,6.336633663366337,1,12,0.0,0,1
12011,973,1465,0,6,,,,1.0,-18000.0,,,,0.6637107776261937,1414.0,8.494342291371995,1,14,0.0,0,1
11106,668,1287,1,2,,,,1.0,-18000.0,,,,0.5186335403726708,1414.0,7.854314002828854,1,12,0.0,0,1
12852,955,1880,1,8,,,,1.0,-18000.0,,,,0.5077086656034024,1414.0,9.089108910891088,1,10,0.0,0,1
11708,818,1542,1,5,,,,1.0,-18000.0,,,,0.5301360985093972,1414.0,8.28005657708628,1,12,0.0,0,1
24264,179,87,0,5,,,,,3600.0,,,,2.034090909090909,1409.0,17.220723917672107,1,12,0.0,0,1
12478,1488,1902,1,13,,,,1.0,-25200.0,,,,0.7819232790331057,1405.0,8.881138790035587,1,14,0.13333333333333333,1,1
12190,1168,1679,1,13,,,,1.0,-14400.0,,,,0.6952380952380952,1404.0,8.682336182336183,1,11,0.0,0,1
13989,1515,1084,1,14,,,,1.0,-14400.0,,,,1.3963133640552996,1404.0,9.963675213675213,1,14,0.13333333333333333,1,1
12119,1172,1836,0,2,,,,1.0,-14400.0,,,,0.637996733805117,1403.0,8.63791874554526,1,10,0.18181818181818182,1,1
15924,1649,1475,1,9,,,,1.0,-18000.0,,,,1.117208672086721,1403.0,11.349964362081254,1,14,0.0,0,1
12532,1675,1186,1,24,,,,1.0,-14400.0,,,,1.4111204717775905,1402.0,8.938659058487875,1,13,0.0,0,1
14451,1517,1613,1,16,,,,1.0,-14400.0,,,,0.9399008674101611,1402.0,10.307417974322396,1,14,0.0,0,1
12177,1517,1929,0,8,,,,1.0,-14400.0,,,,0.7860103626943005,1402.0,8.685449358059914,1,12,0.15384615384615385,1,1
13680,1755,1362,0,15,,,,1.0,-25200.0,,,,1.2876008804108583,1400.0,9.771428571428572,1,12,0.0,0,1
33129,1302,632,0,34,,,,,3600.0,,,,2.056872037914692,1397.0,23.714387974230494,1,15,0.0,0,1
11708,1520,1168,1,18,,,,1.0,-14400.0,,,,1.300256629597947,1397.0,8.380816034359341,1,12,0.0,0,1
12732,1149,932,1,16,,,,1.0,-14400.0,,,,1.2315112540192925,1397.0,9.113815318539729,1,16,0.18181818181818182,1,1
12905,1676,968,1,4,,,,1.0,-14400.0,,,,1.7296181630546956,1396.0,9.244269340974212,1,12,0.0,0,1
12436,868,1252,1,6,,,,1.0,-18000.0,,,,0.6927374301675978,1393.0,8.927494615936826,1,11,0.0,0,1
11166,602,1301,1,2,,,,1.0,-18000.0,,,,0.46236559139784944,1393.0,8.015793251974156,1,7,0.0,0,1
11820,715,1858,1,2,,,,1.0,-18000.0,,,,0.38461538461538464,1393.0,8.485283560660445,1,16,0.0,0,1
14338,1656,1645,1,11,,,,1.0,-14400.0,,,,1.006075334143378,1392.0,10.300287356321839,1,16,0.25,1,1
12167,1464,1801,0,18,,,,1.0,-14400.0,,,,0.8124306326304107,1391.0,8.746944644140905,1,14,0.13333333333333333,1,1
11659,1241,1179,1,15,,,,1.0,-14400.0,,,,1.0516949152542372,1391.0,8.381739755571532,1,11,0.16666666666666666,1,1
11977,1112,1777,1,11,,,,1.0,-14400.0,,,,0.625421822272216,1391.0,8.610352264557871,1,8,0.2222222222222222,1,1
11653,2158,2219,782,59,,,,1.0,,,,,0.972072072072072,1361.0,8.56208670095518,1,13,0.0,0,1
12897,1552,1733,1,17,1.0,,,1.0,-14400.0,,,,0.895040369088812,1323.0,9.748299319727892,1,13,0.14285714285714285,1,1
11141,618,1416,1,0,1.0,,,1.0,,,,,0.4361326746647848,1318.0,8.452959028831563,1,18,0.0,0,1
12015,997,724,0,3,,,,1.0,-18000.0,,,,1.3751724137931034,1318.0,9.11608497723824,1,10,0.0,0,1
12987,1470,1045,0,10,,,,1.0,,,,,1.4053537284894837,1318.0,9.853566009104703,1,19,0.0,0,1
12974,975,1828,0,7,,,,1.0,-18000.0,,,,0.5330781848004374,1318.0,9.84370257966616,1,13,0.0,0,1
12277,797,1935,1,6,,,,1.0,-18000.0,,,,0.41167355371900827,1318.0,9.314871016691958,1,10,0.0,0,1
11702,921,1874,0,4,,,,1.0,-18000.0,,,,0.4912,1318.0,8.878603945371776,1,19,0.0,0,1
11022,817,1501,1,9,,,,1.0,-18000.0,,,,0.5439414114513982,1318.0,8.36267071320182,1,17,0.0,0,1
12895,1170,1092,0,19,,,,1.0,-18000.0,,,,1.070448307410796,1318.0,9.783763277693476,1,19,0.0,0,1
11088,931,1369,0,7,,,,1.0,-18000.0,,,,0.6795620437956205,1318.0,8.412746585735963,1,13,0.0,0,1
11909,919,1707,0,3,,,,1.0,-18000.0,,,,0.538056206088993,1318.0,9.03566009104704,1,18,0.0,0,1
11655,724,1721,0,6,,,,1.0,-18000.0,,,,0.42044134727061555,1318.0,8.842943854324734,1,10,0.0,0,1
13333,724,1303,1,1,,,,1.0,-18000.0,,,,0.5552147239263804,1318.0,10.11608497723824,1,15,0.0,0,1
12704,634,1284,1,2,,,,1.0,-18000.0,,,,0.4933852140077821,1318.0,9.638846737481032,1,15,0.0,0,1
11654,1166,1946,1,15,,,,1.0,-18000.0,,,,0.5988700564971752,1318.0,8.842185128983308,1,13,0.0,0,1
12355,1047,1480,1,11,,,,1.0,-18000.0,,,,0.7069547602970966,1318.0,9.374051593323218,1,16,0.0,0,1
12260,3260,1852,0,16,,,,1.0,-18000.0,,,,1.7593092282784673,1318.0,9.301972685887709,1,17,0.0,0,1
12489,1044,1530,0,4,,,,1.0,-18000.0,,,,0.681907250163292,1318.0,9.475720789074355,1,13,0.0,0,1
11176,1361,1946,1,16,,,,1.0,-18000.0,,,,0.6990241397021058,1318.0,8.479514415781487,1,13,0.0,0,1
13296,700,1482,1,7,,,,1.0,-18000.0,,,,0.4720161834120027,1318.0,10.088012139605462,1,13,0.0,0,1
12455,945,1919,0,4,,,,1.0,-14400.0,,,,0.4921875,1318.0,9.449924127465858,1,11,0.0,0,1
12229,1027,1619,1,10,,,,1.0,-18000.0,,,,0.6339506172839506,1302.0,9.39247311827957,1,15,0.0,0,1
11841,1046,1499,1,5,,,,1.0,-18000.0,,,,0.6973333333333334,1275.0,9.287058823529412,1,17,0.0,0,1
10932,1102,1903,0,9,,,,1.0,-18000.0,,,,0.5787815126050421,1275.0,8.574117647058824,1,14,0.0,0,1
11763,1285,1944,1,30,,,,1.0,-18000.0,,,,0.6606683804627249,1275.0,9.225882352941177,1,9,0.0,0,1
11825,832,1614,0,2,,,,1.0,-18000.0,,,,0.5151702786377709,1275.0,9.27450980392157,1,12,0.0,0,1
11898,827,1399,0,4,,,,1.0,-18000.0,,,,0.5907142857142857,1275.0,9.331764705882353,1,13,0.0,0,1
12574,879,1786,1,0,,,,1.0,-18000.0,,,,0.4918858421936206,1268.0,9.916403785488958,1,16,0.0,0,1
10461,1200,1550,1,10,,,,1.0,-18000.0,,,,0.7736943907156673,1268.0,8.25,1,11,0.25,1,1
11333,1040,1623,1,6,,,,1.0,-18000.0,,,,0.6403940886699507,1268.0,8.93769716088328,1,10,0.0,0,1
12451,1239,1490,1,20,,,,1.0,-14400.0,,,,0.8309859154929577,1256.0,9.913216560509554,1,15,0.06666666666666667,1,1
12569,1229,947,1,12,,,,1.0,-14400.0,,,,1.2964135021097047,1256.0,10.007165605095542,1,15,0.06666666666666667,1,1
14097,1719,1591,1,22,,,,1.0,-14400.0,,,,1.0797738693467336,1253.0,11.250598563447726,1,15,0.06666666666666667,1,1
12754,1369,1260,1,19,,,,1.0,-14400.0,,,,1.085646312450436,1253.0,10.17877094972067,1,10,0.18181818181818182,1,1
11786,1191,979,1,19,,,,1.0,-14400.0,,,,1.2153061224489796,1253.0,9.406225059856345,1,8,0.2222222222222222,1,1
12305,1517,1173,1,17,,,,1.0,-14400.0,,,,1.2921635434412266,1253.0,9.820430965682363,1,12,0.15384615384615385,1,1
13352,1216,1382,1,20,,,,1.0,-14400.0,,,,0.8792480115690527,1253.0,10.656025538707103,1,13,0.14285714285714285,1,1
11381,1229,1491,1,11,,,,1.0,-14400.0,,,,0.8237265415549598,1253.0,9.083000798084598,1,9,0.2,1,1
11637,1195,1998,1,13,,,,1.0,-14400.0,,,,0.5977988994497249,1252.0,9.294728434504792,1,11,0.16666666666666666,1,1
9801,1979,2023,60,46,,,1.0,1.0,-14400.0,,,,0.9777667984189723,1238.0,7.916801292407108,1,10,0.0,0,1
12396,725,1912,1,5,,,,1.0,-18000.0,,,,0.3789858860428646,1208.0,10.26158940397351,1,11,0.0,0,1
13117,795,1993,1,2,,,,1.0,-18000.0,,,,0.39869608826479436,1206.0,10.876451077943615,1,14,0.0,0,1
10682,872,1505,0,11,,,,1.0,-18000.0,,,,0.5790172642762285,1203.0,8.879467996674979,1,18,0.0,0,1
12428,1085,1715,1,31,,,,1.0,-18000.0,,,,0.6322843822843823,1203.0,10.330839567747299,1,13,0.0,0,1
12004,832,1694,1,4,,,,1.0,-18000.0,,,,0.49085545722713864,1203.0,9.97838736492103,1,15,0.0,0,1
12448,1346,1278,1,18,,,,1.0,-18000.0,,,,1.0523846755277562,1201.0,10.364696086594504,1,13,0.0,0,1
12862,1086,1600,1,6,,,,1.0,-18000.0,,,,0.6783260462211118,1200.0,10.718333333333334,1,12,0.0,0,1
13200,1407,1638,1,7,,,,1.0,-18000.0,,,,0.8584502745576571,1200.0,11.0,1,14,0.0,0,1
12069,1149,1553,1,10,,,,1.0,-14400.0,,,,0.7393822393822393,1200.0,10.0575,1,13,0.0,0,1
12448,951,1785,1,11,,,,1.0,-18000.0,,,,0.5324748040313549,1200.0,10.373333333333333,1,12,0.0,0,1
11236,680,1695,1,4,,,,1.0,-18000.0,,,,0.4009433962264151,1200.0,9.363333333333333,1,13,0.0,0,1
12462,970,1950,1,6,,,,1.0,-18000.0,,,,0.4971809328549462,1200.0,10.385,1,12,0.0,0,1
13018,844,2001,1,3,,,,1.0,-18000.0,,,,0.42157842157842157,1199.0,10.857381150959133,1,17,0.0,0,1
12321,914,1991,0,5,,,,1.0,-18000.0,,,,0.45883534136546184,1197.0,10.293233082706767,1,19,0.0,0,1
12461,905,1940,1,9,,,,1.0,-18000.0,,,,0.46625450798557444,1197.0,10.410192147034252,1,15,0.0,0,1
11862,801,1804,0,4,,,,1.0,-18000.0,,,,0.4437673130193906,1196.0,9.918060200668897,1,17,0.0,0,1
12496,980,1844,1,13,,,,1.0,-18000.0,,,,0.5311653116531165,1196.0,10.448160535117056,1,17,0.0,0,1
11735,759,1678,1,4,,,,1.0,-14400.0,,,,0.4520547945205479,1195.0,9.820083682008368,1,18,0.0,0,1
12086,1201,1545,1,1,,,,1.0,-18000.0,,,,0.776843467011643,1195.0,10.113807531380752,1,20,0.0,0,1
12402,652,1313,1,3,,,,1.0,-18000.0,,,,0.4961948249619482,1194.0,10.386934673366834,1,14,0.0,0,1
11999,624,1248,1,2,,,,1.0,-18000.0,,,,0.49959967974379504,1194.0,10.049413735343384,1,14,0.0,0,1
12738,653,1795,1,3,,,,1.0,-18000.0,,,,0.36358574610244987,1194.0,10.668341708542714,1,17,0.0,0,1
12671,773,1525,0,3,,,,1.0,-18000.0,,,,0.5065530799475754,1193.0,10.621123218776194,1,14,0.0,0,1
11790,889,1445,0,9,,,,1.0,-18000.0,,,,0.6147994467496543,1193.0,9.882648784576697,1,15,0.0,0,1
11738,1026,1927,1,4,,,,1.0,-18000.0,,,,0.5321576763485477,1193.0,9.839061190276613,1,11,0.0,0,1
11927,799,1573,1,9,,,,1.0,-18000.0,,,,0.5076238881829733,1193.0,9.997485331098073,1,18,0.0,0,1
12418,1143,1829,1,9,,,,1.0,-18000.0,,,,0.6245901639344262,1193.0,10.40905280804694,1,17,0.0,0,1
10176,779,1908,0,5,,,,1.0,-18000.0,,,,0.40806705081194344,1193.0,8.52975691533948,1,14,0.0,0,1
11346,1247,1997,1,31,,,,1.0,-14400.0,,,,0.6241241241241241,1100.0,10.314545454545454,1,11,0.0,0,1
12388,1318,1502,1,6,,,,1.0,-18000.0,,,,0.8769128409846972,1090.0,11.365137614678899,1,16,0.06666666666666667,1,1
12395,1179,1401,1,3,,,,1.0,-18000.0,,,,0.8409415121255349,1090.0,11.371559633027523,1,16,0.0,0,1
12343,1223,1337,1,8,,,,1.0,-18000.0,,,,0.914050822122571,1090.0,11.323853211009174,1,19,0.0,0,1
12876,900,820,1,3,,,,1.0,-18000.0,,,,1.0962241169305724,1090.0,11.812844036697248,1,13,0.0,0,1
11765,892,1620,1,0,,,,1.0,-18000.0,,,,0.5502776064157927,1090.0,10.793577981651376,1,12,0.0,0,1
12111,925,1569,1,3,,,,1.0,-18000.0,,,,0.589171974522293,1090.0,11.111009174311926,1,12,0.0,0,1
11584,888,1372,1,2,,,,1.0,-18000.0,,,,0.6467589220684632,1090.0,10.627522935779817,1,15,0.0,0,1
13197,1044,1397,1,4,,,,1.0,-18000.0,,,,0.7467811158798283,1090.0,12.107339449541284,1,17,0.0,0,1
13293,730,1503,1,16,,,,1.0,-18000.0,,,,0.4853723404255319,1089.0,12.206611570247935,1,12,0.07692307692307693,1,1
11521,941,1765,1,7,,,,1.0,-18000.0,,,,0.5328425821064553,1089.0,10.579430670339761,1,19,0.0,0,1
13294,854,1948,1,5,,,,1.0,-18000.0,,,,0.4381734222678297,1089.0,12.20752984389348,1,20,0.0,0,1
12277,1037,1799,1,10,,,,1.0,-14400.0,,,,0.5761111111111111,1089.0,11.27364554637282,1,19,0.0,0,1
12330,1087,1844,1,7,,,,1.0,-18000.0,,,,0.589159891598916,1089.0,11.322314049586776,1,18,0.0,0,1
10808,910,1889,1,10,,,,1.0,-18000.0,,,,0.48148148148148145,1088.0,9.933823529411764,1,20,0.0,0,1
12803,1236,1130,1,19,,,,1.0,-14400.0,,,,1.0928381962864722,1074.0,11.920856610800746,1,12,0.14285714285714285,1,1
12504,1007,1889,1,10,,,,1.0,-18000.0,,,,0.5328042328042328,1074.0,11.64245810055866,1,11,0.0,0,1
13191,712,1997,0,0,,,,1.0,-25200.0,,,,0.3563563563563564,1073.0,12.293569431500465,1,14,0.0,0,1
12353,823,1736,1,2,,,,1.0,-18000.0,,,,0.47380541162924583,1073.0,11.512581547064306,1,11,0.1,1,1
13095,1018,1943,1,6,,,,1.0,-18000.0,,,,0.5236625514403292,1073.0,12.204100652376514,1,13,0.07142857142857142,1,1
12633,768,1690,1,2,,,,1.0,-18000.0,,,,0.4541691306918983,1073.0,11.773532152842497,1,8,0.0,0,1
11762,1270,1745,1,5,,,,1.0,-14400.0,,,,0.7273768613974799,1071.0,10.982259570494865,1,16,0.0,0,1
12660,924,1996,1,6,,,,1.0,-14400.0,,,,0.4626940410615924,1070.0,11.83177570093458,1,16,0.0,0,1
11815,785,1824,0,15,,,,1.0,-14400.0,,,,0.4301369863013699,1067.0,11.073102155576382,1,15,0.0,0,1
11303,866,1584,0,4,,,,1.0,-18000.0,,,,0.546372239747634,1067.0,10.593252108716026,1,18,0.0,0,1
10715,970,1528,1,1,,,,1.0,-18000.0,,,,0.6344015696533682,1049.0,10.214489990467111,1,11,0.0,0,1
11796,1296,1327,0,9,1.0,,,1.0,,,,,0.9759036144578314,1042.0,11.320537428023032,1,11,0.09090909090909091,1,1
11681,1335,1260,1,10,,,,1.0,-18000.0,,,,1.0586835844567803,1041.0,11.220941402497598,1,15,0.06666666666666667,1,1
11983,1286,1553,1,2,,,,1.0,-18000.0,,,,0.8275418275418276,1041.0,11.51104707012488,1,10,0.0,0,1
10444,1064,1644,1,2,,,,1.0,-18000.0,,,,0.6468085106382979,1041.0,10.032660902977906,1,12,0.0,0,1
11981,820,1612,1,4,,,,1.0,-18000.0,,,,0.5083694978301302,1041.0,11.509125840537944,1,10,0.0,0,1
11652,966,1608,1,2,,,,1.0,-18000.0,,,,0.6003729024238658,1041.0,11.193083573487032,1,12,0.0,0,1
11875,786,1686,1,1,,,,1.0,-18000.0,,,,0.46591582691167754,1041.0,11.407300672430356,1,13,0.0,0,1
12288,1029,1632,1,3,,,,1.0,-18000.0,,,,0.6301285976729945,1038.0,11.83815028901734,1,18,0.0,0,1
13360,725,1959,1,7,,,,1.0,-18000.0,,,,0.36989795918367346,1038.0,12.870905587668593,1,16,0.0,0,1
13039,1021,1850,1,3,,,,1.0,-18000.0,,,,0.5515937331172339,1038.0,12.5616570327553,1,9,0.0,0,1
12029,866,1509,1,3,,,,1.0,-18000.0,,,,0.5735099337748344,1036.0,11.61100386100386,1,14,0.0,0,1
11299,1148,1997,1,1,,,,1.0,-18000.0,,,,0.5745745745745746,1035.0,10.916908212560386,1,12,0.15384615384615385,1,1
11981,1345,1863,1,4,,,,1.0,-18000.0,,,,0.7215665236051502,1034.0,11.587040618955513,1,12,0.08333333333333333,1,1
12198,1065,1999,1,9,,,,1.0,-18000.0,,,,0.5325,1034.0,11.796905222437138,1,14,0.0,0,1
12950,842,1780,1,2,,,,1.0,-18000.0,,,,0.47276810780460415,1033.0,12.536302032913843,1,16,0.0,0,1
11900,654,1756,1,2,,,,1.0,-18000.0,,,,0.3722253841775754,1032.0,11.531007751937985,1,14,0.0,0,1
11713,822,1822,1,2,,,,1.0,-18000.0,,,,0.45090510148107515,1032.0,11.349806201550388,1,15,0.0,0,1
10942,768,1802,1,2,,,,1.0,-18000.0,,,,0.4259567387687188,1032.0,10.602713178294573,1,19,0.0,0,1
12154,623,1558,0,3,,,,1.0,-18000.0,,,,0.39961513790891595,1032.0,11.777131782945736,1,10,0.1111111111111111,1,1
12375,752,1234,1,9,,,,1.0,-18000.0,,,,0.6089068825910932,1032.0,11.991279069767442,1,12,0.09090909090909091,1,1
10362,946,1696,0,5,,,,1.0,-14400.0,,,,0.5574543311726576,1032.0,10.040697674418604,1,9,0.125,1,1
12596,873,1796,1,5,,,,1.0,-18000.0,,,,0.48580968280467446,1032.0,12.205426356589147,1,14,0.07692307692307693,1,1
12615,703,1591,1,0,,,,1.0,-18000.0,,,,0.4415829145728643,1032.0,12.223837209302326,1,12,0.1111111111111111,1,1
11860,915,1735,1,0,,,,1.0,-14400.0,,,,0.527073732718894,1028.0,11.536964980544747,1,12,0.09090909090909091,1,1
12188,899,1804,1,1,1.0,,,1.0,-14400.0,,,,0.49806094182825483,1028.0,11.85603112840467,1,20,0.06666666666666667,1,1
12685,895,1794,1,2,,,,1.0,-18000.0,,,,0.4986072423398329,1028.0,12.339494163424124,1,15,0.07142857142857142,1,1
12301,880,1641,1,3,,,,1.0,-14400.0,,,,0.535931790499391,1028.0,11.965953307392995,1,11,0.1,1,1
11895,1007,1241,1,6,,,,1.0,-14400.0,,,,0.8107890499194848,1028.0,11.571011673151752,1,16,0.0,0,1
11747,774,1991,1,2,,,,1.0,-14400.0,,,,0.3885542168674699,1028.0,11.42704280155642,1,7,0.3333333333333333,1,1
12915,1215,733,0,7,,,,1.0,-14400.0,,,,1.6553133514986376,1028.0,12.563229571984436,1,15,0.0,0,1
12942,881,1685,1,6,,,,1.0,-14400.0,,,,0.5225385527876631,1027.0,12.601752677702045,1,19,0.0,0,1
11446,738,1420,1,4,,,,1.0,,,,,0.5193525686136523,1027.0,11.14508276533593,1,16,0.0,0,1
12365,709,1659,1,4,,,,1.0,-14400.0,,,,0.4271084337349398,1027.0,12.039922103213243,1,17,0.0,0,1
11819,1155,875,1,1,,,,1.0,-14400.0,,,,1.3184931506849316,1027.0,11.508276533592989,1,14,0.0,0,1
12087,966,1937,1,3,,,,1.0,-14400.0,,,,0.4984520123839009,1027.0,11.76923076923077,1,12,0.23076923076923078,1,1
11835,877,1995,1,6,,,,1.0,-14400.0,,,,0.4393787575150301,1027.0,11.523855890944498,1,12,0.09090909090909091,1,1
11916,1006,1196,1,3,,,,1.0,-14400.0,,,,0.8404344193817878,1027.0,11.602726387536514,1,15,0.07142857142857142,1,1
10205,1238,1902,1,3,1.0,,,1.0,-14400.0,,,,0.6505517603783499,1027.0,9.936708860759493,1,12,0.08333333333333333,1,1
9991,830,1861,1,3,,,,1.0,-14400.0,,,,0.44575725026852847,1027.0,9.728334956183058,1,19,0.0,0,1
10898,737,1750,0,1,,,,1.0,-14400.0,,,,0.4209023415191319,1026.0,10.621832358674464,1,12,0.09090909090909091,1,1
12136,1310,1801,0,5,,,,1.0,-14400.0,,,,0.7269700332963374,1026.0,11.828460038986355,1,20,0.0,0,1
11648,734,1486,0,5,,,,1.0,-14400.0,,,,0.49361129791526565,1026.0,11.352826510721247,1,9,0.1111111111111111,1,1
78,8,78,8,0,,,,1.0,14400.0,,,,0.10126582278481013,1025.0,0.07609756097560975,1,9,0.0,0,1
12324,1218,795,0,8,,,,1.0,-18000.0,,,,1.5301507537688441,1015.0,12.141871921182267,1,15,0.0,0,1
6165,181,1788,0,2,1.0,,,1.0,-14400.0,,,,0.10117384013415316,1007.0,6.12214498510427,1,13,0.0,0,1
5942,169,1736,0,2,,,,1.0,-14400.0,,,,0.09729418537708694,1007.0,5.900695134061569,1,10,0.0,0,1
6381,222,1725,0,8,,,,1.0,-14400.0,,,,0.12862108922363846,1006.0,6.342942345924453,1,11,0.0,0,1
5802,240,1852,0,0,,,,1.0,-14400.0,,,,0.12951969778737182,1006.0,5.7673956262425445,1,13,0.0,0,1
11760,1207,1828,1,2,,,,1.0,-18000.0,,,,0.6599234554401312,1006.0,11.689860834990059,1,10,0.0,0,1
11433,1117,1997,1,6,,,,1.0,-18000.0,,,,0.5590590590590591,1006.0,11.364811133200796,1,15,0.0,0,1
12212,947,1893,0,8,,,,1.0,-18000.0,,,,0.5,1006.0,12.139165009940358,1,12,0.0,0,1
12610,911,1919,1,4,,,,1.0,-18000.0,,,,0.4744791666666667,1006.0,12.534791252485089,1,9,0.0,0,1
12489,1341,1717,1,5,,,,1.0,-14400.0,,,,0.780558789289872,1006.0,12.414512922465208,1,11,0.0,0,1
11750,1357,1247,1,7,,,,1.0,-18000.0,,,,1.0873397435897436,1006.0,11.679920477137177,1,10,0.0,0,1
2040,953,1248,2,28,,,1.0,1.0,-18000.0,,,,0.7630104083266613,1005.0,2.029850746268657,1,12,0.0,0,1
11492,889,1506,1,0,,,,1.0,-18000.0,,,,0.5899137358991373,986.0,11.655172413793103,1,19,0.06666666666666667,1,1
12204,1182,1327,0,4,,,,1.0,-14400.0,,,,0.8900602409638554,986.0,12.377281947261663,1,11,0.09090909090909091,1,1
12066,1105,1561,0,2,,,,1.0,-18000.0,,,,0.7074263764404609,986.0,12.237322515212982,1,10,0.0,0,1
11142,890,1703,0,2,,,,1.0,-18000.0,,,,0.5223004694835681,986.0,11.300202839756592,1,6,0.14285714285714285,1,1
12159,711,1744,0,3,,,,1.0,-18000.0,,,,0.40744985673352435,986.0,12.331643002028397,1,15,0.06666666666666667,1,1
12343,1047,1839,1,3,,,,1.0,-18000.0,,,,0.5690217391304347,986.0,12.518255578093306,1,11,0.09090909090909091,1,1
13433,509,1286,1,8,1.0,,,1.0,-14400.0,,,,0.3954933954933955,986.0,13.623732251521298,1,18,0.06666666666666667,1,1
12639,865,1481,1,3,1.0,,,1.0,-14400.0,,,,0.5836707152496626,986.0,12.818458417849898,1,9,0.18181818181818182,1,1
2976,235,229,10,3,1.0,,,1.0,,,,,1.0217391304347827,975.0,3.0523076923076924,1,19,0.0,0,1
10515,14383,3,0,1,,,,1.0,-21600.0,,,,3595.75,968.0,10.862603305785123,0,18,0.0,0,1
44437,2951,3054,0,24,,,,1.0,,,,,0.9659574468085106,966.0,46.00103519668737,1,13,0.0,0,1
6470,856,1591,1507,2,,,,1.0,3600.0,,,,0.5376884422110553,930.0,6.956989247311828,0,13,0.0,0,1
214410,464136,37217,2771,452,,,,1.0,-18000.0,,,,12.47073996453329,886.0,241.99774266365688,1,18,0.0,0,1
10302,555,1386,1,5,,,,1.0,-18000.0,,,,0.4001441961067051,881.0,11.693530079455165,1,10,0.0,0,1
12635,782,1893,1,2,,,,1.0,-18000.0,,,,0.41288278775079196,850.0,14.864705882352942,1,13,0.0,0,1
11541,745,1632,1,1,,,,1.0,-18000.0,,,,0.45621555419473364,850.0,13.57764705882353,1,11,0.0,0,1
11633,730,1453,1,8,,,,1.0,-18000.0,,,,0.5020632737276479,850.0,13.685882352941176,1,11,0.0,0,1
11230,774,1587,1,1,,,,1.0,-18000.0,,,,0.48740554156171284,850.0,13.211764705882352,1,10,0.0,0,1
12116,681,1268,0,1,,,,1.0,-18000.0,,,,0.5366430260047281,850.0,14.254117647058823,1,10,0.0,0,1
11509,596,1304,1,1,,,,1.0,-18000.0,,,,0.4567049808429119,850.0,13.54,1,13,0.0,0,1
12637,953,1648,1,7,,,,1.0,-18000.0,,,,0.5779260157671315,850.0,14.867058823529412,1,14,0.0,0,1
12544,728,1555,1,5,,,,1.0,-18000.0,,,,0.46786632390745503,850.0,14.75764705882353,1,16,0.0,0,1
12367,649,1564,1,5,,,,1.0,-18000.0,,,,0.4146964856230032,850.0,14.549411764705882,1,15,0.0,0,1
11095,824,1479,1,7,,,,1.0,-18000.0,,,,0.5567567567567567,850.0,13.052941176470588,1,18,0.26666666666666666,1,1
1018,225,301,3,6,1.0,,,1.0,-14400.0,,,,0.7450331125827815,825.0,1.233939393939394,1,10,0.0,0,1
12328,1102,2001,2,5,,,,1.0,-18000.0,,,,0.5504495504495505,794.0,15.526448362720403,1,9,0.1111111111111111,1,1
13067,1347,1687,1,8,,,,1.0,-18000.0,,,,0.7979857819905213,793.0,16.477931904161412,1,10,0.0,0,1
12492,1423,1495,0,9,,,,1.0,-18000.0,,,,0.9512032085561497,793.0,15.752837326607818,1,11,0.0,0,1
12047,1342,932,1,7,,,,1.0,-18000.0,,,,1.4383708467309753,793.0,15.191677175283733,1,10,0.0,0,1
12736,1229,1953,1,2,,,,1.0,-18000.0,,,,0.6289662231320369,793.0,16.060529634300128,1,10,0.0,0,1
12081,1338,869,1,6,,,,1.0,-18000.0,,,,1.5379310344827586,793.0,15.234552332912989,1,10,0.0,0,1
10581,1209,1973,0,9,,,,1.0,-18000.0,,,,0.6124620060790273,786.0,13.461832061068701,1,13,0.0,0,1
11986,1395,1650,0,14,,,,1.0,-18000.0,,,,0.8449424591156874,786.0,15.249363867684478,1,13,0.0,0,1
11597,693,1994,0,8,,,,1.0,-18000.0,,,,0.3473684210526316,785.0,14.773248407643312,1,12,0.0,0,1
10912,590,1232,0,3,,,,1.0,-18000.0,,,,0.47850770478507704,785.0,13.90063694267516,1,10,0.0,0,1
10893,920,1764,1,2,,,,1.0,-18000.0,,,,0.5212464589235127,785.0,13.876433121019108,1,16,0.06666666666666667,1,1
9498,556,1481,1,0,,,,1.0,-18000.0,,,,0.37516869095816463,785.0,12.09936305732484,1,16,0.06666666666666667,1,1
11117,323,1887,1,4,,,,1.0,-18000.0,,,,0.17108050847457626,785.0,14.161783439490446,1,16,0.06666666666666667,1,1
10883,654,1877,1,1,,,,1.0,-14400.0,,,,0.34824281150159747,785.0,13.863694267515923,1,16,0.0,0,1
11462,1048,1872,1,5,,,,1.0,-14400.0,,,,0.5595301655098772,785.0,14.601273885350318,1,13,0.0,0,1
10444,324,1854,1,2,,,,1.0,-14400.0,,,,0.17466307277628032,785.0,13.304458598726114,1,13,0.07692307692307693,1,1
9983,920,1840,1,5,,,,1.0,-14400.0,,,,0.4997284084736556,785.0,12.7171974522293,1,15,0.0,0,1
11555,700,1595,1,1,,,,1.0,-14400.0,,,,0.43859649122807015,785.0,14.719745222929935,1,16,0.0,0,1
11751,784,1946,0,10,,,,1.0,-14400.0,,,,0.4026707755521315,784.0,14.988520408163266,1,14,0.0,0,1
10523,670,1259,0,12,,,,1.0,-14400.0,,,,0.5317460317460317,784.0,13.42219387755102,1,14,0.0,0,1
10720,901,1727,0,16,,,,1.0,-14400.0,,,,0.5214120370370371,784.0,13.673469387755102,1,16,0.0,0,1
10254,857,1607,1,12,,,,1.0,-14400.0,,,,0.5329601990049752,784.0,13.079081632653061,1,13,0.07692307692307693,1,1
11647,539,1114,0,10,,,,1.0,-14400.0,,,,0.4834080717488789,784.0,14.855867346938776,1,15,0.0,0,1
10905,1222,843,1,9,,,,1.0,-14400.0,,,,1.447867298578199,784.0,13.909438775510203,1,9,0.0,0,1
11406,1249,1107,1,8,,,,1.0,-14400.0,,,,1.1272563176895307,784.0,14.548469387755102,1,12,0.0,0,1
10886,678,1653,0,11,,,,1.0,-14400.0,,,,0.40991535671100365,784.0,13.885204081632653,1,13,0.0,0,1
10875,597,1659,1,10,,,,1.0,-14400.0,,,,0.35963855421686747,784.0,13.871173469387756,1,12,0.0,0,1
11159,588,1324,1,4,,,,1.0,-14400.0,,,,0.4437735849056604,784.0,14.233418367346939,1,9,0.0,0,1
10914,602,1116,1,6,,,,1.0,-14400.0,,,,0.5389435989256938,784.0,13.920918367346939,1,16,0.0,0,1
11018,625,1362,1,6,,,,1.0,-14400.0,,,,0.458547322083639,783.0,14.071519795657727,1,13,0.0,0,1
10893,548,1132,0,11,,,,1.0,-14400.0,,,,0.4836716681376876,783.0,13.911877394636015,1,13,0.07142857142857142,1,1
11471,502,1082,1,14,,,,1.0,-14400.0,,,,0.46352723915050786,783.0,14.650063856960408,1,14,0.0,0,1
10779,980,1793,1,9,,,,1.0,-14400.0,,,,0.5462653288740246,783.0,13.766283524904214,1,14,0.0,0,1
11884,839,1854,1,25,,,,1.0,-14400.0,,,,0.4522911051212938,783.0,15.177522349936144,1,12,0.0,0,1
10840,540,1404,2,10,,,,1.0,-14400.0,,,,0.38434163701067614,783.0,13.84418901660281,1,7,0.0,0,1
10026,1060,1616,0,10,,,,1.0,-14400.0,,,,0.655534941249227,783.0,12.804597701149426,1,14,0.0,0,1
9710,826,850,1,4,1.0,,,1.0,,,,,0.9706227967097533,776.0,12.512886597938145,1,9,0.0,0,1
12006,1149,1982,1,10,1.0,,,1.0,,,,,0.5794251134644478,776.0,15.471649484536082,1,12,0.0,0,1
12242,1142,1324,0,7,1.0,,,1.0,,,,,0.8618867924528302,776.0,15.775773195876289,1,15,0.0,0,1
12874,786,580,0,11,1.0,,,1.0,,,,,1.3528399311531842,776.0,16.59020618556701,1,13,0.0,0,1
9522,1219,1981,1,5,1.0,,,1.0,,,,,0.6150353178607467,776.0,12.27061855670103,1,12,0.0,0,1
10885,623,1736,2,1,1.0,,,1.0,-18000.0,,,,0.358664363845711,776.0,14.027061855670103,1,13,0.0,0,1
11552,864,1605,1,2,1.0,,,1.0,,,,,0.5379825653798257,776.0,14.88659793814433,1,10,0.0,0,1
12678,814,1996,0,5,1.0,,,1.0,,,,,0.40761141712568855,776.0,16.337628865979383,1,18,0.0,0,1
11060,671,1902,1,2,1.0,,,1.0,-18000.0,,,,0.35260115606936415,776.0,14.25257731958763,1,13,0.0,0,1
11500,709,1464,0,2,1.0,,,1.0,,,,,0.48395904436860065,776.0,14.81958762886598,1,13,0.0,0,1
12335,960,855,0,4,1.0,,,1.0,,,,,1.1214953271028036,776.0,15.89561855670103,1,12,0.0,0,1
11501,813,525,0,2,1.0,,,1.0,,,,,1.5456273764258555,776.0,14.820876288659793,1,13,0.0,0,1
10767,602,1352,1,5,1.0,,,1.0,,,,,0.4449371766444937,776.0,13.875,1,16,0.0,0,1
12481,799,1258,1,4,1.0,,,1.0,,,,,0.6346306592533757,776.0,16.08376288659794,1,14,0.0,0,1
9170,612,1522,0,4,1.0,,,1.0,,,,,0.40183847669074196,776.0,11.81701030927835,1,18,0.0,0,1
10514,849,637,0,4,1.0,,,1.0,,,,,1.3307210031347962,776.0,13.54896907216495,1,12,0.0,0,1
7485,666,1886,1,4,1.0,,,1.0,,,,,0.35294117647058826,776.0,9.64561855670103,1,8,0.0,0,1
9188,625,1117,1,1,1.0,,,1.0,,,,,0.5590339892665475,776.0,11.84020618556701,1,12,0.0,0,1
10200,820,1595,1,1,1.0,,,1.0,-18000.0,,,,0.5137844611528822,776.0,13.144329896907216,1,17,0.0,0,1
9024,581,667,1,4,1.0,,,1.0,,,,,0.8697604790419161,776.0,11.628865979381443,1,12,0.0,0,1
11681,621,1587,1,1,1.0,,,1.0,,,,,0.3910579345088161,776.0,15.052835051546392,1,14,0.0,0,1
11663,754,1894,0,4,1.0,,,1.0,,,,,0.3978891820580475,776.0,15.029639175257731,1,13,0.0,0,1
12473,709,1656,2,5,1.0,,,1.0,,,,,0.42788171394085694,776.0,16.073453608247423,1,11,0.0,0,1
12238,1065,1903,1,1,1.0,,,1.0,,,,,0.5593487394957983,776.0,15.77061855670103,1,15,0.0,0,1
9628,642,1360,0,0,1.0,,,1.0,-14400.0,,,,0.47171197648787655,776.0,12.407216494845361,1,12,0.0,0,1
9952,569,349,1,4,1.0,,,1.0,,,,,1.6257142857142857,776.0,12.824742268041238,1,11,0.0,0,1
12282,611,1767,2,3,1.0,,,1.0,,,,,0.34558823529411764,776.0,15.827319587628866,1,18,0.0,0,1
11605,570,1601,1,4,1.0,,,1.0,,,,,0.35580524344569286,776.0,14.954896907216495,1,13,0.0,0,1
10690,744,2001,1,4,1.0,,,1.0,,,,,0.37162837162837165,776.0,13.775773195876289,1,15,0.0,0,1
12441,723,1994,1,2,1.0,,,1.0,,,,,0.362406015037594,776.0,16.03221649484536,1,16,0.0,0,1
9124,874,1660,0,7,1.0,,,1.0,,,,,0.5261890427453342,776.0,11.757731958762887,1,13,0.0,0,1
10463,647,604,0,8,1.0,,,1.0,,,,,1.0694214876033057,776.0,13.483247422680412,1,16,0.0,0,1
12494,648,1946,0,2,1.0,,,1.0,,,,,0.33281972265023113,776.0,16.100515463917525,1,11,0.0,0,1
10655,607,517,1,5,1.0,,,1.0,,,,,1.1718146718146718,776.0,13.730670103092784,1,13,0.0,0,1
12011,720,1957,1,6,1.0,,,1.0,,,,,0.36772216547497444,776.0,15.478092783505154,1,17,0.0,0,1
11680,650,1813,2,4,1.0,,,1.0,,,,,0.35832414553472985,776.0,15.051546391752577,1,14,0.0,0,1
10931,749,1923,1,8,1.0,,,1.0,,,,,0.3892931392931393,776.0,14.086340206185566,1,15,0.0,0,1
9176,959,1597,0,2,1.0,,,1.0,,,,,0.600125156445557,776.0,11.824742268041238,1,14,0.0,0,1
10594,559,1267,1,3,1.0,,,1.0,,,,,0.44085173501577285,776.0,13.652061855670103,1,11,0.0,0,1
10632,616,1429,1,4,1.0,,,1.0,,,,,0.4307692307692308,776.0,13.70103092783505,1,13,0.0,0,1
10755,663,337,0,1,1.0,,,1.0,,,,,1.9615384615384615,776.0,13.859536082474227,1,14,0.0,0,1
11586,881,1634,0,2,1.0,,,1.0,,,,,0.5388379204892967,776.0,14.93041237113402,1,12,0.0,0,1
9789,869,1953,1,5,1.0,,,1.0,,,,,0.44472876151484136,776.0,12.614690721649485,1,11,0.0,0,1
9231,432,1832,2,2,1.0,,,1.0,-14400.0,,,,0.23567921440261866,776.0,11.89561855670103,1,14,0.0,0,1
9165,742,1728,1,2,1.0,,,1.0,,,,,0.4291497975708502,776.0,11.810567010309278,1,12,0.0,0,1
11750,931,1804,1,2,1.0,,,1.0,,,,,0.5157894736842106,776.0,15.141752577319588,1,13,0.0,0,1
10212,645,638,0,2,1.0,,,1.0,,,,,1.0093896713615023,776.0,13.15979381443299,1,14,0.0,0,1
11769,737,1652,1,3,1.0,,,1.0,,,,,0.4458560193587417,776.0,15.166237113402062,1,15,0.0,0,1
12274,720,1943,1,2,1.0,,,1.0,,,,,0.37037037037037035,776.0,15.81701030927835,1,15,0.0,0,1
11896,990,1859,0,0,1.0,,,1.0,,,,,0.532258064516129,776.0,15.329896907216495,1,15,0.0,0,1
12620,613,2002,2,6,1.0,,,1.0,,,,,0.30604093859211184,776.0,16.262886597938145,1,11,0.0,0,1
12731,933,587,1,5,1.0,,,1.0,,,,,1.586734693877551,776.0,16.405927835051546,1,14,0.0,0,1
11774,796,1903,0,3,1.0,,,1.0,-14400.0,,,,0.4180672268907563,776.0,15.172680412371134,1,17,0.0,0,1
9573,1049,1776,1,4,1.0,,,1.0,,,,,0.590320765334834,776.0,12.336340206185566,1,15,0.0,0,1
11795,898,1794,1,6,1.0,,,1.0,,,,,0.5002785515320334,776.0,15.199742268041238,1,15,0.0,0,1
10657,1194,996,1,8,1.0,,,1.0,,,,,1.197592778335005,776.0,13.733247422680412,1,11,0.0,0,1
11925,654,1776,0,5,1.0,,,1.0,-18000.0,,,,0.36803601575689365,776.0,15.367268041237113,1,13,0.0,0,1
11809,706,1850,0,4,1.0,,,1.0,,,,,0.38141545110750946,776.0,15.217783505154639,1,15,0.0,0,1
10923,598,486,1,4,1.0,,,1.0,,,,,1.2279260780287475,776.0,14.07603092783505,1,14,0.0,0,1
9950,526,1305,1,1,1.0,,,1.0,,,,,0.40275650842266464,776.0,12.822164948453608,1,13,0.0,0,1
11829,792,1906,0,2,1.0,,,1.0,,,,,0.4153120083901416,776.0,15.243556701030927,1,10,0.0,0,1
11543,760,1586,0,5,1.0,,,1.0,-14400.0,,,,0.4788909892879647,776.0,14.875,1,18,0.0,0,1
11188,624,1996,0,6,1.0,,,1.0,,,,,0.31246870305458185,776.0,14.417525773195877,1,20,0.0,0,1
10808,588,1276,1,4,1.0,,,1.0,-14400.0,,,,0.46045418950665623,776.0,13.927835051546392,1,14,0.0,0,1
11749,822,1907,1,2,1.0,,,1.0,,,,,0.4308176100628931,776.0,15.140463917525773,1,13,0.0,0,1
12643,987,1324,1,6,1.0,,,1.0,,,,,0.7449056603773585,776.0,16.292525773195877,1,18,0.0,0,1
9766,714,1907,1,9,1.0,,,1.0,,,,,0.3742138364779874,776.0,12.585051546391753,1,13,0.0,0,1
11390,870,1853,1,2,1.0,,,1.0,,,,,0.4692556634304207,776.0,14.677835051546392,1,11,0.0,0,1
12420,737,1903,0,1,1.0,,,1.0,,,,,0.3870798319327731,776.0,16.00515463917526,1,12,0.0,0,1
12412,856,593,0,4,1.0,,,1.0,,,,,1.4410774410774412,776.0,15.994845360824742,1,15,0.0,0,1
11524,829,1695,0,8,1.0,,,1.0,,,,,0.48879716981132076,776.0,14.850515463917526,1,12,0.0,0,1
11560,834,1897,1,5,1.0,,,1.0,,,,,0.43940990516332984,776.0,14.896907216494846,1,12,0.0,0,1
8017,619,1948,1,3,1.0,,,1.0,,,,,0.31759876859928166,776.0,10.331185567010309,1,11,0.0,0,1
11078,900,384,0,1,1.0,,,1.0,,,,,2.3376623376623376,776.0,14.275773195876289,1,15,0.0,0,1
10642,632,1791,1,4,1.0,,,1.0,,,,,0.35267857142857145,776.0,13.713917525773196,1,14,0.0,0,1
12311,988,1730,1,5,1.0,,,1.0,,,,,0.5707683419988446,776.0,15.864690721649485,1,13,0.0,0,1
12001,746,1653,2,5,1.0,,,1.0,,,,,0.45102781136638453,776.0,15.46520618556701,1,14,0.0,0,1
11749,687,1999,0,3,1.0,,,1.0,,,,,0.3435,776.0,15.140463917525773,1,11,0.0,0,1
9966,684,1356,1,1,1.0,,,1.0,,,,,0.5040530582166544,776.0,12.842783505154639,1,15,0.0,0,1
12118,808,1854,1,3,1.0,,,1.0,,,,,0.43557951482479784,776.0,15.6159793814433,1,11,0.0,0,1
12939,1096,1998,0,3,1.0,,,1.0,,,,,0.5482741370685342,776.0,16.673969072164947,1,12,0.0,0,1
11313,1203,975,0,9,1.0,,,1.0,-18000.0,,,,1.2325819672131149,776.0,14.57860824742268,1,11,0.0,0,1
9904,652,1198,0,2,1.0,,,1.0,,,,,0.5437864887406172,776.0,12.762886597938145,1,13,0.0,0,1
10315,576,545,1,7,1.0,,,1.0,,,,,1.054945054945055,776.0,13.292525773195877,1,14,0.0,0,1
11758,822,1747,1,5,1.0,,,1.0,,,,,0.4702517162471396,776.0,15.152061855670103,1,15,0.0,0,1
9710,808,1975,1,7,1.0,,,1.0,,,,,0.4089068825910931,776.0,12.512886597938145,1,15,0.0,0,1
11325,953,1846,1,2,1.0,,,1.0,,,,,0.5159718462371413,776.0,14.594072164948454,1,9,0.0,0,1
12395,894,1731,1,2,1.0,,,1.0,,,,,0.5161662817551963,776.0,15.972938144329897,1,13,0.0,0,1
9906,623,1416,1,6,1.0,,,1.0,,,,,0.43966125617501767,776.0,12.765463917525773,1,16,0.0,0,1
9071,750,1586,1,6,1.0,,,1.0,,,,,0.4725897920604915,776.0,11.689432989690722,1,14,0.0,0,1
9532,644,1836,2,4,1.0,,,1.0,,,,,0.3505715841045182,776.0,12.283505154639176,1,13,0.0,0,1
12898,1194,1692,0,12,1.0,,,1.0,,,,,0.7052569403425871,776.0,16.621134020618555,1,16,0.0,0,1
10608,524,709,1,5,1.0,,,1.0,,,,,0.7380281690140845,776.0,13.670103092783505,1,14,0.0,0,1
11301,539,618,1,2,1.0,,,1.0,,,,,0.8707592891760905,776.0,14.563144329896907,1,17,0.0,0,1
11875,652,1647,0,3,1.0,,,1.0,,,,,0.39563106796116504,776.0,15.302835051546392,1,14,0.0,0,1
12773,793,691,1,8,1.0,,,1.0,,,,,1.1459537572254335,776.0,16.460051546391753,1,16,0.0,0,1
12158,1089,1941,1,7,1.0,,,1.0,,,,,0.5607621009268795,776.0,15.667525773195877,1,12,0.0,0,1
11077,552,510,1,6,1.0,,,1.0,,,,,1.0802348336594911,776.0,14.274484536082474,1,18,0.0,0,1
10208,910,1869,1,3,1.0,,,1.0,,,,,0.48663101604278075,776.0,13.154639175257731,1,16,0.0,0,1
12440,850,1399,1,0,1.0,,,1.0,,,,,0.6071428571428571,776.0,16.030927835051546,1,14,0.0,0,1
8302,818,1279,2,1,1.0,,,1.0,-14400.0,,,,0.6390625,776.0,10.698453608247423,1,12,0.0,0,1
10088,638,1969,0,5,1.0,,,1.0,,,,,0.3238578680203046,776.0,13.0,1,17,0.0,0,1
10945,811,1718,1,3,1.0,,,1.0,,,,,0.47178592204770214,776.0,14.10438144329897,1,13,0.0,0,1
11159,695,1839,1,0,1.0,,,1.0,,,,,0.37771739130434784,776.0,14.380154639175258,1,13,0.0,0,1
12565,999,593,1,19,1.0,,,1.0,,,,,1.6818181818181819,776.0,16.192010309278352,1,15,0.0,0,1
11702,848,616,0,7,1.0,,,1.0,,,,,1.3743922204213939,776.0,15.079896907216495,1,14,0.0,0,1
10004,737,594,1,1,1.0,,,1.0,,,,,1.238655462184874,776.0,12.891752577319588,1,15,0.0,0,1
12341,770,1417,0,8,1.0,,,1.0,,,,,0.5430183356840621,776.0,15.903350515463918,1,15,0.0,0,1
11777,1066,579,1,6,1.0,,,1.0,,,,,1.8379310344827586,776.0,15.176546391752577,1,13,0.0,0,1
11982,723,1843,1,1,1.0,,,1.0,,,,,0.3920824295010846,776.0,15.440721649484535,1,16,0.0,0,1
12858,1319,1895,1,5,1.0,,,1.0,,,,,0.695675105485232,776.0,16.56958762886598,1,15,0.0,0,1
12282,1280,1387,0,11,1.0,,,1.0,,,,,0.9221902017291066,776.0,15.827319587628866,1,16,0.0,0,1
11138,587,664,0,5,1.0,,,1.0,,,,,0.8827067669172932,776.0,14.353092783505154,1,14,0.0,0,1
12259,1010,1266,1,2,1.0,,,1.0,-18000.0,,,,0.7971586424625099,776.0,15.797680412371134,1,14,0.0,0,1
11939,840,1827,1,7,1.0,,,1.0,,,,,0.45951859956236324,776.0,15.385309278350515,1,10,0.0,0,1
11143,551,1268,0,3,1.0,,,1.0,,,,,0.43420015760441294,776.0,14.359536082474227,1,11,0.0,0,1
8631,657,555,0,4,1.0,,,1.0,,,,,1.1816546762589928,776.0,11.12242268041237,1,13,0.0,0,1
12545,816,1957,1,6,1.0,,,1.0,,,,,0.4167517875383044,776.0,16.16623711340206,1,16,0.0,0,1
12725,1308,926,1,7,1.0,,,1.0,,,,,1.4110032362459546,776.0,16.39819587628866,1,16,0.0,0,1
13188,657,1711,1,6,1.0,,,1.0,,,,,0.3837616822429907,776.0,16.99484536082474,1,13,0.0,0,1
11328,837,1800,1,3,1.0,,,1.0,,,,,0.4647418101054969,776.0,14.597938144329897,1,13,0.0,0,1
12515,787,1947,1,0,1.0,,,1.0,,,,,0.4040041067761807,776.0,16.12757731958763,1,17,0.0,0,1
11400,1048,1655,1,6,1.0,,,1.0,,,,,0.6328502415458938,776.0,14.690721649484535,1,13,0.0,0,1
11707,962,1411,0,0,1.0,,,1.0,,,,,0.6813031161473088,776.0,15.086340206185566,1,13,0.0,0,1
55465,2462,2599,0,14,,,,1.0,,,,,0.946923076923077,776.0,71.47551546391753,1,19,0.0,0,1
11167,1111,1798,1,2,,,,1.0,-14400.0,,,,0.6175653140633686,772.0,14.465025906735752,1,16,0.0,0,1
11923,1215,1896,1,1,,,,1.0,-14400.0,,,,0.6404849762783342,771.0,15.464332036316472,1,15,0.0,0,1
11466,326,1389,0,3,,,,1.0,-18000.0,,,,0.23453237410071942,771.0,14.8715953307393,1,14,0.0,0,1
10404,1119,1885,473,9,1.0,,,1.0,-18000.0,,,,0.5933191940615058,756.0,13.761904761904763,1,20,0.42857142857142855,1,1
10465,31987,13796,0,14,,,,1.0,-18000.0,,,,2.3184025512792634,746.0,14.028150134048257,1,11,0.0,0,1
12300,1629,1065,2,9,,,,1.0,,,,,1.5281425891181988,730.0,16.84931506849315,1,14,0.0,0,1
9556,435,1587,0,6,1.0,,,1.0,-18000.0,,,,0.2739294710327456,653.0,14.633996937212864,1,10,0.1,1,1
10129,501,1294,0,5,1.0,,,1.0,-18000.0,,,,0.38687258687258685,653.0,15.511485451761102,1,13,0.07692307692307693,1,1
9363,465,1056,0,0,1.0,,,1.0,-18000.0,,,,0.4399243140964995,653.0,14.33843797856049,1,8,0.0,0,1
10548,561,1994,0,17,1.0,,,1.0,-18000.0,,,,0.281203007518797,653.0,16.1531393568147,1,12,0.0,0,1
10081,384,1456,0,6,1.0,,,1.0,-18000.0,,,,0.26355525051475637,653.0,15.437978560490047,1,13,0.0,0,1
9498,914,807,0,7,1.0,,,1.0,-18000.0,,,,1.131188118811881,653.0,14.545176110260337,1,12,0.15384615384615385,1,1
8863,361,1344,0,1,1.0,,,1.0,-18000.0,,,,0.2684014869888476,651.0,13.614439324116743,1,12,0.0,0,1
9580,604,1003,0,1,1.0,,,1.0,-14400.0,,,,0.601593625498008,651.0,14.715821812596007,1,13,0.0,0,1
9349,523,1780,0,6,1.0,,,1.0,-18000.0,,,,0.29365524985962943,651.0,14.360983102918587,1,11,0.16666666666666666,1,1
10241,457,1894,0,3,1.0,,,1.0,-18000.0,,,,0.24116094986807388,651.0,15.731182795698924,1,13,0.0,0,1
10860,656,1667,1,13,1.0,,,1.0,-18000.0,,,,0.3932853717026379,651.0,16.682027649769584,1,14,0.0,0,1
9480,354,924,0,3,1.0,,,1.0,-18000.0,,,,0.3827027027027027,651.0,14.56221198156682,1,14,0.13333333333333333,1,1
49705,919,934,0,7,,,,1.0,,,,,0.9828877005347594,648.0,76.70524691358025,1,9,0.0,0,1
45101,776,783,0,4,,,,1.0,,,,,0.9897959183673469,606.0,74.42409240924093,0,9,0.0,0,1
8522,1523,1762,0,2,1.0,,,1.0,,,,,0.8638684061259218,604.0,14.109271523178808,1,18,0.0,0,1
46377,645,706,0,3,,,,1.0,,,,,0.9123055162659123,601.0,77.16638935108153,1,13,0.0,0,1
851,374,322,25,4,,,,1.0,,,,,1.1578947368421053,592.0,1.4375,1,13,0.0,0,1
24161,856,939,0,8,,,,1.0,,,,,0.9106382978723404,590.0,40.95084745762712,1,10,0.0,0,1
10607,644,798,0,5,1.0,,,1.0,,,,,0.8060075093867334,573.0,18.51134380453752,1,11,0.0,0,1
10370,617,858,1,10,1.0,,,1.0,-14400.0,,,,0.7182770663562281,572.0,18.12937062937063,1,18,0.0,0,1
7766,2959,2799,905,10,,,,1.0,7200.0,,,,1.0567857142857142,566.0,13.720848056537102,1,10,0.0,0,1
1921,824,778,5,7,,,,1.0,-25200.0,,,,1.0577663671373556,546.0,3.5183150183150182,1,19,0.0,0,1
12423,929,1329,1,3,1.0,,,1.0,,,,,0.6984962406015037,544.0,22.83639705882353,1,14,0.13333333333333333,1,1
10977,771,1521,0,12,1.0,,,1.0,,,,,0.5065703022339028,543.0,20.215469613259668,1,13,0.0,0,1
9770,21460,2574,0,0,1.0,,,1.0,,,,,8.333980582524271,543.0,17.992633517495396,1,12,0.0,0,1
11748,684,492,1,3,1.0,,,1.0,,,,,1.3874239350912778,541.0,21.715341959334566,1,18,0.06666666666666667,1,1
11346,632,1376,1,8,1.0,,,1.0,,,,,0.4589687726942629,536.0,21.167910447761194,1,17,0.0,0,1
9938,549,1107,1,0,1.0,,,1.0,,,,,0.4954873646209386,534.0,18.61048689138577,1,13,0.0,0,1
18782,563,639,0,8,,,,1.0,,,,,0.8796875,532.0,35.30451127819549,1,9,0.0,0,1
11415,785,871,0,2,1.0,,,1.0,,,,,0.9002293577981652,529.0,21.578449905482042,1,9,0.0,0,1
8348,727,853,1,3,,,,1.0,,,,,0.8512880562060889,526.0,15.870722433460076,1,19,0.6,1,1
10145,435,1879,0,2,1.0,,,1.0,,,,,0.23138297872340424,524.0,19.360687022900763,1,13,0.0,0,1
10590,451,1941,1,3,1.0,,,1.0,,,,,0.23223480947476827,521.0,20.32629558541267,1,18,0.0,0,1
11028,340,1744,1,0,1.0,,,1.0,,,,,0.19484240687679083,520.0,21.20769230769231,1,16,0.0,0,1
9756,879,1777,0,2,1.0,,,1.0,,,,,0.49437570303712036,511.0,19.091976516634052,1,16,0.0,0,1
6838,624,1894,0,5,1.0,,,1.0,,,,,0.32928759894459103,506.0,13.513833992094861,1,17,0.0,0,1
198,7,86,0,0,,,,1.0,,,,,0.08045977011494253,465.0,0.4258064516129032,0,15,0.0,0,1
10103,299,1678,0,0,1.0,,,1.0,,,,,0.1780821917808219,450.0,22.45111111111111,1,15,0.0,0,1
8733,454,1931,0,0,1.0,,,1.0,,,,,0.2349896480331263,448.0,19.493303571428573,1,16,0.0,0,1
8047,519,1784,0,1,1.0,,,1.0,,,,,0.2907563025210084,448.0,17.962053571428573,1,17,0.0,0,1
8458,405,1972,0,2,1.0,,,1.0,,,,,0.20527116066903192,448.0,18.879464285714285,1,11,0.0,0,1
8336,294,1700,0,2,1.0,,,1.0,,,,,0.1728395061728395,444.0,18.774774774774773,1,13,0.0,0,1
9374,317,1563,0,1,1.0,,,1.0,,,,,0.2026854219948849,442.0,21.20814479638009,1,11,0.0,0,1
9721,301,1431,0,0,1.0,,,1.0,,,,,0.210195530726257,421.0,23.090261282660332,1,13,0.0,0,1
1398,61,287,0,4,,,,1.0,-14400.0,,,,0.21180555555555555,417.0,3.352517985611511,1,13,0.0,0,1
10295,2080,2125,0,8,,,,,3600.0,,,,0.9783631232361242,382.0,26.95026178010471,1,11,0.36363636363636365,1,1
3139,1776,2001,38,25,,,,1.0,3600.0,,,,0.8871128871128872,378.0,8.304232804232804,1,9,0.0,0,1
1933,678,644,0,5,1.0,,,1.0,,,,,1.0511627906976744,378.0,5.113756613756614,1,17,0.0,0,1
1929,537,528,0,7,1.0,,,1.0,,,,,1.0151228733459357,378.0,5.103174603174603,1,11,0.08333333333333333,1,1
8624,78,187,0,0,,,,1.0,,,,,0.4148936170212766,372.0,23.182795698924732,1,17,0.0,0,1
1769,205,251,0,1,1.0,,,1.0,,,,,0.8134920634920635,371.0,4.768194070080862,1,12,0.0,0,1
402,356,1017,0,5,,,,1.0,-18000.0,,,,0.34970530451866405,349.0,1.151862464183381,1,18,0.0,0,1
1149,150,421,0,1,,,,1.0,-25200.0,,,,0.35545023696682465,333.0,3.4504504504504503,1,19,0.0,0,1
1294,126,517,4,0,1.0,,1.0,1.0,10800.0,,,,0.24324324324324326,325.0,3.9815384615384617,1,7,0.25,1,1
12400,20973,59,0,1,,,,1.0,,,,,349.55,300.0,41.333333333333336,1,20,0.0,0,1
1073,250,1107,0,3,,,,1.0,-18000.0,,,,0.22563176895306858,292.0,3.6746575342465753,1,15,0.0,0,1
720,2,0,0,0,1.0,,,1.0,-14400.0,,,,2.0,277.0,2.5992779783393503,1,14,0.0,0,1
370,65,175,1,1,1.0,,,1.0,,,,,0.3693181818181818,276.0,1.3405797101449275,1,12,0.0,0,1
761,104,297,0,3,,,,1.0,-14400.0,,,,0.348993288590604,258.0,2.949612403100775,1,12,0.0,0,1
6685,234,1262,0,1,,,,1.0,,,,,0.18527315914489312,253.0,26.42292490118577,1,10,0.0,0,1
4089,273,1474,0,6,,,,1.0,,,,,0.18508474576271186,253.0,16.16205533596838,1,19,0.0,0,1
190,3637,342,10,0,,,,1.0,,,,,10.603498542274053,252.0,0.753968253968254,1,19,0.0,0,1
1596,221,216,177,12,,,,1.0,7200.0,,,,1.0184331797235022,235.0,6.791489361702127,1,14,0.0,0,1
965,216,1094,0,1,,,,1.0,-25200.0,,,,0.19726027397260273,235.0,4.1063829787234045,1,15,0.0,0,1
574,1,0,0,0,,,,1.0,-25200.0,,,,1.0,200.0,2.87,1,18,0.0,0,1
541,248,820,0,0,,,,1.0,-25200.0,,,,0.3020706455542022,170.0,3.1823529411764704,1,18,0.0,0,1
148,21,90,0,1,,,,1.0,-25200.0,,,,0.23076923076923078,151.0,0.9801324503311258,1,19,0.0,0,1
215,90,314,0,0,,,,1.0,-25200.0,,,,0.2857142857142857,148.0,1.4527027027027026,1,16,0.0,0,1
247,96,318,0,1,,,,1.0,-25200.0,,,,0.30094043887147337,148.0,1.6689189189189189,1,13,0.0,0,1
464,86,376,170,0,,,1.0,1.0,-7200.0,,,,0.22811671087533156,145.0,3.2,1,10,0.0,0,1
47,8,53,0,0,,,,1.0,-25200.0,,,,0.14814814814814814,141.0,0.3333333333333333,1,16,0.0,0,1
3185,35,342,0,0,1.0,,,1.0,,,,,0.10204081632653061,92.0,34.619565217391305,1,12,0.0,0,1
142,41,58,3,0,,,,1.0,,,,,0.6949152542372882,69.0,2.0579710144927534,1,4,0.0,0,1
171,10,60,0,0,,,,1.0,-25200.0,,,,0.16393442622950818,50.0,3.42,1,20,0.0,0,1
106,4,23,0,0,,,,1.0,-25200.0,,,,0.16666666666666666,48.0,2.2083333333333335,1,16,0.0,0,1
173,2,20,0,0,,,,1.0,-25200.0,,,,0.09523809523809523,48.0,3.6041666666666665,1,15,0.0,0,1
137,29,124,0,0,,,,1.0,-25200.0,,,,0.232,30.0,4.566666666666666,1,17,0.0,0,1
170,115,353,38,2,,,,1.0,-36000.0,,,,0.3248587570621469,30.0,5.666666666666667,1,9,0.0,0,1
65,135,998,0,0,,,,1.0,-25200.0,,,,0.13513513513513514,24.0,2.7083333333333335,1,16,0.0,0,1
1259,837,1978,3200,9,,,,,,,,,0.4229408792319353,,,1,12,0.0,0,1
770,3274,3595,8,22,,,,,,,,,0.9104560622914349,,,1,13,0.0,0,1
1100,38849,34504,41,1014,,,,,,,,,1.1258947978553833,,,1,11,0.0,0,1
6497,5902,5496,0,82,,,,,,,,,1.0736765508459158,,,1,12,0.0,0,1
3203,2570,2638,0,5,,,,,,,,,0.9738537324744221,,,1,7,0.0,0,1
2467,3421,3575,0,19,,,1.0,,,,,,0.9566554809843401,,,1,20,0.0,0,1
347,1451,1618,1,7,,,1.0,,,,,,0.8962322421247684,,,1,15,0.0,0,1
562,891,1643,1,1,,,,,,,,,0.541970802919708,,,1,12,0.0,0,1
24,915,1633,0,2,,,,,,,,,0.5599755201958384,,,1,12,0.0,0,1
2511,12049,12263,0,212,,,,,,,,,0.9824690150032616,,,1,12,0.0,0,1
9,1406,1797,0,1,,,,,,,,,0.7819799777530589,,,1,12,0.0,0,1
66,888,1183,0,0,,,,,,,,,0.75,,,1,10,0.0,0,1
10,753,837,0,3,,,,,,,,,0.8985680190930787,,,1,13,0.2857142857142857,1,1
1694,8993,10228,0,4,,,,,,,,,0.8791670740052792,,,1,20,0.0,0,1
2394,3947,3944,100,113,,,1.0,,,,,,1.0005069708491763,,,1,3,0.0,0,1
465,7511,8411,1,7,,,,,,,,,0.8928911079410367,,,1,12,0.0,0,1
31,734,1827,1,2,,,,,,,,,0.40153172866520787,,,1,16,0.0,0,1
10,6727,7518,0,20,,,,,,,,,0.8946668439952121,,,1,15,0.0,0,1
16,1003,1973,0,0,,,,,,,,,0.5081053698074974,,,1,15,0.0,0,1
164,933,1191,2,1,,,,,,,,,0.7827181208053692,,,1,16,0.0,0,1
4467,315,530,0,6,,,,,,,,,0.5932203389830508,,,0,11,0.0,0,1
70,2745,3095,0,2,,,,,,,,,0.8866279069767442,,,1,14,0.0,0,1
21,683,2001,0,3,,,,,,,,,0.34115884115884115,,,0,7,0.0,0,1
669,1657,1970,4,2,,,,,,,,,0.8406900050735667,,,0,13,0.0,0,1
12,100,116,0,0,,,,,,,,,0.8547008547008547,,,0,5,0.3333333333333333,1,1
464,233,527,0,1,,,,,,,,,0.4412878787878788,,,0,13,0.2857142857142857,1,1
152,155,449,0,1,,,,,,,,,0.34444444444444444,,,0,12,0.15384615384615385,1,1
194,773,2001,0,1,,,,,,,,,0.38611388611388614,,,0,10,0.0,0,1
17,215,857,0,1,,,,,,,,,0.2505827505827506,,,0,10,0.0,0,1
677,8020,8714,2,22,,,,,,,,,0.9202524383247275,,,1,17,0.0,0,1
68,7407,8149,2,32,,,,,,,,,0.9088343558282208,,,1,13,0.06666666666666667,1,1
138,688,1720,1,15,,,,,,,,,0.399767576990122,,,1,15,0.0,0,1
203,183,77,0,0,,,,,,,,,2.3461538461538463,,,1,13,0.0,0,1
116,1322,1891,2,1,,,,,,,,,0.6987315010570825,,,1,13,0.0,0,1
448,1334,1892,3,4,,,,,,,,,0.7047015319598521,,,0,16,0.0,0,1
1,257,1084,0,0,,,,,,,,,0.2368663594470046,,,0,6,0.1111111111111111,1,1
86,200,745,0,1,,,,,,,,,0.2680965147453083,,,0,16,0.0,0,1
806,2782,2063,0,34,,,,,,,,,1.3478682170542635,,,0,18,0.0,0,1
206,164,226,3,0,,,,,,,,,0.7224669603524229,,,0,15,0.2857142857142857,1,1
34402,1374,2001,263,51,,,1.0,,,,,,0.6863136863136863,,,1,19,0.0,0,1
12,573,1906,0,16,,,,,,,,,0.3004719454640797,,,0,16,0.08333333333333333,1,1
125,3826,4159,0,11,,,,,,,,,0.9197115384615384,,,1,19,0.0,0,1
452,992,1791,2,13,,,,,,,,,0.5535714285714286,,,1,22,0.0,0,1
25,1441,1912,0,4,,,,,,,,,0.7532671197072661,,,0,13,0.2857142857142857,1,1
42,128,263,0,1,,,,,,,,,0.48484848484848486,,,1,15,0.0,0,1
47,133,88,15,7,,,1.0,,,,,,1.4943820224719102,,,1,17,0.0,0,1
16,143,721,0,6,,,,,,,,,0.19806094182825484,,,0,13,0.14285714285714285,1,1
24,1091,1102,2,1,,,,,,,,,0.9891205802357208,,,0,7,0.0,0,1
6,1081,561,0,9,,,,,,,,,1.9234875444839858,,,1,19,0.0,0,1
130,914,1995,5,5,,,,,,,,,0.45791583166332667,,,0,15,0.0,0,1
246,650,797,2,10,,,,,,,,,0.8145363408521303,,,1,11,0.09090909090909091,1,1
1,151,765,0,0,,,,,,,,,0.19712793733681463,,,0,7,0.18181818181818182,1,1
15,560,754,0,5,,,,,,,,,0.7417218543046358,,,0,12,0.0,0,1
1,103,644,0,0,,,,,,,,,0.15968992248062017,,,0,6,0.2,1,1
146,570,1233,0,0,,,,,,,,,0.4619124797406807,,,1,12,0.5,1,1
1,113,691,0,0,,,,,,,,,0.16329479768786126,,,0,7,0.18181818181818182,1,1
1,82,465,0,1,,,,,,,,,0.1759656652360515,,,0,7,0.18181818181818182,1,1
1,100,515,0,1,,,,,,,,,0.1937984496124031,,,0,7,0.18181818181818182,1,1
16,784,1646,0,1,,,,,,,,,0.47601700060716456,,,0,11,0.0,0,1
309,1059,1310,0,0,,,,,,,,,0.8077803203661327,,,1,10,0.0,0,1
1,157,712,0,1,,,,,,,,,0.22019635343618513,,,0,3,0.2857142857142857,1,1
31,941,1975,0,1,,,,,,,,,0.47621457489878544,,,1,14,0.0,0,1
1,126,711,0,0,,,,,,,,,0.17696629213483145,,,0,7,0.25,1,1
145,976,1713,1,1,,,,,,,,,0.5694282380396732,,,1,8,0.0,0,1
1,106,650,0,0,,,,,,,,,0.16282642089093702,,,0,8,0.23076923076923078,1,1
1,121,656,0,0,,,,,,,,,0.1841704718417047,,,0,4,0.3333333333333333,1,1
79,6340,6541,0,34,,,,,,,,,0.969122592479364,,,1,17,0.0,0,1
1455,10500,11478,2,22,,,,,,,,,0.9147138252461016,,,1,15,0.0,0,1
768,560,1427,0,9,,,,,,,,,0.39215686274509803,,,0,16,0.0,0,1
1,97,674,0,0,,,,,,,,,0.1437037037037037,,,0,6,0.2727272727272727,1,1
1,114,609,0,1,,,,,,,,,0.18688524590163935,,,0,7,0.25,1,1
14,4213,4710,0,32,,,,,,,,,0.8942899596688602,,,1,25,0.0,0,1
3,1344,1577,0,2,,,,,,,,,0.8517110266159695,,,1,10,0.0,0,1
2103,1315,1849,20,11,,,1.0,,,,,,0.7108108108108108,,,1,10,0.0,0,1
1,65,591,0,0,,,,,,,,,0.1097972972972973,,,0,7,0.25,1,1
1703,589,1963,0,6,,,,,,,,,0.29989816700611,,,0,13,0.0,0,1
277,473,1336,1,5,,,,,,,,,0.3537771129394166,,,1,8,0.0,0,1
5,415,527,0,0,,,,,,,,,0.7859848484848485,,,1,19,0.13333333333333333,1,1
4090,4872,5783,0,97,,,,,,,,,0.8423236514522822,,,1,16,0.0,0,1
3,67,1392,0,0,,,,,,,,,0.04809763101220388,,,0,6,0.3333333333333333,1,1
245,914,1949,2,4,,,1.0,,,,,,0.4687179487179487,,,1,16,0.1111111111111111,1,1
3,87,1715,0,0,,,,,,,,,0.050699300699300696,,,0,11,0.45454545454545453,1,1
3,42,738,0,1,,,,,,,,,0.056833558863328824,,,0,8,0.2857142857142857,1,1
3,102,1765,0,2,,,,,,,,,0.057757644394110984,,,0,14,0.3333333333333333,1,1
3,100,1420,0,0,,,,,,,,,0.07037297677691766,,,0,15,0.2857142857142857,1,1
2,84,1524,0,0,,,,,,,,,0.05508196721311476,,,0,11,0.3333333333333333,1,1
3,108,1731,0,0,,,,,,,,,0.06235565819861432,,,0,12,0.38461538461538464,1,1
3,87,1501,0,1,,,,,,,,,0.05792276964047936,,,0,9,0.3333333333333333,1,1
2,106,1510,0,0,,,,,,,,,0.07015221707478492,,,0,10,0.3333333333333333,1,1
3,78,1669,0,1,,,,,,,,,0.046706586826347304,,,0,13,0.3333333333333333,1,1
3,126,1755,0,0,,,,,,,,,0.07175398633257403,,,0,11,0.38461538461538464,1,1
2,61,1106,0,0,,,,,,,,,0.05510388437217705,,,0,7,0.3333333333333333,1,1
3,128,1750,0,0,,,,,,,,,0.07310108509423187,,,0,6,0.2857142857142857,1,1
3,107,1749,0,0,,,,,,,,,0.061142857142857145,,,0,3,0.3333333333333333,1,1
3,81,1714,0,0,,,,,,,,,0.04723032069970846,,,0,15,0.3333333333333333,1,1
3,105,1687,0,0,,,,,,,,,0.06220379146919431,,,0,12,0.3333333333333333,1,1
2,85,1465,0,1,,,,,,,,,0.05798090040927694,,,0,5,0.3333333333333333,1,1
2,93,1457,0,0,,,,,,,,,0.06378600823045268,,,0,12,0.3333333333333333,1,1
2,72,1499,0,0,,,,,,,,,0.048,,,0,17,0.3333333333333333,1,1
2,72,1507,0,0,,,,,,,,,0.04774535809018567,,,0,9,0.3333333333333333,1,1
352,494,1357,0,3,,,,,,,,,0.3637702503681885,,,1,7,0.0,0,1
3,100,1820,0,1,,,,,,,,,0.054914881933003847,,,0,14,0.3333333333333333,1,1
3,64,1768,0,1,,,,,,,,,0.03617863199547767,,,0,4,0.3333333333333333,1,1
2,91,1743,0,1,,,,,,,,,0.05217889908256881,,,0,15,0.3333333333333333,1,1
2,58,1125,0,0,,,,,,,,,0.05150976909413854,,,0,15,0.4666666666666667,1,1
2,22,393,0,0,,,,,,,,,0.05583756345177665,,,0,9,0.2857142857142857,1,1
2,64,1113,0,0,,,,,,,,,0.05745062836624776,,,0,14,0.6,1,1
2,47,1047,0,0,,,,,,,,,0.04484732824427481,,,0,15,0.3333333333333333,1,1
2,61,1101,0,0,,,,,,,,,0.05535390199637023,,,0,20,0.3333333333333333,1,1
2,75,715,0,0,,,,,,,,,0.10474860335195531,,,0,13,0.2857142857142857,1,1
501,1248,1187,0,4,,,,,,,,,1.0505050505050506,,,0,14,0.0,0,1
4,134,1731,0,1,,,,,,,,,0.07736720554272518,,,0,16,0.3333333333333333,1,1
185,121,325,1,2,,,,,,,,,0.37116564417177916,,,1,34,0.0,0,1
3,87,1021,0,0,,,,,,,,,0.08512720156555773,,,0,12,0.3333333333333333,1,1
3,82,1023,0,1,,,,,,,,,0.080078125,,,0,13,0.3333333333333333,1,1
4,94,1019,0,0,,,,,,,,,0.09215686274509804,,,0,3,0.2857142857142857,1,1
3,105,1143,0,3,,,,,,,,,0.09178321678321678,,,0,14,0.42857142857142855,1,1
3,112,1077,0,0,,,,,,,,,0.1038961038961039,,,0,6,0.3333333333333333,1,1
1686,2028,2471,3,17,,,,,,,,,0.8203883495145631,,,1,11,0.0,0,1
6713,1819,1887,2,41,,,1.0,,,,,,0.9634533898305084,,,1,15,0.0,0,1
4,132,161,0,1,,,,,,,,,0.8148148148148148,,,1,14,0.0,0,1
38,518,1823,0,0,,,,,,,,,0.28399122807017546,,,0,6,0.0,0,1
2644,3539,3644,0,4,,,,,,,,,0.9709190672153635,,,1,9,0.0,0,1
2,66,703,0,0,,,,,,,,,0.09375,,,0,13,0.3333333333333333,1,1
3,70,679,0,1,,,,,,,,,0.10294117647058823,,,0,16,0.3333333333333333,1,1
2,67,711,0,0,,,,,,,,,0.09410112359550561,,,0,16,0.3333333333333333,1,1
2,104,1387,0,0,,,,,,,,,0.07492795389048991,,,0,15,0.3333333333333333,1,1
3,63,669,0,0,,,,,,,,,0.09402985074626866,,,0,13,0.3333333333333333,1,1
2,120,1485,0,1,,,,,,,,,0.08075370121130551,,,0,14,0.3333333333333333,1,1
2,65,675,0,0,,,,,,,,,0.09615384615384616,,,0,16,0.3333333333333333,1,1
2,59,686,0,0,,,,,,,,,0.0858806404657933,,,0,13,0.3333333333333333,1,1
2,59,656,0,1,,,,,,,,,0.0898021308980213,,,0,13,0.3333333333333333,1,1
2,68,681,0,0,,,,,,,,,0.09970674486803519,,,0,17,0.4,1,1
71,239,647,0,2,,,,,,,,,0.36882716049382713,,,1,17,0.0,0,1
27,55,160,1,1,,,,,,,,,0.3416149068322981,,,0,15,0.0,0,1
1,38,316,0,0,,,,,,,,,0.11987381703470032,,,0,6,0.2727272727272727,1,1
2,119,1475,0,0,,,,,,,,,0.08062330623306233,,,0,9,0.0,0,1
2,73,1435,0,0,,,,,,,,,0.05083565459610028,,,0,12,0.0,0,1
200,889,1870,0,0,,,,,,,,,0.4751469802244789,,,1,16,0.0,0,1
3401,5488,5321,21,25,,,,,,,,,1.0311912814731303,,,1,9,0.0,0,1
1,51,341,0,0,,,,,,,,,0.14912280701754385,,,0,4,0.3333333333333333,1,1
75,165,739,11,1,,,1.0,,,,,,0.22297297297297297,,,0,21,0.0,0,1
1,56,309,0,0,,,,,,,,,0.18064516129032257,,,0,5,0.3,1,1
1,45,320,0,0,,,,,,,,,0.14018691588785046,,,0,6,0.2727272727272727,1,1
1,50,291,0,0,,,,,,,,,0.17123287671232876,,,0,7,0.3333333333333333,1,1
1,39,285,0,0,,,,,,,,,0.13636363636363635,,,0,12,0.4,1,1
1,45,283,0,0,,,,,,,,,0.15845070422535212,,,0,14,0.3333333333333333,1,1
1,26,292,0,0,,,,,,,,,0.08873720136518772,,,0,12,0.4,1,1
1,37,313,0,0,,,,,,,,,0.1178343949044586,,,0,19,0.3333333333333333,1,1
1,39,300,0,0,,,,,,,,,0.12956810631229235,,,0,12,0.4,1,1
182,677,1975,2,10,,,,,,,,,0.3426113360323887,,,1,24,0.0,0,1
74,904,2001,4,4,,,,,,,,,0.4515484515484515,,,0,12,0.3333333333333333,1,1
1,34,288,0,0,,,,,,,,,0.11764705882352941,,,0,10,0.3333333333333333,1,1
1,46,317,0,1,,,,,,,,,0.14465408805031446,,,0,12,0.3333333333333333,1,1
1,40,283,0,0,,,,,,,,,0.14084507042253522,,,0,14,0.3333333333333333,1,1
1,47,318,0,1,,,,,,,,,0.14733542319749215,,,0,10,0.3333333333333333,1,1
1,59,332,0,0,,,,,,,,,0.17717717717717718,,,0,11,0.3333333333333333,1,1
1,50,309,0,0,,,,,,,,,0.16129032258064516,,,0,8,0.23076923076923078,1,1
1,72,745,0,0,,,,,,,,,0.09651474530831099,,,0,15,0.4,1,1
2,49,278,0,0,,,,,,,,,0.17562724014336917,,,1,4,0.16666666666666666,1,1
4,241,1643,0,3,,,,,,,,,0.14659367396593673,,,1,4,0.0,0,1
1,37,383,0,1,,,,,,,,,0.09635416666666667,,,0,16,0.0,0,1
748,935,2001,12,3,,,,,,,,,0.46703296703296704,,,0,18,0.0,0,1
4,52,295,0,0,,,,,,,,,0.17567567567567569,,,0,11,0.07142857142857142,1,1
3803,2061,2275,0,8,,,,,,,,,0.905536028119508,,,1,8,0.0,0,1
83,409,1869,0,0,,,,,,,,,0.21871657754010695,,,1,10,0.0,0,1
82,447,1871,0,0,,,,,,,,,0.2387820512820513,,,1,11,0.0,0,1
97,518,1779,0,1,,,,,,,,,0.2910112359550562,,,1,15,0.0,0,1
94,539,1639,0,2,,,,,,,,,0.32865853658536587,,,1,14,0.0,0,1
93,356,1211,0,0,,,,,,,,,0.29372937293729373,,,1,11,0.0,0,1
73,437,1818,0,0,,,,,,,,,0.24024189114898295,,,1,17,0.0,0,1
84,416,1866,0,0,,,,,,,,,0.22281735404392072,,,1,16,0.0,0,1
74,375,1692,0,0,,,,,,,,,0.22150029533372712,,,1,15,0.0,0,1
83,294,1194,0,0,,,,,,,,,0.24602510460251045,,,1,12,0.0,0,1
85,393,1471,0,1,,,,,,,,,0.2669836956521739,,,1,16,0.0,0,1
72,557,1847,0,0,,,,,,,,,0.3014069264069264,,,1,11,0.0,0,1
98,463,1733,0,0,,,,,,,,,0.26701268742791234,,,0,11,0.0,0,1
87,367,1840,0,0,,,,,,,,,0.19934818033677348,,,1,14,0.0,0,1
1,39,339,0,0,,,,,,,,,0.11470588235294117,,,0,6,0.18181818181818182,1,1
80,534,1840,0,0,,,,,,,,,0.29005975013579577,,,1,14,0.0,0,1
1,47,1513,0,0,,,,,,,,,0.031043593130779392,,,0,11,0.0,0,1
724,2896,3489,3,11,,,,,,,,,0.8297994269340975,,,1,15,0.0,0,1
80,383,1507,0,0,,,,,,,,,0.2539787798408488,,,1,16,0.0,0,1
77,453,1833,0,0,,,,,,,,,0.2470010905125409,,,1,14,0.0,0,1
78,634,1877,0,0,,,,,,,,,0.33759318423855167,,,1,16,0.0,0,1
73,542,1749,0,2,,,,,,,,,0.3097142857142857,,,1,11,0.0,0,1
1,68,1769,0,2,,,,,,,,,0.0384180790960452,,,0,4,0.15384615384615385,1,1
74,466,1838,0,0,,,,,,,,,0.25339858618814576,,,1,13,0.0,0,1
1,40,1472,0,1,,,,,,,,,0.027155465037338764,,,0,12,0.0,0,1
1,53,1509,0,0,,,,,,,,,0.035099337748344374,,,0,15,0.0,0,1
1,20,759,0,0,,,,,,,,,0.02631578947368421,,,0,13,0.07692307692307693,1,1
1,44,1358,0,1,,,,,,,,,0.03237674760853569,,,0,13,0.07692307692307693,1,1
1,53,1384,0,0,,,,,,,,,0.038267148014440436,,,0,13,0.0,0,1
1,46,347,0,1,,,,,,,,,0.13218390804597702,,,0,5,0.1,1,1
88,402,1613,0,0,,,,,,,,,0.24907063197026022,,,1,14,0.0,0,1
76,640,1867,0,1,,,,,,,,,0.3426124197002141,,,1,15,0.0,0,1
80,390,1715,0,0,,,,,,,,,0.22727272727272727,,,1,14,0.0,0,1
80,578,1870,0,1,,,,,,,,,0.3089257081774452,,,1,13,0.0,0,1
85,592,1695,0,1,,,,,,,,,0.3490566037735849,,,1,13,0.0,0,1
89,450,1849,0,2,,,,,,,,,0.24324324324324326,,,1,13,0.0,0,1
101,500,1808,0,0,,,,,,,,,0.2763957987838585,,,0,13,0.0,0,1
88,485,1818,0,2,,,,,,,,,0.26663001649257834,,,1,13,0.0,0,1
83,362,1670,0,0,,,,,,,,,0.21663674446439257,,,1,13,0.0,0,1
74,597,1800,0,1,,,,,,,,,0.33148250971682397,,,1,12,0.0,0,1
101,434,1842,0,0,,,,,,,,,0.23548562126966902,,,1,11,0.0,0,1
78,450,1671,0,0,,,,,,,,,0.26913875598086123,,,1,14,0.0,0,1
65,580,1888,0,0,,,,,,,,,0.3070407623080995,,,1,9,0.0,0,1
75,589,1817,0,2,,,,,,,,,0.323982398239824,,,1,12,0.0,0,1
65,475,1877,0,1,,,,,,,,,0.25292864749733757,,,1,11,0.0,0,1
78,250,1238,0,0,,,,,,,,,0.20177562550443906,,,1,13,0.0,0,1
430,666,2001,15,12,,,,,,,,,0.33266733266733267,,,0,18,0.125,1,1
588,2630,3855,0,14,,,,,,,,,0.6820539419087137,,,0,6,0.0,0,1
15,258,1981,0,4,,,,,,,,,0.1301715438950555,,,0,4,0.0,0,1
32,48,593,0,0,,,,,,,,,0.08080808080808081,,,0,13,0.2857142857142857,1,1
75,529,1984,0,3,,,,,,,,,0.2664987405541562,,,0,13,0.0,0,1
56,282,459,0,2,,,,,,,,,0.6130434782608696,,,0,7,0.0,0,1
30,179,433,0,2,,,,,,,,,0.41244239631336405,,,0,19,0.0,0,1
170,738,1868,0,1,,,,,,,,,0.39486356340288925,,,0,9,0.0,0,1
113,319,656,0,1,,,,,,,,,0.4855403348554033,,,1,13,0.0,0,1
2,101,1378,0,1,,,,,,,,,0.07324147933284988,,,0,7,0.2857142857142857,1,1
2,89,1208,0,1,,,,,,,,,0.07361455748552523,,,0,15,0.2857142857142857,1,1
1,46,383,0,1,,,,,,,,,0.11979166666666667,,,0,7,0.25,1,1
1,85,420,0,0,,,,,,,,,0.20190023752969122,,,0,7,0.16666666666666666,1,1
1,61,382,0,0,,,,,,,,,0.15926892950391644,,,0,7,0.08333333333333333,1,1
1,45,311,0,0,,,,,,,,,0.14423076923076922,,,0,9,0.2857142857142857,1,1
1,48,353,0,0,,,,,,,,,0.13559322033898305,,,0,7,0.25,1,1
8,122,351,0,0,,,,,,,,,0.3465909090909091,,,1,7,0.06666666666666667,1,1
3343,4731,4001,0,108,,,,,,,,,1.18215892053973,,,0,11,0.0,0,1
24,284,1971,0,6,,,,,,,,,0.1440162271805274,,,0,3,0.0,0,1
3,47,368,0,0,,,,,,,,,0.12737127371273713,,,0,7,0.16666666666666666,1,1
3,62,420,0,0,,,,,,,,,0.14726840855106887,,,0,8,0.07692307692307693,1,1
59,419,1914,0,6,,,,,,,,,0.218798955613577,,,0,12,0.0,0,1
307,45,252,1,1,,,,,,,,,0.17786561264822134,,,0,18,0.0,0,1
2,64,406,0,0,,,,,,,,,0.15724815724815724,,,0,6,0.2727272727272727,1,1
2,53,375,0,0,,,,,,,,,0.14095744680851063,,,0,8,0.23076923076923078,1,1
3,86,462,0,1,,,,,,,,,0.1857451403887689,,,0,7,0.3333333333333333,1,1
416,662,411,3,10,,,,,,,,,1.6067961165048543,,,1,19,0.2222222222222222,1,1
2,160,154,0,1,,,,,,,,,1.032258064516129,,,0,13,0.0,0,1
2,56,392,0,0,,,,,,,,,0.14249363867684478,,,0,6,0.18181818181818182,1,1
2,79,431,0,1,,,,,,,,,0.18287037037037038,,,0,5,0.1,1,1
156,567,1462,3,6,,,,,,,,,0.3875598086124402,,,1,7,0.0,0,1
202,864,1947,0,36,,,,,,,,,0.44353182751540043,,,0,17,0.0,0,1
2,62,405,0,0,,,,,,,,,0.15270935960591134,,,0,8,0.23076923076923078,1,1
2,37,321,0,1,,,,,,,,,0.11490683229813664,,,0,4,0.2222222222222222,1,1
2,60,388,0,1,,,,,,,,,0.15424164524421594,,,0,5,0.1,1,1
126,226,959,3,2,,,,,,,,,0.23541666666666666,,,0,17,0.0,0,1
2,48,472,0,0,,,,,,,,,0.1014799154334038,,,0,6,0.09090909090909091,1,1
2,57,334,0,1,,,,,,,,,0.1701492537313433,,,0,5,0.2,1,1
14,121,743,0,0,,,,,,,,,0.16263440860215053,,,0,15,0.2727272727272727,1,1
3,71,379,0,0,,,,,,,,,0.1868421052631579,,,0,7,0.08333333333333333,1,1
1,75,462,0,1,,,,,,,,,0.16198704103671707,,,0,5,0.2,1,1
619,506,780,2,5,,,,,,,,,0.647887323943662,,,1,14,0.0,0,1
1042,2142,3168,2,16,,,,,,,,,0.6759230041022405,,,1,11,0.0,0,1
2,57,341,0,2,,,,,,,,,0.16666666666666666,,,0,8,0.07692307692307693,1,1
3,77,427,0,0,,,,,,,,,0.17990654205607476,,,0,5,0.2,1,1
192,1428,1938,0,2,,,,,,,,,0.7364620938628159,,,1,11,0.0,0,1
1,54,202,0,0,,,,,,,,,0.2660098522167488,,,0,8,0.16666666666666666,1,1
3,58,442,0,1,,,,,,,,,0.1309255079006772,,,0,7,0.3333333333333333,1,1
3,47,296,0,0,,,,,,,,,0.15824915824915825,,,0,7,0.16666666666666666,1,1
2,101,543,0,0,,,,,,,,,0.18566176470588236,,,0,4,0.2222222222222222,1,1
274,958,1882,1,9,,,,,,,,,0.5087626128518322,,,0,9,0.0,0,1
63,584,779,1,0,,,,,,,,,0.7487179487179487,,,0,20,0.0,0,1
395,940,1102,2,1,,,,,,,,,0.8522212148685403,,,1,11,0.07692307692307693,1,1
249,943,2001,0,3,,,,,,,,,0.471028971028971,,,0,16,0.0,0,1
52,850,1982,1,11,,,,,,,,,0.4286434694906707,,,0,16,0.0,0,1
9,33,306,0,0,,,,,,,,,0.10749185667752444,,,0,11,0.23076923076923078,1,1
2,55,330,0,0,,,,,,,,,0.1661631419939577,,,0,7,0.16666666666666666,1,1
3,45,327,0,0,,,,,,,,,0.13719512195121952,,,0,4,0.2222222222222222,1,1
3,46,322,0,1,,,,,,,,,0.14241486068111456,,,0,7,0.16666666666666666,1,1
2,75,384,0,0,,,,,,,,,0.19480519480519481,,,0,4,0.3333333333333333,1,1
39,464,2002,2,1,,,,,,,,,0.23165252121817273,,,0,18,0.0,0,1
769,1123,1884,0,4,,,,,,,,,0.5957559681697613,,,1,5,0.0,0,1
687,1475,1928,0,5,,,,,,,,,0.7646448937273198,,,1,13,0.0,0,1
91,436,976,0,0,,,,,,,,,0.44626407369498466,,,1,11,0.18181818181818182,1,1
3,108,771,0,0,,,,,,,,,0.13989637305699482,,,0,5,0.1,1,1
3,98,688,0,0,,,,,,,,,0.14223512336719885,,,0,8,0.07692307692307693,1,1
2,113,580,0,2,,,,,,,,,0.1944922547332186,,,0,7,0.25,1,1
19,298,1175,0,1,,,,,,,,,0.2534013605442177,,,0,6,0.0,0,1
95,1016,1951,0,16,,,,,,,,,0.5204918032786885,,,0,14,0.0,0,1
4,11,173,0,0,,,,,,,,,0.06321839080459771,,,0,14,0.25,1,1
126,304,1020,0,3,,,,,,,,,0.29774730656219395,,,0,14,0.0,0,1
629,1346,2001,0,3,,,,,,,,,0.6723276723276723,,,0,13,0.0,0,1
21,682,2001,0,0,,,,,,,,,0.34065934065934067,,,0,12,0.0,0,1
2,97,677,0,0,,,,,,,,,0.1430678466076696,,,0,7,0.08333333333333333,1,1
8,43,481,0,2,,,,,,,,,0.08921161825726141,,,0,14,0.25,1,1
228,2936,3477,0,6,,,,,,,,,0.8441633122484187,,,0,23,0.0,0,1
5,49,1499,0,1,,,,,,,,,0.03266666666666666,,,0,13,0.07692307692307693,1,1
4,40,1424,0,2,,,,,,,,,0.028070175438596492,,,0,10,0.0,0,1
5,41,1435,0,0,,,,,,,,,0.028551532033426183,,,0,13,0.23076923076923078,1,1
42,821,1977,0,4,,,,,,,,,0.41506572295247723,,,0,18,0.0,0,1
6,70,446,0,7,,,,,,,,,0.15659955257270694,,,0,14,0.2727272727272727,1,1
10,48,429,0,0,,,,,,,,,0.11162790697674418,,,0,15,0.2727272727272727,1,1
3,77,1545,0,0,,,,,,,,,0.04980595084087969,,,0,17,0.0,0,1
2,36,1418,0,0,,,,,,,,,0.02536997885835095,,,0,14,0.0,0,1
3,68,1485,0,1,,,,,,,,,0.04576043068640646,,,0,16,0.15384615384615385,1,1
3,50,1444,0,1,,,,,,,,,0.03460207612456748,,,0,5,0.07692307692307693,1,1
5070,1741,2301,8,15,,,,,,,,,0.7562988705473501,,,0,6,0.0,0,1
2,57,1475,0,1,,,,,,,,,0.03861788617886179,,,0,10,0.07692307692307693,1,1
5,35,365,0,0,,,,,,,,,0.09562841530054644,,,0,15,0.25,1,1
2,61,1455,0,1,,,,,,,,,0.04189560439560439,,,0,11,0.07692307692307693,1,1
2,42,1449,0,0,,,,,,,,,0.028965517241379312,,,0,11,0.07692307692307693,1,1
2,105,752,0,0,,,,,,,,,0.1394422310756972,,,0,4,0.3333333333333333,1,1
3,45,1242,0,0,,,,,,,,,0.036202735317779566,,,0,15,0.07692307692307693,1,1
2,106,601,0,0,,,,,,,,,0.1760797342192691,,,0,8,0.07692307692307693,1,1
3,95,719,0,1,,,,,,,,,0.13194444444444445,,,0,7,0.2727272727272727,1,1
2,43,1388,0,0,,,,,,,,,0.03095752339812815,,,0,15,0.07692307692307693,1,1
3,66,1428,0,0,,,,,,,,,0.04618614415675298,,,0,18,0.07692307692307693,1,1
2,44,1460,0,0,,,,,,,,,0.030116358658453114,,,0,5,0.07692307692307693,1,1
17,146,499,0,0,,,,,,,,,0.292,,,1,9,0.125,1,1
2,61,1477,0,0,,,,,,,,,0.041271989174560215,,,0,11,0.46153846153846156,1,1
3,69,1530,0,0,,,,,,,,,0.045068582625734814,,,0,13,0.15384615384615385,1,1
3,78,1525,0,0,,,,,,,,,0.05111402359108781,,,0,13,0.07692307692307693,1,1
9,152,603,0,2,,,,,,,,,0.25165562913907286,,,0,12,0.25,1,1
3,63,1507,0,0,,,,,,,,,0.04177718832891247,,,0,7,0.0,0,1
2,52,1318,0,0,,,,,,,,,0.039423805913570885,,,0,12,0.0,0,1
3,60,1510,0,0,,,,,,,,,0.03970880211780278,,,0,15,0.0,0,1
2,63,1467,0,0,,,,,,,,,0.042915531335149866,,,0,12,0.15384615384615385,1,1
2,52,1515,0,1,,,,,,,,,0.03430079155672823,,,0,14,0.23076923076923078,1,1
1,119,673,0,2,,,,,,,,,0.17655786350148367,,,0,5,0.2222222222222222,1,1
79,1198,1980,0,5,,,,,,,,,0.6047450782433115,,,0,9,0.0,0,1
1,62,1489,0,0,,,,,,,,,0.04161073825503356,,,0,13,0.0,0,1
3,54,1447,0,1,,,,,,,,,0.03729281767955801,,,0,12,0.15384615384615385,1,1
2,59,1388,0,0,,,,,,,,,0.042476601871850254,,,0,13,0.07692307692307693,1,1
2,59,1517,0,0,,,,,,,,,0.038866930171278,,,0,8,0.0,0,1
2,55,1546,0,1,,,,,,,,,0.03555268261150614,,,0,11,0.23076923076923078,1,1
2,47,1441,0,1,,,,,,,,,0.03259361997226075,,,0,12,0.07692307692307693,1,1
2,60,1475,0,1,,,,,,,,,0.04065040650406504,,,0,15,0.07692307692307693,1,1
2,60,1445,0,0,,,,,,,,,0.04149377593360996,,,0,14,0.0,0,1
479,899,1191,1,7,,,,,,,,,0.7541946308724832,,,1,9,0.0,0,1
2,49,1475,0,0,,,,,,,,,0.03319783197831978,,,0,12,0.07692307692307693,1,1
2,39,1458,0,0,,,,,,,,,0.026730637422892393,,,0,7,0.0,0,1
3,64,1514,0,0,,,,,,,,,0.042244224422442245,,,0,15,0.07692307692307693,1,1
3,49,1468,0,0,,,,,,,,,0.033356024506466984,,,0,17,0.15384615384615385,1,1
3,44,1422,0,3,,,,,,,,,0.030920590302178495,,,0,14,0.07692307692307693,1,1
3,51,1497,0,0,,,,,,,,,0.03404539385847797,,,0,17,0.0,0,1
3,57,1411,0,0,,,,,,,,,0.04036827195467422,,,0,14,0.07692307692307693,1,1
3,66,1512,0,0,,,,,,,,,0.043621943159286185,,,0,4,0.0,0,1
3,47,1467,0,0,,,,,,,,,0.03201634877384196,,,0,11,0.23076923076923078,1,1
2,127,684,0,0,,,,,,,,,0.1854014598540146,,,0,5,0.2222222222222222,1,1
3,54,1476,0,0,,,,,,,,,0.03656059580230196,,,0,8,0.07692307692307693,1,1
2,114,581,0,1,,,,,,,,,0.1958762886597938,,,0,5,0.2222222222222222,1,1
1,82,749,0,2,,,,,,,,,0.10933333333333334,,,0,5,0.2222222222222222,1,1
2,147,743,0,0,,,,,,,,,0.1975806451612903,,,0,6,0.2,1,1
2,54,1469,0,1,,,,,,,,,0.036734693877551024,,,0,8,0.07692307692307693,1,1
2,56,1511,0,0,,,,,,,,,0.037037037037037035,,,0,11,0.0,0,1
7,93,345,0,0,,,,,,,,,0.26878612716763006,,,0,13,0.18181818181818182,1,1
1,64,214,0,0,,,,,,,,,0.29767441860465116,,,0,4,0.25,1,1
2,112,586,0,2,,,,,,,,,0.19080068143100512,,,0,6,0.3,1,1
2,134,682,0,0,,,,,,,,,0.19619326500732065,,,0,7,0.2727272727272727,1,1
36,741,580,0,2,,,,,,,,,1.2753872633390706,,,0,14,0.07142857142857142,1,1
2,55,425,0,1,,,,,,,,,0.12910798122065728,,,0,9,0.15384615384615385,1,1
2,62,532,0,0,,,,,,,,,0.11632270168855535,,,0,8,0.25,1,1
1,89,610,0,0,,,,,,,,,0.14566284779050737,,,0,5,0.2222222222222222,1,1
2,76,542,0,0,,,,,,,,,0.13996316758747698,,,0,5,0.2222222222222222,1,1
8,1961,1943,0,20,,,,,,,,,1.0087448559670782,,,1,14,0.0,0,1
16,3305,3294,0,30,,,,,,,,,1.0030349013657056,,,1,20,0.0,0,1
3,56,1452,0,0,,,,,,,,,0.038540949759119064,,,0,6,0.0,0,1
5,14,180,0,0,,,,,,,,,0.07734806629834254,,,0,12,0.2727272727272727,1,1
1,20,754,0,0,,,,,,,,,0.026490066225165563,,,0,14,0.0,0,1
1,28,786,0,0,,,,,,,,,0.035578144853875476,,,0,20,0.07692307692307693,1,1
1,25,745,0,0,,,,,,,,,0.03351206434316354,,,0,14,0.0,0,1
1,67,229,0,0,,,,,,,,,0.29130434782608694,,,0,5,0.2222222222222222,1,1
1,32,723,0,1,,,,,,,,,0.04419889502762431,,,0,11,0.0,0,1
1,22,758,0,0,,,,,,,,,0.028985507246376812,,,0,13,0.07692307692307693,1,1
8,35,331,0,1,,,,,,,,,0.10542168674698796,,,0,14,0.3,1,1
1,194,657,0,1,,,,,,,,,0.2948328267477204,,,0,6,0.2,1,1
173,753,1900,0,2,,,,,,,,,0.3961073119410836,,,0,5,0.0,0,1
10,87,802,0,2,,,,,,,,,0.10834371108343711,,,0,12,0.25,1,1
1,80,496,0,0,,,,,,,,,0.16096579476861167,,,0,5,0.3333333333333333,1,1
1,79,515,0,0,,,,,,,,,0.15310077519379844,,,0,7,0.18181818181818182,1,1
1,97,589,0,0,,,,,,,,,0.16440677966101694,,,0,7,0.2727272727272727,1,1
1,116,515,0,1,,,,,,,,,0.2248062015503876,,,0,5,0.2222222222222222,1,1
1,79,495,0,0,,,,,,,,,0.1592741935483871,,,0,6,0.2,1,1
1,134,777,0,4,,,,,,,,,0.17223650385604114,,,0,5,0.2222222222222222,1,1
1,188,602,0,0,,,,,,,,,0.3117744610281924,,,0,7,0.2727272727272727,1,1
1,108,758,0,0,,,,,,,,,0.1422924901185771,,,0,7,0.2727272727272727,1,1
1,150,527,0,0,,,,,,,,,0.2840909090909091,,,0,5,0.3333333333333333,1,1
6,141,737,0,0,,,,,,,,,0.1910569105691057,,,0,11,0.25,1,1
50,863,713,0,1,,,,,,,,,1.2086834733893557,,,0,15,0.06666666666666667,1,1
87,365,1936,0,7,,,,,,,,,0.18843572534847702,,,1,9,0.1111111111111111,1,1
1,195,620,0,0,,,,,,,,,0.3140096618357488,,,0,7,0.18181818181818182,1,1
1,113,726,0,0,,,,,,,,,0.15543328748280605,,,0,7,0.2727272727272727,1,1
1,95,724,0,0,,,,,,,,,0.1310344827586207,,,0,6,0.3,1,1
1,115,737,0,1,,,,,,,,,0.15582655826558264,,,0,7,0.2727272727272727,1,1
1,191,531,0,0,,,,,,,,,0.35902255639097747,,,0,6,0.2,1,1
1,199,613,0,0,,,,,,,,,0.3241042345276873,,,0,9,0.15384615384615385,1,1
1,130,773,0,0,,,,,,,,,0.16795865633074936,,,0,5,0.2222222222222222,1,1
1,138,539,0,0,,,,,,,,,0.25555555555555554,,,0,8,0.16666666666666666,1,1
1,138,528,0,0,,,,,,,,,0.2608695652173913,,,0,7,0.18181818181818182,1,1
1,199,539,0,1,,,,,,,,,0.3685185185185185,,,0,5,0.2222222222222222,1,1
1,168,577,0,0,,,,,,,,,0.2906574394463668,,,0,5,0.3333333333333333,1,1
1,193,571,0,1,,,,,,,,,0.3374125874125874,,,0,3,0.42857142857142855,1,1
1,179,572,0,0,,,,,,,,,0.31239092495637,,,0,6,0.3,1,1
1,191,587,0,0,,,,,,,,,0.32482993197278914,,,0,6,0.2,1,1
1,155,554,0,0,,,,,,,,,0.27927927927927926,,,0,5,0.3333333333333333,1,1
1,174,590,0,0,,,,,,,,,0.29441624365482233,,,0,8,0.25,1,1
1,106,714,0,0,,,,,,,,,0.14825174825174825,,,0,7,0.18181818181818182,1,1
1,176,579,0,3,,,,,,,,,0.30344827586206896,,,0,7,0.18181818181818182,1,1
1,175,541,0,0,,,,,,,,,0.32287822878228783,,,0,6,0.3,1,1
1,196,587,0,1,,,,,,,,,0.3333333333333333,,,0,5,0.2222222222222222,1,1
1,205,586,0,0,,,,,,,,,0.3492333901192504,,,0,7,0.18181818181818182,1,1
1,181,591,0,0,,,,,,,,,0.30574324324324326,,,0,7,0.18181818181818182,1,1
1,180,590,0,1,,,,,,,,,0.30456852791878175,,,0,7,0.18181818181818182,1,1
1,83,671,0,0,,,,,,,,,0.12351190476190477,,,0,5,0.3333333333333333,1,1
1,220,583,0,0,,,,,,,,,0.3767123287671233,,,0,5,0.2222222222222222,1,1
1,182,601,0,0,,,,,,,,,0.3023255813953488,,,0,7,0.18181818181818182,1,1
1,97,742,0,0,,,,,,,,,0.13055181695827725,,,0,7,0.18181818181818182,1,1
1,196,634,0,0,,,,,,,,,0.30866141732283464,,,0,5,0.3333333333333333,1,1
184,262,1965,0,1,,,,,,,,,0.13326551373346898,,,0,7,0.0,0,1
1,56,211,0,1,,,,,,,,,0.2641509433962264,,,0,6,0.2,1,1
1,56,219,0,0,,,,,,,,,0.2545454545454545,,,0,6,0.2,1,1
1,50,222,0,0,,,,,,,,,0.2242152466367713,,,0,6,0.2,1,1
1,64,235,0,0,,,,,,,,,0.2711864406779661,,,0,9,0.15384615384615385,1,1
30,54,714,0,1,,,,,,,,,0.07552447552447553,,,0,12,0.15384615384615385,1,1
312,292,635,0,3,,,,,,,,,0.4591194968553459,,,0,4,0.0,0,1
1,108,708,0,2,,,,,,,,,0.152327221438646,,,0,4,0.25,1,1
1,204,632,0,0,,,,,,,,,0.3222748815165877,,,0,8,0.16666666666666666,1,1
1,115,710,0,1,,,,,,,,,0.1617440225035162,,,0,5,0.2222222222222222,1,1
1,178,570,0,0,,,,,,,,,0.3117338003502627,,,0,5,0.2222222222222222,1,1
1,95,701,0,0,,,,,,,,,0.13532763532763534,,,0,8,0.25,1,1
1,199,627,0,0,,,,,,,,,0.31687898089171973,,,0,7,0.18181818181818182,1,1
1,178,555,0,0,,,,,,,,,0.32014388489208634,,,0,6,0.2,1,1
1,228,602,0,2,,,,,,,,,0.3781094527363184,,,0,6,0.2,1,1
1,126,459,0,1,,,,,,,,,0.27391304347826084,,,0,7,0.18181818181818182,1,1
1,211,604,0,0,,,,,,,,,0.3487603305785124,,,0,8,0.16666666666666666,1,1
1,226,598,0,1,,,,,,,,,0.3772954924874791,,,0,6,0.3,1,1
1,104,609,0,1,,,,,,,,,0.17049180327868851,,,0,6,0.2,1,1
1,215,633,0,0,,,,,,,,,0.3391167192429022,,,0,3,0.2857142857142857,1,1
1,67,229,0,0,,,,,,,,,0.29130434782608694,,,0,7,0.18181818181818182,1,1
1,47,203,0,1,,,,,,,,,0.23039215686274508,,,0,9,0.15384615384615385,1,1
1,57,213,0,0,,,,,,,,,0.26635514018691586,,,0,5,0.2222222222222222,1,1
1,52,237,0,0,,,,,,,,,0.2184873949579832,,,0,6,0.2,1,1
1,51,199,0,0,,,,,,,,,0.255,,,0,6,0.2,1,1
17,2301,2594,5,36,,,,,,,,,0.8867052023121387,,,0,18,0.0,0,1
1,250,661,0,1,,,,,,,,,0.3776435045317221,,,0,8,0.16666666666666666,1,1
1,254,639,0,1,,,,,,,,,0.396875,,,0,5,0.2222222222222222,1,1
1,187,605,0,0,,,,,,,,,0.3085808580858086,,,0,6,0.2,1,1
1,108,640,0,1,,,,,,,,,0.1684867394695788,,,0,7,0.18181818181818182,1,1
1,176,571,0,2,,,,,,,,,0.3076923076923077,,,0,7,0.18181818181818182,1,1
1,207,596,0,0,,,,,,,,,0.34673366834170855,,,0,7,0.18181818181818182,1,1
1,175,589,0,1,,,,,,,,,0.2966101694915254,,,0,8,0.16666666666666666,1,1
1,153,564,0,0,,,,,,,,,0.27079646017699116,,,0,8,0.16666666666666666,1,1
1,210,599,0,1,,,,,,,,,0.35,,,0,8,0.16666666666666666,1,1
1,153,568,0,0,,,,,,,,,0.2688927943760984,,,0,7,0.18181818181818182,1,1
1,197,577,0,0,,,,,,,,,0.3408304498269896,,,0,4,0.375,1,1
1,205,592,0,0,,,,,,,,,0.3456998313659359,,,0,7,0.18181818181818182,1,1
1,175,589,0,1,,,,,,,,,0.2966101694915254,,,0,9,0.15384615384615385,1,1
7,43,461,0,0,,,,,,,,,0.09307359307359307,,,0,14,0.23076923076923078,1,1
48,685,600,0,3,,,,,,,,,1.139767054908486,,,0,9,0.1111111111111111,1,1
1,67,481,0,0,,,,,,,,,0.13900414937759337,,,0,8,0.25,1,1
1,80,612,0,0,,,,,,,,,0.13050570962479607,,,0,7,0.18181818181818182,1,1
1,69,565,0,1,,,,,,,,,0.12190812720848057,,,0,9,0.23076923076923078,1,1
1,179,607,0,1,,,,,,,,,0.2944078947368421,,,0,6,0.2,1,1
1,138,563,0,0,,,,,,,,,0.24468085106382978,,,0,7,0.18181818181818182,1,1
1,108,703,0,1,,,,,,,,,0.1534090909090909,,,0,6,0.2,1,1
1,149,594,0,0,,,,,,,,,0.2504201680672269,,,0,10,0.14285714285714285,1,1
1,143,568,0,0,,,,,,,,,0.2513181019332162,,,0,5,0.2222222222222222,1,1
1,175,597,0,1,,,,,,,,,0.29264214046822745,,,0,5,0.2222222222222222,1,1
1,178,605,0,0,,,,,,,,,0.29372937293729373,,,0,7,0.18181818181818182,1,1
1,126,721,0,0,,,,,,,,,0.1745152354570637,,,0,7,0.18181818181818182,1,1
1,177,583,0,1,,,,,,,,,0.3030821917808219,,,0,9,0.15384615384615385,1,1
1,163,580,0,0,,,,,,,,,0.28055077452667815,,,0,7,0.18181818181818182,1,1
1,113,685,0,0,,,,,,,,,0.16472303206997085,,,0,7,0.2727272727272727,1,1
1,189,606,0,0,,,,,,,,,0.3113673805601318,,,0,7,0.18181818181818182,1,1
1,160,605,0,0,,,,,,,,,0.264026402640264,,,0,5,0.2222222222222222,1,1
1,182,582,0,0,,,,,,,,,0.31217838765008576,,,0,5,0.2222222222222222,1,1
4156,4011,4403,0,13,,,,,,,,,0.9107629427792916,,,1,14,0.0,0,1
1,139,528,0,0,,,,,,,,,0.2627599243856333,,,0,8,0.25,1,1
1,111,656,0,0,,,,,,,,,0.1689497716894977,,,0,7,0.18181818181818182,1,1
75,257,1978,0,4,,,,,,,,,0.1298635674583123,,,0,12,0.1111111111111111,1,1
8980,373,1319,3,13,,,,,,,,,0.2825757575757576,,,0,14,0.0,0,1
42,302,815,0,4,,,1.0,,,,,,0.3700980392156863,,,1,13,0.0,0,1
4523,150,1291,0,5,,,,,,,,,0.11609907120743033,,,0,9,0.2222222222222222,1,1
60,918,750,0,1,,,,,,,,,1.22237017310253,,,0,11,0.09090909090909091,1,1
41,516,1984,0,2,,,,,,,,,0.25994962216624684,,,0,16,0.0,0,1
30,34,917,0,1,,,,,,,,,0.037037037037037035,,,1,16,0.0,0,1
655,66,167,0,3,,,,,,,,,0.39285714285714285,,,0,13,0.0,0,1
14,316,990,0,0,,,,,,,,,0.31886982845610495,,,1,14,0.0,0,1
48,388,335,0,5,,,,,,,,,1.1547619047619047,,,0,12,0.08333333333333333,1,1
37,270,1955,0,0,,,,,,,,,0.13803680981595093,,,0,10,0.18181818181818182,1,1
37,993,1943,0,4,,,,,,,,,0.5108024691358025,,,0,10,0.1,1,1
34,538,1937,0,5,,,,,,,,,0.2776057791537668,,,1,8,0.0,0,1
49,356,322,0,0,,,,,,,,,1.1021671826625388,,,0,11,0.09090909090909091,1,1
140,708,1977,0,2,,,,,,,,,0.3579373104145602,,,0,12,0.08333333333333333,1,1
1,228,619,0,0,,,,,,,,,0.36774193548387096,,,0,5,0.2222222222222222,1,1
1,201,616,0,1,,,,,,,,,0.32576985413290116,,,0,5,0.2222222222222222,1,1
1,169,636,0,1,,,,,,,,,0.2653061224489796,,,0,5,0.2222222222222222,1,1
1,119,392,0,0,,,,,,,,,0.30279898218829515,,,0,6,0.2,1,1
15,70,96,0,2,,,,,,,,,0.7216494845360825,,,1,18,0.0,0,1
2,178,1007,0,0,,,,,,,,,0.1765873015873016,,,0,5,0.2222222222222222,1,1
2,145,966,0,0,,,,,,,,,0.1499482936918304,,,0,4,0.25,1,1
2,202,764,0,0,,,,,,,,,0.26405228758169935,,,0,7,0.18181818181818182,1,1
2,277,869,0,0,,,,,,,,,0.31839080459770114,,,0,4,0.25,1,1
2,219,682,0,0,,,,,,,,,0.3206442166910688,,,0,5,0.2222222222222222,1,1
2,214,678,0,0,,,,,,,,,0.31516936671575846,,,0,6,0.2,1,1
2,184,670,0,0,,,,,,,,,0.27421758569299554,,,0,5,0.2222222222222222,1,1
2,320,827,0,1,,,,,,,,,0.3864734299516908,,,0,6,0.2,1,1
48,407,1323,0,3,,,,,,,,,0.3074018126888218,,,0,17,0.0,0,1
230,747,1881,0,6,,,,,,,,,0.3969181721572795,,,1,9,0.0,0,1
102,359,1260,0,1,,,,,,,,,0.2846946867565424,,,0,14,0.0,0,1
216,1567,2001,0,34,,,,,,,,,0.7827172827172827,,,1,10,0.0,0,1
1,112,563,0,1,,,,,,,,,0.19858156028368795,,,0,6,0.2,1,1
1,142,442,0,0,,,,,,,,,0.32054176072234764,,,0,6,0.2,1,1
1,123,409,0,0,,,,,,,,,0.3,,,0,5,0.2222222222222222,1,1
18,56,975,0,0,,,,,,,,,0.05737704918032787,,,0,13,0.0,0,1
1,83,534,0,1,,,,,,,,,0.15514018691588785,,,0,6,0.2,1,1
1,88,467,0,1,,,,,,,,,0.18803418803418803,,,0,6,0.2,1,1
1,102,376,0,1,,,,,,,,,0.27055702917771884,,,0,7,0.18181818181818182,1,1
1,128,397,0,1,,,,,,,,,0.32160804020100503,,,0,7,0.18181818181818182,1,1
1,90,644,0,0,,,,,,,,,0.13953488372093023,,,0,5,0.2222222222222222,1,1
1,94,609,0,0,,,,,,,,,0.1540983606557377,,,0,5,0.2222222222222222,1,1
1,109,391,0,0,,,,,,,,,0.2780612244897959,,,0,4,0.25,1,1
1,98,411,0,0,,,,,,,,,0.23786407766990292,,,0,9,0.15384615384615385,1,1
1,117,435,0,0,,,,,,,,,0.268348623853211,,,0,6,0.2,1,1
1,128,386,0,0,,,,,,,,,0.330749354005168,,,0,5,0.2222222222222222,1,1
37,942,1935,0,3,,,,,,,,,0.4865702479338843,,,0,10,0.1,1,1
35,1010,1941,0,4,,,,,,,,,0.5200823892893924,,,0,9,0.1111111111111111,1,1
256,864,2001,4,4,,,,,,,,,0.43156843156843155,,,1,14,0.0,0,1
1,71,541,0,0,,,,,,,,,0.13099630996309963,,,0,6,0.2,1,1
1,102,385,0,0,,,,,,,,,0.26424870466321243,,,0,5,0.2222222222222222,1,1
1,56,496,0,1,,,,,,,,,0.11267605633802817,,,0,5,0.2222222222222222,1,1
1,71,593,0,0,,,,,,,,,0.11952861952861953,,,0,6,0.2,1,1
1,85,576,0,0,,,,,,,,,0.14731369150779897,,,0,5,0.2222222222222222,1,1
7,98,611,0,0,,,,,,,,,0.16013071895424835,,,0,17,0.3,1,1
9,27,229,0,0,,,,,,,,,0.11739130434782609,,,0,13,0.2,1,1
84,56,97,0,0,,,,,,,,,0.5714285714285714,,,1,12,0.0,0,1
55,388,264,0,8,,,,,,,,,1.4641509433962263,,,1,4,0.0,0,1
1,65,439,0,0,,,,,,,,,0.14772727272727273,,,0,5,0.2222222222222222,1,1
1,65,384,0,0,,,,,,,,,0.16883116883116883,,,0,4,0.25,1,1
1,104,377,0,0,,,,,,,,,0.2751322751322751,,,0,5,0.2222222222222222,1,1
180,669,1783,0,9,,,,,,,,,0.375,,,0,13,0.14285714285714285,1,1
267,66,391,0,1,,,,,,,,,0.1683673469387755,,,0,4,0.0,0,1
85,233,1172,0,2,,,,,,,,,0.19863597612958228,,,1,7,0.125,1,1
52,356,713,0,0,,,,,,,,,0.49859943977591037,,,0,12,0.0,0,1
1,108,633,0,1,,,,,,,,,0.17034700315457413,,,0,9,0.15384615384615385,1,1
1,90,553,0,0,,,,,,,,,0.1624548736462094,,,0,7,0.18181818181818182,1,1
241,1214,1825,262,9,,,,,,,,,0.664841182913472,,,1,8,0.0,0,1
18,197,780,0,0,,,,,,,,,0.25224071702944945,,,0,11,0.0,0,1
76,453,1162,2,2,,,,,,,,,0.3895098882201204,,,0,6,0.0,0,1
10,99,647,0,0,,,,,,,,,0.1527777777777778,,,0,15,0.2727272727272727,1,1
5301,9358,6865,2,329,,,1.0,,,,,,1.3629478590154385,,,1,16,0.0,0,1
1,125,390,0,0,,,,,,,,,0.319693094629156,,,0,5,0.2222222222222222,1,1
1,171,513,0,0,,,,,,,,,0.3326848249027237,,,0,9,0.15384615384615385,1,1
1,150,476,0,1,,,,,,,,,0.31446540880503143,,,0,3,0.2857142857142857,1,1
9,29,581,0,0,,,,,,,,,0.04982817869415808,,,0,11,0.3,1,1
1,103,572,0,1,,,,,,,,,0.17975567190226877,,,0,7,0.18181818181818182,1,1
1,110,609,0,2,,,,,,,,,0.18032786885245902,,,0,7,0.18181818181818182,1,1
1,182,521,0,1,,,,,,,,,0.3486590038314176,,,0,4,0.25,1,1
214,1679,1745,0,14,,,,,,,,,0.9616265750286369,,,1,11,0.0,0,1
1,119,544,0,0,,,,,,,,,0.21834862385321102,,,0,8,0.16666666666666666,1,1
1,162,507,0,0,,,,,,,,,0.3188976377952756,,,0,5,0.2222222222222222,1,1
1,108,538,0,0,,,,,,,,,0.20037105751391465,,,0,4,0.25,1,1
1,126,440,0,0,,,,,,,,,0.2857142857142857,,,0,5,0.2222222222222222,1,1
1,91,461,0,1,,,,,,,,,0.19696969696969696,,,0,5,0.2222222222222222,1,1
1,75,466,0,0,,,,,,,,,0.16059957173447537,,,0,4,0.25,1,1
1,82,500,0,0,,,,,,,,,0.16367265469061876,,,0,9,0.15384615384615385,1,1
1,203,512,0,0,,,,,,,,,0.39571150097465885,,,0,5,0.2222222222222222,1,1
1,197,521,0,1,,,,,,,,,0.3773946360153257,,,0,4,0.25,1,1
756,1817,2438,2,14,,,,,,,,,0.7449774497744978,,,1,10,0.0,0,1
1,151,436,0,1,,,,,,,,,0.34553775743707094,,,0,8,0.16666666666666666,1,1
1,149,475,0,0,,,,,,,,,0.3130252100840336,,,0,5,0.2222222222222222,1,1
1,144,469,0,1,,,,,,,,,0.30638297872340425,,,0,7,0.18181818181818182,1,1
1,134,487,0,0,,,,,,,,,0.27459016393442626,,,0,5,0.2222222222222222,1,1
1,162,495,0,1,,,,,,,,,0.32661290322580644,,,0,4,0.25,1,1
1,153,487,0,0,,,,,,,,,0.3135245901639344,,,0,5,0.2222222222222222,1,1
37,184,823,0,4,,,,,,,,,0.22330097087378642,,,0,20,0.0,0,1
55,466,1950,2,6,,,,,,,,,0.238851870835469,,,0,5,0.0,0,1
1,88,495,0,0,,,,,,,,,0.1774193548387097,,,0,5,0.2222222222222222,1,1
1,91,593,0,2,,,,,,,,,0.1531986531986532,,,0,5,0.2222222222222222,1,1
37,509,1154,0,3,,,,,,,,,0.4406926406926407,,,1,12,0.0,0,1
379,960,1971,0,3,,,,,,,,,0.486815415821501,,,1,6,0.25,1,1
1,95,591,0,0,,,,,,,,,0.16047297297297297,,,0,5,0.2222222222222222,1,1
1,94,597,0,0,,,,,,,,,0.15719063545150502,,,0,5,0.2222222222222222,1,1
1,108,634,0,0,,,,,,,,,0.1700787401574803,,,0,9,0.15384615384615385,1,1
1,109,628,0,0,,,,,,,,,0.17329093799682035,,,0,6,0.2,1,1
1,137,679,0,0,,,,,,,,,0.20147058823529412,,,0,6,0.2,1,1
20,47,335,0,0,,,,,,,,,0.13988095238095238,,,0,11,0.0,0,1
1,96,614,0,1,,,,,,,,,0.15609756097560976,,,0,9,0.15384615384615385,1,1
1,106,654,0,0,,,,,,,,,0.1618320610687023,,,0,5,0.2222222222222222,1,1
18,454,1949,1,2,,,,,,,,,0.23282051282051283,,,0,18,0.2,1,1
25,652,2001,0,7,,,,,,,,,0.3256743256743257,,,1,9,0.0,0,1
98,0,0,0,0,,,,,,,,,0.0,,,1,13,0.0,0,1
2,125,933,0,0,,,,,,,,,0.13383297644539616,,,1,13,0.2857142857142857,1,1
55,1345,1925,0,6,,,,,,,,,0.6983385254413291,,,1,7,0.2,1,1
17563,40368,30128,8,2858,,,,,,,,,1.339838693617445,,,1,10,0.0,0,1
1,86,463,0,1,,,,,,,,,0.1853448275862069,,,0,4,0.25,1,1
1,112,589,0,0,,,,,,,,,0.18983050847457628,,,0,5,0.2222222222222222,1,1
221,687,1550,1,1,,,,,,,,,0.44294003868471954,,,0,12,0.0,0,1
1,109,615,0,2,,,,,,,,,0.17694805194805194,,,0,5,0.2222222222222222,1,1
1,149,554,0,0,,,,,,,,,0.26846846846846845,,,0,5,0.2222222222222222,1,1
1,142,516,0,1,,,,,,,,,0.2746615087040619,,,0,5,0.2222222222222222,1,1
1,127,464,0,2,,,,,,,,,0.2731182795698925,,,0,8,0.16666666666666666,1,1
1,141,514,0,1,,,,,,,,,0.2737864077669903,,,0,4,0.25,1,1
1,136,575,0,0,,,,,,,,,0.2361111111111111,,,0,7,0.18181818181818182,1,1
1,147,639,0,0,,,,,,,,,0.2296875,,,0,5,0.2222222222222222,1,1
1,137,559,0,2,,,,,,,,,0.24464285714285713,,,0,5,0.2222222222222222,1,1
1,196,679,0,1,,,,,,,,,0.28823529411764703,,,0,4,0.25,1,1
1,168,581,0,0,,,,,,,,,0.28865979381443296,,,0,5,0.2222222222222222,1,1
1,159,587,0,1,,,,,,,,,0.27040816326530615,,,0,7,0.18181818181818182,1,1
1,219,633,0,3,,,,,,,,,0.34542586750788645,,,0,7,0.18181818181818182,1,1
1,140,749,0,1,,,,,,,,,0.18666666666666668,,,0,5,0.2222222222222222,1,1
1,147,706,0,0,,,,,,,,,0.2079207920792079,,,0,6,0.2,1,1
1,132,678,0,1,,,,,,,,,0.19440353460972018,,,0,5,0.2222222222222222,1,1
4862,1989,2318,0,28,,,,,,,,,0.8576972833117723,,,0,18,0.0,0,1
99,216,860,1,1,,,,,,,,,0.2508710801393728,,,0,8,0.0,0,1
169,254,427,45,8,,,,,,,,,0.5934579439252337,,,1,9,0.0,0,1
1,92,554,0,0,,,,,,,,,0.16576576576576577,,,0,6,0.2,1,1
466,1027,1965,0,6,,,,,,,,,0.5223804679552391,,,0,12,0.0,0,1
379,815,2001,2,8,,,,,,,,,0.4070929070929071,,,1,7,0.125,1,1
33,271,883,1,1,,,,,,,,,0.3065610859728507,,,0,14,0.0,0,1
9,160,171,0,5,,,,,,,,,0.9302325581395349,,,0,7,0.0,0,1
54,1689,2340,0,3,,,,,,,,,0.7214865442118753,,,0,6,0.0,0,1
1,111,530,0,0,,,,,,,,,0.20903954802259886,,,0,6,0.2,1,1
1,95,537,0,4,,,,,,,,,0.17657992565055763,,,0,5,0.2222222222222222,1,1
1,182,593,0,0,,,,,,,,,0.3063973063973064,,,0,6,0.2,1,1
1,182,653,0,3,,,,,,,,,0.2782874617737003,,,0,8,0.16666666666666666,1,1
24,392,980,0,4,,,,,,,,,0.399592252803262,,,0,9,0.1111111111111111,1,1
1,117,629,0,1,,,,,,,,,0.18571428571428572,,,0,6,0.2,1,1
1,117,571,0,0,,,,,,,,,0.20454545454545456,,,0,5,0.2222222222222222,1,1
1,115,615,0,0,,,,,,,,,0.18668831168831168,,,0,8,0.16666666666666666,1,1
1,93,600,0,1,,,,,,,,,0.15474209650582363,,,0,7,0.18181818181818182,1,1
711,958,1774,0,6,,,,,,,,,0.5397183098591549,,,0,14,0.0,0,1
16,151,705,0,1,,,,,,,,,0.21388101983002833,,,0,7,0.0,0,1
355,889,1919,12,6,,,,,,,,,0.4630208333333333,,,0,14,0.0,0,1
431,5690,6419,0,33,,,,,,,,,0.8862928348909658,,,1,10,0.0,0,1
418,4572,5245,0,28,,,,,,,,,0.8715211589782692,,,0,10,0.0,0,1
1,116,633,0,0,,,,,,,,,0.1829652996845426,,,0,5,0.2222222222222222,1,1
1,118,635,0,1,,,,,,,,,0.18553459119496854,,,0,5,0.2222222222222222,1,1
34,50,522,0,0,,,,,,,,,0.09560229445506692,,,0,11,0.0,0,1
1,34,631,0,0,,,,,,,,,0.05379746835443038,,,0,8,0.2727272727272727,1,1
30,1098,1916,0,5,,,,,,,,,0.5727699530516432,,,0,11,0.23076923076923078,1,1
13,675,1908,0,7,,,,,,,,,0.3535882661079099,,,0,9,0.0,0,1
33,1106,1879,0,11,,,,,,,,,0.5882978723404255,,,0,12,0.15384615384615385,1,1
10,219,596,0,3,,,,,,,,,0.36683417085427134,,,0,15,0.06666666666666667,1,1
74,591,1062,0,1,,,,,,,,,0.5559736594543744,,,0,11,0.08333333333333333,1,1
76,342,834,0,1,,,,,,,,,0.4095808383233533,,,0,11,0.1,1,1
8,61,542,0,1,,,,,,,,,0.11233885819521179,,,0,16,0.42857142857142855,1,1
520,886,2001,2,21,,,,,,,,,0.44255744255744256,,,1,10,0.0,0,1
152,510,1338,1,0,,,,,,,,,0.38088125466766243,,,0,16,0.0,0,1
25,211,924,0,1,,,,,,,,,0.2281081081081081,,,1,14,0.0,0,1
128,696,1985,0,4,,,,,,,,,0.3504531722054381,,,0,13,0.2222222222222222,1,1
30,274,1310,0,6,,,,,,,,,0.20900076277650648,,,0,8,0.0,0,1
215,1158,1545,0,21,,,,,,,,,0.7490297542043984,,,1,8,0.0,0,1
275,1155,2001,1,9,,,,,,,,,0.5769230769230769,,,0,14,0.0,0,1
23,49,571,0,0,,,,,,,,,0.08566433566433566,,,1,5,0.0,0,1
134,785,1876,0,3,,,,,,,,,0.41822056473095365,,,0,17,0.0,0,1
30,1145,1903,0,5,,,,,,,,,0.6013655462184874,,,0,11,0.16666666666666666,1,1
25,1061,1874,0,4,,,,,,,,,0.5658666666666666,,,0,16,0.0,0,1
6,244,868,0,2,,,,,,,,,0.2807825086306099,,,1,14,0.0,0,1
128,298,1105,0,9,,,,,,,,,0.2694394213381555,,,1,9,0.06666666666666667,1,1
29,1171,1888,0,8,,,,,,,,,0.6199047114875595,,,0,11,0.0,0,1
39,628,1842,0,1,,,,,,,,,0.3407487791644059,,,0,11,0.0,0,1
466,948,1192,0,3,,,,,,,,,0.7946353730092205,,,0,15,0.0,0,1
60,277,1094,0,2,,,,,,,,,0.25296803652968036,,,0,22,0.0,0,1
482,466,762,2,13,,,,,,,,,0.6107470511140236,,,0,16,0.0,0,1
1224,1494,1956,0,50,,,,,,,,,0.7634133878385284,,,1,16,0.0,0,1
29,1239,1923,0,4,,,,,,,,,0.643970893970894,,,0,13,0.0,0,1
176,889,1690,0,7,,,,,,,,,0.5257244234180958,,,0,17,0.0,0,1
39,766,1947,0,7,,,,,,,,,0.3932238193018481,,,0,12,0.15384615384615385,1,1
216,27,129,0,0,,,,,,,,,0.2076923076923077,,,1,18,0.0,0,1
64,958,905,0,36,,,,,,,,,1.0573951434878588,,,1,4,0.2,1,1
15,100,488,0,0,,,,,,,,,0.20449897750511248,,,0,5,0.0,0,1
131,813,1866,0,5,,,,,,,,,0.435457953936797,,,0,8,0.0,0,1
92,806,1865,0,3,,,,,,,,,0.43193997856377275,,,0,3,0.0,0,1
145,479,1124,0,1,,,,,,,,,0.42577777777777776,,,0,12,0.0,0,1
137,96,411,1,2,,,,,,,,,0.23300970873786409,,,1,11,0.0,0,1
114,662,1844,0,2,,,,,,,,,0.35880758807588076,,,0,15,0.0,0,1
250,426,1833,0,3,,,,,,,,,0.23227917121046893,,,0,16,0.2727272727272727,1,1
77,1226,1959,0,5,,,,,,,,,0.6255102040816326,,,0,10,0.0,0,1
113,561,1371,0,6,,,,,,,,,0.40889212827988336,,,0,16,0.0,0,1
99,718,1891,0,4,,,,,,,,,0.379492600422833,,,0,16,0.06666666666666667,1,1
3942,72,88,0,1,,,,,,,,,0.8089887640449438,,,1,5,0.0,0,1
127,327,871,1,1,,,,,,,,,0.375,,,0,10,0.0,0,1
201,305,834,0,0,,,,,,,,,0.3652694610778443,,,1,8,0.0,0,1
235,120,544,1,0,,,,,,,,,0.22018348623853212,,,0,17,0.0,0,1
252,385,1071,0,1,,,,,,,,,0.3591417910447761,,,1,19,0.1,1,1
185,415,1103,0,1,,,,,,,,,0.3759057971014493,,,0,8,0.0,0,1
212,450,928,2,9,,,,,,,,,0.48439181916038754,,,1,14,0.0,0,1
84,816,1878,1,5,,,,,,,,,0.4342735497605109,,,1,15,0.0,0,1
256,227,1413,0,1,,,,,,,,,0.16053748231966053,,,0,12,0.0,0,1
21,239,1045,0,2,,,,,,,,,0.22848948374760994,,,0,7,0.07142857142857142,1,1
106,1270,991,0,16,,,,,,,,,1.280241935483871,,,0,13,0.0,0,1
35,460,824,0,2,,,,,,,,,0.5575757575757576,,,1,16,0.0,0,1
185,258,776,0,1,,,,,,,,,0.33204633204633205,,,0,12,0.0,0,1
12,295,1612,0,1,,,,,,,,,0.18288902665840048,,,0,5,0.0,0,1
20,1077,2002,0,2,,,,,,,,,0.5376934598102846,,,0,20,0.0,0,1
16,159,673,0,1,,,,,,,,,0.23590504451038577,,,0,19,0.0,0,1
261,371,919,0,5,,,,,,,,,0.4032608695652174,,,0,13,0.1,1,1
22,258,474,0,1,,,,,,,,,0.5431578947368421,,,0,10,0.0,0,1
24,358,1449,0,2,,,,,,,,,0.24689655172413794,,,0,16,0.0,0,1
33,290,1062,0,0,,,,,,,,,0.27281279397930386,,,0,11,0.09090909090909091,1,1
38,1360,1907,0,2,,,,,,,,,0.7127882599580713,,,0,12,0.08333333333333333,1,1
36,1092,1891,0,5,,,,,,,,,0.5771670190274841,,,0,13,0.14285714285714285,1,1
38,1098,1893,0,4,,,,,,,,,0.5797254487856388,,,0,11,0.09090909090909091,1,1
77,1416,1887,1,16,,,,,,,,,0.75,,,0,20,0.0,0,1
97,2097,1436,0,12,,,,,,,,,1.4592901878914406,,,1,14,0.0,0,1
18,155,563,0,2,,,,,,,,,0.274822695035461,,,1,48,0.0,0,1
33,730,1809,0,12,,,,,,,,,0.40331491712707185,,,0,10,0.0,0,1
24,749,1970,0,1,,,,,,,,,0.3800101471334348,,,0,14,0.25,1,1
71,218,975,0,5,,,,,,,,,0.22336065573770492,,,0,16,0.0,0,1
138,581,638,0,6,,,1.0,,,,,,0.9092331768388107,,,0,14,0.0,0,1
56,316,1150,0,2,,,,,,,,,0.2745438748913988,,,0,14,0.0,0,1
39,768,1804,0,4,,,,,,,,,0.42548476454293627,,,0,14,0.0,0,1
22,226,1020,0,0,,,,,,,,,0.22135161606268364,,,0,6,0.0,0,1
16,167,1395,0,2,,,,,,,,,0.11962750716332378,,,0,6,0.0,0,1
143,12475,12131,0,91,,,,,,,,,1.0282723376195186,,,1,12,0.0,0,1
154,1440,1996,6,25,,,,,,,,,0.7210816224336505,,,0,8,0.0,0,1
28,762,2001,0,2,,,,,,,,,0.3806193806193806,,,1,10,0.0,0,1
321,775,1936,6,6,,,1.0,,,,,,0.40010325245224576,,,1,12,0.4,1,1
144,853,2001,3,1,,,,,,,,,0.4260739260739261,,,0,6,0.0,0,1
36,1051,1916,0,8,,,,,,,,,0.5482524778299426,,,0,14,0.07142857142857142,1,1
27,1179,1892,0,6,,,,,,,,,0.6228209191759112,,,0,15,0.06666666666666667,1,1
42,614,1656,0,15,,,,,,,,,0.37054918527459263,,,1,12,0.1,1,1
26,190,861,0,2,,,,,,,,,0.22041763341067286,,,0,4,0.0,0,1
27,1078,1889,0,7,,,,,,,,,0.5703703703703704,,,0,13,0.0,0,1
75,382,1738,0,5,,,1.0,,,,,,0.21966647498562392,,,1,12,0.0,0,1
30,1062,1925,0,3,,,,,,,,,0.5514018691588785,,,0,11,0.16666666666666666,1,1
56,232,952,1,3,,,1.0,,,,,,0.24344176285414482,,,1,9,0.0,0,1
1,40,716,0,0,,,,,,,,,0.05578800557880056,,,0,13,0.3076923076923077,1,1
2223,856,1984,0,4,,,1.0,,,,,,0.43123425692695216,,,1,8,0.0,0,1
1,46,659,0,0,,,,,,,,,0.0696969696969697,,,0,15,0.3076923076923077,1,1
21,232,1096,1,0,,,,,,,,,0.211485870556062,,,0,7,0.0,0,1
5,201,1736,0,4,,,,,,,,,0.1157167530224525,,,1,13,0.0,0,1
150,962,1990,1,6,,,1.0,,,,,,0.4831742842792566,,,1,5,0.16666666666666666,1,1
53,952,1960,0,7,,,,,,,,,0.4854665986741458,,,0,9,0.0,0,1
60,768,1887,0,2,,,,,,,,,0.4067796610169492,,,0,4,0.42857142857142855,1,1
41,285,728,0,2,,,,,,,,,0.39094650205761317,,,0,15,0.0,0,1
127,833,1190,0,10,,,,,,,,,0.6994122586062133,,,0,16,0.0,0,1
249,194,721,0,1,,,,,,,,,0.26869806094182824,,,0,7,0.0,0,1
19,94,250,0,1,,,,,,,,,0.3745019920318725,,,0,5,0.0,0,1
16,163,812,0,2,,,,,,,,,0.2004920049200492,,,1,11,0.0,0,1
212,985,1982,4,1,,,,,,,,,0.49672213817448313,,,0,10,0.0,0,1
558,679,774,0,0,,,,,,,,,0.8761290322580645,,,0,5,0.0,0,1
18,127,682,0,0,,,,,,,,,0.18594436310395315,,,0,7,0.0,0,1
90,876,2001,0,5,,,,,,,,,0.43756243756243757,,,1,10,0.0,0,1
92,593,1986,12,2,,,,,,,,,0.2984398590840463,,,1,19,0.0,0,1
14,250,1869,0,4,,,,,,,,,0.13368983957219252,,,0,5,0.0,0,1
340,1385,1881,0,43,,,,,,,,,0.7359192348565357,,,1,16,0.0,0,1
60,924,2001,1,4,,,,,,,,,0.46153846153846156,,,0,19,0.0,0,1
34,1210,1910,0,1,,,,,,,,,0.6331763474620618,,,0,13,0.0,0,1
56,860,1953,0,1,,,,,,,,,0.44012282497441146,,,0,12,0.0,0,1
12,266,833,0,0,,,,,,,,,0.31894484412470026,,,0,14,0.0,0,1
1,28,738,0,0,,,,,,,,,0.037889039242219216,,,0,11,0.21428571428571427,1,1
35,1157,1959,0,0,,,,,,,,,0.5903061224489796,,,0,13,0.0,0,1
1,39,765,0,0,,,,,,,,,0.050913838120104436,,,0,10,0.23076923076923078,1,1
1,43,760,0,2,,,,,,,,,0.056504599211563734,,,0,10,0.23076923076923078,1,1
1,32,747,0,0,,,,,,,,,0.0427807486631016,,,0,16,0.36363636363636365,1,1
154,948,2001,1,7,,,,,,,,,0.47352647352647353,,,1,13,0.0,0,1
1,84,789,0,0,,,,,,,,,0.10632911392405063,,,0,10,0.23076923076923078,1,1
1,41,766,0,0,,,,,,,,,0.05345501955671447,,,0,12,0.4444444444444444,1,1
1,58,778,0,0,,,,,,,,,0.07445442875481387,,,0,12,0.3333333333333333,1,1
102,525,1915,0,0,,,,,,,,,0.2740083507306889,,,0,5,0.13333333333333333,1,1
20,1118,1888,0,10,,,,,,,,,0.5918475383800953,,,1,13,0.14285714285714285,1,1
17,758,2000,0,1,,,,,,,,,0.37881059470264866,,,0,14,0.0,0,1
22,264,1176,0,1,,,,,,,,,0.22429906542056074,,,0,13,0.0,0,1
61,841,1498,3,1,,,,,,,,,0.5610406937958639,,,0,11,0.0,0,1
79,864,2000,0,4,,,,,,,,,0.431784107946027,,,0,22,0.0,0,1
21,423,1484,0,2,,,,,,,,,0.28484848484848485,,,1,13,0.0,0,1
3,122,1509,0,1,,,,,,,,,0.08079470198675497,,,0,9,0.0,0,1
44,801,2001,0,2,,,,,,,,,0.4000999000999001,,,0,13,0.0,0,1
8,920,1895,0,13,,,,,,,,,0.48523206751054854,,,1,15,0.0,0,1
74,638,1990,0,3,,,,,,,,,0.32044198895027626,,,0,15,0.375,1,1
11,1096,1880,0,2,,,,,,,,,0.582668793195109,,,1,13,0.125,1,1
6,687,1819,0,6,,,,,,,,,0.37747252747252746,,,1,15,0.0,0,1
38,594,2001,0,1,,,,,,,,,0.2967032967032967,,,0,14,0.0,0,1
35,896,1974,0,0,,,,,,,,,0.45367088607594935,,,0,12,0.0,0,1
15,745,2002,0,1,,,,,,,,,0.37194208686969543,,,1,6,0.0,0,1
58,984,1990,0,2,,,,,,,,,0.49422400803616273,,,1,16,0.0,0,1
21,396,1414,31,6,,,,,,,,,0.27985865724381626,,,0,16,0.0,0,1
422,2069,2083,0,4,,,,,,,,,0.9928023032629558,,,1,19,0.0,0,1
16,163,757,0,1,,,,,,,,,0.21503957783641162,,,0,1,0.8,1,1
19,361,1462,0,5,,,,,,,,,0.24675324675324675,,,0,16,0.0,0,1
20,71,1161,0,1,,,,,,,,,0.06110154905335628,,,0,9,0.0,0,1
23,324,1336,0,2,,,,,,,,,0.2423335826477188,,,0,11,0.0,0,1
42,423,392,0,1,,,,,,,,,1.0763358778625953,,,0,11,0.0,0,1
29,291,1312,0,1,,,,,,,,,0.22162985529322163,,,0,13,0.0,0,1
81,912,1174,0,3,,,,,,,,,0.7761702127659574,,,1,12,0.07692307692307693,1,1
692,2833,3425,19,7,,,,,,,,,0.8269118505545826,,,0,4,0.0,0,1
69,73,702,0,0,,,,,,,,,0.10384068278805121,,,0,15,0.0,0,1
25,285,1205,0,5,,,,,,,,,0.236318407960199,,,0,11,0.0,0,1
11,323,1655,0,4,,,,,,,,,0.19504830917874397,,,0,14,0.13333333333333333,1,1
81,740,2000,0,1,,,,,,,,,0.3698150924537731,,,0,12,0.0,0,1
100,432,1803,0,3,,,,,,,,,0.2394678492239468,,,0,6,0.0,0,1
15,732,1962,0,6,,,,,,,,,0.3728986245542537,,,0,8,0.0,0,1
23,270,1208,0,1,,,,,,,,,0.22332506203473945,,,0,15,0.0,0,1
22,559,1969,0,4,,,,,,,,,0.28375634517766496,,,0,6,0.0,0,1
18,271,1218,0,1,,,,,,,,,0.22231337161607875,,,0,18,0.0,0,1
52,668,1989,0,2,,,,,,,,,0.335678391959799,,,0,12,0.0,0,1
69,626,1856,0,1,,,,,,,,,0.33710285406569734,,,0,11,0.0,0,1
22,342,1282,0,4,,,,,,,,,0.2665627435697584,,,0,10,0.0,0,1
112,623,1392,7,0,,,,,,,,,0.4472361809045226,,,1,7,0.0,0,1
74,690,2001,0,6,,,,,,,,,0.34465534465534464,,,0,7,0.0,0,1
18,248,1145,0,0,,,,,,,,,0.2164048865619546,,,0,5,0.0,0,1
25,292,1156,0,1,,,,,,,,,0.25237683664649957,,,0,12,0.0,0,1
22,638,2001,0,0,,,,,,,,,0.31868131868131866,,,0,6,0.0,0,1
19,719,1999,0,0,,,,,,,,,0.3595,,,1,12,0.0,0,1
223,1369,1987,0,12,,,1.0,,,,,,0.6886317907444668,,,0,12,0.0,0,1
25,303,1271,0,3,,,,,,,,,0.23820754716981132,,,0,16,0.0,0,1
50,741,2002,0,5,,,,,,,,,0.36994508237643536,,,0,15,0.0,0,1
32,369,1423,0,4,,,,,,,,,0.25912921348314605,,,0,14,0.0,0,1
1,60,782,0,1,,,,,,,,,0.07662835249042145,,,0,11,0.21428571428571427,1,1
28,237,923,0,3,,,,,,,,,0.2564935064935065,,,0,15,0.0,0,1
21,295,1181,0,1,,,,,,,,,0.24957698815566837,,,0,12,0.0,0,1
1,70,777,0,1,,,,,,,,,0.08997429305912596,,,0,10,0.23076923076923078,1,1
31,611,1952,0,4,,,,,,,,,0.3128520225294419,,,0,15,0.0,0,1
33,294,909,3,2,,,,,,,,,0.3230769230769231,,,0,14,0.0,0,1
305,570,1971,0,2,,,,,,,,,0.28904665314401623,,,0,11,0.0,0,1
11,237,901,0,2,,,,,,,,,0.26274944567627495,,,1,14,0.0,0,1
1,34,728,0,0,,,,,,,,,0.04663923182441701,,,0,16,0.3076923076923077,1,1
22,229,1112,0,0,,,,,,,,,0.20575022461814915,,,0,4,0.0,0,1
14,239,1082,0,0,,,,,,,,,0.22068328716528163,,,0,5,0.0,0,1
13,192,840,0,1,,,,,,,,,0.22829964328180738,,,1,9,0.0,0,1
13,250,1151,0,0,,,,,,,,,0.2170138888888889,,,0,1,0.2,1,1
49,613,1988,0,3,,,,,,,,,0.30819507290095527,,,0,18,0.0,0,1
15,275,1151,0,2,,,,,,,,,0.2387152777777778,,,0,19,0.0,0,1
56,297,1988,0,1,,,,,,,,,0.1493212669683258,,,0,22,0.0,0,1
117,675,2001,0,0,,,,,,,,,0.3371628371628372,,,0,5,0.0,0,1
22,203,1008,0,0,,,,,,,,,0.20118929633300298,,,0,9,0.4,1,1
395,11144,10533,0,56,,,,,,,,,1.0579077273590278,,,1,17,0.0,0,1
15,246,962,0,1,,,,,,,,,0.2554517133956386,,,0,19,0.0,0,1
523,400,188,0,5,,,,,,,,,2.1164021164021163,,,0,18,0.0,0,1
9,226,983,0,0,,,,,,,,,0.22967479674796748,,,0,16,0.0,0,1
150,1722,2473,0,2,,,,,,,,,0.6960388035569928,,,0,5,0.14285714285714285,1,1
16,206,962,0,1,,,,,,,,,0.21391484942886813,,,0,13,0.0,0,1
9,241,1040,0,1,,,,,,,,,0.23150816522574447,,,0,6,0.0,0,1
13,261,1121,0,1,,,,,,,,,0.232620320855615,,,0,17,0.0,0,1
7,299,1963,0,4,,,,,,,,,0.15224032586558045,,,1,5,0.0,0,1
21,191,991,0,0,,,,,,,,,0.19254032258064516,,,0,7,0.0,0,1
17,55,241,0,0,,,,,,,,,0.22727272727272727,,,0,11,0.0,0,1
45,428,1472,0,8,,,,,,,,,0.2905634758995248,,,0,14,0.0,0,1
38,532,1984,0,4,,,,,,,,,0.2680100755667506,,,0,18,0.0,0,1
17,182,909,0,1,,,,,,,,,0.2,,,0,7,0.0,0,1
236,1187,2002,0,7,,,,,,,,,0.5926110833749376,,,1,12,0.0,0,1
8,37,383,0,3,,,,,,,,,0.09635416666666667,,,0,13,0.25,1,1
62,635,1991,0,0,,,,,,,,,0.31877510040160645,,,0,8,0.09090909090909091,1,1
51,771,2001,0,4,,,,,,,,,0.3851148851148851,,,0,11,0.0,0,1
26,233,1007,0,0,,,,,,,,,0.23115079365079366,,,0,13,0.0,0,1
20,234,866,0,4,,,,,,,,,0.2698961937716263,,,0,11,0.3,1,1
45,168,737,0,0,,,,,,,,,0.22764227642276422,,,0,15,0.0,0,1
19,188,874,0,0,,,,,,,,,0.21485714285714286,,,0,18,0.0,0,1
19,188,880,0,0,,,,,,,,,0.2133938706015891,,,1,12,0.0,0,1
58,718,2001,0,3,,,,,,,,,0.35864135864135865,,,0,13,0.0,0,1
25,184,765,0,1,,,,,,,,,0.2402088772845953,,,0,9,0.0,0,1
21,242,1028,0,1,,,,,,,,,0.23517978620019436,,,0,11,0.0,0,1
22,386,1374,0,4,,,,,,,,,0.2807272727272727,,,0,17,0.0,0,1
27,455,1584,0,1,,,,,,,,,0.2870662460567823,,,0,5,0.0,0,1
14,259,667,0,0,,,,,,,,,0.38772455089820357,,,0,13,0.0,0,1
22,191,860,0,2,,,,,,,,,0.2218350754936121,,,0,9,0.0,0,1
17,166,824,0,1,,,,,,,,,0.2012121212121212,,,0,17,0.0,0,1
4,86,848,0,0,,,,,,,,,0.10129564193168433,,,0,3,0.16666666666666666,1,1
30,1076,1827,4,5,,,,,,,,,0.5886214442013129,,,0,16,0.0,0,1
14,11,417,0,0,,,,,,,,,0.02631578947368421,,,0,8,0.08333333333333333,1,1
29,232,1044,0,1,,,,,,,,,0.22200956937799043,,,1,10,0.0,0,1
19,140,720,0,0,,,,,,,,,0.1941747572815534,,,0,6,0.0,0,1
163,1310,1999,0,5,,,,,,,,,0.655,,,1,13,0.0,0,1
59,197,887,0,0,,,,,,,,,0.22184684684684686,,,1,8,0.0,0,1
14,138,700,0,0,,,,,,,,,0.19686162624821682,,,1,14,0.0,0,1
22,192,870,0,4,,,,,,,,,0.22043628013777267,,,0,7,0.0,0,1
13,659,1055,0,3,,,,,,,,,0.6240530303030303,,,1,11,0.0,0,1
6,112,538,0,0,,,,,,,,,0.2077922077922078,,,0,13,0.0,0,1
23,783,822,0,5,,,,,,,,,0.951397326852977,,,1,22,0.0,0,1
19,185,959,0,2,,,,,,,,,0.19270833333333334,,,0,8,0.2,1,1
110,986,1959,0,2,,,,,,,,,0.503061224489796,,,0,17,0.0,0,1
52,586,1989,0,0,,,,,,,,,0.29447236180904524,,,0,3,0.0,0,1
18,165,765,0,1,,,,,,,,,0.2154046997389034,,,0,8,0.0,0,1
25,332,1962,0,9,,,,,,,,,0.16912888436067244,,,0,13,0.0,0,1
20,236,950,0,0,,,,,,,,,0.24815983175604628,,,0,8,0.0,0,1
53,240,971,0,1,,,,,,,,,0.24691358024691357,,,1,11,0.0,0,1
37,480,1660,0,4,,,,,,,,,0.2889825406381698,,,0,18,0.0,0,1
43,274,1961,0,2,,,,,,,,,0.1396534148827727,,,0,18,0.0,0,1
89,220,950,0,3,,,,,,,,,0.231335436382755,,,0,9,0.0,0,1
54,278,911,1,4,,,,,,,,,0.3048245614035088,,,0,17,0.0,0,1
70,535,1988,0,3,,,,,,,,,0.26897938662644544,,,0,4,0.0,0,1
16,189,886,0,0,,,,,,,,,0.21307779030439683,,,0,13,0.0,0,1
19,272,1046,0,1,,,,,,,,,0.2597898758357211,,,0,15,0.0,0,1
24,440,1063,0,6,,,,,,,,,0.41353383458646614,,,1,11,0.0,0,1
87,1072,1616,0,1,,,,,,,,,0.6629560915275201,,,0,16,0.0,0,1
23,190,761,1,1,,,,,,,,,0.24934383202099739,,,0,15,0.0,0,1
27,38,662,0,1,,,,,,,,,0.05731523378582202,,,0,4,0.0,0,1
20,173,838,0,0,,,,,,,,,0.2061978545887962,,,0,6,0.0,0,1
24,235,947,0,7,,,,,,,,,0.2478902953586498,,,0,5,0.0,0,1
80,726,2001,0,1,,,,,,,,,0.3626373626373626,,,0,6,0.0,0,1
44,289,1038,3,0,,,,,,,,,0.2781520692974013,,,0,5,0.0,0,1
43,665,1977,0,2,,,,,,,,,0.3361981799797776,,,0,14,0.0,0,1
22,622,2001,0,2,,,,,,,,,0.3106893106893107,,,0,16,0.0,0,1
31,205,835,0,5,,,,,,,,,0.2452153110047847,,,0,6,0.0,0,1
74,1173,995,0,1,,,,,,,,,1.177710843373494,,,0,7,0.0,0,1
43,314,1298,0,0,,,,,,,,,0.24172440338722093,,,1,13,0.0,0,1
2755,2431,3169,0,4,,,,,,,,,0.7668769716088328,,,0,18,0.0,0,1
29,1417,1986,0,2,,,,,,,,,0.7131353799698037,,,1,17,0.0,0,1
25,101,433,0,1,,,,,,,,,0.23271889400921658,,,0,16,0.0,0,1
64,64,133,1,0,,,,,,,,,0.47761194029850745,,,0,13,0.0,0,1
80,186,811,0,0,,,,,,,,,0.229064039408867,,,0,16,0.0,0,1
22,261,1060,0,2,,,,,,,,,0.24599434495758718,,,1,13,0.0,0,1
7,286,874,0,0,,,,,,,,,0.32685714285714285,,,0,14,0.0,0,1
34,787,1145,0,5,,,,,,,,,0.6867364746945899,,,1,7,0.0,0,1
10,199,489,0,0,,,,,,,,,0.4061224489795918,,,1,6,0.0,0,1
18,205,855,0,0,,,,,,,,,0.23948598130841123,,,0,7,0.0,0,1
19,245,1970,0,2,,,,,,,,,0.12430238457635717,,,0,7,0.0,0,1
17,170,847,0,1,,,,,,,,,0.20047169811320756,,,0,6,0.0,0,1
17,174,799,0,1,,,,,,,,,0.2175,,,0,3,0.0,0,1
17,160,788,0,3,,,,,,,,,0.20278833967046894,,,0,5,0.0,0,1
17,182,884,0,0,,,,,,,,,0.20564971751412428,,,1,17,0.0,0,1
15,198,828,0,3,,,,,,,,,0.2388419782870929,,,0,14,0.0,0,1
15,20,508,0,1,,,,,,,,,0.03929273084479371,,,0,5,0.0,0,1
21,184,884,0,1,,,,,,,,,0.207909604519774,,,0,5,0.5714285714285714,1,1
37,177,788,0,0,,,,,,,,,0.22433460076045628,,,0,4,0.0,0,1
72,691,2002,0,7,,,,,,,,,0.344982526210684,,,1,10,0.0,0,1
15,1095,1973,0,5,,,,,,,,,0.5547112462006079,,,1,12,0.0,0,1
41,1474,2001,0,2,,,,,,,,,0.7362637362637363,,,0,11,0.0,0,1
12,167,746,0,1,,,,,,,,,0.22356091030789826,,,0,14,0.0,0,1
86,970,1991,0,2,,,,,,,,,0.48694779116465864,,,0,19,0.0,0,1
69,516,1576,0,4,,,,,,,,,0.3272035510462904,,,0,9,0.0,0,1
9,134,734,0,0,,,,,,,,,0.18231292517006803,,,0,3,0.0,0,1
27,170,739,0,1,,,,,,,,,0.22972972972972974,,,0,12,0.0,0,1
13,132,700,0,1,,,,,,,,,0.18830242510699002,,,0,15,0.0,0,1
9,164,773,0,0,,,,,,,,,0.21188630490956073,,,1,14,0.0,0,1
30,649,2001,0,4,,,,,,,,,0.3241758241758242,,,0,8,0.0,0,1
20,158,594,0,0,,,,,,,,,0.26554621848739496,,,0,4,0.0,0,1
107,209,1145,0,3,,,,,,,,,0.1823734729493892,,,0,8,0.08333333333333333,1,1
31,180,598,0,1,,,,,,,,,0.3005008347245409,,,0,16,0.0,0,1
2,10,196,0,0,,,,,,,,,0.050761421319796954,,,0,3,0.0,0,1
2,51,209,0,1,,,,,,,,,0.24285714285714285,,,0,7,0.0,0,1
29,688,1969,0,7,,,,,,,,,0.349238578680203,,,0,5,0.0,0,1
13,158,574,0,2,,,,,,,,,0.2747826086956522,,,0,17,0.0,0,1
32,425,1417,0,2,,,,,,,,,0.2997179125528914,,,0,10,0.1,1,1
12,132,551,0,0,,,,,,,,,0.2391304347826087,,,0,3,0.0,0,1
70,400,1038,0,1,,,,,,,,,0.3849855630413859,,,0,15,0.0,0,1
180,1162,1970,1,2,,,,,,,,,0.5895484525621512,,,1,11,0.0,0,1
1,139,704,0,1,,,,,,,,,0.1971631205673759,,,0,11,0.0,0,1
67,823,2001,0,2,,,,,,,,,0.4110889110889111,,,1,8,0.0,0,1
36,207,901,0,1,,,,,,,,,0.229490022172949,,,0,8,0.0,0,1
15,169,697,0,2,,,,,,,,,0.24212034383954154,,,1,6,0.0,0,1
608,1467,1825,0,44,,,,,,,,,0.803395399780942,,,0,13,0.0,0,1
4,58,357,0,1,,,,,,,,,0.16201117318435754,,,0,6,0.0,0,1
37,442,1962,0,2,,,,,,,,,0.2251655629139073,,,0,7,0.0,0,1
21,240,953,0,2,,,,,,,,,0.25157232704402516,,,1,14,0.0,0,1
6,205,486,0,2,,,,,,,,,0.4209445585215606,,,0,15,0.0,0,1
4,51,247,0,0,,,,,,,,,0.2056451612903226,,,0,14,0.0,0,1
16,149,612,0,2,,,,,,,,,0.24306688417618272,,,0,15,0.0,0,1
26,184,802,0,1,,,,,,,,,0.22914072229140722,,,0,21,0.0,0,1
27,164,780,0,3,,,,,,,,,0.20998719590268886,,,0,13,0.0,0,1
52,759,1833,0,9,,,,,,,,,0.4138495092693566,,,0,19,0.0,0,1
30,883,1961,0,3,,,,,,,,,0.45005096839959224,,,0,15,0.0,0,1
28,246,1952,0,3,,,,,,,,,0.1259600614439324,,,0,8,0.0,0,1
16,125,687,0,0,,,,,,,,,0.1816860465116279,,,0,6,0.0,0,1
31,490,886,0,0,,,,,,,,,0.552423900789177,,,0,14,0.0,0,1
21,637,2002,0,1,,,,,,,,,0.3180229655516725,,,1,16,0.0,0,1
37,324,660,0,3,,,,,,,,,0.49016641452344933,,,0,15,0.0,0,1
50,798,1847,2,2,,,,,,,,,0.4318181818181818,,,0,11,0.0,0,1
58,774,2000,0,3,,,,,,,,,0.3868065967016492,,,0,16,0.0,0,1
215,1020,1999,0,8,,,,,,,,,0.51,,,0,12,0.0,0,1
27,313,1195,0,2,,,,,,,,,0.2617056856187291,,,0,8,0.0,0,1
39,1110,1994,0,7,,,,,,,,,0.556390977443609,,,1,6,0.0,0,1
8,72,291,0,0,,,,,,,,,0.2465753424657534,,,0,15,0.0,0,1
18,171,787,0,2,,,,,,,,,0.217005076142132,,,0,15,0.0,0,1
13,105,606,0,1,,,,,,,,,0.17298187808896212,,,0,5,0.0,0,1
73,529,1969,0,7,,,,,,,,,0.2685279187817259,,,0,13,0.0,0,1
17,144,659,0,1,,,,,,,,,0.21818181818181817,,,0,12,0.16666666666666666,1,1
14,171,763,0,0,,,,,,,,,0.2238219895287958,,,0,4,0.0,0,1
24,1077,1971,0,1,,,,,,,,,0.5461460446247465,,,0,11,0.0,0,1
17,176,783,0,0,,,,,,,,,0.22448979591836735,,,0,4,0.0,0,1
3,709,1981,0,2,,,,,,,,,0.3577194752774975,,,0,4,0.0,0,1
3,143,598,0,1,,,,,,,,,0.2387312186978297,,,0,5,0.0,0,1
16,676,1956,0,13,,,,,,,,,0.34542667347981604,,,1,13,0.0,0,1
155,267,930,0,3,,,,,,,,,0.28678839957035446,,,0,11,0.0,0,1
30,922,1929,0,2,,,,,,,,,0.47772020725388603,,,0,7,0.0,0,1
2,290,300,0,2,,,,,,,,,0.9634551495016611,,,0,7,0.0,0,1
52,3727,4531,0,37,,,,,,,,,0.8223742277140336,,,0,13,0.0,0,1
5,466,1854,0,25,,,,,,,,,0.25121293800539085,,,0,17,0.0,0,1
26,1081,2001,0,2,,,,,,,,,0.5399600399600399,,,0,10,0.2,1,1
8,133,11,0,10,,,,,,,,,11.083333333333334,,,1,10,0.0,0,1
32,1803,2086,0,2,,,,,,,,,0.8639195016770483,,,0,10,0.0,0,1
32,747,1738,0,3,,,,,,,,,0.42955721679125936,,,0,5,0.0,0,1
18,1682,1964,0,12,,,,,,,,,0.8559796437659033,,,0,20,0.0,0,1
61,1531,2000,0,10,,,,,,,,,0.7651174412793603,,,0,9,0.0,0,1
63,63,75,0,1,,,,,,,,,0.8289473684210527,,,0,16,0.0,0,1
23,853,1643,0,2,,,,,,,,,0.5188564476885644,,,1,10,0.0,0,1
6599,1670,1292,0,15,,,,,,,,,1.291569992266048,,,0,4,0.0,0,1
11,30,90,0,0,,,,,,,,,0.32967032967032966,,,0,15,0.0,0,1
17,661,1622,0,1,,,,,,,,,0.40727048675292665,,,0,13,0.0,0,1
164,4217,5284,0,29,,,,,,,,,0.7979186376537369,,,1,14,0.0,0,1
16,156,564,0,1,,,,,,,,,0.2761061946902655,,,1,16,0.0,0,1
48,171,857,3,12,,,,,,,,,0.1993006993006993,,,0,6,0.0,0,1
40,671,2001,0,3,,,,,,,,,0.33516483516483514,,,1,11,0.0,0,1
14,320,853,0,4,,,,,,,,,0.3747072599531616,,,0,20,0.0,0,1
63,769,1982,0,2,,,,,,,,,0.38779626828038327,,,0,7,0.0,0,1
18,97,406,0,5,,,,,,,,,0.23832923832923833,,,0,8,0.0,0,1
19,127,889,0,6,,,,,,,,,0.14269662921348314,,,1,7,0.0,0,1
51,589,1502,0,0,,,,,,,,,0.39188290086493677,,,1,11,0.0,0,1
43,680,2000,0,2,,,,,,,,,0.33983008495752126,,,1,17,0.0,0,1
61,631,1585,54,2,,,,,,,,,0.3978562421185372,,,0,7,0.0,0,1
75,279,801,0,1,,,,,,,,,0.3478802992518703,,,0,4,0.3076923076923077,1,1
13,1009,1974,1,2,,,,,,,,,0.5108860759493671,,,0,16,0.0,0,1
169,1357,2001,0,2,,,,,,,,,0.6778221778221778,,,1,14,0.0,0,1
21,91,381,0,0,,,,,,,,,0.23821989528795812,,,0,3,0.4,1,1
4554,500,495,0,2,,,,,,,,,1.0080645161290323,,,1,20,0.16666666666666666,1,1
9,4670,4717,0,51,,,,,,,,,0.989826197541331,,,1,13,0.0,0,1
8,3534,3901,0,82,,,,,,,,,0.9056893900563814,,,1,12,0.0,0,1
4,485,1341,0,1,,,1.0,,,,,,0.36140089418777943,,,1,16,0.0,0,1
4,344,295,0,5,,,1.0,1.0,-14400.0,,,,1.162162162162162,2579.0,0.0015509887553315238,1,18,0.0,0,1
3,353,322,0,16,,,1.0,1.0,-14400.0,,,,1.0928792569659442,2579.0,0.0011632415664986429,1,19,0.0,0,1
1,323,294,0,2,,,1.0,1.0,-14400.0,,,,1.0949152542372882,2579.0,0.00038774718883288094,1,19,0.0,0,1
4,311,292,0,4,,,1.0,1.0,-14400.0,,,,1.0614334470989761,2579.0,0.0015509887553315238,1,19,0.0,0,1
6,339,298,0,7,,,1.0,1.0,-14400.0,,,,1.1337792642140467,2579.0,0.0023264831329972858,1,19,0.0,0,1
3,316,298,0,5,,,1.0,1.0,-14400.0,,,,1.0568561872909699,2579.0,0.0011632415664986429,1,19,0.0,0,1
15,370,293,0,14,,,1.0,1.0,-14400.0,,,,1.2585034013605443,2579.0,0.0058162078324932144,1,19,0.0,0,1
5,353,295,0,10,,,1.0,1.0,-14400.0,,,,1.1925675675675675,2579.0,0.0019387359441644049,1,19,0.0,0,1
2,313,291,0,3,,,1.0,1.0,-14400.0,,,,1.071917808219178,2579.0,0.0007754943776657619,1,19,0.0,0,1
1,303,292,0,2,,,1.0,1.0,-14400.0,,,,1.0341296928327646,2579.0,0.00038774718883288094,1,19,0.0,0,1
6,333,294,0,5,,,1.0,1.0,-14400.0,,,,1.1288135593220339,2579.0,0.0023264831329972858,1,19,0.0,0,1
10,401,326,0,24,,,1.0,1.0,-14400.0,,,,1.2262996941896025,2579.0,0.0038774718883288098,1,19,0.0,0,1
1,301,290,0,1,,,1.0,1.0,-14400.0,,,,1.034364261168385,2579.0,0.00038774718883288094,1,19,0.0,0,1
1,291,288,0,0,,,1.0,1.0,-14400.0,,,,1.0069204152249136,2579.0,0.00038774718883288094,1,19,0.0,0,1
1,288,283,0,2,,,1.0,1.0,-14400.0,,,,1.0140845070422535,2579.0,0.00038774718883288094,1,19,0.0,0,1
224,296,242,0,35,,,1.0,1.0,-14400.0,,,,1.2181069958847737,2579.0,0.08685537029856534,1,17,0.0,0,1
40,285,241,0,10,,,1.0,1.0,-14400.0,,,,1.177685950413223,2579.0,0.015509887553315239,1,17,0.0,0,1
5,307,289,0,11,,,1.0,1.0,-14400.0,,,,1.0586206896551724,2579.0,0.0019387359441644049,1,19,0.0,0,1
38,259,243,0,5,,,1.0,1.0,-14400.0,,,,1.0614754098360655,2577.0,0.014745828482731859,1,17,0.0,0,1
86,314,244,0,8,,,1.0,1.0,-14400.0,,,,1.2816326530612245,2577.0,0.033372138145129994,1,17,0.0,0,1
35,354,298,0,11,,,1.0,1.0,-14400.0,,,,1.1839464882943145,2577.0,0.013581684128831975,1,19,0.0,0,1
4,313,290,0,3,,,1.0,1.0,-14400.0,,,,1.0756013745704467,2577.0,0.0015521924718665113,1,19,0.0,0,1
6,320,289,0,5,,,1.0,1.0,-14400.0,,,,1.103448275862069,2577.0,0.002328288707799767,1,19,0.0,0,1
8,317,294,0,10,,,1.0,1.0,-14400.0,,,,1.0745762711864406,2577.0,0.0031043849437330227,1,19,0.0,0,1
3,315,293,0,8,,,1.0,1.0,-18000.0,,,,1.0714285714285714,2576.0,0.0011645962732919255,1,19,0.0,0,1
4,311,294,0,7,,,1.0,1.0,-14400.0,,,,1.0542372881355933,2576.0,0.0015527950310559005,1,19,0.0,0,1
4,312,292,0,5,,,1.0,1.0,-14400.0,,,,1.0648464163822526,2576.0,0.0015527950310559005,1,19,0.0,0,1
3,307,290,0,6,,,1.0,1.0,-14400.0,,,,1.0549828178694158,2576.0,0.0011645962732919255,1,19,0.0,0,1
1,313,293,0,8,,,1.0,1.0,-14400.0,,,,1.064625850340136,2576.0,0.00038819875776397513,1,19,0.0,0,1
3,325,292,0,8,,,1.0,1.0,-14400.0,,,,1.1092150170648465,2576.0,0.0011645962732919255,1,19,0.0,0,1
1,296,290,0,3,,,1.0,1.0,-14400.0,,,,1.0171821305841924,2576.0,0.00038819875776397513,1,19,0.0,0,1
15,350,294,0,9,,,1.0,1.0,-14400.0,,,,1.1864406779661016,2576.0,0.005822981366459627,1,19,0.0,0,1
6,332,291,0,9,,,1.0,1.0,-14400.0,,,,1.1369863013698631,2576.0,0.002329192546583851,1,19,0.0,0,1
5,299,292,0,3,,,1.0,1.0,-14400.0,,,,1.0204778156996588,2576.0,0.0019409937888198758,1,19,0.0,0,1
5,305,295,0,3,,,1.0,1.0,-14400.0,,,,1.0304054054054055,2576.0,0.0019409937888198758,1,19,0.0,0,1
180,358,252,0,24,,,1.0,1.0,-14400.0,,,,1.4150197628458498,2576.0,0.06987577639751552,1,17,0.0,0,1
2,294,290,0,2,,,1.0,1.0,-14400.0,,,,1.0103092783505154,2576.0,0.0007763975155279503,1,19,0.0,0,1
5,304,294,0,4,,,1.0,1.0,-14400.0,,,,1.0305084745762711,2576.0,0.0019409937888198758,1,19,0.0,0,1
1,332,292,0,9,,,1.0,1.0,-14400.0,,,,1.1331058020477816,2576.0,0.00038819875776397513,1,19,0.0,0,1
6,303,290,0,2,,,1.0,1.0,-14400.0,,,,1.041237113402062,2576.0,0.002329192546583851,1,19,0.0,0,1
2,304,289,0,3,,,1.0,1.0,-14400.0,,,,1.0482758620689656,2576.0,0.0007763975155279503,1,19,0.0,0,1
6,296,290,0,3,,,1.0,1.0,-14400.0,,,,1.0171821305841924,2576.0,0.002329192546583851,1,19,0.0,0,1
3,295,290,0,5,,,1.0,1.0,-14400.0,,,,1.013745704467354,2576.0,0.0011645962732919255,1,19,0.0,0,1
2,295,290,0,8,,,1.0,1.0,-14400.0,,,,1.013745704467354,2576.0,0.0007763975155279503,1,19,0.0,0,1
7,324,316,0,4,,,1.0,1.0,-14400.0,,,,1.0220820189274449,2575.0,0.0027184466019417475,1,19,0.0,0,1
24,263,244,0,3,,,1.0,1.0,-14400.0,,,,1.073469387755102,2575.0,0.009320388349514564,1,17,0.0,0,1
5,305,290,0,1,,,1.0,1.0,-14400.0,,,,1.0481099656357389,2574.0,0.0019425019425019425,1,17,0.0,0,1
30,398,347,0,21,,,1.0,1.0,-14400.0,,,,1.1436781609195403,2574.0,0.011655011655011656,1,15,0.0,0,1
4,375,338,0,7,,,1.0,1.0,-14400.0,,,,1.1061946902654867,2574.0,0.001554001554001554,1,17,0.0,0,1
53,379,330,0,35,,,1.0,1.0,-14400.0,,,,1.1450151057401812,2574.0,0.020590520590520592,1,18,0.0,0,1
273,484,325,0,55,,,1.0,1.0,-14400.0,,,,1.4846625766871167,2574.0,0.10606060606060606,1,18,0.0,0,1
55,255,223,0,11,,,1.0,1.0,-14400.0,,,,1.1383928571428572,2574.0,0.021367521367521368,1,18,0.0,0,1
14,203,193,0,9,,,1.0,1.0,-14400.0,,,,1.0463917525773196,2574.0,0.005439005439005439,1,19,0.0,0,1
16,282,256,0,19,,,1.0,1.0,-14400.0,,,,1.0972762645914398,2574.0,0.006216006216006216,1,19,0.0,0,1
17,609,494,0,40,,,,1.0,-14400.0,,,,1.2303030303030302,2573.0,0.006607073455110766,1,16,0.07692307692307693,1,1
289,305,256,0,21,,,1.0,1.0,-14400.0,,,,1.1867704280155642,2573.0,0.11232024873688301,1,17,0.0,0,1
138,503,284,0,22,,,1.0,1.0,-14400.0,,,,1.7649122807017543,2573.0,0.05363389040031092,1,20,0.0,0,1
36,952,494,0,67,,,,1.0,-14400.0,,,,1.9232323232323232,2573.0,0.013991449669646328,1,14,0.07692307692307693,1,1
119,298,251,0,19,,,1.0,1.0,-14400.0,,,,1.1825396825396826,2573.0,0.04624951418577536,1,17,0.0,0,1
92,292,244,0,18,,,1.0,1.0,-14400.0,,,,1.1918367346938776,2573.0,0.03575592693354061,1,17,0.0,0,1
1029,495,250,0,50,,,1.0,1.0,-14400.0,,,,1.9721115537848606,2573.0,0.39992226972405753,1,20,0.0,0,1
192,278,243,0,18,,,1.0,1.0,-14400.0,,,,1.139344262295082,2573.0,0.07462106490478042,1,17,0.0,0,1
657,377,248,0,50,,,1.0,1.0,-14400.0,,,,1.5140562248995983,2573.0,0.25534395647104546,1,17,0.0,0,1
80,262,244,0,9,,,1.0,1.0,-14400.0,,,,1.0693877551020408,2573.0,0.03109211037699184,1,17,0.0,0,1
126,427,264,0,22,,,1.0,1.0,-14400.0,,,,1.6113207547169812,2573.0,0.048970073843762146,1,18,0.0,0,1
37,259,245,0,5,,,1.0,1.0,-14400.0,,,,1.0528455284552845,2573.0,0.014380101049358725,1,17,0.0,0,1
36,601,494,0,10,,,,1.0,-14400.0,,,,1.2141414141414142,2573.0,0.013991449669646328,1,17,0.07692307692307693,1,1
188,488,325,0,65,,,1.0,1.0,-14400.0,,,,1.4969325153374233,2573.0,0.07306645938593082,1,15,0.0,0,1
29,381,316,0,11,,,1.0,1.0,-14400.0,,,,1.2018927444794953,2573.0,0.011270890011659542,1,17,0.0,0,1
233,517,326,0,64,,,1.0,1.0,-14400.0,,,,1.581039755351682,2573.0,0.09055577147298872,1,18,0.0,0,1
278,613,303,0,58,,,1.0,1.0,-14400.0,,,,2.0164473684210527,2573.0,0.10804508356004663,1,19,0.0,0,1
38,225,201,0,12,,,1.0,1.0,-14400.0,,,,1.113861386138614,2573.0,0.014768752429071124,1,18,0.0,0,1
1,305,290,0,4,,,1.0,1.0,-14400.0,,,,1.0481099656357389,2573.0,0.000388651379712398,1,17,0.0,0,1
35,200,171,0,14,,,1.0,1.0,-14400.0,,,,1.1627906976744187,2573.0,0.013602798289933929,1,19,0.0,0,1
3,331,280,0,5,,,1.0,1.0,-14400.0,,,,1.1779359430604983,2573.0,0.001165954139137194,1,19,0.0,0,1
55,315,234,0,29,,,1.0,1.0,-14400.0,,,,1.3404255319148937,2573.0,0.02137582588418189,1,19,0.0,0,1
81,359,242,0,7,,,1.0,1.0,-14400.0,,,,1.477366255144033,2573.0,0.03148076175670424,1,17,0.0,0,1
12,313,291,0,10,,,1.0,1.0,-14400.0,,,,1.071917808219178,2571.0,0.004667444574095682,1,19,0.0,0,1
392,432,324,0,24,,,1.0,1.0,-14400.0,,,,1.3292307692307692,2571.0,0.15246985608712563,1,20,0.0,0,1
195,479,302,0,29,,,1.0,1.0,-14400.0,,,,1.5808580858085808,2571.0,0.07584597432905485,1,20,0.0,0,1
8,280,214,0,35,,,1.0,1.0,-14400.0,,,,1.302325581395349,2571.0,0.0031116297160637884,1,20,0.0,0,1
232,315,246,0,21,,,1.0,1.0,-14400.0,,,,1.2753036437246963,2571.0,0.09023726176584987,1,17,0.0,0,1
331,433,285,0,39,,,1.0,1.0,-14400.0,,,,1.513986013986014,2571.0,0.12874367950213925,1,18,0.0,0,1
2,327,311,0,4,,,1.0,1.0,-14400.0,,,,1.0480769230769231,2571.0,0.0007779074290159471,1,18,0.0,0,1
262,363,242,0,23,,,1.0,1.0,-14400.0,,,,1.4938271604938271,2570.0,0.10194552529182879,1,17,0.0,0,1
37,265,240,0,11,,,1.0,1.0,-14400.0,,,,1.099585062240664,2570.0,0.014396887159533073,1,17,0.0,0,1
70,268,242,0,14,,,1.0,1.0,-14400.0,,,,1.102880658436214,2570.0,0.027237354085603113,1,17,0.0,0,1
133,285,240,0,16,,,1.0,1.0,-14400.0,,,,1.1825726141078838,2570.0,0.05175097276264591,1,17,0.0,0,1
122,320,251,0,10,,,1.0,1.0,-14400.0,,,,1.2698412698412698,2570.0,0.047470817120622566,1,17,0.0,0,1
327,280,242,0,23,,,1.0,1.0,-14400.0,,,,1.1522633744855968,2570.0,0.1272373540856031,1,17,0.0,0,1
10,230,219,0,7,,,1.0,1.0,-14400.0,,,,1.0454545454545454,2570.0,0.0038910505836575876,1,18,0.0,0,1
9,248,197,0,8,,,1.0,1.0,-14400.0,,,,1.2525252525252526,2570.0,0.003501945525291829,1,18,0.0,0,1
7,215,211,0,2,,,1.0,1.0,-14400.0,,,,1.0141509433962264,2570.0,0.002723735408560311,1,18,0.0,0,1
4,220,189,0,6,,,1.0,1.0,-14400.0,,,,1.1578947368421053,2570.0,0.0015564202334630351,1,18,0.0,0,1
169,366,313,0,27,,,1.0,1.0,-14400.0,,,,1.1656050955414012,2569.0,0.06578435188789412,1,17,0.0,0,1
523,432,291,0,35,,,1.0,1.0,-14400.0,,,,1.4794520547945205,2569.0,0.20358115998442974,1,17,0.0,0,1
30,304,290,0,9,,,,1.0,-14400.0,,,,1.0446735395189004,2569.0,0.011677695601401323,1,19,0.06666666666666667,1,1
20,246,177,0,12,,,1.0,1.0,-14400.0,,,,1.3820224719101124,2569.0,0.007785130400934216,1,18,0.0,0,1
2,302,291,0,5,,,1.0,1.0,-14400.0,,,,1.0342465753424657,2568.0,0.000778816199376947,1,17,0.0,0,1
2,307,290,0,3,,,1.0,1.0,-14400.0,,,,1.0549828178694158,2568.0,0.000778816199376947,1,17,0.0,0,1
55,356,325,0,32,,,1.0,1.0,-14400.0,,,,1.0920245398773005,2568.0,0.021417445482866043,1,15,0.0,0,1
5,340,316,0,4,,,1.0,1.0,-14400.0,,,,1.0725552050473186,2568.0,0.0019470404984423676,1,17,0.0,0,1
43,363,308,0,35,,,1.0,1.0,-14400.0,,,,1.174757281553398,2568.0,0.01674454828660436,1,18,0.0,0,1
204,370,303,0,41,,,1.0,1.0,-14400.0,,,,1.2171052631578947,2568.0,0.0794392523364486,1,18,0.0,0,1
40,222,201,0,10,,,1.0,1.0,-14400.0,,,,1.099009900990099,2568.0,0.01557632398753894,1,18,0.0,0,1
3,296,290,0,3,,,1.0,1.0,-14400.0,,,,1.0171821305841924,2568.0,0.0011682242990654205,1,17,0.0,0,1
15,186,171,0,10,,,1.0,1.0,-14400.0,,,,1.0813953488372092,2568.0,0.005841121495327103,1,19,0.0,0,1
7,323,280,0,5,,,1.0,1.0,-14400.0,,,,1.1494661921708185,2568.0,0.0027258566978193145,1,19,0.0,0,1
19,272,234,0,19,,,1.0,1.0,-14400.0,,,,1.1574468085106382,2568.0,0.007398753894080997,1,19,0.0,0,1
92,372,302,0,22,,,1.0,1.0,-14400.0,,,,1.2277227722772277,2568.0,0.03582554517133956,1,20,0.0,0,1
8,271,192,0,59,,,1.0,1.0,-14400.0,,,,1.4041450777202074,2568.0,0.003115264797507788,1,20,0.0,0,1
4,302,289,0,3,,,1.0,1.0,-14400.0,,,,1.0413793103448277,2568.0,0.001557632398753894,1,18,0.0,0,1
3,225,197,0,2,,,1.0,1.0,-14400.0,,,,1.1363636363636365,2568.0,0.0011682242990654205,1,18,0.0,0,1
5,196,189,0,2,,,1.0,1.0,-14400.0,,,,1.0315789473684212,2568.0,0.0019470404984423676,1,18,0.0,0,1
382,353,291,0,43,,,1.0,1.0,-14400.0,,,,1.2089041095890412,2568.0,0.14875389408099687,1,17,0.0,0,1
1,196,177,0,2,,,1.0,1.0,-14400.0,,,,1.101123595505618,2568.0,0.0003894080996884735,1,18,0.0,0,1
6,212,191,0,12,,,,1.0,-14400.0,,,,1.1041666666666667,2568.0,0.002336448598130841,1,20,0.06666666666666667,1,1
60,336,294,0,15,,,1.0,1.0,-14400.0,,,,1.1389830508474577,2568.0,0.02336448598130841,1,18,0.0,0,1
40,310,290,0,11,,,1.0,1.0,-14400.0,,,,1.0652920962199313,2567.0,0.015582391897156213,1,18,0.0,0,1
12,300,290,0,4,,,1.0,1.0,-14400.0,,,,1.0309278350515463,2567.0,0.004674717569146864,1,18,0.0,0,1
1,289,289,0,1,,,1.0,1.0,-14400.0,,,,0.996551724137931,2567.0,0.00038955979742890534,1,17,0.0,0,1
1,288,186,0,17,,,1.0,1.0,-14400.0,,,,1.5401069518716577,2567.0,0.00038955979742890534,1,19,0.0,0,1
2,227,186,0,6,,,1.0,1.0,-14400.0,,,,1.213903743315508,2567.0,0.0007791195948578107,1,19,0.0,0,1
413,327,246,0,33,,,1.0,1.0,-14400.0,,,,1.3238866396761133,2567.0,0.16088819633813792,1,17,0.0,0,1
557,369,246,0,55,,,1.0,1.0,-14400.0,,,,1.4939271255060729,2567.0,0.21698480716790028,1,17,0.0,0,1
1340,399,258,0,96,,,1.0,1.0,-14400.0,,,,1.5405405405405406,2567.0,0.5220101285547332,1,15,0.0,0,1
464,332,245,0,44,,,1.0,1.0,-14400.0,,,,1.3495934959349594,2566.0,0.18082618862042088,1,17,0.0,0,1
333,326,243,0,18,,,1.0,1.0,-14400.0,,,,1.3360655737704918,2566.0,0.12977396726422447,1,17,0.0,0,1
114,364,242,0,12,,,1.0,1.0,-14400.0,,,,1.4979423868312758,2566.0,0.044427123928293066,1,17,0.0,0,1
496,572,254,0,72,,,1.0,1.0,-14400.0,,,,2.243137254901961,2566.0,0.19329696024941542,1,13,0.0,0,1
138,372,247,0,20,,,1.0,1.0,-14400.0,,,,1.5,2566.0,0.05378020265003897,1,17,0.0,0,1
22,253,205,0,8,,,1.0,1.0,-14400.0,,,,1.2281553398058251,2566.0,0.00857365549493375,1,20,0.0,0,1
58,279,200,0,16,,,1.0,1.0,-14400.0,,,,1.3880597014925373,2566.0,0.02260327357755261,1,20,0.0,0,1
50,245,200,0,7,,,1.0,1.0,-14400.0,,,,1.2189054726368158,2566.0,0.019485580670303974,1,20,0.0,0,1
1,209,187,0,2,,,1.0,1.0,-14400.0,,,,1.1117021276595744,2565.0,0.0003898635477582846,1,16,0.0,0,1
4,253,182,0,11,,,1.0,1.0,-14400.0,,,,1.3825136612021858,2565.0,0.0015594541910331384,1,16,0.0,0,1
6,202,182,0,6,,,1.0,1.0,-14400.0,,,,1.1038251366120218,2565.0,0.0023391812865497076,1,16,0.0,0,1
5,240,186,0,11,,,1.0,1.0,-14400.0,,,,1.2834224598930482,2565.0,0.001949317738791423,1,19,0.0,0,1
20,269,182,0,36,,,1.0,1.0,-14400.0,,,,1.469945355191257,2565.0,0.007797270955165692,1,20,0.0,0,1
168,374,213,0,55,,,,1.0,-14400.0,,,,1.7476635514018692,2565.0,0.06549707602339182,1,20,0.0,0,1
4,365,297,0,13,,,1.0,1.0,-14400.0,,,,1.2248322147651007,2565.0,0.0015594541910331384,1,15,0.0,0,1
66,682,310,0,60,,,1.0,1.0,-14400.0,,,,2.192926045016077,2565.0,0.025730994152046785,1,19,0.0,0,1
4,347,292,0,17,,,1.0,1.0,-14400.0,,,,1.1843003412969284,2565.0,0.0015594541910331384,1,15,0.0,0,1
1,286,285,0,1,,,1.0,1.0,-14400.0,,,,1.0,2565.0,0.0003898635477582846,1,17,0.0,0,1
16,289,185,0,18,,,1.0,1.0,-14400.0,,,,1.553763440860215,2565.0,0.006237816764132553,1,20,0.0,0,1
14,262,189,0,17,,,1.0,1.0,-14400.0,,,,1.3789473684210527,2564.0,0.00546021840873635,1,20,0.0,0,1
30,291,189,0,22,,,1.0,1.0,-14400.0,,,,1.5315789473684212,2564.0,0.01170046801872075,1,20,0.0,0,1
19,249,184,0,21,,,1.0,1.0,-14400.0,,,,1.345945945945946,2564.0,0.0074102964118564745,1,20,0.0,0,1
37,318,185,0,29,,,1.0,1.0,-14400.0,,,,1.7096774193548387,2564.0,0.014430577223088924,1,20,0.0,0,1
18,209,182,0,12,,,1.0,1.0,-14400.0,,,,1.1420765027322404,2564.0,0.0070202808112324495,1,20,0.0,0,1
12,235,183,0,7,,,1.0,1.0,-14400.0,,,,1.2771739130434783,2564.0,0.0046801872074883,1,20,0.0,0,1
1,183,180,0,1,,,1.0,1.0,-14400.0,,,,1.011049723756906,2564.0,0.000390015600624025,1,20,0.0,0,1
81,284,185,0,44,,,1.0,1.0,-14400.0,,,,1.5268817204301075,2564.0,0.03159126365054602,1,20,0.0,0,1
14,302,217,0,30,,,1.0,1.0,-14400.0,,,,1.385321100917431,2564.0,0.00546021840873635,1,20,0.0,0,1
2,187,179,0,0,,,1.0,1.0,-14400.0,,,,1.038888888888889,2564.0,0.00078003120124805,1,20,0.0,0,1
3,238,201,0,11,,,1.0,1.0,-14400.0,,,,1.1782178217821782,2564.0,0.001170046801872075,1,20,0.0,0,1
1,208,180,0,15,,,1.0,1.0,-14400.0,,,,1.149171270718232,2564.0,0.000390015600624025,1,20,0.0,0,1
1,195,180,0,7,,,1.0,1.0,-18000.0,,,,1.0773480662983426,2564.0,0.000390015600624025,1,20,0.0,0,1
3,201,181,0,5,,,1.0,1.0,-14400.0,,,,1.1043956043956045,2564.0,0.001170046801872075,1,20,0.0,0,1
8,354,243,0,15,,,1.0,1.0,-14400.0,,,,1.4508196721311475,2564.0,0.0031201248049922,1,20,0.0,0,1
19,226,185,0,9,,,1.0,1.0,-14400.0,,,,1.2150537634408602,2564.0,0.0074102964118564745,1,20,0.0,0,1
4,199,180,0,6,,,1.0,1.0,-14400.0,,,,1.0994475138121547,2564.0,0.0015600624024961,1,20,0.0,0,1
11,229,189,0,14,,,1.0,1.0,-14400.0,,,,1.2052631578947368,2564.0,0.004290171606864275,1,20,0.0,0,1
8,218,184,0,17,,,1.0,1.0,-14400.0,,,,1.1783783783783783,2564.0,0.0031201248049922,1,20,0.0,0,1
3,209,198,0,5,,,1.0,1.0,-14400.0,,,,1.050251256281407,2564.0,0.001170046801872075,1,20,0.0,0,1
18,239,185,0,15,,,1.0,1.0,-14400.0,,,,1.2849462365591398,2564.0,0.0070202808112324495,1,20,0.0,0,1
4,202,181,0,14,,,1.0,1.0,-14400.0,,,,1.10989010989011,2564.0,0.0015600624024961,1,20,0.0,0,1
37,439,238,0,36,,,1.0,1.0,-14400.0,,,,1.8368200836820083,2564.0,0.014430577223088924,1,20,0.0,0,1
69,282,183,0,32,,,1.0,1.0,-14400.0,,,,1.5326086956521738,2564.0,0.02691107644305772,1,20,0.0,0,1
3,199,183,0,6,,,1.0,1.0,-14400.0,,,,1.0815217391304348,2564.0,0.001170046801872075,1,20,0.0,0,1
17,331,238,0,17,,,1.0,1.0,-14400.0,,,,1.3849372384937237,2564.0,0.006630265210608425,1,20,0.0,0,1
10,216,184,0,17,,,1.0,1.0,-14400.0,,,,1.1675675675675676,2564.0,0.0039001560062402497,1,20,0.0,0,1
8,236,185,0,14,,,1.0,1.0,-14400.0,,,,1.2688172043010753,2564.0,0.0031201248049922,1,20,0.0,0,1
2,210,183,0,13,,,,1.0,-14400.0,,,,1.141304347826087,2564.0,0.00078003120124805,1,20,0.0,0,1
5,244,186,0,14,,,1.0,1.0,-14400.0,,,,1.304812834224599,2564.0,0.0019500780031201249,1,20,0.0,0,1
48,224,185,0,36,,,1.0,1.0,-14400.0,,,,1.2043010752688172,2564.0,0.0187207488299532,1,20,0.0,0,1
4,250,183,0,11,,,1.0,1.0,-14400.0,,,,1.358695652173913,2564.0,0.0015600624024961,1,20,0.0,0,1
5,197,181,0,5,,,1.0,1.0,-14400.0,,,,1.0824175824175823,2564.0,0.0019500780031201249,1,20,0.0,0,1
2,188,181,0,3,,,1.0,1.0,-14400.0,,,,1.032967032967033,2564.0,0.00078003120124805,1,20,0.0,0,1
2,194,180,0,9,,,1.0,1.0,-14400.0,,,,1.0718232044198894,2564.0,0.00078003120124805,1,20,0.0,0,1
7,192,181,0,7,,,1.0,1.0,-14400.0,,,,1.054945054945055,2564.0,0.002730109204368175,1,20,0.0,0,1
3,194,181,0,4,,,1.0,1.0,-18000.0,,,,1.065934065934066,2564.0,0.001170046801872075,1,20,0.0,0,1
8,203,182,0,19,,,1.0,1.0,-18000.0,,,,1.1092896174863387,2564.0,0.0031201248049922,1,20,0.0,0,1
3,197,181,0,2,,,1.0,1.0,-14400.0,,,,1.0824175824175823,2564.0,0.001170046801872075,1,20,0.0,0,1
7,200,181,0,8,,,1.0,1.0,-14400.0,,,,1.098901098901099,2564.0,0.002730109204368175,1,20,0.0,0,1
1,209,186,0,3,,,1.0,1.0,-14400.0,,,,1.1176470588235294,2564.0,0.000390015600624025,1,20,0.0,0,1
13,342,298,0,13,,,1.0,1.0,-14400.0,,,,1.1438127090301002,2564.0,0.005070202808112325,1,18,0.0,0,1
12,330,166,0,9,,,1.0,1.0,-14400.0,,,,1.9760479041916168,2564.0,0.0046801872074883,1,20,0.0,0,1
21,197,165,0,26,,,1.0,1.0,-14400.0,,,,1.1867469879518073,2564.0,0.008190327613104524,1,20,0.0,0,1
34,240,169,0,23,,,1.0,1.0,-14400.0,,,,1.411764705882353,2564.0,0.01326053042121685,1,20,0.0,0,1
2,218,181,0,6,,,1.0,1.0,-14400.0,,,,1.1978021978021978,2564.0,0.00078003120124805,1,20,0.0,0,1
6,206,181,0,9,,,1.0,1.0,-14400.0,,,,1.1318681318681318,2564.0,0.00234009360374415,1,20,0.0,0,1
1,223,182,0,15,,,1.0,1.0,-14400.0,,,,1.2185792349726776,2564.0,0.000390015600624025,1,20,0.0,0,1
3,240,181,0,16,,,1.0,1.0,-14400.0,,,,1.3186813186813187,2564.0,0.001170046801872075,1,20,0.0,0,1
1,188,180,0,2,,,1.0,1.0,-14400.0,,,,1.0386740331491713,2564.0,0.000390015600624025,1,20,0.0,0,1
2,195,181,0,2,,,1.0,1.0,-14400.0,,,,1.0714285714285714,2564.0,0.00078003120124805,1,20,0.0,0,1
64,403,293,0,27,,,1.0,1.0,-14400.0,,,,1.370748299319728,2564.0,0.0249609984399376,1,18,0.0,0,1
37,329,293,0,16,,,1.0,1.0,-14400.0,,,,1.119047619047619,2564.0,0.014430577223088924,1,18,0.0,0,1
26,274,232,0,7,,,1.0,1.0,-14400.0,,,,1.1759656652360515,2563.0,0.010144362075692548,1,19,0.0,0,1
45,298,227,0,17,,,1.0,1.0,-14400.0,,,,1.3070175438596492,2563.0,0.017557549746390948,1,19,0.0,0,1
32,273,227,0,15,,,1.0,1.0,-14400.0,,,,1.1973684210526316,2563.0,0.012485368708544674,1,19,0.0,0,1
43,343,296,0,12,,,1.0,1.0,-14400.0,,,,1.1548821548821548,2562.0,0.01678376268540203,1,20,0.0,0,1
67,356,291,0,18,,,1.0,1.0,-14400.0,,,,1.2191780821917808,2562.0,0.02615144418423107,1,20,0.0,0,1
34,335,291,0,19,,,1.0,1.0,-14400.0,,,,1.1472602739726028,2562.0,0.01327088212334114,1,20,0.0,0,1
1,294,290,0,1,,,1.0,1.0,-14400.0,,,,1.0103092783505154,2562.0,0.00039032006245121,1,18,0.0,0,1
4,320,292,0,5,,,1.0,1.0,-14400.0,,,,1.0921501706484642,2560.0,0.0015625,1,19,0.07692307692307693,1,1
6,330,289,0,8,,,1.0,1.0,-14400.0,,,,1.1379310344827587,2560.0,0.00234375,1,18,0.07142857142857142,1,1
28,436,192,0,113,,,1.0,1.0,-18000.0,,,,2.2590673575129534,2560.0,0.0109375,1,20,0.08333333333333333,1,1
8,651,494,0,5,,,,1.0,-14400.0,,,,1.3151515151515152,2560.0,0.003125,1,15,0.07692307692307693,1,1
37,618,494,0,39,,,,1.0,-14400.0,,,,1.2484848484848485,2559.0,0.014458772958186792,1,12,0.07692307692307693,1,1
20,802,494,0,29,,,,1.0,-14400.0,,,,1.6202020202020202,2559.0,0.007815552950371238,1,16,0.07692307692307693,1,1
221,552,257,0,37,,,,1.0,-14400.0,,,,2.13953488372093,2558.0,0.08639562157935887,1,20,0.0,0,1
126,410,253,0,21,,,1.0,1.0,-14400.0,,,,1.6141732283464567,2558.0,0.04925723221266615,1,18,0.0,0,1
790,457,284,0,96,,,1.0,1.0,-14400.0,,,,1.6035087719298247,2558.0,0.308835027365129,1,18,0.0,0,1
485,456,256,0,68,,,1.0,1.0,-14400.0,,,,1.7743190661478598,2558.0,0.18960125097732602,1,19,0.0,0,1
118,352,254,0,18,,,1.0,1.0,-14400.0,,,,1.380392156862745,2558.0,0.046129788897576234,1,18,0.0,0,1
733,1360,260,0,201,,,1.0,1.0,-14400.0,,,,5.210727969348659,2558.0,0.28655199374511336,1,18,0.0,0,1
515,443,260,0,81,,,1.0,1.0,-14400.0,,,,1.6973180076628354,2558.0,0.20132916340891321,1,18,0.0,0,1
747,747,255,0,77,,,1.0,1.0,-14400.0,,,,2.91796875,2558.0,0.2920250195465207,1,17,0.0,0,1
791,626,308,0,105,,,1.0,1.0,-14400.0,,,,2.0258899676375406,2558.0,0.3092259577795152,1,19,0.0,0,1
234,356,252,0,28,,,1.0,1.0,-14400.0,,,,1.407114624505929,2558.0,0.09147771696637999,1,18,0.0,0,1
225,338,254,0,28,,,1.0,1.0,-14400.0,,,,1.3254901960784313,2558.0,0.08795934323690383,1,18,0.0,0,1
28,278,251,0,3,,,1.0,1.0,-14400.0,,,,1.1031746031746033,2558.0,0.0109460516028147,1,18,0.0,0,1
800,712,256,0,88,,,1.0,1.0,-14400.0,,,,2.7704280155642023,2558.0,0.3127443315089914,1,18,0.0,0,1
399,714,288,0,60,,,1.0,1.0,-14400.0,,,,2.4705882352941178,2558.0,0.15598123534010946,1,18,0.0,0,1
70,342,252,0,8,,,1.0,1.0,-14400.0,,,,1.3517786561264822,2558.0,0.027365129007036748,1,18,0.0,0,1
20,264,250,0,5,,,1.0,1.0,-14400.0,,,,1.051792828685259,2558.0,0.007818608287724784,1,18,0.0,0,1
28,377,249,0,6,,,1.0,1.0,-14400.0,,,,1.508,2558.0,0.0109460516028147,1,18,0.0,0,1
364,522,272,0,46,,,1.0,1.0,-14400.0,,,,1.9120879120879122,2558.0,0.1422986708365911,1,18,0.0,0,1
121,417,245,0,29,,,1.0,1.0,-14400.0,,,,1.6951219512195121,2558.0,0.04730258014073495,1,18,0.0,0,1
91,320,246,0,23,,,1.0,1.0,-14400.0,,,,1.2955465587044535,2558.0,0.03557466770914777,1,18,0.0,0,1
121,341,247,0,12,,,1.0,1.0,-14400.0,,,,1.375,2558.0,0.04730258014073495,1,18,0.0,0,1
175,372,251,0,29,,,1.0,1.0,-14400.0,,,,1.4761904761904763,2558.0,0.06841282251759187,1,18,0.0,0,1
153,310,251,0,17,,,1.0,1.0,-14400.0,,,,1.2301587301587302,2558.0,0.05981235340109461,1,18,0.0,0,1
100,285,252,0,5,,,1.0,1.0,-14400.0,,,,1.1264822134387351,2558.0,0.039093041438623924,1,18,0.0,0,1
291,388,256,0,37,,,1.0,1.0,-14400.0,,,,1.509727626459144,2558.0,0.11376075058639562,1,18,0.0,0,1
148,369,251,0,33,,,1.0,1.0,-14400.0,,,,1.4642857142857142,2558.0,0.05785770132916341,1,18,0.0,0,1
670,440,260,0,50,,,1.0,1.0,-14400.0,,,,1.685823754789272,2558.0,0.2619233776387803,1,18,0.0,0,1
2,287,249,0,2,,,1.0,1.0,-14400.0,,,,1.148,2558.0,0.0007818608287724785,1,18,0.0,0,1
263,465,255,0,38,,,1.0,1.0,-14400.0,,,,1.81640625,2558.0,0.10281469898358092,1,17,0.0,0,1
71,347,252,0,4,,,1.0,1.0,-14400.0,,,,1.3715415019762847,2558.0,0.027756059421422986,1,18,0.0,0,1
434,542,256,0,66,,,1.0,1.0,-14400.0,,,,2.1089494163424125,2558.0,0.16966379984362784,1,18,0.0,0,1
120,302,252,0,22,,,1.0,1.0,-14400.0,,,,1.1936758893280632,2558.0,0.04691164972634871,1,18,0.0,0,1
329,513,254,0,40,,,1.0,1.0,-14400.0,,,,2.011764705882353,2558.0,0.12861610633307272,1,17,0.0,0,1
156,336,254,0,25,,,1.0,1.0,-14400.0,,,,1.3176470588235294,2558.0,0.06098514464425332,1,18,0.0,0,1
227,372,255,0,43,,,1.0,1.0,-14400.0,,,,1.453125,2558.0,0.08874120406567632,1,18,0.0,0,1
338,408,254,0,30,,,1.0,1.0,-14400.0,,,,1.6,2558.0,0.13213448006254885,1,18,0.0,0,1
258,455,256,0,29,,,,1.0,-14400.0,,,,1.7704280155642023,2558.0,0.10086004691164972,1,17,0.0,0,1
211,323,254,0,13,,,,1.0,-14400.0,,,,1.2666666666666666,2558.0,0.08248631743549648,1,18,0.0,0,1
288,545,257,0,40,,,1.0,1.0,-14400.0,,,,2.112403100775194,2558.0,0.1125879593432369,1,20,0.0,0,1
502,412,256,0,54,,,1.0,1.0,-14400.0,,,,1.6031128404669261,2558.0,0.1962470680218921,1,18,0.0,0,1
193,374,254,0,28,,,1.0,1.0,-14400.0,,,,1.4666666666666666,2558.0,0.07544956997654417,1,18,0.0,0,1
289,337,252,0,25,,,1.0,1.0,-14400.0,,,,1.33201581027668,2558.0,0.11297888975762314,1,18,0.0,0,1
82,369,252,0,19,,,1.0,1.0,-14400.0,,,,1.458498023715415,2558.0,0.03205629397967162,1,18,0.0,0,1
61,277,251,0,5,,,1.0,1.0,-14400.0,,,,1.0992063492063493,2558.0,0.023846755277560593,1,18,0.0,0,1
164,372,251,0,17,,,1.0,1.0,-14400.0,,,,1.4761904761904763,2558.0,0.06411258795934324,1,18,0.0,0,1
191,331,251,0,25,,,1.0,1.0,-14400.0,,,,1.3134920634920635,2558.0,0.0746677091477717,1,18,0.0,0,1
150,333,252,0,19,,,1.0,1.0,-14400.0,,,,1.316205533596838,2558.0,0.058639562157935886,1,18,0.0,0,1
128,319,252,0,16,,,1.0,1.0,-14400.0,,,,1.2608695652173914,2558.0,0.05003909304143862,1,18,0.0,0,1
304,376,253,0,39,,,1.0,1.0,-14400.0,,,,1.4803149606299213,2558.0,0.11884284597341674,1,18,0.0,0,1
71,316,252,0,8,,,1.0,1.0,-14400.0,,,,1.2490118577075098,2558.0,0.027756059421422986,1,18,0.0,0,1
86,488,278,0,45,,,1.0,1.0,-14400.0,,,,1.7491039426523298,2558.0,0.033620015637216574,1,20,0.0,0,1
178,338,252,0,17,,,1.0,1.0,-14400.0,,,,1.3359683794466404,2558.0,0.06958561376075059,1,18,0.0,0,1
58,391,257,0,14,,,1.0,1.0,-14400.0,,,,1.5155038759689923,2558.0,0.022673964034401875,1,18,0.0,0,1
4,324,267,0,12,,,1.0,1.0,-14400.0,,,,1.208955223880597,2558.0,0.001563721657544957,1,18,0.0,0,1
5,305,259,0,3,,,1.0,1.0,-14400.0,,,,1.1730769230769231,2558.0,0.001954652071931196,1,18,0.0,0,1
1,289,255,0,7,,,1.0,1.0,-14400.0,,,,1.12890625,2558.0,0.00039093041438623924,1,18,0.0,0,1
1,292,263,0,9,,,1.0,1.0,-14400.0,,,,1.106060606060606,2558.0,0.00039093041438623924,1,18,0.0,0,1
23,327,236,0,14,,,1.0,1.0,-14400.0,,,,1.379746835443038,2558.0,0.008991399530883503,1,18,0.0,0,1
4,266,230,0,2,,,1.0,1.0,-14400.0,,,,1.1515151515151516,2558.0,0.001563721657544957,1,18,0.0,0,1
46,305,237,0,17,,,1.0,1.0,-14400.0,,,,1.281512605042017,2558.0,0.017982799061767005,1,18,0.0,0,1
43,310,236,0,15,,,1.0,1.0,-14400.0,,,,1.3080168776371308,2558.0,0.016810007818608287,1,18,0.0,0,1
199,391,240,0,34,,,1.0,1.0,-14400.0,,,,1.6224066390041494,2557.0,0.0778255768478686,1,18,0.0,0,1
22,265,250,0,7,,,1.0,1.0,-14400.0,,,,1.0557768924302788,2557.0,0.008603832616347283,1,18,0.0,0,1
198,373,253,0,37,,,1.0,1.0,-14400.0,,,,1.468503937007874,2557.0,0.07743449354712553,1,18,0.0,0,1
66,312,253,0,14,,,1.0,1.0,-14400.0,,,,1.2283464566929134,2557.0,0.025811497849041846,1,18,0.0,0,1
10,262,249,0,1,,,1.0,1.0,-14400.0,,,,1.048,2557.0,0.003910833007430583,1,18,0.0,0,1
282,378,253,0,29,,,1.0,1.0,-14400.0,,,,1.4881889763779528,2557.0,0.11028549080954243,1,18,0.0,0,1
105,320,251,0,7,,,1.0,1.0,-14400.0,,,,1.2698412698412698,2557.0,0.041063746578021115,1,18,0.0,0,1
105,407,253,0,20,,,1.0,1.0,-14400.0,,,,1.6023622047244095,2557.0,0.041063746578021115,1,17,0.0,0,1
53,333,251,0,8,,,1.0,1.0,-14400.0,,,,1.3214285714285714,2557.0,0.02072741493938209,1,18,0.0,0,1
93,345,252,0,15,,,1.0,1.0,-14400.0,,,,1.3636363636363635,2557.0,0.03637074696910442,1,18,0.0,0,1
151,303,252,0,12,,,1.0,1.0,-14400.0,,,,1.1976284584980237,2557.0,0.059053578412201796,1,18,0.0,0,1
52,352,251,0,4,,,1.0,1.0,-14400.0,,,,1.3968253968253967,2557.0,0.02033633163863903,1,18,0.0,0,1
25,298,252,0,5,,,1.0,1.0,-14400.0,,,,1.1778656126482214,2557.0,0.009777082518576457,1,18,0.0,0,1
21,262,248,0,3,,,1.0,1.0,-14400.0,,,,1.0522088353413654,2557.0,0.008212749315604223,1,18,0.0,0,1
9,274,252,0,0,,,1.0,1.0,-14400.0,,,,1.08300395256917,2557.0,0.0035197497066875244,1,18,0.0,0,1
1,307,290,0,7,,,1.0,1.0,-14400.0,,,,1.0549828178694158,2557.0,0.00039108330074305825,1,17,0.0,0,1
6,233,182,0,32,,,1.0,1.0,-14400.0,,,,1.273224043715847,2557.0,0.0023464998044583495,1,20,0.0,0,1
231,356,253,0,33,,,1.0,1.0,-14400.0,,,,1.4015748031496063,2557.0,0.09034024247164646,1,18,0.0,0,1
125,312,249,0,20,,,1.0,1.0,-14400.0,,,,1.248,2557.0,0.04888541259288228,1,18,0.0,0,1
44,270,252,0,3,,,1.0,1.0,-14400.0,,,,1.0671936758893281,2557.0,0.017207665232694565,1,18,0.0,0,1
64,372,247,0,23,,,1.0,1.0,-14400.0,,,,1.5,2556.0,0.025039123630672927,1,18,0.0,0,1
1,206,181,0,10,,,1.0,1.0,-14400.0,,,,1.1318681318681318,2556.0,0.0003912363067292645,1,20,0.0,0,1
48,336,252,0,10,,,1.0,1.0,-14400.0,,,,1.3280632411067195,2556.0,0.018779342723004695,1,18,0.0,0,1
2,212,183,0,9,,,1.0,1.0,-14400.0,,,,1.1521739130434783,2556.0,0.000782472613458529,1,20,0.0,0,1
63,306,254,0,7,,,1.0,1.0,-14400.0,,,,1.2,2556.0,0.02464788732394366,1,18,0.0,0,1
2,292,287,0,5,,,1.0,1.0,-14400.0,,,,1.0138888888888888,2556.0,0.000782472613458529,1,17,0.0,0,1
34,277,250,0,4,,,1.0,1.0,-14400.0,,,,1.1035856573705178,2556.0,0.013302034428794992,1,18,0.0,0,1
1,223,190,0,4,,,1.0,1.0,-14400.0,,,,1.1675392670157068,2555.0,0.0003913894324853229,1,18,0.0,0,1
7,229,185,0,13,,,1.0,1.0,-14400.0,,,,1.2311827956989247,2555.0,0.0027397260273972603,1,18,0.0,0,1
246,459,324,0,29,,,1.0,1.0,-14400.0,,,,1.4123076923076923,2554.0,0.09631949882537197,1,15,0.0,0,1
16,352,316,0,13,,,1.0,1.0,-14400.0,,,,1.110410094637224,2554.0,0.006264682850430697,1,17,0.0,0,1
93,375,308,0,39,,,1.0,1.0,-14400.0,,,,1.2135922330097086,2554.0,0.03641346906812842,1,18,0.0,0,1
224,436,303,0,47,,,1.0,1.0,-14400.0,,,,1.4342105263157894,2554.0,0.08770555990602975,1,18,0.0,0,1
41,227,201,0,11,,,1.0,1.0,-14400.0,,,,1.1237623762376239,2554.0,0.01605324980422866,1,18,0.0,0,1
6,193,171,0,7,,,1.0,1.0,-14400.0,,,,1.122093023255814,2554.0,0.0023492560689115116,1,19,0.0,0,1
2,307,279,0,2,,,1.0,1.0,-14400.0,,,,1.0964285714285715,2554.0,0.0007830853563038371,1,19,0.0,0,1
23,271,233,0,33,,,1.0,1.0,-14400.0,,,,1.1581196581196582,2554.0,0.009005481597494126,1,19,0.0,0,1
62,426,302,0,28,,,1.0,1.0,-14400.0,,,,1.4059405940594059,2554.0,0.02427564604541895,1,20,0.0,0,1
5,281,192,0,54,,,1.0,1.0,-14400.0,,,,1.455958549222798,2554.0,0.001957713390759593,1,20,0.0,0,1
5,319,289,0,3,,,1.0,1.0,-14400.0,,,,1.1,2554.0,0.001957713390759593,1,18,0.0,0,1
34,244,197,0,3,,,1.0,1.0,-14400.0,,,,1.2323232323232323,2554.0,0.01331245105716523,1,18,0.0,0,1
15,197,189,0,4,,,1.0,1.0,-14400.0,,,,1.0368421052631578,2554.0,0.005873140172278779,1,18,0.0,0,1
150,376,291,0,36,,,1.0,1.0,-14400.0,,,,1.2876712328767124,2554.0,0.058731401722787784,1,17,0.0,0,1
3,193,176,0,9,,,1.0,1.0,-14400.0,,,,1.0903954802259888,2554.0,0.0011746280344557558,1,18,0.0,0,1
20,297,288,0,3,,,1.0,1.0,-14400.0,,,,1.027681660899654,2554.0,0.007830853563038372,1,18,0.0,0,1
3,197,182,0,4,,,1.0,1.0,-14400.0,,,,1.0765027322404372,2554.0,0.0011746280344557558,1,16,0.0,0,1
17,355,292,0,14,,,1.0,1.0,-14400.0,,,,1.21160409556314,2554.0,0.006656225528582615,1,15,0.0,0,1
47,234,200,0,10,,,1.0,1.0,-14400.0,,,,1.164179104477612,2554.0,0.01840250587314017,1,20,0.0,0,1
6,230,181,0,8,,,1.0,1.0,-14400.0,,,,1.2637362637362637,2554.0,0.0023492560689115116,1,20,0.0,0,1
2,189,182,0,1,,,1.0,1.0,-14400.0,,,,1.0327868852459017,2554.0,0.0007830853563038371,1,20,0.0,0,1
2,196,185,0,5,,,1.0,1.0,-14400.0,,,,1.053763440860215,2554.0,0.0007830853563038371,1,18,0.0,0,1
44,330,293,0,6,,,1.0,1.0,-14400.0,,,,1.1224489795918366,2554.0,0.017227877838684416,1,18,0.0,0,1
38,317,238,0,14,,,1.0,1.0,-14400.0,,,,1.3263598326359833,2554.0,0.014878621769772905,1,20,0.0,0,1
59,279,227,0,17,,,1.0,1.0,-14400.0,,,,1.2236842105263157,2554.0,0.023101018010963197,1,19,0.0,0,1
102,377,252,0,4,,,1.0,1.0,-14400.0,,,,1.4901185770750989,2554.0,0.039937353171495694,1,18,0.0,0,1
33,308,291,0,7,,,1.0,1.0,-14400.0,,,,1.0547945205479452,2554.0,0.012920908379013312,1,20,0.0,0,1
1,291,288,0,0,,,1.0,1.0,-14400.0,,,,1.0069204152249136,2554.0,0.00039154267815191856,1,17,0.0,0,1
4,284,251,0,1,,,1.0,1.0,-14400.0,,,,1.126984126984127,2553.0,0.0015667841754798276,1,18,0.0,0,1
6,300,289,0,6,,,1.0,1.0,-14400.0,,,,1.0344827586206897,2553.0,0.0023501762632197414,1,17,0.0,0,1
2,203,180,0,8,,,1.0,1.0,-14400.0,,,,1.1215469613259668,2553.0,0.0007833920877399138,1,20,0.0,0,1
73,359,251,0,8,,,1.0,1.0,-14400.0,,,,1.4246031746031746,2553.0,0.028593811202506855,1,18,0.0,0,1
4,276,251,0,0,,,1.0,1.0,-14400.0,,,,1.0952380952380953,2552.0,0.001567398119122257,1,18,0.0,0,1
12,281,251,0,9,,,1.0,1.0,-14400.0,,,,1.1150793650793651,2552.0,0.004702194357366771,1,18,0.0,0,1
1,347,311,0,7,,,1.0,1.0,-14400.0,,,,1.1121794871794872,2550.0,0.000392156862745098,1,19,0.0,0,1
8,340,306,0,15,,,1.0,1.0,-14400.0,,,,1.1074918566775245,2549.0,0.003138485680659082,1,19,0.0,0,1
1,316,306,0,8,,,1.0,1.0,-14400.0,,,,1.0293159609120521,2549.0,0.00039231071008238524,1,19,0.0,0,1
3,316,305,0,3,,,1.0,1.0,-14400.0,,,,1.0326797385620916,2549.0,0.0011769321302471558,1,19,0.0,0,1
2,301,291,0,8,,,1.0,1.0,-14400.0,,,,1.0308219178082192,2545.0,0.0007858546168958742,1,17,0.0,0,1
57,299,254,0,7,,,1.0,1.0,-14400.0,,,,1.1725490196078432,2545.0,0.022396856581532416,1,18,0.0,0,1
1,307,292,0,10,,,1.0,1.0,-14400.0,,,,1.0477815699658704,2545.0,0.0003929273084479371,1,17,0.0,0,1
1,215,184,0,14,,,1.0,1.0,-14400.0,,,,1.162162162162162,2545.0,0.0003929273084479371,1,20,0.0,0,1
119,322,255,0,28,,,1.0,1.0,-14400.0,,,,1.2578125,2545.0,0.04675834970530452,1,18,0.0,0,1
9,330,292,0,7,,,1.0,1.0,-14400.0,,,,1.1262798634812288,2543.0,0.003539127015336217,1,17,0.0,0,1
1,218,184,0,17,,,1.0,1.0,-14400.0,,,,1.1783783783783783,2543.0,0.00039323633503735744,1,20,0.0,0,1
267,450,255,0,30,,,1.0,1.0,-14400.0,,,,1.7578125,2543.0,0.10499410145497444,1,18,0.0,0,1
1,299,291,0,7,,,1.0,1.0,-14400.0,,,,1.023972602739726,2542.0,0.0003933910306845004,1,17,0.0,0,1
3,193,183,0,5,,,1.0,1.0,-14400.0,,,,1.048913043478261,2541.0,0.0011806375442739079,1,20,0.0,0,1
43,303,254,0,7,,,1.0,1.0,-14400.0,,,,1.188235294117647,2541.0,0.016922471467926012,1,18,0.0,0,1
7,295,291,0,3,,,1.0,1.0,-14400.0,,,,1.0102739726027397,2541.0,0.0027548209366391185,1,17,0.0,0,1
45,288,254,0,6,,,1.0,1.0,-14400.0,,,,1.1294117647058823,2541.0,0.01770956316410862,1,18,0.0,0,1
385,488,315,0,54,,,1.0,1.0,-14400.0,,,,1.5443037974683544,2538.0,0.1516942474389283,1,19,0.0,0,1
889,415,310,0,59,,,1.0,1.0,-14400.0,,,,1.3344051446945338,2537.0,0.35041387465510443,1,19,0.0,0,1
229,353,310,0,41,,,1.0,1.0,-14400.0,,,,1.135048231511254,2537.0,0.09026409144659046,1,19,0.0,0,1
179,371,310,0,28,,,1.0,1.0,-14400.0,,,,1.1929260450160772,2537.0,0.07055577453685455,1,19,0.0,0,1
14,260,232,0,0,,,1.0,1.0,-14400.0,,,,1.1158798283261802,2533.0,0.005527043031977891,1,18,0.0,0,1
8,262,236,0,1,,,1.0,1.0,-14400.0,,,,1.1054852320675106,2533.0,0.0031583103039873666,1,18,0.0,0,1
35,964,560,0,5,,,1.0,1.0,-14400.0,,,,1.7183600713012477,2532.0,0.01382306477093207,1,9,0.0,0,1
1,274,228,0,10,,,1.0,1.0,-14400.0,,,,1.1965065502183405,2527.0,0.0003957261574990107,1,20,0.0,0,1
1,297,223,0,15,,,1.0,1.0,-14400.0,,,,1.3258928571428572,2527.0,0.0003957261574990107,1,20,0.0,0,1
3,253,223,0,8,,,1.0,1.0,-14400.0,,,,1.1294642857142858,2527.0,0.001187178472497032,1,20,0.0,0,1
3,252,223,0,7,,,1.0,1.0,-14400.0,,,,1.125,2527.0,0.001187178472497032,1,20,0.0,0,1
2,305,293,0,6,,,1.0,1.0,-14400.0,,,,1.0374149659863945,2525.0,0.0007920792079207921,1,17,0.0,0,1
1,196,185,0,2,,,1.0,1.0,-14400.0,,,,1.053763440860215,2525.0,0.00039603960396039607,1,20,0.0,0,1
45,311,256,0,9,,,1.0,1.0,-14400.0,,,,1.2101167315175096,2525.0,0.01782178217821782,1,18,0.0,0,1
44,330,243,0,25,,,1.0,1.0,-14400.0,,,,1.3524590163934427,2523.0,0.01743955608402695,1,18,0.0,0,1
1,288,282,0,0,,,1.0,1.0,-14400.0,,,,1.017667844522968,2522.0,0.0003965107057890563,1,17,0.0,0,1
78,307,245,0,27,,,,1.0,-14400.0,,,,1.2479674796747968,2521.0,0.03094010313367711,1,18,0.0,0,1
1,287,284,0,0,,,1.0,1.0,-14400.0,,,,1.0070175438596491,2521.0,0.0003966679888932963,1,17,0.0,0,1
6,192,176,0,18,,,1.0,1.0,-14400.0,,,,1.0847457627118644,2520.0,0.002380952380952381,1,20,0.0,0,1
237,364,247,0,39,,,1.0,1.0,-14400.0,,,,1.467741935483871,2520.0,0.09404761904761905,1,18,0.0,0,1
10,292,243,0,10,,,1.0,1.0,-14400.0,,,,1.1967213114754098,2520.0,0.003968253968253968,1,18,0.0,0,1
3,298,293,0,3,,,1.0,1.0,-14400.0,,,,1.0136054421768708,2519.0,0.0011909487892020642,1,17,0.0,0,1
1,202,185,0,5,,,1.0,1.0,-14400.0,,,,1.086021505376344,2519.0,0.0003969829297340214,1,20,0.0,0,1
38,283,256,0,4,,,1.0,1.0,-14400.0,,,,1.1011673151750974,2519.0,0.015085351329892815,1,18,0.0,0,1
119,297,244,0,9,,,1.0,1.0,-14400.0,,,,1.2122448979591838,2518.0,0.047259729944400315,1,17,0.0,0,1
15,311,240,0,10,,,1.0,1.0,-14400.0,,,,1.2904564315352698,2517.0,0.0059594755661501785,1,18,0.0,0,1
30,333,246,0,30,,,1.0,1.0,-14400.0,,,,1.3481781376518218,2514.0,0.011933174224343675,1,18,0.0,0,1
1,188,173,0,0,,,1.0,1.0,-14400.0,,,,1.0804597701149425,2513.0,0.0003979307600477517,1,20,0.0,0,1
15,349,244,0,21,,,1.0,1.0,-14400.0,,,,1.4244897959183673,2513.0,0.005968961400716275,1,18,0.0,0,1
10,282,256,0,3,,,1.0,1.0,-14400.0,,,,1.0972762645914398,2512.0,0.003980891719745223,1,18,0.0,0,1
12,293,256,0,2,,,1.0,1.0,-14400.0,,,,1.140077821011673,2511.0,0.0047789725209080045,1,18,0.0,0,1
6,202,181,0,3,,,1.0,1.0,-14400.0,,,,1.10989010989011,2509.0,0.0023913909924272616,1,20,0.0,0,1
29,338,252,0,8,,,,1.0,-14400.0,,,,1.3359683794466404,2508.0,0.011562998405103669,1,18,0.0,0,1
2,298,292,0,8,,,1.0,1.0,-14400.0,,,,1.0170648464163823,2508.0,0.0007974481658692185,1,17,0.0,0,1
20,305,255,0,10,,,1.0,1.0,-14400.0,,,,1.19140625,2508.0,0.007974481658692184,1,18,0.0,0,1
14,555,268,0,27,,,1.0,1.0,-18000.0,,,,2.063197026022305,2507.0,0.005584363781412046,1,19,0.0,0,1
263,701,542,0,30,,,1.0,1.0,-14400.0,,,,1.29097605893186,2505.0,0.10499001996007984,1,12,0.0,0,1
241,785,575,0,28,,,1.0,1.0,-14400.0,,,,1.3628472222222223,2505.0,0.09620758483033932,1,19,0.0,0,1
511,664,570,0,66,,,1.0,1.0,-14400.0,,,,1.1628721541155866,2505.0,0.20399201596806388,1,12,0.0,0,1
410,835,542,0,47,,,1.0,1.0,-14400.0,,,,1.5377532228360957,2505.0,0.16367265469061876,1,19,0.0,0,1
150,648,540,0,15,,,1.0,1.0,-14400.0,,,,1.1977818853974123,2505.0,0.059880239520958084,1,12,0.0,0,1
601,918,545,0,77,,,1.0,1.0,-14400.0,,,,1.6813186813186813,2505.0,0.23992015968063873,1,16,0.0,0,1
594,889,546,0,69,,,1.0,1.0,-14400.0,,,,1.6252285191956124,2505.0,0.237125748502994,1,15,0.0,0,1
970,1022,541,0,62,,,1.0,1.0,-14400.0,,,,1.8856088560885609,2505.0,0.3872255489021956,1,15,0.0,0,1
543,1039,541,0,75,,,1.0,1.0,-14400.0,,,,1.9169741697416973,2505.0,0.21676646706586827,1,8,0.0,0,1
197,607,537,0,12,,,1.0,1.0,-14400.0,,,,1.1282527881040891,2505.0,0.07864271457085828,1,12,0.0,0,1
239,634,540,0,24,,,1.0,1.0,-14400.0,,,,1.1719038817005545,2505.0,0.09540918163672654,1,12,0.0,0,1
37,558,537,0,6,,,1.0,1.0,-14400.0,,,,1.037174721189591,2505.0,0.014770459081836327,1,12,0.0,0,1
621,850,541,0,57,,,1.0,1.0,-14400.0,,,,1.5682656826568266,2505.0,0.24790419161676647,1,16,0.0,0,1
539,1153,567,0,73,,,1.0,1.0,-14400.0,,,,2.0299295774647885,2505.0,0.2151696606786427,1,16,0.0,0,1
75,753,538,0,23,,,1.0,1.0,-14400.0,,,,1.3970315398886828,2505.0,0.029940119760479042,1,12,0.0,0,1
31,601,536,0,19,,,1.0,1.0,-14400.0,,,,1.1191806331471137,2505.0,0.012375249500998005,1,12,0.0,0,1
61,590,535,0,4,,,1.0,1.0,-14400.0,,,,1.1007462686567164,2505.0,0.024351297405189622,1,12,0.0,0,1
92,709,558,0,33,,,1.0,1.0,-14400.0,,,,1.2683363148479427,2505.0,0.036726546906187624,1,12,0.0,0,1
55,593,531,0,31,,,1.0,1.0,-14400.0,,,,1.1146616541353382,2505.0,0.021956087824351298,1,12,0.0,0,1
38,591,532,0,11,,,1.0,1.0,-14400.0,,,,1.1088180112570356,2505.0,0.015169660678642715,1,12,0.0,0,1
52,729,533,0,25,,,1.0,1.0,-14400.0,,,,1.3651685393258426,2505.0,0.020758483033932136,1,12,0.0,0,1
236,657,534,0,44,,,1.0,1.0,-14400.0,,,,1.2280373831775702,2505.0,0.09421157684630739,1,12,0.0,0,1
247,623,537,0,17,,,1.0,1.0,-14400.0,,,,1.157992565055762,2505.0,0.09860279441117764,1,12,0.0,0,1
223,599,538,0,14,,,1.0,1.0,-14400.0,,,,1.111317254174397,2505.0,0.08902195608782436,1,12,0.0,0,1
291,674,542,0,15,,,1.0,1.0,-14400.0,,,,1.2412523020257826,2505.0,0.11616766467065869,1,12,0.0,0,1
203,658,537,0,13,,,1.0,1.0,-14400.0,,,,1.2230483271375465,2505.0,0.08103792415169661,1,12,0.0,0,1
54,575,520,0,5,,,1.0,1.0,-14400.0,,,,1.1036468330134357,2505.0,0.02155688622754491,1,12,0.0,0,1
1228,787,546,0,42,,,1.0,1.0,-14400.0,,,,1.4387568555758683,2505.0,0.49021956087824353,1,12,0.0,0,1
5,571,535,0,2,,,1.0,1.0,-14400.0,,,,1.0652985074626866,2505.0,0.001996007984031936,1,12,0.0,0,1
448,685,538,0,29,,,1.0,1.0,-14400.0,,,,1.2708719851576995,2505.0,0.17884231536926148,1,12,0.0,0,1
185,734,538,0,16,,,1.0,1.0,-14400.0,,,,1.3617810760667903,2505.0,0.07385229540918163,1,18,0.0,0,1
336,832,542,0,46,,,1.0,1.0,-14400.0,,,,1.5322283609576428,2505.0,0.1341317365269461,1,15,0.0,0,1
159,596,538,0,20,,,1.0,1.0,-14400.0,,,,1.1057513914656771,2505.0,0.06347305389221557,1,12,0.0,0,1
540,933,539,0,47,,,1.0,1.0,-14400.0,,,,1.7277777777777779,2505.0,0.2155688622754491,1,15,0.0,0,1
241,598,540,0,32,,,1.0,1.0,-14400.0,,,,1.1053604436229205,2505.0,0.09620758483033932,1,12,0.0,0,1
324,686,541,0,40,,,1.0,1.0,-14400.0,,,,1.2656826568265682,2505.0,0.12934131736526946,1,12,0.0,0,1
461,655,540,0,35,,,1.0,1.0,-14400.0,,,,1.210720887245841,2505.0,0.18403193612774452,1,12,0.0,0,1
368,650,539,0,31,,,1.0,1.0,-14400.0,,,,1.2037037037037037,2505.0,0.1469061876247505,1,12,0.0,0,1
256,668,540,0,19,,,1.0,1.0,-14400.0,,,,1.234750462107209,2505.0,0.10219560878243512,1,12,0.0,0,1
245,666,543,0,35,,,1.0,1.0,-14400.0,,,,1.224264705882353,2505.0,0.09780439121756487,1,12,0.0,0,1
455,716,542,0,62,,,1.0,1.0,-14400.0,,,,1.3186003683241252,2505.0,0.18163672654690619,1,12,0.0,0,1
233,622,537,0,24,,,1.0,1.0,-14400.0,,,,1.1561338289962826,2505.0,0.09301397205588822,1,12,0.0,0,1
280,632,537,0,28,,,1.0,1.0,-14400.0,,,,1.174721189591078,2505.0,0.11177644710578842,1,12,0.0,0,1
118,601,538,0,13,,,1.0,1.0,-14400.0,,,,1.1150278293135436,2505.0,0.047105788423153695,1,12,0.0,0,1
81,563,537,0,10,,,1.0,1.0,-14400.0,,,,1.046468401486989,2505.0,0.032335329341317366,1,12,0.0,0,1
228,603,537,0,22,,,1.0,1.0,-14400.0,,,,1.120817843866171,2505.0,0.09101796407185629,1,12,0.0,0,1
243,609,538,0,31,,,1.0,1.0,-14400.0,,,,1.12987012987013,2505.0,0.09700598802395209,1,12,0.0,0,1
644,633,538,0,49,,,1.0,1.0,-14400.0,,,,1.1743970315398886,2505.0,0.2570858283433134,1,12,0.0,0,1
214,578,538,0,15,,,1.0,1.0,-14400.0,,,,1.072356215213358,2505.0,0.08542914171656686,1,12,0.0,0,1
244,615,536,0,35,,,1.0,1.0,-14400.0,,,,1.1452513966480447,2505.0,0.09740518962075849,1,12,0.0,0,1
99,583,538,0,11,,,1.0,1.0,-14400.0,,,,1.0816326530612246,2505.0,0.03952095808383234,1,12,0.0,0,1
48,682,564,0,28,,,1.0,1.0,-14400.0,,,,1.2070796460176991,2505.0,0.019161676646706587,1,12,0.0,0,1
265,612,535,0,22,,,1.0,1.0,-14400.0,,,,1.1417910447761195,2505.0,0.10578842315369262,1,12,0.0,0,1
106,696,543,0,11,,,1.0,1.0,-14400.0,,,,1.2794117647058822,2505.0,0.04231536926147705,1,12,0.0,0,1
1,573,549,0,2,,,1.0,1.0,-14400.0,,,,1.0418181818181818,2505.0,0.0003992015968063872,1,12,0.0,0,1
1,606,550,0,3,,,,1.0,,,,,1.0998185117967332,2505.0,0.0003992015968063872,1,12,0.0,0,1
3,617,545,0,5,,,1.0,1.0,-14400.0,,,,1.13003663003663,2505.0,0.0011976047904191617,1,12,0.0,0,1
2,592,535,0,1,,,1.0,1.0,-14400.0,,,,1.1044776119402986,2505.0,0.0007984031936127744,1,12,0.0,0,1
1,586,558,0,2,,,1.0,1.0,-14400.0,,,,1.0483005366726297,2505.0,0.0003992015968063872,1,12,0.0,0,1
46,586,522,0,35,,,1.0,1.0,-14400.0,,,,1.1204588910133844,2505.0,0.018363273453093812,1,12,0.0,0,1
2,618,513,0,12,,,1.0,1.0,-14400.0,,,,1.2023346303501945,2505.0,0.0007984031936127744,1,12,0.0,0,1
8,642,516,0,6,,,1.0,1.0,-14400.0,,,,1.241779497098646,2505.0,0.0031936127744510976,1,12,0.0,0,1
20,697,523,0,13,,,1.0,1.0,-14400.0,,,,1.3301526717557253,2505.0,0.007984031936127744,1,12,0.0,0,1
98,710,522,0,28,,,1.0,1.0,-14400.0,,,,1.3575525812619502,2505.0,0.03912175648702595,1,12,0.0,0,1
312,678,526,0,46,,,1.0,1.0,-14400.0,,,,1.2865275142314991,2505.0,0.12455089820359282,1,12,0.0,0,1
144,636,538,0,25,,,1.0,1.0,-14400.0,,,,1.1799628942486085,2505.0,0.05748502994011976,1,12,0.0,0,1
23,553,536,0,2,,,1.0,1.0,-14400.0,,,,1.0297951582867784,2505.0,0.009181636726546906,1,12,0.0,0,1
219,601,539,0,30,,,1.0,1.0,-14400.0,,,,1.112962962962963,2505.0,0.08742514970059881,1,12,0.0,0,1
54,581,539,0,17,,,1.0,1.0,-14400.0,,,,1.075925925925926,2505.0,0.02155688622754491,1,12,0.0,0,1
11,552,535,0,1,,,1.0,1.0,-14400.0,,,,1.0298507462686568,2505.0,0.004391217564870259,1,12,0.0,0,1
184,604,539,0,21,,,1.0,1.0,-14400.0,,,,1.1185185185185185,2505.0,0.07345309381237525,1,12,0.0,0,1
180,637,535,0,8,,,1.0,1.0,-14400.0,,,,1.1884328358208955,2505.0,0.0718562874251497,1,12,0.0,0,1
183,620,538,0,18,,,1.0,1.0,-14400.0,,,,1.150278293135436,2505.0,0.07305389221556886,1,12,0.0,0,1
44,579,537,0,5,,,1.0,1.0,-14400.0,,,,1.0762081784386617,2505.0,0.017564870259481037,1,12,0.0,0,1
117,646,538,0,14,,,1.0,1.0,-14400.0,,,,1.1985157699443414,2505.0,0.046706586826347304,1,12,0.0,0,1
161,660,535,0,25,,,1.0,1.0,-14400.0,,,,1.2313432835820894,2505.0,0.06427145708582835,1,12,0.0,0,1
73,659,537,0,11,,,1.0,1.0,-14400.0,,,,1.224907063197026,2505.0,0.029141716566866267,1,12,0.0,0,1
12,586,516,0,5,,,1.0,1.0,-14400.0,,,,1.1334622823984526,2505.0,0.004790419161676647,1,12,0.0,0,1
40,586,538,0,8,,,1.0,1.0,-14400.0,,,,1.0871985157699444,2505.0,0.015968063872255488,1,12,0.0,0,1
26,584,534,0,3,,,1.0,1.0,-14400.0,,,,1.091588785046729,2505.0,0.010379241516966068,1,12,0.0,0,1
24,603,538,0,9,,,1.0,1.0,-14400.0,,,,1.1187384044526902,2505.0,0.009580838323353293,1,12,0.0,0,1
282,655,539,0,31,,,1.0,1.0,-14400.0,,,,1.212962962962963,2505.0,0.1125748502994012,1,12,0.0,0,1
75,623,535,0,47,,,,1.0,-14400.0,,,,1.162313432835821,2505.0,0.029940119760479042,1,12,0.0,0,1
40,725,533,0,43,,,1.0,1.0,-14400.0,,,,1.357677902621723,2505.0,0.015968063872255488,1,12,0.0,0,1
71,582,538,0,5,,,1.0,1.0,-14400.0,,,,1.0797773654916512,2505.0,0.028343313373253493,1,12,0.0,0,1
61,642,538,0,12,,,1.0,1.0,-14400.0,,,,1.1910946196660481,2505.0,0.024351297405189622,1,12,0.0,0,1
132,608,540,0,16,,,1.0,1.0,-14400.0,,,,1.1238447319778189,2505.0,0.05269461077844311,1,12,0.0,0,1
48,616,536,0,4,,,1.0,1.0,-14400.0,,,,1.1471135940409682,2505.0,0.019161676646706587,1,12,0.0,0,1
143,599,538,0,7,,,1.0,1.0,-14400.0,,,,1.111317254174397,2505.0,0.057085828343313376,1,12,0.0,0,1
2,577,536,0,1,,,1.0,1.0,-14400.0,,,,1.074487895716946,2505.0,0.0007984031936127744,1,12,0.0,0,1
78,596,538,0,20,,,1.0,1.0,-14400.0,,,,1.1057513914656771,2505.0,0.031137724550898204,1,12,0.0,0,1
1,560,538,0,0,,,,1.0,-14400.0,,,,1.0389610389610389,2505.0,0.0003992015968063872,1,12,0.0,0,1
6,578,537,0,0,,,1.0,1.0,-14400.0,,,,1.0743494423791822,2505.0,0.0023952095808383233,1,12,0.0,0,1
6,593,537,0,3,,,1.0,1.0,-14400.0,,,,1.1022304832713754,2505.0,0.0023952095808383233,1,12,0.0,0,1
6,603,559,0,0,,,1.0,1.0,-14400.0,,,,1.0767857142857142,2505.0,0.0023952095808383233,1,12,0.0,0,1
525,635,497,0,199,,,1.0,1.0,-14400.0,,,,1.2751004016064258,2505.0,0.20958083832335328,1,12,0.0,0,1
18,553,504,0,11,,,1.0,1.0,-14400.0,,,,1.0950495049504951,2505.0,0.00718562874251497,1,12,0.0,0,1
33,634,525,0,20,,,1.0,1.0,-14400.0,,,,1.2053231939163498,2505.0,0.013173652694610778,1,12,0.0,0,1
48,544,522,0,12,,,1.0,1.0,-14400.0,,,,1.0401529636711282,2505.0,0.019161676646706587,1,12,0.0,0,1
13,573,522,0,6,,,1.0,1.0,-14400.0,,,,1.095602294455067,2505.0,0.005189620758483034,1,12,0.0,0,1
93,613,540,0,9,,,1.0,1.0,-14400.0,,,,1.133086876155268,2505.0,0.037125748502994015,1,12,0.0,0,1
323,598,541,0,28,,,1.0,1.0,-14400.0,,,,1.103321033210332,2505.0,0.12894211576846307,1,12,0.0,0,1
11,572,509,0,10,,,1.0,1.0,-14400.0,,,,1.1215686274509804,2505.0,0.004391217564870259,1,12,0.0,0,1
234,685,541,0,37,,,1.0,1.0,-14400.0,,,,1.2638376383763839,2505.0,0.09341317365269461,1,12,0.0,0,1
87,574,540,0,12,,,,1.0,-14400.0,,,,1.0609981515711646,2505.0,0.03473053892215569,1,12,0.0,0,1
63,591,540,0,3,,,1.0,1.0,-14400.0,,,,1.0924214417744917,2505.0,0.025149700598802394,1,12,0.0,0,1
77,611,522,0,13,,,1.0,1.0,-14400.0,,,,1.1682600382409178,2505.0,0.030738522954091817,1,12,0.0,0,1
26,551,522,0,8,,,1.0,1.0,-14400.0,,,,1.0535372848948374,2505.0,0.010379241516966068,1,12,0.0,0,1
2,577,522,0,0,,,1.0,1.0,-14400.0,,,,1.1032504780114722,2505.0,0.0007984031936127744,1,12,0.0,0,1
8,553,521,0,0,,,1.0,1.0,-14400.0,,,,1.0593869731800767,2505.0,0.0031936127744510976,1,12,0.0,0,1
44,557,542,0,8,,,1.0,1.0,-14400.0,,,,1.0257826887661141,2505.0,0.017564870259481037,1,12,0.0,0,1
49,692,529,0,55,,,1.0,1.0,-14400.0,,,,1.3056603773584905,2505.0,0.019560878243512974,1,12,0.0,0,1
77,657,531,0,43,,,1.0,1.0,-14400.0,,,,1.2349624060150375,2505.0,0.030738522954091817,1,12,0.0,0,1
322,654,533,0,100,,,1.0,1.0,-14400.0,,,,1.2247191011235956,2505.0,0.1285429141716567,1,12,0.0,0,1
44,666,529,0,36,,,1.0,1.0,-14400.0,,,,1.2566037735849056,2505.0,0.017564870259481037,1,12,0.0,0,1
25,928,532,0,21,,,1.0,1.0,-14400.0,,,,1.7410881801125704,2505.0,0.00998003992015968,1,15,0.0,0,1
32,756,530,0,27,,,1.0,1.0,-14400.0,,,,1.423728813559322,2505.0,0.01277445109780439,1,12,0.0,0,1
89,577,542,0,5,,,1.0,1.0,-14400.0,,,,1.0626151012891345,2505.0,0.035528942115768465,1,12,0.0,0,1
24,584,542,0,4,,,1.0,1.0,-14400.0,,,,1.0755064456721914,2505.0,0.009580838323353293,1,12,0.0,0,1
19,558,542,0,1,,,1.0,1.0,-18000.0,,,,1.0276243093922652,2504.0,0.0075878594249201275,1,12,0.0,0,1
50,633,538,0,9,,,1.0,1.0,-14400.0,,,,1.1743970315398886,2504.0,0.019968051118210862,1,12,0.0,0,1
15,568,541,0,5,,,1.0,1.0,-18000.0,,,,1.047970479704797,2504.0,0.0059904153354632585,1,12,0.0,0,1
18,569,519,0,4,,,1.0,1.0,-18000.0,,,,1.0942307692307693,2504.0,0.00718849840255591,1,12,0.0,0,1
85,573,522,0,17,,,1.0,1.0,-14400.0,,,,1.095602294455067,2504.0,0.03394568690095846,1,12,0.0,0,1
69,612,521,0,10,,,1.0,1.0,-14400.0,,,,1.1724137931034482,2504.0,0.02755591054313099,1,12,0.0,0,1
27,572,521,0,9,,,1.0,1.0,-14400.0,,,,1.0957854406130267,2504.0,0.010782747603833865,1,12,0.0,0,1
63,557,521,0,3,,,1.0,1.0,-14400.0,,,,1.0670498084291187,2504.0,0.025159744408945688,1,12,0.0,0,1
22,601,519,0,9,,,1.0,1.0,-14400.0,,,,1.1557692307692307,2504.0,0.00878594249201278,1,12,0.0,0,1
36,579,519,0,8,,,1.0,1.0,-14400.0,,,,1.1134615384615385,2504.0,0.01437699680511182,1,12,0.0,0,1
156,588,521,0,10,,,1.0,1.0,-14400.0,,,,1.1264367816091954,2504.0,0.06230031948881789,1,12,0.0,0,1
27,560,520,0,8,,,1.0,1.0,-14400.0,,,,1.0748560460652592,2504.0,0.010782747603833865,1,12,0.0,0,1
45,597,521,0,2,,,1.0,1.0,-14400.0,,,,1.1436781609195403,2504.0,0.017971246006389777,1,12,0.0,0,1
32,598,519,0,6,,,1.0,1.0,-14400.0,,,,1.15,2504.0,0.012779552715654952,1,12,0.0,0,1
7,547,513,0,4,,,1.0,1.0,-14400.0,,,,1.0642023346303502,2504.0,0.0027955271565495207,1,12,0.0,0,1
16,562,521,0,6,,,1.0,1.0,-14400.0,,,,1.0766283524904214,2504.0,0.006389776357827476,1,12,0.0,0,1
31,591,515,0,9,,,1.0,1.0,-14400.0,,,,1.1453488372093024,2504.0,0.012380191693290734,1,12,0.0,0,1
80,559,521,0,8,,,1.0,1.0,-14400.0,,,,1.0708812260536398,2504.0,0.03194888178913738,1,13,0.0,0,1
78,583,524,0,5,,,1.0,1.0,-18000.0,,,,1.1104761904761904,2503.0,0.03116260487415102,1,12,0.0,0,1
93,563,522,0,9,,,1.0,1.0,-18000.0,,,,1.0764818355640535,2503.0,0.03715541350379545,1,12,0.0,0,1
6,614,522,0,3,,,1.0,1.0,-18000.0,,,,1.1739961759082218,2503.0,0.0023971234518577705,1,12,0.0,0,1
2,583,519,0,0,,,1.0,1.0,-18000.0,,,,1.1211538461538462,2503.0,0.0007990411506192569,1,12,0.0,0,1
12,401,295,0,56,,,1.0,1.0,-14400.0,,,,1.3547297297297298,2503.0,0.004794246903715541,1,15,0.0,0,1
10,609,520,0,1,,,1.0,1.0,-14400.0,,,,1.1689059500959693,2503.0,0.003995205753096284,1,12,0.0,0,1
29,541,518,0,0,,,1.0,1.0,-14400.0,,,,1.0423892100192678,2500.0,0.0116,1,12,0.0,0,1
112,652,523,0,27,,,1.0,1.0,-14400.0,,,,1.2442748091603053,2500.0,0.0448,1,12,0.0,0,1
6,580,520,0,10,,,1.0,1.0,-14400.0,,,,1.1132437619961613,2500.0,0.0024,1,12,0.0,0,1
27,570,519,0,6,,,1.0,1.0,-14400.0,,,,1.0961538461538463,2499.0,0.010804321728691477,1,12,0.0,0,1
25,339,246,0,39,,,1.0,1.0,-14400.0,,,,1.3724696356275303,2499.0,0.010004001600640256,1,18,0.0,0,1
6,282,273,0,19,,,1.0,1.0,-14400.0,,,,1.0291970802919708,2499.0,0.0024009603841536613,1,19,0.0,0,1
147,615,522,0,21,,,1.0,1.0,-14400.0,,,,1.1759082217973231,2499.0,0.058823529411764705,1,12,0.07692307692307693,1,1
58,568,522,0,5,,,1.0,1.0,-14400.0,,,,1.0860420650095601,2496.0,0.023237179487179488,1,12,0.0,0,1
23,349,271,0,18,,,1.0,1.0,-14400.0,,,,1.2830882352941178,2496.0,0.00921474358974359,1,18,0.0,0,1
4,316,298,0,12,,,1.0,1.0,-14400.0,,,,1.0568561872909699,2496.0,0.0016025641025641025,1,19,0.0,0,1
14,285,247,0,7,,,1.0,1.0,-14400.0,,,,1.1491935483870968,2495.0,0.0056112224448897794,1,18,0.0,0,1
2,283,274,0,5,,,1.0,1.0,-14400.0,,,,1.029090909090909,2495.0,0.0008016032064128256,1,19,0.0,0,1
14,610,519,0,5,,,1.0,1.0,-14400.0,,,,1.1730769230769231,2492.0,0.0056179775280898875,1,12,0.0,0,1
31,563,519,0,10,,,1.0,1.0,-14400.0,,,,1.0826923076923076,2492.0,0.012439807383627608,1,12,0.0,0,1
72,727,549,0,18,,,1.0,1.0,-14400.0,,,,1.3218181818181818,2492.0,0.028892455858747994,1,14,0.0,0,1
37,771,535,0,9,,,1.0,1.0,-14400.0,,,,1.4384328358208955,2492.0,0.014847512038523275,1,19,0.0,0,1
140,612,520,0,12,,,1.0,1.0,-14400.0,,,,1.1746641074856046,2492.0,0.056179775280898875,1,12,0.0,0,1
79,561,520,0,11,,,1.0,1.0,-14400.0,,,,1.0767754318618041,2492.0,0.03170144462279294,1,12,0.0,0,1
15,550,520,0,2,,,1.0,1.0,-14400.0,,,,1.055662188099808,2492.0,0.006019261637239166,1,12,0.0,0,1
97,604,502,0,43,,,1.0,1.0,-14400.0,,,,1.2007952286282306,2492.0,0.03892455858747994,1,12,0.0,0,1
20,566,520,0,3,,,1.0,1.0,-14400.0,,,,1.0863723608445297,2492.0,0.008025682182985553,1,12,0.0,0,1
3,545,520,0,6,,,1.0,1.0,-14400.0,,,,1.0460652591170825,2492.0,0.001203852327447833,1,12,0.0,0,1
8,607,520,0,6,,,1.0,1.0,-14400.0,,,,1.165067178502879,2492.0,0.0032102728731942215,1,12,0.0,0,1
75,600,494,0,12,,,1.0,1.0,-14400.0,,,,1.2121212121212122,2492.0,0.03009630818619583,1,12,0.0,0,1
57,551,520,0,2,,,1.0,1.0,-14400.0,,,,1.0575815738963532,2492.0,0.022873194221508828,1,12,0.0,0,1
14,565,519,0,2,,,1.0,1.0,-14400.0,,,,1.0865384615384615,2492.0,0.0056179775280898875,1,12,0.0,0,1
31,543,518,0,2,,,1.0,1.0,-14400.0,,,,1.046242774566474,2492.0,0.012439807383627608,1,12,0.0,0,1
83,597,505,0,55,,,1.0,1.0,-14400.0,,,,1.1798418972332017,2492.0,0.03330658105939005,1,12,0.0,0,1
29,1829,553,0,23,,,1.0,1.0,-14400.0,,,,3.3014440433212995,2492.0,0.011637239165329053,1,17,0.0,0,1
13,618,494,0,13,,,1.0,1.0,-14400.0,,,,1.2484848484848485,2492.0,0.00521669341894061,1,12,0.0,0,1
18,590,494,0,0,,,1.0,1.0,-14400.0,,,,1.1919191919191918,2492.0,0.0072231139646869984,1,12,0.0,0,1
1,616,494,0,4,,,1.0,1.0,-14400.0,,,,1.2444444444444445,2492.0,0.0004012841091492777,1,12,0.0,0,1
820,823,495,0,304,,,1.0,1.0,-14400.0,,,,1.659274193548387,2492.0,0.3290529695024077,1,12,0.0,0,1
640,700,510,0,123,,,1.0,1.0,-14400.0,,,,1.36986301369863,2492.0,0.2568218298555377,1,12,0.0,0,1
4,607,494,0,10,,,1.0,1.0,-14400.0,,,,1.2262626262626262,2491.0,0.0016057808109193096,1,12,0.0,0,1
581,696,494,0,236,,,1.0,1.0,-14400.0,,,,1.406060606060606,2491.0,0.2332396627860297,1,12,0.0,0,1
23,644,532,0,27,,,1.0,1.0,-14400.0,,,,1.2082551594746718,2491.0,0.00923323966278603,1,12,0.0,0,1
1,629,494,0,18,,,1.0,1.0,-14400.0,,,,1.2707070707070707,2491.0,0.0004014452027298274,1,12,0.0,0,1
287,801,529,0,35,,,1.0,1.0,-14400.0,,,,1.5113207547169811,2489.0,0.11530735235034151,1,17,0.0,0,1
190,743,530,0,26,,,1.0,1.0,-14400.0,,,,1.39924670433145,2489.0,0.07633587786259542,1,17,0.0,0,1
101,809,531,0,11,,,1.0,1.0,-14400.0,,,,1.5206766917293233,2489.0,0.04057854560064283,1,20,0.0,0,1
141,691,538,0,12,,,1.0,1.0,-14400.0,,,,1.2820037105751392,2489.0,0.056649256729610284,1,15,0.0,0,1
370,673,528,0,20,,,1.0,1.0,-14400.0,,,,1.272211720226843,2489.0,0.14865407794294896,1,15,0.0,0,1
1335,892,544,0,88,,,1.0,1.0,-14400.0,,,,1.636697247706422,2489.0,0.5363599839292889,1,17,0.0,0,1
463,784,533,0,38,,,1.0,1.0,-14400.0,,,,1.4681647940074907,2489.0,0.1860184813177983,1,17,0.0,0,1
152,995,534,0,36,,,1.0,1.0,-14400.0,,,,1.8598130841121496,2489.0,0.061068702290076333,1,11,0.0,0,1
17,568,526,0,4,,,1.0,1.0,-14400.0,,,,1.077798861480076,2489.0,0.006830052229811169,1,15,0.0,0,1
6,588,497,0,2,,,1.0,1.0,-14400.0,,,,1.180722891566265,2489.0,0.0024106066693451184,1,15,0.0,0,1
1536,912,564,0,136,,,1.0,1.0,-14400.0,,,,1.6141592920353982,2489.0,0.6171153073523503,1,12,0.0,0,1
680,800,534,0,65,,,1.0,1.0,-14400.0,,,,1.4953271028037383,2489.0,0.27320208919244676,1,17,0.0,0,1
472,788,535,0,57,,,1.0,1.0,-14400.0,,,,1.4701492537313432,2489.0,0.189634391321816,1,17,0.0,0,1
35,573,529,0,2,,,1.0,1.0,-14400.0,,,,1.0811320754716982,2489.0,0.014061872237846525,1,15,0.0,0,1
189,723,530,0,16,,,1.0,1.0,-14400.0,,,,1.3615819209039548,2489.0,0.07593411008437123,1,15,0.0,0,1
47,589,530,0,5,,,1.0,1.0,-14400.0,,,,1.1092278719397364,2489.0,0.01888308557653676,1,15,0.0,0,1
719,861,538,0,47,,,,1.0,-14400.0,,,,1.5974025974025974,2489.0,0.28887103254319,1,17,0.0,0,1
319,699,528,0,38,,,1.0,1.0,-14400.0,,,,1.3213610586011342,2489.0,0.12816392125351547,1,15,0.0,0,1
216,681,529,0,17,,,1.0,1.0,-14400.0,,,,1.2849056603773585,2489.0,0.08678184009642427,1,15,0.0,0,1
224,666,528,0,30,,,1.0,1.0,-14400.0,,,,1.2589792060491494,2489.0,0.08999598232221775,1,15,0.0,0,1
476,658,529,0,25,,,1.0,1.0,-14400.0,,,,1.241509433962264,2489.0,0.19124146243471274,1,15,0.0,0,1
102,578,533,0,5,,,1.0,1.0,-14400.0,,,,1.0823970037453183,2489.0,0.04098031337886701,1,15,0.0,0,1
387,700,534,0,25,,,1.0,1.0,-14400.0,,,,1.308411214953271,2489.0,0.15548413017276014,1,15,0.0,0,1
511,820,538,0,40,,,1.0,1.0,-14400.0,,,,1.5213358070500929,2489.0,0.20530333467255926,1,17,0.0,0,1
283,859,564,0,38,,,1.0,1.0,-14400.0,,,,1.520353982300885,2489.0,0.11370028123744476,1,13,0.0,0,1
169,682,531,0,24,,,1.0,1.0,-14400.0,,,,1.281954887218045,2489.0,0.0678987545198875,1,15,0.0,0,1
294,616,527,0,30,,,,1.0,-14400.0,,,,1.1666666666666667,2489.0,0.1181197267979108,1,15,0.0,0,1
451,798,529,0,35,,,1.0,1.0,-14400.0,,,,1.5056603773584907,2489.0,0.18119726797910807,1,17,0.0,0,1
83,582,528,0,13,,,1.0,1.0,-14400.0,,,,1.1001890359168243,2489.0,0.03334672559260747,1,15,0.0,0,1
106,638,529,0,9,,,1.0,1.0,-14400.0,,,,1.2037735849056603,2489.0,0.04258738449176376,1,15,0.0,0,1
45,564,528,0,4,,,1.0,1.0,-14400.0,,,,1.0661625708884688,2489.0,0.01807955002008839,1,15,0.0,0,1
149,670,530,0,12,,,1.0,1.0,-14400.0,,,,1.2617702448210923,2489.0,0.059863398955403775,1,15,0.0,0,1
183,617,537,0,22,,,1.0,1.0,-14400.0,,,,1.1468401486988848,2489.0,0.07352350341502611,1,15,0.0,0,1
814,814,536,0,55,,,1.0,1.0,-14400.0,,,,1.515828677839851,2489.0,0.32703897147448774,1,17,0.0,0,1
335,886,548,0,36,,,1.0,1.0,-14400.0,,,,1.6138433515482695,2489.0,0.13459220570510244,1,19,0.0,0,1
74,579,531,0,12,,,1.0,1.0,-14400.0,,,,1.0883458646616542,2489.0,0.029730815588589796,1,15,0.0,0,1
399,821,566,0,49,,,1.0,1.0,-14400.0,,,,1.4479717813051147,2489.0,0.16030534351145037,1,9,0.0,0,1
260,576,530,0,20,,,1.0,1.0,-14400.0,,,,1.0847457627118644,2489.0,0.10445962233828847,1,15,0.0,0,1
125,791,534,0,23,,,1.0,1.0,-14400.0,,,,1.4785046728971962,2489.0,0.0502209722780233,1,17,0.0,0,1
734,839,540,0,54,,,1.0,1.0,-14400.0,,,,1.5508317929759705,2489.0,0.2948975492165528,1,17,0.0,0,1
71,590,526,0,11,,,1.0,1.0,-14400.0,,,,1.1195445920303606,2489.0,0.028525512253917237,1,15,0.0,0,1
227,687,564,0,18,,,1.0,1.0,-14400.0,,,,1.215929203539823,2489.0,0.09120128565689031,1,17,0.0,0,1
61,581,527,0,12,,,1.0,1.0,-14400.0,,,,1.1003787878787878,2489.0,0.02450783447167537,1,15,0.0,0,1
482,748,528,0,36,,,1.0,1.0,-14400.0,,,,1.4139886578449905,2489.0,0.19365206910405786,1,15,0.0,0,1
1829,917,536,0,74,,,1.0,1.0,-14400.0,,,,1.7076350093109869,2489.0,0.7348332663720369,1,20,0.0,0,1
51,592,528,0,7,,,1.0,1.0,-14400.0,,,,1.1190926275992439,2489.0,0.020490156689433506,1,15,0.0,0,1
300,809,532,0,39,,,1.0,1.0,-14400.0,,,,1.5178236397748592,2489.0,0.12053033346725593,1,17,0.0,0,1
164,672,542,0,19,,,1.0,1.0,-14400.0,,,,1.2375690607734806,2489.0,0.06588991562876657,1,15,0.0,0,1
99,693,530,0,15,,,1.0,1.0,-14400.0,,,,1.305084745762712,2489.0,0.03977501004419445,1,15,0.0,0,1
250,672,537,0,23,,,1.0,1.0,-14400.0,,,,1.2490706319702602,2489.0,0.1004419445560466,1,15,0.0,0,1
41,564,530,0,9,,,1.0,1.0,-14400.0,,,,1.0621468926553672,2489.0,0.016472478907191643,1,15,0.0,0,1
1198,750,506,0,155,,,1.0,1.0,-14400.0,,,,1.4792899408284024,2489.0,0.4813177983125753,1,11,0.0,0,1
58,639,504,0,46,,,1.0,1.0,-14400.0,,,,1.2653465346534654,2489.0,0.023302531137002813,1,11,0.0,0,1
108,612,503,0,53,,,1.0,1.0,-14400.0,,,,1.2142857142857142,2489.0,0.043390920048212135,1,11,0.0,0,1
24,594,529,0,3,,,1.0,1.0,-14400.0,,,,1.120754716981132,2489.0,0.009642426677380474,1,15,0.0,0,1
783,816,508,0,129,,,1.0,1.0,-14400.0,,,,1.6031434184675835,2489.0,0.31458417034953795,1,11,0.0,0,1
14,560,498,0,8,,,1.0,1.0,-14400.0,,,,1.122244488977956,2489.0,0.00562474889513861,1,11,0.0,0,1
158,565,506,0,0,,,1.0,1.0,-14400.0,,,,1.1143984220907297,2489.0,0.06347930895942146,1,11,0.0,0,1
29,608,501,0,31,,,1.0,1.0,-14400.0,,,,1.2111553784860558,2489.0,0.011651265568501407,1,11,0.0,0,1
290,758,563,0,70,,,1.0,1.0,-14400.0,,,,1.3439716312056738,2488.0,0.11655948553054662,1,12,0.0,0,1
2,504,494,0,0,,,1.0,1.0,-14400.0,,,,1.018181818181818,2488.0,0.0008038585209003215,1,12,0.0,0,1
195,605,494,0,127,,,1.0,1.0,-14400.0,,,,1.2222222222222223,2487.0,0.07840772014475271,1,12,0.0,0,1
38,556,494,0,7,,,1.0,1.0,-14400.0,,,,1.1232323232323231,2487.0,0.01527945315641335,1,12,0.0,0,1
593,690,494,0,250,,,1.0,1.0,-14400.0,,,,1.393939393939394,2487.0,0.23843988741455568,1,12,0.0,0,1
2324,796,496,0,329,,,1.0,1.0,-14400.0,,,,1.6016096579476862,2487.0,0.9344591877764374,1,12,0.0,0,1
1143,755,495,0,238,,,1.0,1.0,-14400.0,,,,1.5221774193548387,2487.0,0.45958986731001206,1,12,0.0,0,1
239,592,506,0,104,,,1.0,1.0,-14400.0,,,,1.1676528599605522,2487.0,0.09609971853638923,1,12,0.0,0,1
257,701,494,0,153,,,1.0,1.0,-14400.0,,,,1.4161616161616162,2486.0,0.10337892196299275,1,12,0.0,0,1
12,775,494,0,13,,,1.0,1.0,-14400.0,,,,1.5656565656565657,2486.0,0.004827031375703942,1,9,0.0,0,1
93,880,494,0,83,,,1.0,1.0,-14400.0,,,,1.7777777777777777,2486.0,0.037409493161705554,1,10,0.0,0,1
475,872,494,0,190,,,1.0,1.0,-14400.0,,,,1.7616161616161616,2486.0,0.1910699919549477,1,11,0.0,0,1
155,623,503,0,80,,,1.0,1.0,-14400.0,,,,1.2361111111111112,2486.0,0.06234915526950925,1,12,0.0,0,1
77,572,494,0,49,,,1.0,1.0,-14400.0,,,,1.1555555555555554,2486.0,0.030973451327433628,1,12,0.0,0,1
56,571,494,0,45,,,1.0,1.0,-14400.0,,,,1.1535353535353536,2486.0,0.02252614641995173,1,12,0.0,0,1
122,744,494,0,38,,,1.0,1.0,-14400.0,,,,1.503030303030303,2486.0,0.04907481898632341,1,12,0.0,0,1
7,537,494,0,2,,,1.0,1.0,-14400.0,,,,1.084848484848485,2486.0,0.0028157683024939663,1,12,0.0,0,1
213,652,495,0,150,,,1.0,1.0,-14400.0,,,,1.314516129032258,2486.0,0.08567980691874497,1,12,0.0,0,1
462,654,495,0,141,,,1.0,1.0,-14400.0,,,,1.3185483870967742,2486.0,0.18584070796460178,1,12,0.0,0,1
67,590,494,0,30,,,1.0,1.0,-14400.0,,,,1.1919191919191918,2485.0,0.026961770623742453,1,12,0.0,0,1
1223,696,507,0,211,,,1.0,1.0,-14400.0,,,,1.3700787401574803,2482.0,0.4927477840451249,1,12,0.07692307692307693,1,1
44,606,557,0,18,,,1.0,1.0,-14400.0,,,,1.086021505376344,2482.0,0.017727639000805803,1,12,0.07692307692307693,1,1
323,1142,496,0,172,,,1.0,1.0,-14400.0,,,,2.2977867203219318,2482.0,0.13013698630136986,1,12,0.07692307692307693,1,1
3,588,537,0,1,,,1.0,1.0,-14400.0,,,,1.0929368029739777,2482.0,0.0012087026591458502,1,12,0.0,0,1
34,610,494,0,52,,,1.0,1.0,-14400.0,,,,1.2323232323232323,2482.0,0.0136986301369863,1,12,0.0,0,1
116,847,495,0,118,,,1.0,1.0,-14400.0,,,,1.7076612903225807,2482.0,0.046736502820306204,1,13,0.0,0,1
942,747,494,0,241,,,1.0,1.0,-14400.0,,,,1.509090909090909,2482.0,0.37953263497179696,1,12,0.0,0,1
196,771,497,0,117,,,1.0,1.0,-14400.0,,,,1.5481927710843373,2482.0,0.0789685737308622,1,11,0.0,0,1
10306,930,562,0,29,,,1.0,1.0,-14400.0,,,,1.6518650088809947,2482.0,4.152296535052377,1,12,0.0,0,1
235,828,494,0,126,,,1.0,1.0,-14400.0,,,,1.6727272727272726,2482.0,0.09468170829975826,1,11,0.0,0,1
380,745,494,0,172,,,1.0,1.0,-14400.0,,,,1.505050505050505,2482.0,0.15310233682514102,1,12,0.0,0,1
226,578,494,0,105,,,1.0,1.0,-14400.0,,,,1.1676767676767676,2482.0,0.09105560032232071,1,12,0.0,0,1
17,577,533,0,11,,,1.0,1.0,-14400.0,,,,1.0805243445692885,2482.0,0.00684931506849315,1,12,0.0,0,1
127,590,494,0,55,,,1.0,1.0,-14400.0,,,,1.1919191919191918,2482.0,0.05116841257050766,1,12,0.0,0,1
14,337,315,0,6,,,1.0,1.0,-14400.0,,,,1.0664556962025316,2480.0,0.00564516129032258,1,17,0.0,0,1
232,320,207,0,21,,,1.0,1.0,-14400.0,,,,1.5384615384615385,2480.0,0.0935483870967742,1,20,0.0,0,1
750,445,278,0,89,,,1.0,1.0,-14400.0,,,,1.5949820788530467,2480.0,0.3024193548387097,1,18,0.0,0,1
429,483,305,0,81,,,1.0,1.0,-14400.0,,,,1.5784313725490196,2479.0,0.17305365066559097,1,19,0.0,0,1
7,303,278,0,5,,,1.0,1.0,-14400.0,,,,1.086021505376344,2478.0,0.002824858757062147,1,18,0.0,0,1
4,276,273,0,2,,,1.0,1.0,-14400.0,,,,1.0072992700729928,2477.0,0.0016148566814695195,1,18,0.0,0,1
1,533,520,0,1,,,1.0,1.0,-14400.0,,,,1.0230326295585412,2476.0,0.0004038772213247173,1,12,0.0,0,1
156,670,494,0,126,,,1.0,1.0,-14400.0,,,,1.3535353535353536,2475.0,0.06303030303030303,1,12,0.0,0,1
81,554,511,0,70,,,1.0,1.0,-14400.0,,,,1.08203125,2475.0,0.03272727272727273,1,12,0.0,0,1
169,548,494,0,74,,,1.0,1.0,-14400.0,,,,1.107070707070707,2475.0,0.06828282828282828,1,12,0.0,0,1
391,609,494,0,127,,,1.0,1.0,-18000.0,,,,1.2303030303030302,2473.0,0.1581075616659927,1,12,0.0,0,1
52,642,494,0,52,,,1.0,1.0,-14400.0,,,,1.2969696969696969,2473.0,0.021027092600080875,1,12,0.0,0,1
10,533,518,0,2,,,1.0,1.0,-18000.0,,,,1.0269749518304432,2469.0,0.004050222762251924,1,12,0.0,0,1
40,543,494,0,39,,,1.0,1.0,-14400.0,,,,1.096969696969697,2466.0,0.016220600162206,1,13,0.0,0,1
12,501,494,0,2,,,1.0,1.0,-14400.0,,,,1.0121212121212122,2466.0,0.004866180048661801,1,13,0.0,0,1
9,498,494,0,0,,,1.0,1.0,-14400.0,,,,1.006060606060606,2466.0,0.0036496350364963502,1,13,0.0,0,1
31,227,221,0,1,,,1.0,1.0,-14400.0,,,,1.0225225225225225,2464.0,0.012581168831168832,1,18,0.0,0,1
25,225,221,0,8,,,1.0,1.0,-14400.0,,,,1.0135135135135136,2464.0,0.010146103896103896,1,18,0.0,0,1
4,223,221,0,1,,,1.0,1.0,-14400.0,,,,1.0045045045045045,2463.0,0.0016240357287860333,1,18,0.0,0,1
1,525,494,0,0,,,1.0,1.0,-14400.0,,,,1.0606060606060606,2458.0,0.0004068348250610252,1,12,0.0,0,1
70,563,498,0,56,,,1.0,1.0,-14400.0,,,,1.128256513026052,2458.0,0.028478437754271765,1,12,0.0,0,1
27,321,254,0,14,,,1.0,1.0,-14400.0,,,,1.2588235294117647,2457.0,0.01098901098901099,1,18,0.0,0,1
11,286,281,0,7,,,1.0,1.0,-14400.0,,,,1.0141843971631206,2457.0,0.004477004477004477,1,19,0.0,0,1
17,572,540,0,10,,,1.0,1.0,-14400.0,,,,1.057301293900185,2455.0,0.006924643584521385,1,12,0.0,0,1
7,523,494,0,5,,,1.0,1.0,-14400.0,,,,1.0565656565656565,2455.0,0.0028513238289205704,1,12,0.0,0,1
294,585,494,0,133,,,1.0,1.0,-14400.0,,,,1.1818181818181819,2455.0,0.11975560081466395,1,12,0.0,0,1
81,539,494,0,32,,,1.0,1.0,-14400.0,,,,1.0888888888888888,2455.0,0.0329938900203666,1,12,0.0,0,1
62,592,494,0,87,,,1.0,1.0,-14400.0,,,,1.195959595959596,2455.0,0.02525458248472505,1,12,0.0,0,1
313,617,495,0,238,,,1.0,1.0,-14400.0,,,,1.2439516129032258,2451.0,0.127702978376173,1,12,0.0,0,1
4,326,267,0,27,,,1.0,1.0,-18000.0,,,,1.2164179104477613,2442.0,0.001638001638001638,1,18,0.0,0,1
18,309,263,0,8,,,1.0,1.0,-18000.0,,,,1.1704545454545454,2415.0,0.007453416149068323,1,18,0.0,0,1
80,561,495,0,81,,,1.0,1.0,-14400.0,,,,1.1310483870967742,2415.0,0.033126293995859216,1,12,0.0,0,1
33,585,494,0,32,,,1.0,1.0,-14400.0,,,,1.1818181818181819,2415.0,0.013664596273291925,1,12,0.0,0,1
45,521,496,0,22,,,1.0,1.0,-14400.0,,,,1.0482897384305836,2415.0,0.018633540372670808,1,12,0.0,0,1
3,529,503,0,4,,,1.0,1.0,-14400.0,,,,1.0496031746031746,2414.0,0.0012427506213753107,1,12,0.0,0,1
21,276,276,0,12,,,1.0,1.0,-14400.0,,,,0.9963898916967509,2414.0,0.008699254349627174,1,19,0.0,0,1
26,285,277,0,20,,,1.0,1.0,-14400.0,,,,1.025179856115108,2413.0,0.01077496891835889,1,19,0.0,0,1
2,509,494,0,2,,,1.0,1.0,-14400.0,,,,1.0282828282828282,2413.0,0.0008288437629506838,1,12,0.0,0,1
5,518,494,0,10,,,1.0,1.0,-14400.0,,,,1.0464646464646465,2412.0,0.0020729684908789387,1,12,0.0,0,1
5,499,495,0,1,,,1.0,1.0,-14400.0,,,,1.0060483870967742,2412.0,0.0020729684908789387,1,12,0.0,0,1
26,540,494,0,37,,,1.0,1.0,-14400.0,,,,1.0909090909090908,2411.0,0.010783907092492741,1,12,0.0,0,1
11,514,494,0,17,,,1.0,1.0,-14400.0,,,,1.0383838383838384,2411.0,0.004562422231439237,1,12,0.0,0,1
2,504,494,0,1,,,1.0,1.0,-14400.0,,,,1.018181818181818,2411.0,0.0008295313148071339,1,12,0.0,0,1
27,526,494,0,20,,,1.0,1.0,-14400.0,,,,1.0626262626262626,2410.0,0.011203319502074689,1,12,0.0,0,1
7,526,494,0,5,,,1.0,1.0,-14400.0,,,,1.0626262626262626,2407.0,0.0029081844619858743,1,12,0.0,0,1
1,510,494,0,0,,,1.0,1.0,-14400.0,,,,1.0303030303030303,2406.0,0.00041562759767248546,1,12,0.0,0,1
3,511,494,0,2,,,1.0,1.0,-14400.0,,,,1.0323232323232323,2406.0,0.0012468827930174563,1,12,0.0,0,1
1,506,494,0,1,,,1.0,1.0,-14400.0,,,,1.0222222222222221,2403.0,0.0004161464835622139,1,12,0.0,0,1
1,272,267,0,13,,,1.0,1.0,-18000.0,,,,1.0149253731343284,2403.0,0.0004161464835622139,1,18,0.0,0,1
516,473,250,0,64,,,1.0,1.0,-14400.0,,,,1.8844621513944224,2401.0,0.21491045397750938,1,20,0.0,0,1
522,533,252,0,75,,,1.0,1.0,-14400.0,,,,2.1067193675889326,2400.0,0.2175,1,18,0.0,0,1
274,407,247,0,27,,,1.0,1.0,-18000.0,,,,1.6411290322580645,2400.0,0.11416666666666667,1,17,0.0,0,1
250,277,242,0,12,,,1.0,1.0,-14400.0,,,,1.139917695473251,2400.0,0.10416666666666667,1,17,0.0,0,1
254,332,252,0,49,,,1.0,1.0,-14400.0,,,,1.3122529644268774,2400.0,0.10583333333333333,1,17,0.0,0,1
177,308,243,0,27,,,1.0,1.0,-14400.0,,,,1.2622950819672132,2399.0,0.07378074197582327,1,17,0.0,0,1
100,345,248,0,15,,,1.0,1.0,-14400.0,,,,1.3855421686746987,2399.0,0.041684035014589414,1,17,0.0,0,1
31,259,242,0,5,,,1.0,1.0,-18000.0,,,,1.0658436213991769,2399.0,0.012922050854522717,1,17,0.0,0,1
175,282,242,0,17,,,1.0,1.0,-14400.0,,,,1.1604938271604939,2399.0,0.07294706127553147,1,17,0.0,0,1
119,271,245,0,27,,,1.0,1.0,-14400.0,,,,1.1016260162601625,2399.0,0.049604001667361404,1,17,0.0,0,1
149,273,241,0,4,,,1.0,1.0,-14400.0,,,,1.128099173553719,2399.0,0.062109212171738225,1,17,0.0,0,1
40,264,247,0,10,,,1.0,1.0,-14400.0,,,,1.064516129032258,2399.0,0.016673614005835766,1,17,0.0,0,1
25,326,245,0,14,,,1.0,1.0,-14400.0,,,,1.3252032520325203,2399.0,0.010421008753647354,1,17,0.0,0,1
20,821,495,0,33,,,,1.0,-14400.0,,,,1.655241935483871,2399.0,0.008336807002917883,1,16,0.07692307692307693,1,1
4,557,494,0,0,,,,1.0,-14400.0,,,,1.1252525252525252,2399.0,0.0016673614005835765,1,20,0.07692307692307693,1,1
29,750,494,0,16,,,,1.0,-14400.0,,,,1.5151515151515151,2398.0,0.012093411175979984,1,16,0.07692307692307693,1,1
16,260,243,0,3,,,1.0,1.0,-14400.0,,,,1.0655737704918034,2398.0,0.006672226855713094,1,17,0.0,0,1
122,263,244,0,12,,,1.0,1.0,-14400.0,,,,1.073469387755102,2398.0,0.05087572977481234,1,17,0.0,0,1
3,633,494,0,22,,,,1.0,-14400.0,,,,1.2787878787878788,2398.0,0.0012510425354462051,1,16,0.07692307692307693,1,1
16,820,495,0,33,,,,1.0,-14400.0,,,,1.653225806451613,2398.0,0.006672226855713094,1,17,0.07692307692307693,1,1
7,579,494,0,24,,,,1.0,-14400.0,,,,1.1696969696969697,2398.0,0.0029190992493744786,1,15,0.07692307692307693,1,1
26,799,494,0,17,,,,1.0,-14400.0,,,,1.614141414141414,2398.0,0.010842368640533779,1,13,0.07692307692307693,1,1
49,582,494,0,53,,,,1.0,-14400.0,,,,1.1757575757575758,2397.0,0.020442219440967878,1,16,0.07692307692307693,1,1
13,628,494,0,18,,,,1.0,-14400.0,,,,1.2686868686868686,2397.0,0.005423445974134335,1,19,0.07692307692307693,1,1
2,571,494,0,11,,,,1.0,-14400.0,,,,1.1535353535353536,2397.0,0.0008343763037129745,1,19,0.07692307692307693,1,1
116,607,494,0,139,,,,1.0,-14400.0,,,,1.2262626262626262,2397.0,0.04839382561535253,1,18,0.07692307692307693,1,1
2,602,494,0,22,,,,1.0,-14400.0,,,,1.2161616161616162,2397.0,0.0008343763037129745,1,16,0.07692307692307693,1,1
10,638,494,0,42,,,,1.0,-14400.0,,,,1.288888888888889,2397.0,0.004171881518564873,1,19,0.07692307692307693,1,1
1,600,503,0,4,,,,1.0,-14400.0,,,,1.1904761904761905,2397.0,0.00041718815185648727,1,19,0.07692307692307693,1,1
244,623,494,0,171,,,,1.0,-14400.0,,,,1.2585858585858587,2397.0,0.1017939090529829,1,16,0.07692307692307693,1,1
3,605,495,0,5,,,1.0,1.0,-14400.0,,,,1.219758064516129,2395.0,0.0012526096033402922,1,16,0.0,0,1
25,584,558,0,5,,,1.0,1.0,-14400.0,,,,1.0447227191413238,2390.0,0.010460251046025104,1,12,0.0,0,1
13,276,272,0,5,,,1.0,1.0,-14400.0,,,,1.010989010989011,2389.0,0.0054416073670992045,1,18,0.0,0,1
8,1091,494,0,15,,,1.0,1.0,-14400.0,,,,2.2040404040404042,2388.0,0.0033500837520938024,1,19,0.0,0,1
25,298,299,0,13,,,1.0,1.0,-14400.0,,,,0.9933333333333333,2386.0,0.010477787091366304,1,19,0.0,0,1
212,348,280,0,45,,,1.0,1.0,-14400.0,,,,1.2384341637010676,2384.0,0.08892617449664429,1,19,0.0,0,1
1,586,494,0,5,,,1.0,1.0,-14400.0,,,,1.183838383838384,2384.0,0.00041946308724832214,1,14,0.0,0,1
284,382,284,0,42,,,1.0,1.0,-14400.0,,,,1.3403508771929824,2383.0,0.11917750734368443,1,19,0.0,0,1
140,329,280,0,26,,,1.0,1.0,-18000.0,,,,1.1708185053380782,2383.0,0.058749475451112046,1,19,0.0,0,1
243,402,311,0,59,,,1.0,1.0,-14400.0,,,,1.2884615384615385,2383.0,0.1019723038187159,1,19,0.0,0,1
211,335,283,0,38,,,1.0,1.0,-14400.0,,,,1.1795774647887325,2383.0,0.08854385228703315,1,19,0.0,0,1
187,316,281,0,20,,,1.0,1.0,-14400.0,,,,1.1205673758865249,2383.0,0.07847251363827108,1,19,0.0,0,1
416,435,287,0,112,,,1.0,1.0,-14400.0,,,,1.5104166666666667,2383.0,0.17456986991187579,1,19,0.0,0,1
256,333,287,0,46,,,1.0,1.0,-14400.0,,,,1.15625,2383.0,0.10742761225346202,1,19,0.0,0,1
369,427,282,0,43,,,1.0,1.0,-14400.0,,,,1.5088339222614842,2383.0,0.15484683172471675,1,19,0.0,0,1
274,448,284,0,57,,,1.0,1.0,-14400.0,,,,1.5719298245614035,2383.0,0.11498111624003357,1,19,0.0,0,1
195,316,280,0,23,,,1.0,1.0,-14400.0,,,,1.1245551601423487,2383.0,0.08182962652119177,1,19,0.0,0,1
94,301,281,0,22,,,1.0,1.0,-14400.0,,,,1.0673758865248226,2383.0,0.03944607637431809,1,19,0.0,0,1
68,292,278,0,14,,,1.0,1.0,-14400.0,,,,1.0465949820788532,2383.0,0.02853545950482585,1,19,0.0,0,1
271,429,283,0,59,,,1.0,1.0,-14400.0,,,,1.5105633802816902,2383.0,0.11372219890893831,1,19,0.0,0,1
261,473,315,0,44,,,1.0,1.0,-14400.0,,,,1.4968354430379747,2383.0,0.10952580780528745,1,19,0.0,0,1
69,301,279,0,19,,,1.0,1.0,-14400.0,,,,1.075,2383.0,0.028955098615190935,1,19,0.0,0,1
88,347,299,0,27,,,1.0,1.0,-14400.0,,,,1.1566666666666667,2383.0,0.03692824171212757,1,19,0.0,0,1
54,302,272,0,20,,,1.0,1.0,-14400.0,,,,1.1062271062271063,2383.0,0.022660511959714646,1,19,0.0,0,1
14,280,273,0,11,,,1.0,1.0,-14400.0,,,,1.0218978102189782,2383.0,0.005874947545111205,1,19,0.0,0,1
13,280,274,0,6,,,1.0,1.0,-14400.0,,,,1.018181818181818,2383.0,0.005455308434746118,1,19,0.0,0,1
171,352,283,0,27,,,1.0,1.0,-14400.0,,,,1.2394366197183098,2383.0,0.07175828787242972,1,16,0.0,0,1
186,346,278,0,37,,,1.0,1.0,-14400.0,,,,1.2401433691756272,2382.0,0.07808564231738035,1,19,0.0,0,1
145,309,278,0,23,,,1.0,1.0,-14400.0,,,,1.10752688172043,2382.0,0.06087321578505458,1,19,0.0,0,1
49,294,278,0,17,,,1.0,1.0,-14400.0,,,,1.053763440860215,2382.0,0.020570948782535684,1,19,0.0,0,1
96,332,278,0,25,,,1.0,1.0,-18000.0,,,,1.189964157706093,2382.0,0.04030226700251889,1,19,0.0,0,1
278,390,287,0,37,,,1.0,1.0,-14400.0,,,,1.3541666666666667,2382.0,0.11670864819479429,1,19,0.0,0,1
8,287,276,0,9,,,1.0,1.0,-14400.0,,,,1.036101083032491,2382.0,0.0033585222502099076,1,19,0.0,0,1
193,337,281,0,36,,,1.0,1.0,-14400.0,,,,1.1950354609929077,2382.0,0.08102434928631402,1,19,0.0,0,1
72,320,279,0,17,,,1.0,1.0,-14400.0,,,,1.1428571428571428,2382.0,0.030226700251889168,1,19,0.0,0,1
203,343,283,0,48,,,1.0,1.0,-18000.0,,,,1.2077464788732395,2382.0,0.0852225020990764,1,19,0.0,0,1
229,314,288,0,35,,,1.0,1.0,-14400.0,,,,1.0865051903114187,2382.0,0.09613769941225861,1,19,0.0,0,1
275,345,281,0,38,,,1.0,1.0,-14400.0,,,,1.2234042553191489,2382.0,0.11544920235096558,1,19,0.0,0,1
98,322,281,0,32,,,1.0,1.0,-14400.0,,,,1.1418439716312057,2382.0,0.04114189756507137,1,19,0.0,0,1
294,342,282,0,30,,,1.0,1.0,-14400.0,,,,1.2084805653710247,2382.0,0.12342569269521411,1,19,0.0,0,1
533,373,281,0,44,,,1.0,1.0,-14400.0,,,,1.322695035460993,2382.0,0.2237615449202351,1,19,0.0,0,1
277,386,283,0,34,,,1.0,1.0,-14400.0,,,,1.3591549295774648,2382.0,0.11628883291351805,1,19,0.0,0,1
122,320,281,0,25,,,1.0,1.0,-14400.0,,,,1.1347517730496455,2382.0,0.051217464315701094,1,19,0.0,0,1
164,354,284,0,29,,,1.0,1.0,-14400.0,,,,1.2421052631578948,2382.0,0.0688497061293031,1,19,0.0,0,1
208,337,283,0,36,,,1.0,1.0,-14400.0,,,,1.1866197183098592,2382.0,0.0873215785054576,1,19,0.0,0,1
233,365,281,0,30,,,1.0,1.0,-14400.0,,,,1.2943262411347518,2382.0,0.09781696053736356,1,19,0.0,0,1
428,326,279,0,34,,,1.0,1.0,-14400.0,,,,1.1642857142857144,2382.0,0.17968094038623006,1,19,0.0,0,1
96,304,279,0,13,,,1.0,1.0,-14400.0,,,,1.0857142857142856,2382.0,0.04030226700251889,1,19,0.0,0,1
83,299,278,0,16,,,1.0,1.0,-14400.0,,,,1.07168458781362,2382.0,0.03484466834592779,1,19,0.0,0,1
184,313,276,0,17,,,1.0,1.0,-14400.0,,,,1.1299638989169676,2382.0,0.07724601175482787,1,19,0.0,0,1
222,329,279,0,22,,,1.0,1.0,-14400.0,,,,1.175,2382.0,0.09319899244332494,1,19,0.0,0,1
96,316,279,0,34,,,1.0,1.0,-14400.0,,,,1.1285714285714286,2382.0,0.04030226700251889,1,19,0.0,0,1
111,295,279,0,22,,,1.0,1.0,-14400.0,,,,1.0535714285714286,2382.0,0.04659949622166247,1,19,0.0,0,1
99,299,279,0,14,,,1.0,1.0,-14400.0,,,,1.0678571428571428,2382.0,0.041561712846347604,1,19,0.0,0,1
189,318,279,0,21,,,1.0,1.0,-14400.0,,,,1.1357142857142857,2382.0,0.07934508816120907,1,19,0.0,0,1
62,337,284,0,15,,,1.0,1.0,-14400.0,,,,1.182456140350877,2382.0,0.026028547439126783,1,20,0.0,0,1
25,273,264,0,17,,,1.0,1.0,-14400.0,,,,1.030188679245283,2382.0,0.010495382031905962,1,19,0.0,0,1
170,338,279,0,32,,,1.0,1.0,-14400.0,,,,1.207142857142857,2382.0,0.07136859781696053,1,19,0.0,0,1
32,278,277,0,7,,,1.0,1.0,-14400.0,,,,1.0,2382.0,0.01343408900083963,1,19,0.0,0,1
176,348,280,0,48,,,1.0,1.0,-14400.0,,,,1.2384341637010676,2382.0,0.07388748950461797,1,19,0.0,0,1
40,295,280,0,15,,,1.0,1.0,-14400.0,,,,1.0498220640569396,2382.0,0.016792611251049538,1,19,0.0,0,1
214,325,279,0,33,,,1.0,1.0,-14400.0,,,,1.1607142857142858,2382.0,0.08984047019311503,1,19,0.0,0,1
53,308,278,0,11,,,1.0,1.0,-14400.0,,,,1.103942652329749,2382.0,0.02225020990764064,1,19,0.0,0,1
112,311,279,0,27,,,1.0,1.0,-14400.0,,,,1.1107142857142858,2382.0,0.047019311502938706,1,19,0.0,0,1
23,284,278,0,9,,,1.0,1.0,-14400.0,,,,1.017921146953405,2382.0,0.009655751469353484,1,19,0.0,0,1
98,315,279,0,20,,,1.0,1.0,-14400.0,,,,1.125,2382.0,0.04114189756507137,1,19,0.0,0,1
174,312,279,0,27,,,1.0,1.0,-14400.0,,,,1.1142857142857143,2382.0,0.07304785894206549,1,19,0.0,0,1
44,292,278,0,16,,,1.0,1.0,-14400.0,,,,1.0465949820788532,2382.0,0.018471872376154493,1,19,0.0,0,1
23,285,279,0,7,,,1.0,1.0,-14400.0,,,,1.0178571428571428,2382.0,0.009655751469353484,1,19,0.0,0,1
51,282,275,0,11,,,1.0,1.0,-14400.0,,,,1.0217391304347827,2382.0,0.021410579345088162,1,19,0.0,0,1
22,285,279,0,8,,,1.0,1.0,-14400.0,,,,1.0178571428571428,2382.0,0.009235936188077247,1,19,0.0,0,1
21,287,272,0,12,,,1.0,1.0,-14400.0,,,,1.0512820512820513,2382.0,0.008816120906801008,1,18,0.0,0,1
119,298,271,0,20,,,1.0,1.0,-14400.0,,,,1.0955882352941178,2382.0,0.049958018471872374,1,18,0.0,0,1
125,296,269,0,32,,,1.0,1.0,-14400.0,,,,1.0962962962962963,2382.0,0.05247691015952981,1,18,0.0,0,1
38,282,279,0,13,,,1.0,1.0,-14400.0,,,,1.0071428571428571,2382.0,0.01595298068849706,1,18,0.0,0,1
527,441,285,0,84,,,1.0,1.0,-14400.0,,,,1.5419580419580419,2382.0,0.22124265323257766,1,18,0.0,0,1
152,344,274,0,37,,,1.0,1.0,-14400.0,,,,1.250909090909091,2382.0,0.06381192275398824,1,18,0.0,0,1
132,335,275,0,19,,,1.0,1.0,-14400.0,,,,1.213768115942029,2382.0,0.055415617128463476,1,18,0.0,0,1
34,273,267,0,11,,,,1.0,-14400.0,,,,1.0186567164179106,2382.0,0.014273719563392108,1,18,0.0,0,1
460,366,275,0,63,,,1.0,1.0,-14400.0,,,,1.326086956521739,2382.0,0.19311502938706968,1,18,0.0,0,1
262,351,276,0,51,,,1.0,1.0,-14400.0,,,,1.2671480144404332,2382.0,0.10999160369437448,1,18,0.0,0,1
23,270,270,0,7,,,1.0,1.0,-36000.0,,,,0.996309963099631,2382.0,0.009655751469353484,1,18,0.0,0,1
99,303,271,0,20,,,1.0,1.0,-14400.0,,,,1.1139705882352942,2382.0,0.041561712846347604,1,18,0.0,0,1
82,282,271,0,14,,,1.0,1.0,-14400.0,,,,1.036764705882353,2382.0,0.03442485306465155,1,18,0.0,0,1
406,380,279,0,89,,,1.0,1.0,-14400.0,,,,1.3571428571428572,2382.0,0.1704450041981528,1,18,0.0,0,1
266,311,269,0,35,,,1.0,1.0,-14400.0,,,,1.151851851851852,2382.0,0.11167086481947942,1,18,0.0,0,1
61,277,270,0,15,,,1.0,1.0,-14400.0,,,,1.022140221402214,2382.0,0.025608732157850547,1,18,0.0,0,1
205,298,269,0,26,,,1.0,1.0,-14400.0,,,,1.1037037037037036,2382.0,0.08606213266162889,1,18,0.0,0,1
131,311,270,0,25,,,1.0,1.0,-14400.0,,,,1.1476014760147601,2382.0,0.05499580184718724,1,18,0.0,0,1
319,334,279,0,57,,,1.0,1.0,-14400.0,,,,1.1928571428571428,2382.0,0.13392107472712006,1,18,0.0,0,1
192,304,274,0,28,,,1.0,1.0,-14400.0,,,,1.1054545454545455,2382.0,0.08060453400503778,1,18,0.0,0,1
83,285,274,0,14,,,1.0,1.0,-14400.0,,,,1.0363636363636364,2382.0,0.03484466834592779,1,18,0.0,0,1
372,326,273,0,32,,,1.0,1.0,-14400.0,,,,1.1897810218978102,2382.0,0.1561712846347607,1,18,0.0,0,1
145,307,272,0,24,,,1.0,1.0,-14400.0,,,,1.1245421245421245,2382.0,0.06087321578505458,1,18,0.0,0,1
384,324,270,0,46,,,1.0,1.0,-18000.0,,,,1.1955719557195572,2382.0,0.16120906801007556,1,18,0.0,0,1
112,291,268,0,14,,,1.0,1.0,-14400.0,,,,1.0817843866171004,2382.0,0.047019311502938706,1,18,0.0,0,1
31,267,269,0,12,,,1.0,1.0,-14400.0,,,,0.9888888888888889,2382.0,0.013014273719563391,1,18,0.0,0,1
439,343,274,0,47,,,1.0,1.0,-14400.0,,,,1.2472727272727273,2382.0,0.18429890848026867,1,18,0.0,0,1
28,273,272,0,12,,,1.0,1.0,-14400.0,,,,1.0,2381.0,0.011759764804703907,1,18,0.0,0,1
33,283,270,0,10,,,1.0,1.0,-14400.0,,,,1.044280442804428,2381.0,0.01385972280554389,1,18,0.0,0,1
133,300,271,0,22,,,1.0,1.0,-14400.0,,,,1.1029411764705883,2381.0,0.05585888282234355,1,18,0.0,0,1
32,284,278,0,9,,,1.0,1.0,-14400.0,,,,1.017921146953405,2381.0,0.013439731205375893,1,18,0.0,0,1
29,270,269,0,12,,,1.0,1.0,-14400.0,,,,1.0,2381.0,0.012179756404871903,1,18,0.0,0,1
528,391,277,0,60,,,1.0,1.0,-14400.0,,,,1.4064748201438848,2381.0,0.22175556488870224,1,18,0.0,0,1
499,320,272,0,39,,,1.0,1.0,-14400.0,,,,1.1721611721611722,2381.0,0.2095758084838303,1,18,0.0,0,1
64,298,271,0,25,,,1.0,1.0,-14400.0,,,,1.0955882352941178,2381.0,0.026879462410751787,1,18,0.0,0,1
73,305,275,0,22,,,1.0,1.0,-14400.0,,,,1.105072463768116,2381.0,0.030659386812263753,1,18,0.0,0,1
760,406,281,0,74,,,1.0,1.0,-14400.0,,,,1.4397163120567376,2381.0,0.31919361612767744,1,18,0.0,0,1
82,285,267,0,14,,,1.0,1.0,-14400.0,,,,1.0634328358208955,2381.0,0.034439311213775727,1,18,0.0,0,1
176,325,269,0,33,,,1.0,1.0,-14400.0,,,,1.2037037037037037,2381.0,0.07391852162956741,1,18,0.0,0,1
59,275,268,0,15,,,1.0,1.0,-14400.0,,,,1.0223048327137547,2381.0,0.024779504409911803,1,18,0.0,0,1
331,331,269,0,41,,,1.0,1.0,-14400.0,,,,1.2259259259259259,2381.0,0.1390172196556069,1,18,0.0,0,1
360,374,277,0,41,,,1.0,1.0,-14400.0,,,,1.3453237410071943,2381.0,0.1511969760604788,1,18,0.0,0,1
35,271,269,0,15,,,1.0,1.0,-14400.0,,,,1.0037037037037038,2381.0,0.014699706005879883,1,18,0.0,0,1
300,332,273,0,40,,,1.0,1.0,-14400.0,,,,1.2116788321167884,2381.0,0.12599748005039899,1,18,0.0,0,1
11,272,270,0,7,,,1.0,1.0,-14400.0,,,,1.003690036900369,2381.0,0.004619907601847963,1,18,0.0,0,1
112,306,283,0,27,,,1.0,1.0,-14400.0,,,,1.0774647887323943,2381.0,0.047039059218815626,1,18,0.0,0,1
165,305,278,0,25,,,1.0,1.0,-14400.0,,,,1.093189964157706,2381.0,0.06929861402771945,1,18,0.0,0,1
124,287,271,0,24,,,1.0,1.0,-14400.0,,,,1.0551470588235294,2381.0,0.052078958420831586,1,18,0.0,0,1
20,273,271,0,4,,,1.0,1.0,-14400.0,,,,1.0036764705882353,2381.0,0.008399832003359933,1,18,0.0,0,1
70,298,281,0,18,,,1.0,1.0,-14400.0,,,,1.0567375886524824,2381.0,0.029399412011759767,1,18,0.0,0,1
115,290,263,0,16,,,1.0,1.0,-14400.0,,,,1.0984848484848484,2381.0,0.04829903401931961,1,18,0.0,0,1
208,330,280,0,30,,,1.0,1.0,-14400.0,,,,1.1743772241992882,2381.0,0.0873582528349433,1,18,0.0,0,1
34,289,281,0,9,,,1.0,1.0,-14400.0,,,,1.024822695035461,2381.0,0.014279714405711887,1,18,0.0,0,1
37,263,262,0,11,,,1.0,1.0,-14400.0,,,,1.0,2381.0,0.015539689206215875,1,18,0.0,0,1
89,280,262,0,21,,,1.0,1.0,-14400.0,,,,1.064638783269962,2381.0,0.0373792524149517,1,18,0.0,0,1
10,262,260,0,7,,,1.0,1.0,-14400.0,,,,1.003831417624521,2381.0,0.004199916001679967,1,18,0.0,0,1
106,295,262,0,19,,,1.0,1.0,-14400.0,,,,1.1216730038022813,2381.0,0.044519109617807646,1,18,0.0,0,1
65,279,265,0,14,,,1.0,1.0,-14400.0,,,,1.0488721804511278,2381.0,0.027299454010919783,1,18,0.0,0,1
60,302,281,0,14,,,1.0,1.0,-14400.0,,,,1.070921985815603,2381.0,0.0251994960100798,1,18,0.0,0,1
22,267,260,0,5,,,1.0,1.0,-14400.0,,,,1.0229885057471264,2381.0,0.009239815203695927,1,18,0.0,0,1
46,273,262,0,14,,,1.0,1.0,-14400.0,,,,1.038022813688213,2381.0,0.019319613607727847,1,18,0.0,0,1
117,300,247,0,30,,,1.0,1.0,-14400.0,,,,1.2096774193548387,2381.0,0.049139017219655606,1,18,0.0,0,1
177,310,282,0,32,,,1.0,1.0,-14400.0,,,,1.0954063604240283,2381.0,0.0743385132297354,1,19,0.0,0,1
72,268,260,0,13,,,1.0,1.0,-14400.0,,,,1.0268199233716475,2381.0,0.030239395212095756,1,19,0.0,0,1
1,272,274,0,5,,,1.0,1.0,-14400.0,,,,0.9890909090909091,2381.0,0.00041999160016799666,1,19,0.0,0,1
102,371,282,0,31,,,1.0,1.0,-14400.0,,,,1.3109540636042403,2381.0,0.04283914321713566,1,19,0.0,0,1
16,284,282,0,8,,,1.0,1.0,-14400.0,,,,1.0035335689045937,2381.0,0.006719865602687947,1,19,0.0,0,1
86,274,260,0,13,,,1.0,1.0,-14400.0,,,,1.049808429118774,2381.0,0.03611927761444771,1,19,0.0,0,1
98,279,263,0,17,,,1.0,1.0,-14400.0,,,,1.0568181818181819,2381.0,0.04115917681646367,1,19,0.0,0,1
32,292,276,0,16,,,1.0,1.0,-14400.0,,,,1.0541516245487366,2381.0,0.013439731205375893,1,19,0.0,0,1
14,289,283,0,7,,,1.0,1.0,-14400.0,,,,1.017605633802817,2381.0,0.005879882402351953,1,19,0.0,0,1
31,286,280,0,14,,,1.0,1.0,-14400.0,,,,1.0177935943060499,2381.0,0.013019739605207897,1,19,0.0,0,1
75,276,262,0,12,,,1.0,1.0,-14400.0,,,,1.049429657794677,2381.0,0.031499370012599746,1,19,0.0,0,1
68,279,263,0,13,,,1.0,1.0,-14400.0,,,,1.0568181818181819,2381.0,0.028559428811423773,1,19,0.0,0,1
11,265,261,0,6,,,1.0,1.0,-14400.0,,,,1.0114503816793894,2381.0,0.004619907601847963,1,19,0.0,0,1
35,293,283,0,10,,,1.0,1.0,-14400.0,,,,1.0316901408450705,2381.0,0.014699706005879883,1,19,0.0,0,1
38,293,283,0,12,,,1.0,1.0,-14400.0,,,,1.0316901408450705,2381.0,0.015959680806383873,1,19,0.0,0,1
51,273,261,0,11,,,1.0,1.0,-14400.0,,,,1.0419847328244274,2381.0,0.02141957160856783,1,19,0.0,0,1
61,284,277,0,16,,,1.0,1.0,-14400.0,,,,1.0215827338129497,2381.0,0.025619487610247797,1,19,0.0,0,1
89,294,279,0,11,,,1.0,1.0,-14400.0,,,,1.05,2381.0,0.0373792524149517,1,19,0.0,0,1
62,291,279,0,19,,,1.0,1.0,-14400.0,,,,1.0392857142857144,2381.0,0.026039479210415793,1,19,0.0,0,1
34,273,263,0,5,,,1.0,1.0,-14400.0,,,,1.0340909090909092,2381.0,0.014279714405711887,1,19,0.0,0,1
24,270,260,0,8,,,1.0,1.0,-14400.0,,,,1.0344827586206897,2381.0,0.01007979840403192,1,19,0.0,0,1
9,263,262,0,5,,,1.0,1.0,-14400.0,,,,1.0,2381.0,0.0037799244015119695,1,19,0.0,0,1
57,281,262,0,14,,,1.0,1.0,-14400.0,,,,1.0684410646387832,2381.0,0.02393952120957581,1,19,0.0,0,1
38,266,263,0,9,,,1.0,1.0,-14400.0,,,,1.0075757575757576,2381.0,0.015959680806383873,1,19,0.0,0,1
13,268,261,0,8,,,1.0,1.0,-14400.0,,,,1.0229007633587786,2381.0,0.005459890802183957,1,19,0.0,0,1
16,268,261,0,4,,,1.0,1.0,-14400.0,,,,1.0229007633587786,2380.0,0.0067226890756302525,1,19,0.0,0,1
18,298,261,0,14,,,1.0,1.0,-14400.0,,,,1.1374045801526718,2380.0,0.007563025210084034,1,19,0.0,0,1
19,263,262,0,7,,,1.0,1.0,-14400.0,,,,1.0,2380.0,0.007983193277310924,1,19,0.0,0,1
106,293,279,0,12,,,1.0,1.0,-14400.0,,,,1.0464285714285715,2380.0,0.04453781512605042,1,19,0.0,0,1
2,275,270,0,4,,,1.0,1.0,-14400.0,,,,1.014760147601476,2380.0,0.0008403361344537816,1,19,0.0,0,1
12,265,263,0,5,,,1.0,1.0,-14400.0,,,,1.003787878787879,2380.0,0.005042016806722689,1,19,0.0,0,1
18,265,262,0,9,,,1.0,1.0,-14400.0,,,,1.0076045627376427,2380.0,0.007563025210084034,1,19,0.0,0,1
15,265,261,0,7,,,1.0,1.0,-14400.0,,,,1.0114503816793894,2380.0,0.0063025210084033615,1,19,0.0,0,1
16,263,260,0,9,,,1.0,1.0,-14400.0,,,,1.0076628352490422,2380.0,0.0067226890756302525,1,19,0.0,0,1
32,290,283,0,6,,,1.0,1.0,-14400.0,,,,1.0211267605633803,2380.0,0.013445378151260505,1,19,0.0,0,1
28,268,260,0,11,,,1.0,1.0,-14400.0,,,,1.0268199233716475,2380.0,0.011764705882352941,1,19,0.0,0,1
120,297,264,0,17,,,1.0,1.0,-14400.0,,,,1.120754716981132,2380.0,0.05042016806722689,1,19,0.0,0,1
22,279,278,0,3,,,1.0,1.0,-14400.0,,,,1.0,2380.0,0.009243697478991597,1,19,0.0,0,1
3,266,261,0,4,,,1.0,1.0,-18000.0,,,,1.015267175572519,2380.0,0.0012605042016806723,1,19,0.0,0,1
7,263,261,0,4,,,1.0,1.0,-14400.0,,,,1.0038167938931297,2380.0,0.0029411764705882353,1,19,0.0,0,1
98,303,281,0,15,,,1.0,1.0,-14400.0,,,,1.074468085106383,2380.0,0.041176470588235294,1,19,0.0,0,1
2,278,271,0,3,,,1.0,1.0,-14400.0,,,,1.0220588235294117,2380.0,0.0008403361344537816,1,19,0.0,0,1
32,294,274,0,14,,,1.0,1.0,-14400.0,,,,1.069090909090909,2380.0,0.013445378151260505,1,19,0.0,0,1
101,278,261,0,19,,,1.0,1.0,-14400.0,,,,1.0610687022900764,2380.0,0.04243697478991597,1,19,0.0,0,1
9,271,272,0,36,,,1.0,1.0,-14400.0,,,,0.9926739926739927,2380.0,0.003781512605042017,1,19,0.0,0,1
1,270,270,0,0,,,1.0,1.0,-14400.0,,,,0.996309963099631,2380.0,0.0004201680672268908,1,19,0.0,0,1
12,274,260,0,7,,,1.0,1.0,-14400.0,,,,1.049808429118774,2380.0,0.005042016806722689,1,19,0.0,0,1
8,283,273,0,11,,,1.0,1.0,-14400.0,,,,1.032846715328467,2375.0,0.003368421052631579,1,20,0.0,0,1
1,311,272,0,29,,,1.0,1.0,-14400.0,,,,1.1391941391941391,2374.0,0.00042122999157540015,1,18,0.0,0,1
9,290,267,0,4,,,1.0,1.0,-14400.0,,,,1.0820895522388059,2374.0,0.0037910699241786015,1,18,0.0,0,1
34,301,294,0,10,,,1.0,1.0,-14400.0,,,,1.0203389830508474,2374.0,0.014321819713563605,1,19,0.0,0,1
18,639,553,0,6,,,1.0,1.0,-14400.0,,,,1.1534296028880866,2374.0,0.007582139848357203,1,12,0.0,0,1
24,540,494,0,15,,,1.0,1.0,-14400.0,,,,1.0909090909090908,2372.0,0.01011804384485666,1,16,0.0,0,1
3,779,494,0,11,,,1.0,1.0,-14400.0,,,,1.5737373737373737,2372.0,0.0012647554806070826,1,17,0.0,0,1
1,520,494,0,7,,,1.0,1.0,-14400.0,,,,1.0505050505050506,2372.0,0.00042158516020236085,1,13,0.0,0,1
51,547,494,0,31,,,1.0,1.0,-14400.0,,,,1.105050505050505,2371.0,0.021509911429776464,1,17,0.0,0,1
12,642,494,0,8,,,1.0,1.0,-14400.0,,,,1.2969696969696969,2371.0,0.005061155630535639,1,19,0.0,0,1
4,651,494,0,21,,,1.0,1.0,-14400.0,,,,1.3151515151515152,2371.0,0.001687051876845213,1,17,0.0,0,1
21,264,263,0,5,,,1.0,1.0,-14400.0,,,,1.0,2370.0,0.008860759493670886,1,19,0.0,0,1
9,531,494,0,7,,,1.0,1.0,-14400.0,,,,1.0727272727272728,2370.0,0.0037974683544303796,1,16,0.0,0,1
1,779,494,0,16,,,1.0,1.0,-14400.0,,,,1.5737373737373737,2370.0,0.0004219409282700422,1,17,0.0,0,1
5,551,494,0,15,,,1.0,1.0,-14400.0,,,,1.1131313131313132,2370.0,0.002109704641350211,1,15,0.0,0,1
12,621,494,0,23,,,1.0,1.0,-14400.0,,,,1.2545454545454546,2368.0,0.005067567567567568,1,14,0.0,0,1
22,621,494,0,26,,,1.0,1.0,-14400.0,,,,1.2545454545454546,2368.0,0.009290540540540541,1,16,0.0,0,1
16,576,494,0,9,,,1.0,1.0,-14400.0,,,,1.1636363636363636,2368.0,0.006756756756756757,1,14,0.0,0,1
1,592,494,0,6,,,1.0,1.0,-14400.0,,,,1.195959595959596,2368.0,0.0004222972972972973,1,14,0.0,0,1
4,618,494,0,2,,,1.0,1.0,-14400.0,,,,1.2484848484848485,2368.0,0.0016891891891891893,1,17,0.0,0,1
1,560,494,0,9,,,1.0,1.0,-14400.0,,,,1.1313131313131313,2367.0,0.0004224757076468103,1,14,0.0,0,1
2,543,494,0,1,,,1.0,1.0,-14400.0,,,,1.096969696969697,2367.0,0.0008449514152936206,1,17,0.0,0,1
3,659,494,0,7,,,1.0,1.0,-14400.0,,,,1.3313131313131312,2367.0,0.0012674271229404308,1,17,0.0,0,1
2,668,494,0,20,,,1.0,1.0,-14400.0,,,,1.3494949494949495,2367.0,0.0008449514152936206,1,15,0.0,0,1
15,598,494,0,34,,,1.0,1.0,-14400.0,,,,1.208080808080808,2367.0,0.0063371356147021544,1,17,0.0,0,1
1,544,494,0,3,,,1.0,1.0,-14400.0,,,,1.098989898989899,2367.0,0.0004224757076468103,1,16,0.0,0,1
1,886,494,0,15,,,1.0,1.0,-14400.0,,,,1.7898989898989899,2366.0,0.00042265426880811494,1,17,0.0,0,1
5,536,494,0,11,,,1.0,1.0,-14400.0,,,,1.082828282828283,2366.0,0.002113271344040575,1,13,0.0,0,1
2,510,494,0,3,,,1.0,1.0,-14400.0,,,,1.0303030303030303,2361.0,0.0008470986869970351,1,13,0.0,0,1
10,535,494,0,19,,,1.0,1.0,-14400.0,,,,1.0808080808080809,2361.0,0.004235493434985175,1,19,0.0,0,1
1,720,494,0,9,,,1.0,1.0,-14400.0,,,,1.4545454545454546,2361.0,0.00042354934349851756,1,15,0.0,0,1
1,576,494,0,8,,,1.0,1.0,-14400.0,,,,1.1636363636363636,2359.0,0.000423908435777872,1,17,0.0,0,1
2,681,494,0,15,,,1.0,1.0,-14400.0,,,,1.3757575757575757,2359.0,0.000847816871555744,1,18,0.0,0,1
1,659,494,0,11,,,1.0,1.0,-14400.0,,,,1.3313131313131312,2358.0,0.00042408821034775233,1,16,0.0,0,1
2,715,494,0,9,,,1.0,1.0,-14400.0,,,,1.4444444444444444,2358.0,0.0008481764206955047,1,14,0.0,0,1
4,508,494,0,0,,,1.0,1.0,-14400.0,,,,1.0262626262626262,2358.0,0.0016963528413910093,1,17,0.0,0,1
1,510,494,0,0,,,1.0,1.0,-14400.0,,,,1.0303030303030303,2358.0,0.00042408821034775233,1,19,0.0,0,1
1,524,494,0,1,,,1.0,1.0,-14400.0,,,,1.0585858585858585,2358.0,0.00042408821034775233,1,19,0.0,0,1
1,560,494,0,7,,,1.0,1.0,-14400.0,,,,1.1313131313131313,2357.0,0.00042426813746287653,1,19,0.0,0,1
9,654,494,0,29,,,1.0,1.0,-14400.0,,,,1.3212121212121213,2357.0,0.003818413237165889,1,18,0.0,0,1
1,564,494,0,3,,,1.0,1.0,-14400.0,,,,1.1393939393939394,2357.0,0.00042426813746287653,1,20,0.0,0,1
1,507,494,0,2,,,1.0,1.0,-14400.0,,,,1.0242424242424242,2347.0,0.00042607584149978694,1,16,0.0,0,1
1,545,494,0,0,,,,1.0,-14400.0,,,,1.101010101010101,2339.0,0.00042753313381787086,1,18,0.07692307692307693,1,1
2,575,494,0,0,,,,1.0,-14400.0,,,,1.1616161616161615,2334.0,0.000856898029134533,1,19,0.07692307692307693,1,1
2,260,254,0,4,,,1.0,1.0,-14400.0,,,,1.0196078431372548,2333.0,0.0008572653236176596,1,19,0.0,0,1
4,277,267,0,11,,,1.0,1.0,-14400.0,,,,1.0335820895522387,2309.0,0.0017323516673884798,1,19,0.0,0,1
5,261,259,0,4,,,1.0,1.0,-14400.0,,,,1.0038461538461538,2306.0,0.002168256721595837,1,19,0.0,0,1
29,303,279,0,12,,,1.0,1.0,-14400.0,,,,1.082142857142857,2270.0,0.01277533039647577,1,20,0.0,0,1
18,287,279,0,13,,,1.0,1.0,-14400.0,,,,1.025,2270.0,0.007929515418502203,1,20,0.0,0,1
11,314,284,0,7,,,1.0,1.0,-14400.0,,,,1.1017543859649124,2269.0,0.004847950639048039,1,20,0.0,0,1
15,287,279,0,5,,,1.0,1.0,-14400.0,,,,1.025,2267.0,0.0066166740185266875,1,20,0.0,0,1
13,270,261,0,12,,,1.0,1.0,-14400.0,,,,1.0305343511450382,2256.0,0.00576241134751773,1,19,0.0,0,1
87,371,304,0,40,,,1.0,1.0,-14400.0,,,,1.2163934426229508,2242.0,0.038804638715432646,1,19,0.0,0,1
3,212,206,0,18,,,1.0,1.0,-14400.0,,,,1.0241545893719808,2242.0,0.0013380909901873326,1,20,0.0,0,1
287,416,277,0,89,,,1.0,1.0,-14400.0,,,,1.4964028776978417,2241.0,0.12806782686300758,1,18,0.0,0,1
6,317,305,0,17,,,1.0,1.0,-14400.0,,,,1.0359477124183007,2240.0,0.0026785714285714286,1,19,0.0,0,1
32,269,263,0,12,,,1.0,1.0,-14400.0,,,,1.018939393939394,2239.0,0.014292094685127288,1,19,0.0,0,1
15,266,263,0,3,,,1.0,1.0,-14400.0,,,,1.0075757575757576,2238.0,0.006702412868632708,1,19,0.0,0,1
7,317,314,0,10,,,1.0,1.0,-14400.0,,,,1.0063492063492063,2236.0,0.0031305903398926656,1,17,0.0,0,1
3,586,523,0,2,,,1.0,1.0,-18000.0,,,,1.118320610687023,2235.0,0.0013422818791946308,1,12,0.0,0,1
2,264,264,0,2,,,1.0,1.0,-14400.0,,,,0.9962264150943396,2233.0,0.0008956560680698612,1,19,0.0,0,1
43,314,283,0,16,,,1.0,1.0,-18000.0,,,,1.1056338028169015,2207.0,0.019483461712732214,1,19,0.0,0,1
4,272,263,0,11,,,1.0,1.0,-18000.0,,,,1.0303030303030303,2207.0,0.0018124150430448573,1,20,0.0,0,1
2,302,263,0,13,,,1.0,1.0,-18000.0,,,,1.143939393939394,2206.0,0.0009066183136899365,1,20,0.0,0,1
36,302,283,0,13,,,1.0,1.0,-18000.0,,,,1.0633802816901408,2205.0,0.0163265306122449,1,19,0.0,0,1
2,286,263,0,12,,,1.0,1.0,-18000.0,,,,1.0833333333333333,2204.0,0.0009074410163339383,1,20,0.0,0,1
10,307,268,0,10,,,1.0,1.0,-18000.0,,,,1.141263940520446,2201.0,0.004543389368468878,1,17,0.0,0,1
3,261,260,0,7,,,,1.0,,,,,1.0,2196.0,0.001366120218579235,1,19,0.0,0,1
14,545,519,0,1,,,,1.0,,,,,1.0480769230769231,2196.0,0.006375227686703097,1,12,0.0,0,1
30,330,288,0,13,,,1.0,1.0,-18000.0,,,,1.1418685121107266,2186.0,0.013723696248856358,1,19,0.0,0,1
1,315,295,0,7,,,1.0,1.0,,,,,1.0641891891891893,2176.0,0.00045955882352941176,1,17,0.0,0,1
1,309,285,0,1,,,,1.0,-18000.0,,,,1.0804195804195804,2176.0,0.00045955882352941176,1,19,0.0,0,1
20,643,566,0,6,,,1.0,1.0,-18000.0,,,,1.1340388007054674,2175.0,0.009195402298850575,1,12,0.0,0,1
3,281,249,0,4,,,1.0,1.0,-25200.0,,,,1.124,2171.0,0.0013818516812528789,1,18,0.0,0,1
13,293,282,0,0,,,1.0,1.0,-18000.0,,,,1.0353356890459364,2170.0,0.005990783410138249,1,18,0.0,0,1
6,263,244,0,8,,,1.0,1.0,,,,,1.073469387755102,2164.0,0.0027726432532347504,1,20,0.0,0,1
100,331,306,0,11,,,1.0,1.0,-18000.0,,,,1.0781758957654723,2138.0,0.04677268475210477,1,19,0.0,0,1
25,332,269,0,14,,,1.0,1.0,-18000.0,,,,1.2296296296296296,2129.0,0.011742602160638797,1,18,0.0,0,1
1,205,200,0,6,,,1.0,1.0,-18000.0,,,,1.0199004975124377,2126.0,0.00047036688617121356,1,20,0.0,0,1
18,288,260,0,7,,,1.0,1.0,-18000.0,,,,1.103448275862069,2104.0,0.008555133079847909,1,19,0.0,0,1
6,263,257,0,3,,,1.0,1.0,-18000.0,,,,1.0193798449612403,2104.0,0.0028517110266159697,1,17,0.0,0,1
23,289,254,0,15,,,1.0,1.0,-18000.0,,,,1.1333333333333333,2103.0,0.010936757013789824,1,19,0.0,0,1
11,260,254,0,0,,,1.0,1.0,-18000.0,,,,1.0196078431372548,2103.0,0.005230622919638612,1,19,0.0,0,1
1,253,244,0,3,,,1.0,1.0,-18000.0,,,,1.0326530612244897,2078.0,0.00048123195380173246,1,20,0.0,0,1
520,798,494,0,160,,,1.0,1.0,-18000.0,,,,1.612121212121212,2077.0,0.25036109773712084,1,19,0.0,0,1
12,293,282,0,3,,,1.0,1.0,-18000.0,,,,1.0353356890459364,2068.0,0.005802707930367505,1,20,0.0,0,1
7,395,258,0,10,,,1.0,1.0,-18000.0,,,,1.5250965250965252,2066.0,0.003388189738625363,1,17,0.0,0,1
3,314,253,0,8,,,1.0,1.0,-18000.0,,,,1.236220472440945,2066.0,0.001452081316553727,1,16,0.0,0,1
2,263,259,0,5,,,1.0,1.0,-18000.0,,,,1.0115384615384615,2058.0,0.0009718172983479105,1,18,0.0,0,1
228,296,223,0,16,,,1.0,1.0,-18000.0,,,,1.3214285714285714,2056.0,0.11089494163424124,1,13,0.0,0,1
3,267,265,0,0,,,1.0,1.0,-18000.0,,,,1.0037593984962405,2054.0,0.0014605647517039922,1,20,0.0,0,1
3,477,292,0,14,,,1.0,1.0,-18000.0,,,,1.627986348122867,2041.0,0.0014698677119059284,1,17,0.0,0,1
2,605,518,0,6,,,1.0,1.0,-25200.0,,,,1.165703275529865,2029.0,0.0009857072449482504,1,16,0.0,0,1
31,277,263,0,8,,,1.0,1.0,-18000.0,,,,1.0492424242424243,2012.0,0.015407554671968192,1,15,0.0,0,1
12,266,263,0,2,,,1.0,1.0,-18000.0,,,,1.0075757575757576,2009.0,0.005973120955699353,1,16,0.0,0,1
4,293,263,0,6,,,1.0,1.0,-18000.0,,,,1.1098484848484849,2004.0,0.001996007984031936,1,17,0.0,0,1
1,299,297,0,0,,,1.0,1.0,-18000.0,,,,1.0033557046979866,1943.0,0.000514668039114771,1,20,0.0,0,1
11,268,259,0,6,,,1.0,1.0,-18000.0,,,,1.0307692307692307,1921.0,0.005726184279021343,1,20,0.0,0,1
1,263,258,0,1,,,1.0,1.0,-18000.0,,,,1.0154440154440154,1865.0,0.0005361930294906167,1,19,0.0,0,1
1,262,259,0,2,,,1.0,1.0,-18000.0,,,,1.0076923076923077,1832.0,0.0005458515283842794,1,19,0.0,0,1
1,261,259,0,3,,,1.0,1.0,-18000.0,,,,1.0038461538461538,1827.0,0.0005473453749315818,1,16,0.0,0,1
1,262,258,0,2,,,1.0,1.0,-18000.0,,,,1.0115830115830116,1827.0,0.0005473453749315818,1,15,0.0,0,1
7,286,278,0,3,,,1.0,1.0,-25200.0,,,,1.025089605734767,1742.0,0.004018369690011481,1,19,0.0,0,1
1,288,282,0,2,,,1.0,1.0,-25200.0,,,,1.017667844522968,1742.0,0.000574052812858783,1,15,0.0,0,1
2,290,278,0,1,,,1.0,1.0,-25200.0,,,,1.039426523297491,1742.0,0.001148105625717566,1,18,0.0,0,1
2,285,277,0,1,,,1.0,1.0,-25200.0,,,,1.025179856115108,1742.0,0.001148105625717566,1,17,0.0,0,1
1,288,282,0,1,,,1.0,1.0,-25200.0,,,,1.017667844522968,1742.0,0.000574052812858783,1,20,0.0,0,1
2,294,282,0,6,,,1.0,1.0,-25200.0,,,,1.03886925795053,1741.0,0.0011487650775416428,1,18,0.0,0,1
12,302,283,0,6,,,1.0,1.0,-25200.0,,,,1.0633802816901408,1741.0,0.0068925904652498565,1,17,0.0,0,1
5,304,287,0,3,,,1.0,1.0,-25200.0,,,,1.0555555555555556,1741.0,0.002871912693854107,1,20,0.0,0,1
4,295,277,0,8,,,1.0,1.0,-25200.0,,,,1.0611510791366907,1741.0,0.0022975301550832855,1,20,0.0,0,1
1,287,273,0,0,,,1.0,1.0,-25200.0,,,,1.0474452554744527,1741.0,0.0005743825387708214,1,19,0.0,0,1
7,299,287,0,4,,,1.0,1.0,-25200.0,,,,1.0381944444444444,1741.0,0.00402067777139575,1,17,0.0,0,1
10,302,283,0,5,,,1.0,1.0,-25200.0,,,,1.0633802816901408,1741.0,0.005743825387708214,1,18,0.0,0,1
7,292,279,0,2,,,1.0,1.0,-25200.0,,,,1.042857142857143,1741.0,0.00402067777139575,1,18,0.0,0,1
2,276,269,0,0,,,1.0,1.0,-25200.0,,,,1.0222222222222221,1740.0,0.0011494252873563218,1,20,0.0,0,1
6,298,286,0,3,,,1.0,1.0,-25200.0,,,,1.038327526132404,1740.0,0.0034482758620689655,1,20,0.0,0,1
33,309,285,0,17,,,1.0,1.0,-25200.0,,,,1.0804195804195804,1740.0,0.01896551724137931,1,18,0.0,0,1
1,278,269,0,1,,,1.0,1.0,-25200.0,,,,1.0296296296296297,1740.0,0.0005747126436781609,1,18,0.0,0,1
3,290,280,0,1,,,1.0,1.0,-25200.0,,,,1.0320284697508897,1740.0,0.0017241379310344827,1,14,0.0,0,1
4,287,279,0,3,,,1.0,1.0,-25200.0,,,,1.025,1740.0,0.0022988505747126436,1,18,0.0,0,1
4,300,289,0,5,,,1.0,1.0,-25200.0,,,,1.0344827586206897,1740.0,0.0022988505747126436,1,14,0.0,0,1
2,294,277,0,5,,,1.0,1.0,-25200.0,,,,1.0575539568345325,1740.0,0.0011494252873563218,1,19,0.0,0,1
33,301,285,0,6,,,1.0,1.0,-25200.0,,,,1.0524475524475525,1740.0,0.01896551724137931,1,15,0.0,0,1
6,294,286,0,4,,,1.0,1.0,-25200.0,,,,1.024390243902439,1740.0,0.0034482758620689655,1,18,0.0,0,1
1,291,279,0,2,,,1.0,1.0,-25200.0,,,,1.0392857142857144,1740.0,0.0005747126436781609,1,17,0.0,0,1
1,279,270,0,1,,,1.0,1.0,-25200.0,,,,1.029520295202952,1736.0,0.000576036866359447,1,18,0.0,0,1
2,285,271,0,2,,,1.0,1.0,-25200.0,,,,1.0477941176470589,1736.0,0.001152073732718894,1,18,0.0,0,1
3,292,279,0,8,,,1.0,1.0,-25200.0,,,,1.042857142857143,1736.0,0.0017281105990783411,1,19,0.0,0,1
1,288,279,0,5,,,1.0,1.0,-25200.0,,,,1.0285714285714285,1736.0,0.000576036866359447,1,12,0.0,0,1
1,289,281,0,3,,,1.0,1.0,-25200.0,,,,1.024822695035461,1735.0,0.0005763688760806917,1,18,0.0,0,1
1,296,291,0,2,,,1.0,1.0,-25200.0,,,,1.0136986301369864,1735.0,0.0005763688760806917,1,20,0.0,0,1
1,294,283,0,2,,,1.0,1.0,-25200.0,,,,1.0352112676056338,1734.0,0.0005767012687427913,1,16,0.0,0,1
5,293,284,0,4,,,1.0,1.0,-25200.0,,,,1.0280701754385966,1734.0,0.0028835063437139563,1,17,0.0,0,1
15,324,293,0,4,,,1.0,1.0,-25200.0,,,,1.1020408163265305,1734.0,0.00865051903114187,1,20,0.0,0,1
2,286,277,0,3,,,1.0,1.0,-25200.0,,,,1.0287769784172662,1734.0,0.0011534025374855825,1,18,0.0,0,1
2,288,279,0,2,,,1.0,1.0,-25200.0,,,,1.0285714285714285,1734.0,0.0011534025374855825,1,14,0.0,0,1
2,290,272,0,3,,,1.0,1.0,-25200.0,,,,1.0622710622710623,1734.0,0.0011534025374855825,1,19,0.0,0,1
2,281,269,0,1,,,1.0,1.0,-25200.0,,,,1.0407407407407407,1734.0,0.0011534025374855825,1,20,0.0,0,1
4,296,276,0,5,,,1.0,1.0,-25200.0,,,,1.068592057761733,1712.0,0.002336448598130841,1,20,0.0,0,1
2,605,518,0,2,,,1.0,1.0,-25200.0,,,,1.165703275529865,1711.0,0.0011689070718877848,1,20,0.0,0,1
2,278,264,0,1,,,1.0,1.0,-25200.0,,,,1.049056603773585,1711.0,0.0011689070718877848,1,18,0.0,0,1
1,304,287,0,5,,,1.0,1.0,-25200.0,,,,1.0555555555555556,1707.0,0.0005858230814294083,1,17,0.0,0,1
1,285,268,0,1,,,1.0,1.0,-25200.0,,,,1.0594795539033457,1704.0,0.0005868544600938967,1,18,0.0,0,1
1,282,271,0,3,,,1.0,1.0,-25200.0,,,,1.036764705882353,1704.0,0.0005868544600938967,1,16,0.0,0,1
1,273,267,0,0,,,1.0,1.0,-25200.0,,,,1.0186567164179106,1704.0,0.0005868544600938967,1,19,0.0,0,1
6,300,279,0,7,,,1.0,1.0,-25200.0,,,,1.0714285714285714,1704.0,0.0035211267605633804,1,17,0.0,0,1
1,302,280,0,1,,,1.0,1.0,-25200.0,,,,1.0747330960854093,1699.0,0.0005885815185403178,1,16,0.0,0,1
3,293,278,0,7,,,1.0,1.0,-25200.0,,,,1.050179211469534,1698.0,0.0017667844522968198,1,20,0.0,0,1
4,265,260,0,2,,,1.0,1.0,-25200.0,,,,1.0153256704980842,1692.0,0.002364066193853428,1,18,0.0,0,1
4,284,277,0,2,,,1.0,1.0,-25200.0,,,,1.0215827338129497,1691.0,0.002365464222353637,1,20,0.0,0,1
2,273,264,0,0,,,1.0,1.0,-25200.0,,,,1.030188679245283,1683.0,0.0011883541295306002,1,19,0.0,0,1
3,319,283,0,1,,,1.0,1.0,-25200.0,,,,1.1232394366197183,1683.0,0.0017825311942959,1,20,0.0,0,1
2,277,270,0,0,,,1.0,1.0,-25200.0,,,,1.022140221402214,1671.0,0.0011968880909634949,1,20,0.0,0,1
1,293,275,0,2,,,1.0,1.0,-25200.0,,,,1.0615942028985508,1670.0,0.0005988023952095808,1,20,0.0,0,1
3,277,269,0,1,,,1.0,1.0,-25200.0,,,,1.025925925925926,1669.0,0.0017974835230677051,1,17,0.0,0,1
1,281,268,0,2,,,1.0,1.0,-25200.0,,,,1.0446096654275092,1669.0,0.0005991611743559018,1,16,0.0,0,1
2,263,259,0,5,,,1.0,1.0,-25200.0,,,,1.0115384615384615,1669.0,0.0011983223487118035,1,20,0.0,0,1
4,297,278,0,4,,,1.0,1.0,-25200.0,,,,1.064516129032258,1666.0,0.0024009603841536613,1,20,0.0,0,1
1,288,278,0,3,,,1.0,1.0,-25200.0,,,,1.032258064516129,1643.0,0.0006086427267194157,1,18,0.0,0,1
3,282,280,0,2,,,,1.0,,,,,1.00355871886121,1643.0,0.0018259281801582471,1,13,0.0,0,1
1,254,241,0,8,,,1.0,1.0,-25200.0,,,,1.0495867768595042,1629.0,0.0006138735420503376,1,18,0.0,0,1
2,332,310,0,0,,,1.0,1.0,-25200.0,,,,1.067524115755627,1623.0,0.0012322858903265558,1,14,0.0,0,1
1,327,308,0,4,,,1.0,1.0,-25200.0,,,,1.058252427184466,1623.0,0.0006161429451632779,1,17,0.0,0,1
2,276,265,0,1,,,1.0,1.0,-25200.0,,,,1.037593984962406,1602.0,0.0012484394506866417,1,16,0.0,0,1
1,288,269,0,2,,,1.0,1.0,-28800.0,,,,1.0666666666666667,1589.0,0.0006293266205160479,1,20,0.0,0,1
2,195,180,0,9,,,1.0,1.0,-28800.0,,,,1.0773480662983426,1531.0,0.0013063357282821686,1,15,0.0,0,1
6,195,182,0,12,,,1.0,1.0,-28800.0,,,,1.0655737704918034,1531.0,0.003919007184846506,1,15,0.0,0,1
134,414,278,0,14,,,1.0,1.0,-25200.0,,,,1.4838709677419355,1484.0,0.09029649595687332,1,20,0.0,0,1
90,366,302,0,20,,,1.0,1.0,-25200.0,,,,1.2079207920792079,1484.0,0.06064690026954178,1,20,0.0,0,1
137,676,560,0,9,,,1.0,1.0,-25200.0,,,,1.2049910873440286,1483.0,0.09238031018206339,1,12,0.0,0,1
6,219,204,0,13,,,1.0,1.0,-25200.0,,,,1.0682926829268293,1482.0,0.004048582995951417,1,20,0.0,0,1
1,333,312,0,4,,,1.0,1.0,-25200.0,,,,1.0638977635782747,1482.0,0.0006747638326585695,1,16,0.0,0,1
32,304,278,0,0,,,1.0,1.0,-25200.0,,,,1.0896057347670252,1424.0,0.02247191011235955,1,15,0.0,0,1
9,321,302,0,1,,,1.0,1.0,-25200.0,,,,1.0594059405940595,1424.0,0.006320224719101123,1,20,0.0,0,1
19,607,560,0,1,,,1.0,1.0,-25200.0,,,,1.0819964349376114,1419.0,0.013389711064129669,1,12,0.0,0,1
2,322,312,0,0,,,,1.0,,,,,1.0287539936102237,1418.0,0.0014104372355430183,1,16,0.0,0,1
12,335,278,0,2,,,1.0,1.0,-25200.0,,,,1.200716845878136,1415.0,0.008480565371024734,1,15,0.0,0,1
12,349,302,0,5,,,1.0,1.0,-25200.0,,,,1.1518151815181519,1415.0,0.008480565371024734,1,20,0.0,0,1
40,610,560,0,1,,,1.0,1.0,-25200.0,,,,1.0873440285204992,1412.0,0.028328611898016998,1,12,0.0,0,1
17,280,219,0,4,,,1.0,1.0,-36000.0,,,,1.2727272727272727,1379.0,0.012327773749093546,1,17,0.0,0,1
36,527,278,0,21,,,1.0,1.0,-25200.0,,,,1.8888888888888888,1344.0,0.026785714285714284,1,16,0.0,0,1
38,218,1,0,0,1.0,1.0,1.0,1.0,-25200.0,,,,109.0,1343.0,0.028294862248696945,1,16,0.0,0,1
4,217,1,0,0,1.0,1.0,1.0,1.0,-25200.0,,,,108.5,1343.0,0.0029784065524944155,1,17,0.0,0,1
46,225,1,0,15,1.0,1.0,1.0,1.0,-25200.0,,,,112.5,1343.0,0.03425167535368578,1,20,0.0,0,1
100,268,225,0,26,,,1.0,1.0,-25200.0,,,,1.1858407079646018,1341.0,0.07457121551081283,1,17,0.0,0,1
47,309,241,0,12,,,1.0,1.0,-25200.0,,,,1.2768595041322315,1335.0,0.03520599250936329,1,18,0.0,0,1
19,266,217,0,18,,,1.0,1.0,-25200.0,,,,1.2201834862385321,1328.0,0.01430722891566265,1,20,0.0,0,1
11,59,152,0,11,,,1.0,1.0,-25200.0,,,,0.38562091503267976,1281.0,0.00858704137392662,1,19,0.0,0,1
7,63,135,0,12,,,1.0,1.0,-25200.0,,,,0.4632352941176471,1281.0,0.00546448087431694,1,18,0.0,0,1
1,55,101,0,4,,,1.0,1.0,-25200.0,,,,0.5392156862745098,1281.0,0.00078064012490242,1,16,0.0,0,1
1,55,116,0,4,,,1.0,1.0,-25200.0,,,,0.4700854700854701,1281.0,0.00078064012490242,1,16,0.0,0,1
2,154,142,0,3,,,1.0,1.0,-25200.0,,,,1.0769230769230769,1281.0,0.00156128024980484,1,19,0.0,0,1
15,183,158,0,10,,,1.0,1.0,-25200.0,,,,1.150943396226415,1281.0,0.0117096018735363,1,18,0.0,0,1
6,54,100,0,6,,,1.0,1.0,-25200.0,,,,0.5346534653465347,1281.0,0.00468384074941452,1,19,0.0,0,1
4,55,87,0,4,,,1.0,1.0,-25200.0,,,,0.625,1281.0,0.00312256049960968,1,19,0.0,0,1
3,59,101,0,7,,,1.0,1.0,-25200.0,,,,0.5784313725490197,1281.0,0.00234192037470726,1,20,0.0,0,1
1,53,97,0,2,,,1.0,1.0,-36000.0,,,,0.5408163265306123,1280.0,0.00078125,1,18,0.0,0,1
6,47,97,0,0,,,1.0,1.0,-36000.0,,,,0.47959183673469385,1280.0,0.0046875,1,19,0.0,0,1
2,58,107,0,9,,,1.0,1.0,-36000.0,,,,0.5370370370370371,1280.0,0.0015625,1,19,0.0,0,1
5,56,118,0,5,,,1.0,1.0,-36000.0,,,,0.47058823529411764,1280.0,0.00390625,1,17,0.0,0,1
1,48,99,0,3,,,1.0,1.0,-36000.0,,,,0.48,1280.0,0.00078125,1,18,0.0,0,1
41,169,151,0,12,,,1.0,1.0,-36000.0,,,,1.111842105263158,1280.0,0.03203125,1,20,0.0,0,1
218,332,245,0,31,,,1.0,1.0,-25200.0,,,,1.3495934959349594,1266.0,0.1721958925750395,1,16,0.0,0,1
17,530,300,0,8,,,,1.0,,,,,1.760797342192691,1260.0,0.013492063492063493,1,16,0.0,0,1
2,247,202,0,1,,,1.0,1.0,-25200.0,,,,1.2167487684729064,1251.0,0.0015987210231814548,1,16,0.0,0,1
47,267,234,0,7,,,1.0,1.0,-25200.0,,,,1.1361702127659574,1201.0,0.03913405495420483,1,20,0.0,0,1
