statuses_count,followers_count,friends_count,favourites_count,listed_count,default_profile,default_profile_image,geo_enabled,profile_use_background_image,utc_offset,is_translator,protected,verified,followers_friends_ratio,account_age_days,tweets_per_day,has_description,name_length,screen_name_digit_ratio,screen_name_has_digits,label
25,326,245,0,14,,,1.0,1.0,-14400.0,,,,1.3252032520325203,2399.0,0.0104210087536473,1,17,0.0,0,1
55,4,37,0,0,,,,1.0,,,,,0.1052631578947368,61.0,0.9016393442622952,0,16,0.0,0,1
69,6,41,0,0,,,,1.0,,,,,0.1428571428571428,70.0,0.9857142857142858,0,10,0.0,0,1
54336,717,638,56683,0,,,,1.0,-25200.0,,,,1.1220657276995305,1045.0,51.99617224880383,1,5,0.0,0,0
13155,3153,167,1604,13,,,1.0,1.0,-25200.0,,,,18.767857142857142,315.0,41.76190476190476,1,15,0.0,0,0
261,473,315,0,44,,,1.0,1.0,-14400.0,,,,1.4968354430379749,2383.0,0.1095258078052874,1,19,0.0,0,1
63,3,42,0,0,,,,1.0,,,,,0.0697674418604651,63.0,1.0,0,15,0.0,0,1
80,4,38,0,0,,,,1.0,,,,,0.1025641025641025,71.0,1.1267605633802815,0,12,0.0,0,1
62,3,42,0,0,,,,1.0,,,,,0.0697674418604651,66.0,0.9393939393939394,0,12,0.0,0,1
66,6,39,0,0,,,,1.0,,,,,0.15,69.0,0.9565217391304348,0,15,0.0,0,1
15924,1649,1475,1,9,,,,1.0,-18000.0,,,,1.117208672086721,1403.0,11.349964362081254,1,14,0.0,0,1
370,6077,6260,0,8,,,,1.0,10800.0,,,,0.9706117233668744,866.0,0.4272517321016166,1,5,0.0,0,1
22275,588,561,325,0,,,1.0,1.0,-14400.0,,,,1.0462633451957295,1854.0,12.014563106796116,1,7,0.2857142857142857,1,0
3886,81,218,0,4,1.0,1.0,1.0,1.0,-14400.0,,,,0.3698630136986301,863.0,4.502896871378911,0,13,0.1111111111111111,1,0
157,23,102,23,0,1.0,,,1.0,,,,,0.2233009708737864,1236.0,0.1270226537216828,0,13,0.0,0,0
1,228,619,0,0,,,,,,,,,0.3677419354838709,,,0,5,0.2222222222222222,1,1
10253,931,441,104,2,,,1.0,1.0,,,,,2.10633484162896,983.0,10.43031536113937,1,1,0.0,0,0
58,4,39,0,0,,,,1.0,,,,,0.1,61.0,0.9508196721311476,0,12,0.0,0,1
78,5,55,0,0,,,,1.0,,,,,0.0892857142857142,75.0,1.04,0,16,0.0,0,1
11334,349,348,2465,4,,,,1.0,7200.0,,,,1.0,1599.0,7.088180112570356,1,5,0.0,0,0
350,5737,6029,0,5,,,,1.0,10800.0,,,,0.9514096185737976,873.0,0.4009163802978236,1,13,0.0,0,1
169,254,427,45,8,,,,,,,,,0.5934579439252337,,,1,9,0.0,0,1
72,10,39,0,0,,,,1.0,,,,,0.25,73.0,0.9863013698630136,0,16,0.0,0,1
67,4,32,0,0,,,,1.0,,,,,0.1212121212121212,72.0,0.9305555555555556,0,16,0.0,0,1
28927,3268,1113,12391,17,,,1.0,,-25200.0,,,,2.933572710951526,380.0,76.12368421052632,1,6,0.0,0,0
12324,1218,795,0,8,,,,1.0,-18000.0,,,,1.530150753768844,1015.0,12.141871921182268,1,15,0.0,0,1
3192,93,227,1291,0,,,,1.0,3600.0,,,,0.4078947368421052,991.0,3.220988900100908,1,15,0.0,0,0
55,6,36,0,0,,,,1.0,,,,,0.1621621621621621,62.0,0.8870967741935484,0,15,0.0,0,1
85215,639,38,16625,6,,,1.0,1.0,-25200.0,,,,16.384615384615383,1112.0,76.63219424460432,1,5,0.1428571428571428,1,0
65,6,42,0,0,,,,1.0,,,,,0.1395348837209302,74.0,0.8783783783783784,0,10,0.0,0,1
12,265,263,0,5,,,1.0,1.0,-14400.0,,,,1.003787878787879,2380.0,0.0050420168067226,1,19,0.0,0,1
32374,333,192,10396,0,,,1.0,1.0,-25200.0,,,,1.7253886010362691,1426.0,22.70266479663394,1,7,0.0,0,0
35436,1877,731,114,35,1.0,,1.0,1.0,-18000.0,,,,2.564207650273224,1293.0,27.406032482598608,1,12,0.0,0,0
51,7,37,0,2,,,,1.0,,,,,0.1842105263157894,66.0,0.7727272727272727,0,9,0.0,0,1
12732,1149,932,1,16,,,,1.0,-14400.0,,,,1.2315112540192923,1397.0,9.113815318539729,1,16,0.1818181818181818,1,1
2857,1885,2064,12051,5,1.0,,1.0,1.0,,,,,0.9128329297820824,1688.0,1.6925355450236967,1,12,0.1428571428571428,1,0
116,607,494,0,139,,,,1.0,-14400.0,,,,1.2262626262626262,2397.0,0.0483938256153525,1,18,0.0769230769230769,1,1
45,6,45,0,0,,,,1.0,,,,,0.1304347826086956,58.0,0.7758620689655172,0,15,0.0,0,1
85,7,45,0,0,,,,1.0,,,,,0.1521739130434782,74.0,1.148648648648649,0,15,0.0,0,1
1,175,589,0,1,,,,,,,,,0.2966101694915254,,,0,9,0.1538461538461538,1,1
68,3,44,0,0,,1.0,,1.0,,,,,0.0666666666666666,72.0,0.9444444444444444,0,11,0.0,0,1
19452,2340,302,2220,1,,,1.0,1.0,-28800.0,,,,7.722772277227722,1999.0,9.730865432716358,1,1,0.0,0,0
43,1,43,0,0,,,,1.0,,,,,0.0227272727272727,67.0,0.6417910447761194,0,10,0.0,0,1
1,520,494,0,7,,,1.0,1.0,-14400.0,,,,1.0505050505050506,2372.0,0.0004215851602023,1,13,0.0,0,1
48,3,35,0,0,,,,1.0,,,,,0.0833333333333333,57.0,0.8421052631578947,0,15,0.0,0,1
59,3,37,0,0,,,,1.0,,,,,0.0789473684210526,65.0,0.9076923076923076,0,15,0.0,0,1
36,3,35,0,0,,,,1.0,,,,,0.0833333333333333,54.0,0.6666666666666666,0,14,0.0,0,1
45,5,41,0,0,,,,1.0,,,,,0.119047619047619,52.0,0.8653846153846154,0,14,0.0,0,1
47,5,38,0,0,,,,1.0,,,,,0.1282051282051282,57.0,0.8245614035087719,0,13,0.0,0,1
2,147,743,0,0,,,,,,,,,0.1975806451612903,,,0,6,0.2,1,1
21,91,381,0,0,,,,,,,,,0.2382198952879581,,,0,3,0.4,1,1
42,3,40,0,0,,,,1.0,,,,,0.073170731707317,59.0,0.711864406779661,0,11,0.0,0,1
6089,171,169,4165,0,,,1.0,1.0,-25200.0,,,,1.0058823529411764,1567.0,3.885768985322272,1,13,0.0,0,0
114,364,242,0,12,,,1.0,1.0,-14400.0,,,,1.4979423868312758,2566.0,0.044427123928293,1,17,0.0,0,1
11758,822,1747,1,5,1.0,,,1.0,,,,,0.4702517162471396,776.0,15.152061855670103,1,15,0.0,0,1
59,1,31,0,1,,,,1.0,,,,,0.03125,69.0,0.855072463768116,0,11,0.0,0,1
44,3,35,0,0,,,,1.0,,,,,0.0833333333333333,58.0,0.7586206896551724,0,11,0.0,0,1
3,193,183,0,5,,,1.0,1.0,-14400.0,,,,1.048913043478261,2541.0,0.0011806375442739,1,20,0.0,0,1
422,4367,4803,0,4,,,,1.0,10800.0,,,,0.9090341382181516,909.0,0.4642464246424642,1,16,0.0,0,1
67091,414,312,2337,2,1.0,,1.0,1.0,-36000.0,,,,1.3226837060702876,1178.0,56.95331069609507,1,14,0.0,0,0
4306,939,1983,373,51,,,1.0,1.0,7200.0,,,,0.4732862903225806,1688.0,2.550947867298578,1,15,0.0,0,0
43936,1271,1993,13514,5,,,1.0,1.0,-18000.0,,,,0.6374122367101304,1774.0,24.76662908680947,1,11,0.0,0,0
4367,404,1053,5,1,,,1.0,1.0,-10800.0,,,,0.3833017077798861,1654.0,2.640266021765417,1,19,0.25,1,0
53599,755,318,2785,12,,,1.0,1.0,-14400.0,,,,2.366771159874608,1038.0,51.63680154142582,1,5,0.0,0,0
329,80,198,13,1,,,1.0,1.0,7200.0,,,,0.4020100502512563,1317.0,0.2498101746393318,1,14,0.0,0,0
60,4,44,0,0,,,,1.0,,,,,0.0888888888888888,65.0,0.9230769230769232,0,14,0.0,0,1
5561,57,185,342,1,,,1.0,1.0,-10800.0,,,,0.3064516129032258,971.0,5.727085478887744,1,12,0.0,0,0
68,4,41,0,1,,,,1.0,,,,,0.0952380952380952,73.0,0.9315068493150684,0,11,0.0,0,1
71,10,42,0,0,,,,1.0,,,,,0.2325581395348837,72.0,0.9861111111111112,0,15,0.0,0,1
33,3,40,0,0,,,,1.0,,,,,0.073170731707317,54.0,0.6111111111111112,0,13,0.0,0,1
10008,253,359,209,3,,,1.0,1.0,-25200.0,,,,0.7027777777777777,1788.0,5.597315436241611,1,19,0.0,0,0
64,1,0,0,0,,,,1.0,10800.0,,,,1.0,874.0,0.0732265446224256,1,10,0.1818181818181818,1,1
50,54,156,0,0,,,,1.0,10800.0,,,,0.3439490445859872,873.0,0.0572737686139748,1,14,0.0,0,1
3,62,420,0,0,,,,,,,,,0.1472684085510688,,,0,8,0.0769230769230769,1,1
277,386,283,0,34,,,1.0,1.0,-14400.0,,,,1.3591549295774648,2382.0,0.116288832913518,1,19,0.0,0,1
14209,129,139,87,3,,,1.0,1.0,7200.0,,,,0.9214285714285714,1936.0,7.339359504132231,1,13,0.0,0,0
410,38,64,302,1,,,,1.0,-25200.0,,,,0.5846153846153846,381.0,1.0761154855643045,0,11,0.0,0,0
10354,1948,2096,3,88,,,,1.0,-25200.0,,,,0.9289461134954696,2255.0,4.591574279379158,1,13,0.2857142857142857,1,0
2338,200,509,1977,6,,,1.0,1.0,7200.0,,,,0.392156862745098,1242.0,1.8824476650563609,1,6,0.0,0,0
2,64,1113,0,0,,,,,,,,,0.0574506283662477,,,0,14,0.6,1,1
256,333,287,0,46,,,1.0,1.0,-14400.0,,,,1.15625,2383.0,0.107427612253462,1,19,0.0,0,1
17563,40368,30128,8,2858,,,,,,,,,1.339838693617445,,,1,10,0.0,0,1
11106,668,1287,1,2,,,,1.0,-18000.0,,,,0.5186335403726708,1414.0,7.854314002828854,1,12,0.0,0,1
59,1,44,0,0,,,,1.0,,,,,0.0222222222222222,72.0,0.8194444444444444,0,13,0.0,0,1
42,3,35,0,0,,,,1.0,,,,,0.0833333333333333,52.0,0.8076923076923077,0,15,0.0,0,1
76589,5883,1146,994,41,,,1.0,1.0,-14400.0,,,,5.129032258064516,1647.0,46.50212507589557,1,13,0.125,1,0
75,7,41,0,0,,,,1.0,,,,,0.1666666666666666,73.0,1.0273972602739727,0,11,0.0,0,1
126,427,264,0,22,,,1.0,1.0,-14400.0,,,,1.6113207547169812,2573.0,0.0489700738437621,1,18,0.0,0,1
54,6,38,0,0,,,,1.0,,,,,0.1538461538461538,65.0,0.8307692307692308,0,12,0.0,0,1
72,3,39,0,0,,,,1.0,,,,,0.075,71.0,1.0140845070422535,0,14,0.0,0,1
3,57,1411,0,0,,,,,,,,,0.0403682719546742,,,0,14,0.0769230769230769,1,1
43,2,34,0,0,,,,1.0,,,,,0.0571428571428571,52.0,0.8269230769230769,0,11,0.0,0,1
256,39,75,313,0,,,1.0,1.0,10800.0,,,,0.5131578947368421,110.0,2.327272727272727,1,18,0.0,0,0
156,588,521,0,10,,,1.0,1.0,-14400.0,,,,1.1264367816091954,2504.0,0.0623003194888178,1,12,0.0,0,1
68297,1229,284,2251,6,,,1.0,1.0,-14400.0,,,,4.312280701754386,2225.0,30.695280898876405,1,11,0.0,0,0
177,3,32,815,0,,,,,3600.0,,,,0.0909090909090909,121.0,1.462809917355372,1,8,0.0,0,0
54,0,38,0,1,,,,1.0,,,,,0.0,66.0,0.8181818181818182,0,14,0.0,0,1
77,611,522,0,13,,,1.0,1.0,-14400.0,,,,1.1682600382409178,2505.0,0.0307385229540918,1,12,0.0,0,1
1,309,285,0,1,,,,1.0,-18000.0,,,,1.0804195804195804,2176.0,0.0004595588235294,1,19,0.0,0,1
8,43,481,0,2,,,,,,,,,0.0892116182572614,,,0,14,0.25,1,1
63440,986,658,161,40,,,,1.0,3600.0,,,,1.496206373292868,2589.0,24.503669370413288,1,12,0.0,0,0
62,0,41,0,1,,,,1.0,,,,,0.0,71.0,0.8732394366197183,0,11,0.0,0,1
7,303,278,0,5,,,1.0,1.0,-14400.0,,,,1.086021505376344,2478.0,0.0028248587570621,1,18,0.0,0,1
7492,1860,1968,3783,4,1.0,,1.0,1.0,,,,,0.9446419502285424,487.0,15.383983572895277,1,13,0.0,0,0
16,562,521,0,6,,,1.0,1.0,-14400.0,,,,1.0766283524904214,2504.0,0.0063897763578274,1,12,0.0,0,1
51,589,1502,0,0,,,,,,,,,0.3918829008649367,,,1,11,0.0,0,1
41,1474,2001,0,2,,,,,,,,,0.7362637362637363,,,0,11,0.0,0,1
5361,275,171,2935,1,,,1.0,1.0,28800.0,,,,1.5988372093023255,1280.0,4.18828125,1,10,0.0,0,0
67,10,43,0,0,,,,1.0,,,,,0.2272727272727272,70.0,0.9571428571428572,0,13,0.0,0,1
68,9,37,0,0,,,,1.0,,,,,0.2368421052631578,70.0,0.9714285714285714,0,15,0.0,0,1
66,4,43,0,0,,,,1.0,,,,,0.0909090909090909,73.0,0.9041095890410958,0,15,0.0,0,1
80,3,50,0,0,,,,1.0,,,,,0.0588235294117647,70.0,1.1428571428571428,0,13,0.0,0,1
12119,1172,1836,0,2,,,,1.0,-14400.0,,,,0.637996733805117,1403.0,8.63791874554526,1,10,0.1818181818181818,1,1
39,2,44,0,0,,,,1.0,,,,,0.0444444444444444,52.0,0.75,0,11,0.0,0,1
60,3,33,0,0,,,,1.0,,,,,0.088235294117647,69.0,0.8695652173913043,0,13,0.0,0,1
69,11,38,0,0,,,,1.0,,,,,0.282051282051282,71.0,0.971830985915493,0,13,0.0,0,1
12905,1676,968,1,4,,,,1.0,-14400.0,,,,1.7296181630546956,1396.0,9.244269340974212,1,12,0.0,0,1
3,54,1447,0,1,,,,,,,,,0.037292817679558,,,0,12,0.1538461538461538,1,1
395,940,1102,2,1,,,,,,,,,0.8522212148685403,,,1,11,0.0769230769230769,1,1
733,1360,260,0,201,,,1.0,1.0,-14400.0,,,,5.210727969348659,2558.0,0.2865519937451133,1,18,0.0,0,1
149,273,241,0,4,,,1.0,1.0,-14400.0,,,,1.128099173553719,2399.0,0.0621092121717382,1,17,0.0,0,1
3087,220,214,2722,5,,,1.0,1.0,-36000.0,,,,1.0232558139534884,496.0,6.223790322580645,1,11,0.2666666666666666,1,0
58,6,43,0,0,,,,1.0,,,,,0.1363636363636363,68.0,0.8529411764705882,0,12,0.0,0,1
105,0,0,0,0,,,,1.0,10800.0,,,,0.0,874.0,0.120137299771167,1,15,0.0,0,1
76,5,38,0,0,,,,1.0,,,,,0.1282051282051282,71.0,1.0704225352112675,0,13,0.0,0,1
11444,191,247,59,0,,,1.0,1.0,28800.0,,,,0.7701612903225806,1685.0,6.791691394658754,1,12,0.0,0,0
70,10,41,0,0,,,,1.0,,,,,0.238095238095238,70.0,1.0,0,15,0.0,0,1
39,16,45,0,0,,,,1.0,,,,,0.3478260869565217,54.0,0.7222222222222222,0,15,0.0,0,1
66,5,39,0,0,,,,1.0,,,,,0.125,69.0,0.9565217391304348,0,14,0.0,0,1
180,669,1783,0,9,,,,,,,,,0.375,,,0,13,0.1428571428571428,1,1
71,3,38,0,0,,,,1.0,,,,,0.0769230769230769,72.0,0.9861111111111112,0,14,0.0,0,1
63,9,34,0,0,,,,1.0,,,,,0.2571428571428571,74.0,0.8513513513513513,0,16,0.0,0,1
67,3,36,0,0,,,,1.0,,,,,0.081081081081081,70.0,0.9571428571428572,0,14,0.0,0,1
83,2,32,0,0,,,,1.0,,,,,0.0606060606060606,71.0,1.1690140845070425,0,14,0.0,0,1
6804,931,1385,1773,2,1.0,,1.0,1.0,,,,,0.6717171717171717,451.0,15.086474501108649,1,6,0.0,0,0
54,3,36,0,0,,,,1.0,,,,,0.081081081081081,70.0,0.7714285714285715,0,13,0.0,0,1
69272,740,626,21788,23,1.0,,,1.0,,,,,1.1802232854864434,695.0,99.67194244604316,1,3,0.0,0,0
14761,895,540,6670,0,,,,1.0,-25200.0,,,,1.6543438077634012,1820.0,8.110439560439561,1,5,0.0,0,0
2,63,1467,0,0,,,,,,,,,0.0429155313351498,,,0,12,0.1538461538461538,1,1
96,158,179,39,0,1.0,,,1.0,,,,,0.8777777777777778,16.0,6.0,1,10,0.0,0,0
43,4,34,0,0,,,,1.0,,,,,0.1142857142857142,53.0,0.8113207547169812,0,15,0.0,0,1
1,168,577,0,0,,,,,,,,,0.2906574394463668,,,0,5,0.3333333333333333,1,1
1304,4605,511,148,14,,,,1.0,-14400.0,,,,8.994140625,826.0,1.5786924939467313,1,10,0.0,0,1
409,5054,5560,0,2,,,,1.0,10800.0,,,,0.9088293472397052,719.0,0.56884561891516,1,7,0.0,0,1
1645,784,508,620,7,,,1.0,,-18000.0,,,,1.5402750491159136,1702.0,0.9665099882491188,1,15,0.0,0,0
11859,348,317,1297,0,,,,1.0,-14400.0,,,,1.0943396226415094,1094.0,10.840036563071298,0,10,0.1111111111111111,1,0
1987,145,279,3565,2,,,,1.0,,,,,0.5178571428571429,1855.0,1.0711590296495956,1,13,0.2222222222222222,1,0
63,4,41,0,0,,,,1.0,,,,,0.0952380952380952,63.0,1.0,0,15,0.0,0,1
64,2,40,0,0,,,,1.0,,,,,0.048780487804878,70.0,0.9142857142857144,0,14,0.0,0,1
382,83,226,75,1,,,1.0,1.0,28800.0,,,,0.3656387665198238,109.0,3.5045871559633026,1,7,0.0,0,0
45,7,34,0,1,,,,1.0,,,,,0.2,54.0,0.8333333333333334,0,10,0.0,0,1
43,4,34,0,0,,,,1.0,,,,,0.1142857142857142,54.0,0.7962962962962963,0,12,0.0,0,1
182,677,1975,2,10,,,,,,,,,0.3426113360323887,,,1,24,0.0,0,1
38,5,35,0,0,,,,1.0,,,,,0.1388888888888889,53.0,0.7169811320754716,0,15,0.0,0,1
3765,171,283,4644,5,,,1.0,1.0,-18000.0,,,,0.602112676056338,307.0,12.26384364820847,0,4,0.4444444444444444,1,0
3357,273,238,2996,0,1.0,,1.0,1.0,,,,,1.1422594142259417,435.0,7.717241379310344,1,7,0.0,0,0
55,5,42,0,0,,,,1.0,,,,,0.1162790697674418,70.0,0.7857142857142857,0,10,0.0,0,1
49,2,42,0,0,,,,1.0,,,,,0.0465116279069767,61.0,0.8032786885245902,0,15,0.0,0,1
1243,128,345,70,3,1.0,,1.0,1.0,-18000.0,,,,0.3699421965317919,1261.0,0.985725614591594,1,15,0.0,0,0
20,264,250,0,5,,,1.0,1.0,-14400.0,,,,1.051792828685259,2558.0,0.0078186082877247,1,18,0.0,0,1
42,7,41,0,0,,,,1.0,,,,,0.1666666666666666,52.0,0.8076923076923077,0,15,0.0,0,1
1728,387,1217,997,3,1.0,,,1.0,19800.0,,,,0.3177339901477832,1333.0,1.296324081020255,1,19,0.3333333333333333,1,0
123,0,0,0,0,,,,1.0,10800.0,,,,0.0,872.0,0.1410550458715596,1,10,0.0,0,1
65,6,41,0,0,,,,1.0,,,,,0.1428571428571428,70.0,0.9285714285714286,0,16,0.0,0,1
621,850,541,0,57,,,1.0,1.0,-14400.0,,,,1.5682656826568266,2505.0,0.2479041916167664,1,16,0.0,0,1
58,6,36,0,1,,,,1.0,,,,,0.1621621621621621,65.0,0.8923076923076924,0,13,0.0,0,1
2,55,425,0,1,,,,,,,,,0.1291079812206572,,,0,9,0.1538461538461538,1,1
116,42,173,278,0,,,1.0,1.0,28800.0,,,,0.2413793103448276,1479.0,0.0784313725490196,1,13,0.0,0,0
74,7,32,0,1,,,,1.0,,,,,0.2121212121212121,74.0,1.0,0,13,0.0,0,1
57117,1732,1094,5807,110,,,,1.0,43200.0,,,,1.5817351598173517,2034.0,28.0811209439528,1,7,0.0,0,0
30,398,347,0,21,,,1.0,1.0,-14400.0,,,,1.1436781609195403,2574.0,0.0116550116550116,1,15,0.0,0,1
63,2,39,0,0,,,,1.0,,,,,0.05,68.0,0.9264705882352942,0,14,0.0,0,1
249,4527,4979,0,3,,,,1.0,10800.0,,,,0.9090361445783132,874.0,0.2848970251716247,1,7,0.0,0,1
156,567,1462,3,6,,,,,,,,,0.3875598086124402,,,1,7,0.0,0,1
1228,141,218,1514,0,1.0,,,1.0,,,,,0.6438356164383562,1000.0,1.228,1,13,0.0666666666666666,1,0
36045,887,628,2085,12,,,1.0,1.0,-39600.0,,,,1.410174880763116,2135.0,16.882903981264636,1,5,0.0,0,0
163168,6314,6735,6568,367,,,1.0,1.0,43200.0,,,,0.9373515439429928,2363.0,69.05120609394837,1,13,0.1666666666666666,1,0
93,356,1211,0,0,,,,,,,,,0.2937293729372937,,,1,11,0.0,0,1
38,3,37,0,0,,,,1.0,,,,,0.0789473684210526,56.0,0.6785714285714286,0,11,0.0,0,1
124,2,0,0,0,,,,1.0,10800.0,,,,2.0,875.0,0.1417142857142857,1,16,0.0,0,1
73,4,37,0,0,,,,1.0,,,,,0.1052631578947368,73.0,1.0,0,14,0.0,0,1
75,7,45,0,0,,,,1.0,,,,,0.1521739130434782,73.0,1.0273972602739727,0,16,0.0,0,1
1,79,515,0,0,,,,,,,,,0.1531007751937984,,,0,7,0.1818181818181818,1,1
39,11,37,0,0,,,,1.0,,,,,0.2894736842105263,69.0,0.5652173913043478,0,12,0.0,0,1
15889,741,579,2294,5,,,1.0,1.0,-18000.0,,,,1.2775862068965518,2224.0,7.144334532374101,1,17,0.0,0,0
55,6,41,0,0,,,,1.0,,,,,0.1428571428571428,62.0,0.8870967741935484,0,11,0.0,0,1
53,4,41,0,0,,,,1.0,,,,,0.0952380952380952,67.0,0.7910447761194029,0,13,0.0,0,1
990,712,859,223,22,,,,1.0,-18000.0,,,,0.827906976744186,1405.0,0.7046263345195729,1,11,0.1,1,0
52,850,1982,1,11,,,,,,,,,0.4286434694906707,,,0,16,0.0,0,1
44,7,41,0,0,,,,1.0,,,,,0.1666666666666666,53.0,0.8301886792452831,0,10,0.0,0,1
36,2,35,0,0,,,,1.0,,,,,0.0555555555555555,54.0,0.6666666666666666,0,16,0.0,0,1
1,58,778,0,0,,,,,,,,,0.0744544287548138,,,0,12,0.3333333333333333,1,1
16064,41442,4967,3079,80,,,,1.0,-25200.0,,,,8.341787439613526,2241.0,7.168228469433289,1,20,0.0,0,0
44,6,38,0,0,,,,1.0,,,,,0.1538461538461538,58.0,0.7586206896551724,0,16,0.0,0,1
6,332,291,0,9,,,1.0,1.0,-14400.0,,,,1.1369863013698631,2576.0,0.0023291925465838,1,19,0.0,0,1
43,8,35,0,0,,,,1.0,,,,,0.2222222222222222,70.0,0.6142857142857143,0,13,0.0,0,1
515,443,260,0,81,,,1.0,1.0,-14400.0,,,,1.6973180076628354,2558.0,0.2013291634089132,1,18,0.0,0,1
5736,2874,3176,0,6,1.0,,,1.0,10800.0,,,,0.9046270066100094,806.0,7.116625310173697,1,11,0.1538461538461538,1,1
14586,901,1685,9447,12,,,1.0,1.0,,,,,0.5344009489916963,601.0,24.26955074875208,1,15,0.0,0,0
12685,895,1794,1,2,,,,1.0,-18000.0,,,,0.4986072423398329,1028.0,12.339494163424124,1,15,0.0714285714285714,1,1
4264,134,240,4740,0,1.0,,1.0,1.0,,,,,0.5560165975103735,851.0,5.010575793184489,0,9,0.1538461538461538,1,0
32544,1570,833,199,22,,,1.0,1.0,28800.0,,,,1.8824940047961631,2169.0,15.00414937759336,1,9,0.1428571428571428,1,0
74,597,1800,0,1,,,,,,,,,0.3314825097168239,,,1,12,0.0,0,1
87,7,35,0,0,,,,1.0,,,,,0.1944444444444444,72.0,1.2083333333333333,0,13,0.0,0,1
32,756,530,0,27,,,1.0,1.0,-14400.0,,,,1.423728813559322,2505.0,0.0127744510978043,1,12,0.0,0,1
40,3,36,0,0,,,,1.0,,,,,0.081081081081081,55.0,0.7272727272727273,0,11,0.0,0,1
75,2,41,0,0,,,,1.0,,,,,0.0476190476190476,72.0,1.0416666666666667,0,10,0.0,0,1
58,4,42,0,0,,,,1.0,,,,,0.0930232558139534,71.0,0.8169014084507042,0,11,0.0,0,1
1588,299,540,17,8,,,1.0,1.0,-18000.0,,,,0.5526802218114603,2136.0,0.7434456928838952,1,19,0.0,0,0
55,5,39,0,0,,,,1.0,,,,,0.125,60.0,0.9166666666666666,0,12,0.0,0,1
3159,193,80,856,2,,,1.0,1.0,7200.0,,,,2.382716049382716,1451.0,2.177119228118539,1,7,0.0,0,0
295,4419,4861,0,4,,,,1.0,10800.0,,,,0.908885232414644,874.0,0.3375286041189931,1,12,0.0,0,1
57,6,43,0,1,,,,1.0,,,,,0.1363636363636363,71.0,0.8028169014084507,0,14,0.0,0,1
63,6,38,0,0,,,,1.0,,,,,0.1538461538461538,69.0,0.9130434782608696,0,14,0.0,0,1
107,0,0,0,0,,,,1.0,10800.0,,,,0.0,873.0,0.122565864833906,1,14,0.0,0,1
57,5,43,0,0,,,,1.0,,,,,0.1136363636363636,71.0,0.8028169014084507,0,13,0.0,0,1
72,6,41,0,1,,,,1.0,,,,,0.1428571428571428,72.0,1.0,0,12,0.0,0,1
27,560,520,0,8,,,1.0,1.0,-14400.0,,,,1.0748560460652592,2504.0,0.0107827476038338,1,12,0.0,0,1
990,65,126,215,2,1.0,,1.0,1.0,43200.0,,,,0.5118110236220472,751.0,1.318242343541944,0,5,0.0,0,0
1,299,297,0,0,,,1.0,1.0,-18000.0,,,,1.0033557046979866,1943.0,0.0005146680391147,1,20,0.0,0,1
113,319,656,0,1,,,,,,,,,0.4855403348554033,,,1,13,0.0,0,1
1727,266,386,5055,2,,,1.0,1.0,-25200.0,,,,0.6873385012919897,1213.0,1.4237427864798022,1,13,0.0,0,0
3,314,253,0,8,,,1.0,1.0,-18000.0,,,,1.236220472440945,2066.0,0.0014520813165537,1,16,0.0,0,1
79,9,43,0,0,,,,1.0,,,,,0.2045454545454545,72.0,1.0972222222222223,0,13,0.0,0,1
7,324,316,0,4,,,1.0,1.0,-14400.0,,,,1.0220820189274449,2575.0,0.0027184466019417,1,19,0.0,0,1
7836,552,373,2451,0,1.0,,,1.0,-14400.0,,,,1.4759358288770053,961.0,8.154006243496358,1,14,0.1333333333333333,1,0
54,5,43,0,0,,,,1.0,,,,,0.1136363636363636,67.0,0.8059701492537313,0,12,0.0,0,1
4414,57,71,112,0,,,1.0,1.0,7200.0,,,,0.7916666666666666,1315.0,3.356653992395437,1,6,0.0,0,0
25013,82,249,2683,2,,,,1.0,-25200.0,,,,0.328,1580.0,15.831012658227849,1,7,0.1428571428571428,1,0
52,4,45,0,0,,,,1.0,,,,,0.0869565217391304,60.0,0.8666666666666667,0,11,0.0,0,1
74,8,45,0,0,,,,1.0,,,,,0.1739130434782608,72.0,1.0277777777777777,0,13,0.0,0,1
4416,168,212,5707,0,1.0,,,1.0,,,,,0.7887323943661971,1206.0,3.661691542288557,1,12,0.0,0,0
15674,785,550,9166,8,,,1.0,1.0,-7200.0,,,,1.4246823956442831,1685.0,9.302077151335313,1,6,0.0,0,0
80,1,42,0,0,,1.0,,1.0,,,,,0.0232558139534883,74.0,1.0810810810810811,0,12,0.0,0,1
39610,57179,762,3765,291,,,,1.0,,,,,74.9397116644823,2120.0,18.683962264150946,1,8,0.0,0,0
35,2,42,0,0,,,,1.0,,,,,0.0465116279069767,69.0,0.5072463768115942,0,16,0.0,0,1
3188,45,24,19,0,,,,1.0,19800.0,,,,1.8,1978.0,1.6117290192113245,1,7,0.0,0,0
3451,4956,2652,239,244,,,,1.0,16200.0,,,,1.8680738786279685,2523.0,1.367816091954023,1,20,0.0,0,0
79,2,45,0,0,,,,1.0,,,,,0.0434782608695652,71.0,1.1126760563380282,0,13,0.0,0,1
77,9,41,0,0,,,,1.0,,,,,0.2142857142857142,73.0,1.0547945205479452,0,15,0.0,0,1
57,1,41,0,0,,,,1.0,,,,,0.0238095238095238,67.0,0.8507462686567164,0,12,0.0,0,1
10808,588,1276,1,4,1.0,,,1.0,-14400.0,,,,0.4604541895066562,776.0,13.927835051546392,1,14,0.0,0,1
64,8,41,0,1,,,,1.0,,,,,0.1904761904761904,61.0,1.0491803278688523,0,10,0.0,0,1
1,46,347,0,1,,,,,,,,,0.132183908045977,,,0,5,0.1,1,1
4969,436,943,740,2,,,1.0,1.0,28800.0,,,,0.461864406779661,1460.0,3.4034246575342464,1,7,0.0,0,0
213,4107,4432,0,5,,,,1.0,10800.0,,,,0.9264606361380556,875.0,0.2434285714285714,1,2,0.0,0,1
18,298,261,0,14,,,1.0,1.0,-14400.0,,,,1.1374045801526718,2380.0,0.007563025210084,1,19,0.0,0,1
45,4,44,0,1,,,,1.0,,,,,0.0888888888888888,59.0,0.7627118644067796,0,15,0.0,0,1
386,11,112,809,0,,,1.0,,,,,,0.0973451327433628,386.0,1.0,0,12,0.3,1,0
40,13,39,0,1,,,,1.0,,,,,0.325,70.0,0.5714285714285714,0,14,0.0,0,1
38,266,263,0,9,,,1.0,1.0,-14400.0,,,,1.0075757575757576,2381.0,0.0159596808063838,1,19,0.0,0,1
291,674,542,0,15,,,1.0,1.0,-14400.0,,,,1.2412523020257826,2505.0,0.1161676646706586,1,12,0.0,0,1
66011,6737,1681,3110,205,,,1.0,1.0,19800.0,,,,4.005350772889417,1932.0,34.16718426501035,1,8,0.0,0,0
48,10,40,0,0,,,,1.0,,,,,0.2439024390243902,70.0,0.6857142857142857,0,15,0.0,0,1
16,159,673,0,1,,,,,,,,,0.2359050445103857,,,0,19,0.0,0,1
3438,116,126,2722,2,,,,1.0,-7200.0,,,,0.9133858267716536,2149.0,1.599813866914844,1,3,0.0,0,0
32,1,2,206,0,,,,1.0,19800.0,,,,0.3333333333333333,43.0,0.7441860465116279,1,4,0.0,0,0
81,7,45,0,1,,,,1.0,,,,,0.1521739130434782,74.0,1.0945945945945943,0,12,0.0,0,1
44,1,41,0,0,,,,1.0,,,,,0.0238095238095238,68.0,0.6470588235294118,0,13,0.0,0,1
2755,2431,3169,0,4,,,,,,,,,0.7668769716088328,,,0,18,0.0,0,1
30,1145,1903,0,5,,,,,,,,,0.6013655462184874,,,0,11,0.1666666666666666,1,1
62,2,37,0,0,,,,1.0,,,,,0.0526315789473684,65.0,0.953846153846154,0,15,0.0,0,1
1536,912,564,0,136,,,1.0,1.0,-14400.0,,,,1.6141592920353982,2489.0,0.6171153073523503,1,12,0.0,0,1
63,5,39,0,1,,,,1.0,,,,,0.125,72.0,0.875,0,11,0.0,0,1
2254,105,183,11,0,,,1.0,1.0,-18000.0,,,,0.5706521739130435,1540.0,1.4636363636363636,1,10,0.0,0,0
12395,894,1731,1,2,1.0,,,1.0,,,,,0.5161662817551963,776.0,15.972938144329897,1,13,0.0,0,1
43,1,36,0,0,,,,1.0,,,,,0.027027027027027,58.0,0.7413793103448276,0,13,0.0,0,1
539,51,165,3209,0,,,,,,,,,0.3072289156626506,193.0,2.792746113989637,1,17,0.2857142857142857,1,0
36,2,32,0,0,,,,1.0,,,,,0.0606060606060606,58.0,0.6206896551724138,0,15,0.0,0,1
1778,108,127,713,1,,,,,,,,,0.84375,71.0,25.04225352112676,1,3,0.0,0,0
18001,550,129,5952,1,,,1.0,1.0,,,,,4.230769230769231,1315.0,13.68897338403042,1,6,0.3333333333333333,1,0
11182,280,285,11857,3,1.0,,,1.0,,,,,0.9790209790209792,764.0,14.63612565445026,1,8,0.2,1,0
18462,1060,557,2500,2,,,1.0,1.0,-18000.0,,,,1.899641577060932,1765.0,10.460056657223795,1,15,0.0,0,0
42,6,38,0,0,,,,1.0,,,,,0.1538461538461538,67.0,0.6268656716417911,0,12,0.0,0,1
25,225,221,0,8,,,1.0,1.0,-14400.0,,,,1.0135135135135136,2464.0,0.0101461038961038,1,18,0.0,0,1
44,4,34,0,0,,,,1.0,,,,,0.1142857142857142,58.0,0.7586206896551724,0,13,0.0,0,1
32,9,35,0,0,,,,1.0,,,,,0.25,54.0,0.5925925925925926,0,13,0.0,0,1
20563,275,236,1701,5,,,,,-25200.0,,,,1.160337552742616,808.0,25.449257425742573,1,17,0.0,0,0
81000,1423,1360,10556,9,,,1.0,1.0,-18000.0,,,,1.0455547391623805,2204.0,36.7513611615245,1,6,0.0909090909090909,1,0
1829,917,536,0,74,,,1.0,1.0,-14400.0,,,,1.7076350093109869,2489.0,0.7348332663720369,1,20,0.0,0,1
3,315,293,0,8,,,1.0,1.0,-18000.0,,,,1.0714285714285714,2576.0,0.0011645962732919,1,19,0.0,0,1
30048,620,387,9678,1,,,1.0,1.0,-10800.0,,,,1.597938144329897,672.0,44.71428571428572,1,7,0.0,0,0
55820,1930,1259,18314,33,1.0,,1.0,1.0,10800.0,,,,1.531746031746032,1744.0,32.00688073394495,1,19,0.0,0,0
78,250,1238,0,0,,,,,,,,,0.201775625504439,,,1,13,0.0,0,1
71,10,40,0,0,,,,1.0,,,,,0.2439024390243902,71.0,1.0,0,12,0.0,0,1
15,350,294,0,9,,,1.0,1.0,-14400.0,,,,1.1864406779661016,2576.0,0.0058229813664596,1,19,0.0,0,1
1088,151,148,13888,3,,,1.0,1.0,-10800.0,,,,1.0134228187919463,684.0,1.590643274853801,1,4,0.0,0,0
166,342,538,0,0,,,,1.0,10800.0,,,,0.634508348794063,872.0,0.1903669724770642,1,12,0.0,0,1
9662,146,21,1,0,1.0,1.0,,1.0,19800.0,,,,6.636363636363637,40.0,241.55,0,13,0.0,0,0
2,504,494,0,0,,,1.0,1.0,-14400.0,,,,1.018181818181818,2488.0,0.0008038585209003,1,12,0.0,0,1
24,0,0,0,0,,,,1.0,10800.0,,,,0.0,874.0,0.0274599542334096,1,13,0.0,0,1
1,189,606,0,0,,,,,,,,,0.3113673805601318,,,0,7,0.1818181818181818,1,1
3776,1295,1772,0,3,1.0,,,1.0,10800.0,,,,0.730400451212634,777.0,4.85971685971686,0,14,0.0,0,1
1,178,555,0,0,,,,,,,,,0.3201438848920863,,,0,6,0.2,1,1
28788,1218,336,11501,17,,,,1.0,18000.0,,,,3.614243323442136,1828.0,15.74835886214442,1,14,0.0,0,0
13,132,700,0,1,,,,,,,,,0.18830242510699,,,0,15,0.0,0,1
124434,1818,1985,7452,41,,,1.0,1.0,-14400.0,,,,0.9154078549848944,2221.0,56.0261143628996,1,13,0.2857142857142857,1,0
1093,611,766,0,3,1.0,,,1.0,10800.0,,,,0.7966101694915254,450.0,2.428888888888889,0,17,0.0,0,1
4996,407,416,107,7,,,1.0,1.0,-25200.0,,,,0.9760191846522782,1744.0,2.864678899082569,1,12,0.0,0,0
22664,576,323,6591,6,,,1.0,1.0,-18000.0,,,,1.7777777777777777,1973.0,11.487075519513432,1,12,0.0,0,0
12188,899,1804,1,1,1.0,,,1.0,-14400.0,,,,0.4980609418282548,1028.0,11.85603112840467,1,20,0.0666666666666666,1,1
11795,898,1794,1,6,1.0,,,1.0,,,,,0.5002785515320334,776.0,15.199742268041238,1,15,0.0,0,1
55,7,38,0,0,,,,1.0,,,,,0.1794871794871795,66.0,0.8333333333333334,0,13,0.0,0,1
60,3,41,0,0,,,,1.0,,,,,0.0714285714285714,62.0,0.967741935483871,0,10,0.0,0,1
1,188,602,0,0,,,,,,,,,0.3117744610281924,,,0,7,0.2727272727272727,1,1
69,7,49,0,0,,,,1.0,,,,,0.14,74.0,0.9324324324324323,0,9,0.0,0,1
11860,915,1735,1,0,,,,1.0,-14400.0,,,,0.527073732718894,1028.0,11.536964980544749,1,12,0.0909090909090909,1,1
3298,460,480,1898,4,1.0,,1.0,1.0,-36000.0,,,,0.9563409563409564,576.0,5.725694444444445,1,7,0.0,0,0
41214,819,758,294,2,1.0,,1.0,1.0,-14400.0,,,,1.0790513833992097,474.0,86.9493670886076,1,15,0.0,0,0
43,5,33,0,0,,,,1.0,,,,,0.1470588235294117,58.0,0.7413793103448276,0,14,0.0,0,1
26,551,522,0,8,,,1.0,1.0,-14400.0,,,,1.0535372848948374,2505.0,0.010379241516966,1,12,0.0,0,1
176,889,1690,0,7,,,,,,,,,0.5257244234180958,,,0,17,0.0,0,1
1,659,494,0,11,,,1.0,1.0,-14400.0,,,,1.3313131313131312,2358.0,0.0004240882103477,1,16,0.0,0,1
55,1,41,0,0,,,,1.0,,,,,0.0238095238095238,63.0,0.873015873015873,0,14,0.0,0,1
16424,273,121,12957,0,,,1.0,1.0,-25200.0,,,,2.237704918032787,1208.0,13.596026490066226,1,2,0.0,0,0
126,215,352,0,0,,,,1.0,10800.0,,,,0.6090651558073654,874.0,0.1441647597254004,1,12,0.0,0,1
65,9,39,0,0,,,,1.0,,,,,0.225,70.0,0.9285714285714286,0,14,0.0,0,1
1,205,586,0,0,,,,,,,,,0.3492333901192504,,,0,7,0.1818181818181818,1,1
1,142,442,0,0,,,,,,,,,0.3205417607223476,,,0,6,0.2,1,1
9052,758,971,5013,0,1.0,,,1.0,-18000.0,,,,0.779835390946502,267.0,33.90262172284644,1,5,0.0,0,0
23996,1903,790,2811,61,1.0,,,1.0,,,,,2.4058154235145386,1669.0,14.377471539844215,1,18,0.0,0,0
8260,333,324,8478,3,,,1.0,1.0,-10800.0,,,,1.0246153846153847,1014.0,8.14595660749507,1,15,0.0,0,0
59,5,35,0,0,,,,1.0,,,,,0.1388888888888889,67.0,0.8805970149253731,0,15,0.0,0,1
46,3,36,0,1,,,,1.0,,,,,0.081081081081081,58.0,0.7931034482758621,0,11,0.0,0,1
3643,431,565,7709,0,1.0,,1.0,1.0,,,,,0.7614840989399293,1126.0,3.2353463587921847,0,12,0.0,0,0
17068,629,838,3202,3,,,1.0,1.0,,,,,0.7497020262216925,880.0,19.395454545454545,1,10,0.0,0,0
153,256,330,0,0,,,,1.0,10800.0,,,,0.7734138972809668,873.0,0.1752577319587628,1,13,0.0,0,1
13372,10483,11711,3672,9,,,,1.0,-21600.0,,,,0.8950648907103825,1705.0,7.842815249266862,1,5,0.0,0,0
3588,474,255,371,9,,,1.0,1.0,7200.0,,,,1.8515625,1818.0,1.9735973597359733,1,11,0.0,0,0
13430,1547,833,4,43,,,1.0,1.0,-21600.0,,,,1.854916067146283,1837.0,7.310832879695155,1,12,0.0,0,0
5907,483,244,2690,1,1.0,,1.0,1.0,-25200.0,,,,1.9714285714285715,1194.0,4.947236180904523,1,9,0.1111111111111111,1,0
1735,82,100,33,3,,,1.0,1.0,3600.0,,,,0.8118811881188119,2366.0,0.7333051563820795,0,8,0.0,0,0
43,3,29,0,0,,,,1.0,,,,,0.1,54.0,0.7962962962962963,0,9,0.0,0,1
1,95,537,0,4,,,,,,,,,0.1765799256505576,,,0,5,0.2222222222222222,1,1
67,8,40,0,0,,,,1.0,,,,,0.1951219512195122,69.0,0.9710144927536232,0,15,0.0,0,1
63,9,39,0,2,,,,1.0,,,,,0.225,74.0,0.8513513513513513,0,15,0.0,0,1
67,2,36,0,0,,,,1.0,,,,,0.054054054054054,72.0,0.9305555555555556,0,15,0.0,0,1
60,8,40,0,0,,,,1.0,,,,,0.1951219512195122,68.0,0.8823529411764706,0,15,0.0,0,1
1,108,538,0,0,,,,,,,,,0.2003710575139146,,,0,4,0.25,1,1
43,5,36,0,0,,,,1.0,,,,,0.1351351351351351,56.0,0.7678571428571429,0,14,0.0,0,1
6641,1471,1977,7841,52,,,1.0,1.0,-25200.0,,,,0.743680485338726,2916.0,2.277434842249657,1,14,0.0,0,0
148445,2554,2308,857,112,,,,1.0,-25200.0,,,,1.1061065396275445,2261.0,65.65457762052189,1,10,0.3,1,0
12738,653,1795,1,3,,,,1.0,-18000.0,,,,0.3635857461024498,1194.0,10.668341708542714,1,17,0.0,0,1
990,688,809,0,1,1.0,,,1.0,10800.0,,,,0.8493827160493828,450.0,2.2,1,17,0.0,0,1
28431,1876,990,352,78,,,1.0,1.0,19800.0,,,,1.8930373360242176,1989.0,14.294117647058824,1,7,0.0,0,0
43,4,37,0,0,,,,1.0,,,,,0.1052631578947368,69.0,0.6231884057971014,0,11,0.0,0,1
1087,212,219,1300,0,1.0,,,1.0,-25200.0,,,,0.9636363636363636,693.0,1.5685425685425685,1,11,0.1111111111111111,1,0
1,282,271,0,3,,,1.0,1.0,-25200.0,,,,1.036764705882353,1704.0,0.0005868544600938,1,16,0.0,0,1
13740,269,98,1819,6,,,1.0,1.0,-14400.0,,,,2.717171717171717,2276.0,6.036906854130053,1,13,0.0,0,0
7945,694,632,4227,0,,,1.0,1.0,-25200.0,,,,1.0963665086887835,1016.0,7.81988188976378,1,7,0.0,0,0
40857,467,172,5226,2,,,1.0,1.0,3600.0,,,,2.699421965317919,1932.0,21.14751552795031,1,5,0.0,0,0
19061,243,241,487,22,1.0,,,1.0,,,,,1.0041322314049588,17.0,1121.235294117647,1,8,0.0,0,0
51,7,41,0,0,,,,1.0,,,,,0.1666666666666666,69.0,0.7391304347826086,0,16,0.0,0,1
9407,457,232,928,3,,,1.0,1.0,-36000.0,,,,1.96137339055794,1055.0,8.916587677725119,1,2,0.0,0,0
47,4,39,0,0,,,,1.0,,,,,0.1,55.0,0.8545454545454545,0,12,0.0,0,1
2147,125,70,421,0,1.0,,1.0,1.0,,,,,1.7605633802816902,723.0,2.9695712309820195,0,12,0.0,0,0
59,13,41,0,0,,,,1.0,,,,,0.3095238095238095,71.0,0.8309859154929577,0,15,0.0,0,1
83,8,41,0,0,,,,1.0,,,,,0.1904761904761904,73.0,1.1369863013698631,0,14,0.0,0,1
38242,448,350,38,32,,,1.0,1.0,43200.0,,,,1.2763532763532763,2230.0,17.148878923766816,0,5,0.0,0,0
38,5,34,0,0,,,,1.0,,,,,0.1428571428571428,67.0,0.5671641791044776,0,11,0.0,0,1
62,4,47,0,0,,,,1.0,,,,,0.0833333333333333,74.0,0.8378378378378378,0,13,0.0,0,1
19013,1166,801,5004,2,,,1.0,1.0,-25200.0,,,,1.453865336658354,658.0,28.8951367781155,1,6,0.0,0,0
80,6,40,0,0,,,,1.0,,,,,0.1463414634146341,72.0,1.1111111111111112,0,8,0.0,0,1
49037,2333,764,205,12,,,1.0,1.0,28800.0,,,,3.049673202614379,1640.0,29.900609756097563,1,5,0.0,0,0
3602,152,92,954,7,,,1.0,1.0,7200.0,,,,1.6344086021505375,936.0,3.8482905982905984,1,8,0.0,0,0
430,51,71,175,0,1.0,,1.0,1.0,,,,,0.7083333333333334,164.0,2.6219512195121952,0,12,0.0,0,0
58,7,39,0,0,,,,1.0,,,,,0.175,62.0,0.935483870967742,0,14,0.0,0,1
4685,230,209,3282,7,1.0,,,1.0,7200.0,,,,1.0952380952380951,129.0,36.31782945736434,1,7,0.0,0,0
61,2,36,0,0,,,,1.0,,,,,0.054054054054054,62.0,0.9838709677419356,0,11,0.0,0,1
2,52,1318,0,0,,,,,,,,,0.0394238059135708,,,0,12,0.0,0,1
49,6,44,0,0,,,,1.0,,,,,0.1333333333333333,69.0,0.7101449275362319,0,15,0.0,0,1
218,2904,3119,0,1,,,,1.0,10800.0,,,,0.9307692307692308,874.0,0.2494279176201373,1,4,0.0,0,1
6122,77,134,42,1,,,,1.0,7200.0,,,,0.5703703703703704,897.0,6.8249721293199554,1,6,0.0,0,0
216,150,125,351,0,1.0,,,1.0,,,,,1.1904761904761905,261.0,0.8275862068965517,0,5,0.0,0,0
43,1,41,0,0,,,,1.0,,,,,0.0238095238095238,68.0,0.6323529411764706,0,13,0.0,0,1
36,2,34,0,0,,,,1.0,,,,,0.0571428571428571,54.0,0.6666666666666666,0,15,0.0,0,1
2050,220,310,1112,1,,,,1.0,28800.0,,,,0.707395498392283,1813.0,1.1307225592939878,0,19,0.0,0,0
3575,179,249,6348,2,,,,1.0,-25200.0,,,,0.716,616.0,5.803571428571429,1,14,0.0,0,0
45,3,39,0,0,,,,1.0,,,,,0.075,68.0,0.6617647058823529,0,12,0.0,0,1
1890,46,86,14,11,1.0,,1.0,1.0,19800.0,,,,0.5287356321839081,1593.0,1.1864406779661016,1,15,0.0,0,0
66,312,253,0,14,,,1.0,1.0,-14400.0,,,,1.2283464566929134,2557.0,0.0258114978490418,1,18,0.0,0,1
540,2867,3068,0,5,,,,1.0,,,,,0.934180514825676,155.0,3.4838709677419355,1,5,0.0,0,1
2,91,1743,0,1,,,,,,,,,0.0521788990825688,,,0,15,0.3333333333333333,1,1
541,248,820,0,0,,,,1.0,-25200.0,,,,0.3020706455542022,170.0,3.1823529411764704,1,18,0.0,0,1
57,0,0,0,0,,,,1.0,10800.0,,,,0.0,873.0,0.0652920962199312,1,15,0.0,0,1
1321,35,164,122,1,,,,1.0,-28800.0,,,,0.2121212121212121,1753.0,0.753565316600114,1,2,0.0,0,0
222,37,386,0,1,,,,1.0,,,,,0.0956072351421188,76.0,2.921052631578948,0,12,0.0,0,1
3737,302,223,3394,0,1.0,,1.0,1.0,-14400.0,,,,1.3482142857142858,691.0,5.4081041968162085,1,7,0.0,0,0
34,5,39,0,0,,,,1.0,,,,,0.125,57.0,0.5964912280701754,0,15,0.0,0,1
207,3648,3799,0,8,,,,1.0,10800.0,,,,0.96,870.0,0.2379310344827586,1,9,0.0,0,1
46,8,47,0,0,,,,1.0,,,,,0.1666666666666666,55.0,0.8363636363636363,0,14,0.0,0,1
1,207,596,0,0,,,,,,,,,0.3467336683417085,,,0,7,0.1818181818181818,1,1
70,3,40,0,0,,,,1.0,,,,,0.073170731707317,75.0,0.9333333333333332,0,14,0.0,0,1
7,537,494,0,2,,,1.0,1.0,-14400.0,,,,1.084848484848485,2486.0,0.0028157683024939,1,12,0.0,0,1
73,8,44,0,0,,,,1.0,,,,,0.1777777777777777,72.0,1.0138888888888888,0,10,0.0,0,1
78,7,40,0,0,,,,1.0,,,,,0.1707317073170731,75.0,1.04,0,14,0.0,0,1
77,7,38,0,0,,,,1.0,,,,,0.1794871794871795,71.0,1.0845070422535212,0,16,0.0,0,1
21,683,2001,0,3,,,,,,,,,0.3411588411588411,,,0,7,0.0,0,1
53,1,0,0,0,,,,1.0,10800.0,,,,1.0,874.0,0.0606407322654462,1,12,0.0,0,1
47,9,41,0,0,,,,1.0,,,,,0.2142857142857142,68.0,0.6911764705882353,0,15,0.0,0,1
55,0,0,0,0,,,,1.0,10800.0,,,,0.0,873.0,0.0630011454753722,1,14,0.0,0,1
133,42,80,3,0,,,,1.0,,,,,0.5185185185185185,161.0,0.8260869565217391,0,12,0.0,0,1
557,369,246,0,55,,,1.0,1.0,-14400.0,,,,1.4939271255060729,2567.0,0.2169848071679002,1,17,0.0,0,1
137,29,124,0,0,,,,1.0,-25200.0,,,,0.232,30.0,4.566666666666666,1,17,0.0,0,1
131,235,296,0,0,,,,1.0,10800.0,,,,0.7912457912457912,875.0,0.1497142857142857,1,12,0.0,0,1
1,80,496,0,0,,,,,,,,,0.1609657947686116,,,0,5,0.3333333333333333,1,1
51,3,41,0,0,,,,1.0,,,,,0.0714285714285714,68.0,0.75,0,14,0.0,0,1
65,8,42,0,2,,,,1.0,,,,,0.1860465116279069,71.0,0.9154929577464788,0,13,0.0,0,1
60,6,34,0,1,,,,1.0,,,,,0.1714285714285714,69.0,0.8695652173913043,0,13,0.0,0,1
5862,484,839,4751,1,,,1.0,1.0,28800.0,,,,0.5761904761904761,1465.0,4.001365187713311,1,14,0.0714285714285714,1,0
70,563,498,0,56,,,1.0,1.0,-14400.0,,,,1.128256513026052,2458.0,0.0284784377542717,1,12,0.0,0,1
10875,597,1659,1,10,,,,1.0,-14400.0,,,,0.3596385542168674,784.0,13.871173469387756,1,12,0.0,0,1
5085,815,576,9465,1,1.0,,1.0,1.0,,,,,1.4124783362218372,827.0,6.148730350665055,0,5,0.0,0,0
1,159,587,0,1,,,,,,,,,0.2704081632653061,,,0,7,0.1818181818181818,1,1
184,313,276,0,17,,,1.0,1.0,-14400.0,,,,1.1299638989169676,2382.0,0.0772460117548278,1,19,0.0,0,1
453,23,147,1638,2,1.0,,,1.0,-25200.0,,,,0.1554054054054054,536.0,0.8451492537313433,1,13,0.0,0,0
69,8,43,0,0,,,,1.0,,,,,0.1818181818181818,73.0,0.9452054794520548,0,12,0.0,0,1
1,188,173,0,0,,,1.0,1.0,-14400.0,,,,1.0804597701149423,2513.0,0.0003979307600477,1,20,0.0,0,1
24289,500,409,7750,2,1.0,,1.0,1.0,,,,,1.2195121951219512,976.0,24.88627049180328,1,15,0.0,0,0
8359,86922,622,3373,614,,,1.0,1.0,-25200.0,,,,139.52166934189407,675.0,12.383703703703704,1,18,0.0,0,0
36,8,44,0,0,,,,1.0,,,,,0.1777777777777777,55.0,0.6545454545454545,0,16,0.0,0,1
29,381,316,0,11,,,1.0,1.0,-14400.0,,,,1.2018927444794951,2573.0,0.0112708900116595,1,17,0.0,0,1
43,4,38,0,0,,,,1.0,,,,,0.1025641025641025,68.0,0.6323529411764706,0,15,0.0,0,1
1478,88,207,644,1,1.0,,1.0,1.0,-14400.0,,,,0.4230769230769231,946.0,1.562367864693446,1,12,0.1428571428571428,1,0
1138,275,215,414,0,1.0,,,1.0,,,,,1.273148148148148,1260.0,0.9031746031746032,0,12,0.0,0,0
34,2,37,0,0,,,,1.0,,,,,0.0526315789473684,58.0,0.5862068965517241,0,12,0.0,0,1
1,50,222,0,0,,,,,,,,,0.2242152466367713,,,0,6,0.2,1,1
360,374,277,0,41,,,1.0,1.0,-14400.0,,,,1.3453237410071943,2381.0,0.1511969760604788,1,18,0.0,0,1
72,0,0,0,0,,,,1.0,10800.0,,,,0.0,872.0,0.0825688073394495,1,13,0.0,0,1
7207,212,150,1877,0,1.0,,1.0,1.0,,,,,1.403973509933775,631.0,11.421553090332806,0,5,0.375,1,0
104707,13828,252,16812,131,1.0,,,1.0,-14400.0,,,,54.65612648221344,309.0,338.85760517799355,1,18,0.0,0,0
190,743,530,0,26,,,1.0,1.0,-14400.0,,,,1.39924670433145,2489.0,0.0763358778625954,1,17,0.0,0,1
257,4461,4683,0,6,,,,1.0,10800.0,,,,0.952391118701964,803.0,0.3200498132004981,1,6,0.0,0,1
231,4936,5228,0,5,,,,1.0,10800.0,,,,0.943966341556703,873.0,0.2646048109965636,1,6,0.0,0,1
1,106,650,0,0,,,,,,,,,0.162826420890937,,,0,8,0.2307692307692307,1,1
44807,951,1011,843,55,1.0,,,1.0,10800.0,,,,0.9397233201581028,164.0,273.2134146341463,0,17,0.0,0,0
216,25,90,3,0,,,1.0,1.0,21600.0,,,,0.2747252747252747,1452.0,0.1487603305785124,0,5,0.25,1,0
62,6,41,0,0,,,,1.0,,,,,0.1428571428571428,69.0,0.8985507246376812,0,12,0.0,0,1
30,54,714,0,1,,,,,,,,,0.0755244755244755,,,0,12,0.1538461538461538,1,1
434,542,256,0,66,,,1.0,1.0,-14400.0,,,,2.1089494163424125,2558.0,0.1696637998436278,1,18,0.0,0,1
9551,337,630,655,1,,,1.0,1.0,,,,,0.5340729001584786,1592.0,5.999371859296482,1,14,0.0,0,1
56,5,43,0,0,,,,1.0,,,,,0.1136363636363636,68.0,0.8235294117647058,0,13,0.0,0,1
74,6,43,0,0,,,,1.0,,,,,0.1363636363636363,69.0,1.072463768115942,0,16,0.0,0,1
62,4,37,0,0,,,,1.0,,,,,0.1052631578947368,68.0,0.9117647058823528,0,13,0.0,0,1
24,0,0,0,0,,,,1.0,10800.0,,,,0.0,799.0,0.030037546933667,1,16,0.0,0,1
60,5,45,0,0,,,,1.0,,,,,0.108695652173913,66.0,0.9090909090909092,0,14,0.0,0,1
3,261,260,0,7,,,,1.0,,,,,1.0,2196.0,0.0013661202185792,1,19,0.0,0,1
44,6,42,0,0,,,,1.0,,,,,0.1395348837209302,56.0,0.7857142857142857,0,13,0.0,0,1
38,5,40,0,0,,,,1.0,,,,,0.1219512195121951,57.0,0.6666666666666666,0,16,0.0,0,1
1015,76,52,178,0,,,1.0,1.0,28800.0,,,,1.4339622641509433,1327.0,0.7648831951770911,1,11,0.0,0,0
244,109,81,3,0,,,1.0,,3600.0,,,,1.329268292682927,2289.0,0.1065967671472258,1,12,0.0,0,0
81,49,45,8,2,,,,1.0,,,,,1.065217391304348,566.0,0.1431095406360424,1,9,0.0,0,0
35972,646,604,16146,4,,,1.0,1.0,-10800.0,,,,1.0677685950413225,568.0,63.33098591549296,1,15,0.0,0,0
67,8,36,0,0,,,,1.0,,,,,0.2162162162162162,72.0,0.9305555555555556,0,12,0.0,0,1
60,5,41,0,0,,,,1.0,,,,,0.119047619047619,62.0,0.967741935483871,0,14,0.0,0,1
63,5,37,0,0,,,,1.0,,,,,0.131578947368421,70.0,0.9,0,13,0.0,0,1
56,316,1150,0,2,,,,,,,,,0.2745438748913988,,,0,14,0.0,0,1
96,304,279,0,13,,,1.0,1.0,-14400.0,,,,1.0857142857142856,2382.0,0.0403022670025188,1,19,0.0,0,1
118,0,0,0,0,,,,1.0,10800.0,,,,0.0,872.0,0.1353211009174312,1,16,0.0,0,1
21667,211,183,10498,1,,,1.0,1.0,-28800.0,,,,1.1467391304347827,1631.0,13.284488044144696,1,2,0.0,0,0
74,10,46,0,0,,,,1.0,,,,,0.2127659574468085,72.0,1.0277777777777777,0,14,0.0,0,1
2,51,209,0,1,,,,,,,,,0.2428571428571428,,,0,7,0.0,0,1
62,9,51,0,0,,,,1.0,,,,,0.173076923076923,71.0,0.8732394366197183,0,15,0.0,0,1
60,7,35,0,0,,,,1.0,,,,,0.1944444444444444,66.0,0.9090909090909092,0,15,0.0,0,1
5136,442,289,2759,1,,,1.0,1.0,,,,,1.5241379310344827,1091.0,4.707607699358387,1,6,0.0,0,0
108,0,0,0,0,,,,1.0,10800.0,,,,0.0,803.0,0.1344956413449564,1,14,0.0,0,1
79,3,36,0,0,,,,1.0,,,,,0.081081081081081,73.0,1.082191780821918,0,15,0.0,0,1
61,3,35,0,0,,,,1.0,,,,,0.0833333333333333,71.0,0.8591549295774648,0,14,0.0,0,1
410,85,179,133,0,1.0,,,1.0,10800.0,,,,0.4722222222222222,1038.0,0.394990366088632,1,20,0.0,0,0
35448,1171,182,184,2,,,1.0,1.0,-18000.0,,,,6.398907103825136,2249.0,15.761671854157404,0,8,0.0,0,0
12365,709,1659,1,4,,,,1.0,-14400.0,,,,0.4271084337349398,1027.0,12.039922103213245,1,17,0.0,0,1
37,6,32,0,0,,,,1.0,,,,,0.1818181818181818,54.0,0.6851851851851852,0,14,0.0,0,1
96,66,1024,112,1,,1.0,,1.0,-25200.0,,,,0.064390243902439,2257.0,0.0425343376163048,0,16,0.0,0,0
48,4,33,0,0,,,,1.0,,,,,0.1176470588235294,67.0,0.7164179104477612,0,14,0.0,0,1
54,1,31,0,1,,,,1.0,,,,,0.03125,70.0,0.7714285714285715,0,11,0.0,0,1
448,685,538,0,29,,,1.0,1.0,-14400.0,,,,1.2708719851576995,2505.0,0.1788423153692614,1,12,0.0,0,1
14052,1009,812,6037,3,,,1.0,1.0,28800.0,,,,1.2410824108241083,1534.0,9.160365058670145,1,3,0.0,0,0
141,276,327,0,0,,,,1.0,10800.0,,,,0.8414634146341463,871.0,0.1618828932261768,1,16,0.0,0,1
3997,141,140,831,0,1.0,,1.0,1.0,,,,,1.0,457.0,8.74617067833698,1,11,0.5,1,0
36,8,40,0,0,,,,1.0,,,,,0.1951219512195122,54.0,0.6666666666666666,0,14,0.0,0,1
15605,363,282,7921,1,1.0,,1.0,1.0,,,,,1.2826855123674912,854.0,18.272833723653395,1,11,0.0,0,0
47,9,42,0,0,,,,1.0,,,,,0.2093023255813953,69.0,0.6811594202898551,0,14,0.0,0,1
511,664,570,0,66,,,1.0,1.0,-14400.0,,,,1.1628721541155866,2505.0,0.2039920159680638,1,12,0.0,0,1
3566,225,230,3013,0,1.0,,1.0,1.0,,,,,0.974025974025974,230.0,15.504347826086956,1,4,0.0,0,0
62,4,40,0,0,,,,1.0,,,,,0.0975609756097561,69.0,0.8985507246376812,0,15,0.0,0,1
6881,441,534,2584,0,,,1.0,1.0,28800.0,,,,0.8242990654205608,1311.0,5.248665141113654,1,15,0.0,0,0
8531,477,354,6175,1,1.0,,1.0,1.0,-18000.0,,,,1.343661971830986,1201.0,7.103247293921732,1,5,0.0,0,0
44838,804,359,21987,11,,,,1.0,-18000.0,,,,2.2333333333333334,1651.0,27.15808600847971,1,16,0.0,0,0
267,579,281,25537,3,,,,1.0,-25200.0,,,,2.0531914893617023,847.0,0.3152302243211334,1,7,0.0,0,0
2,290,272,0,3,,,1.0,1.0,-25200.0,,,,1.0622710622710625,1734.0,0.0011534025374855,1,19,0.0,0,1
853,14,30,18,0,1.0,,,1.0,-18000.0,,,,0.4516129032258064,1564.0,0.5453964194373402,0,7,0.1428571428571428,1,0
311,124,0,0,0,,,,1.0,,,,,124.0,1244.0,0.25,1,11,0.1428571428571428,1,1
45,9,40,0,0,,,,1.0,,,,,0.2195121951219512,70.0,0.6428571428571429,0,15,0.0,0,1
114,1,0,0,0,,,,1.0,10800.0,,,,1.0,871.0,0.1308840413318025,1,14,0.0,0,1
44,2,38,0,0,,,,1.0,,,,,0.0512820512820512,70.0,0.6285714285714286,0,10,0.0,0,1
639,120,64,407,1,,,1.0,1.0,18000.0,,,,1.8461538461538465,564.0,1.1329787234042554,1,19,0.2666666666666666,1,0
60,5,42,0,0,,,,1.0,,,,,0.1162790697674418,68.0,0.8823529411764706,0,11,0.0,0,1
7698,535,331,4470,0,,,,1.0,-25200.0,,,,1.6114457831325302,1039.0,7.409047160731473,1,7,0.0,0,0
501,1248,1187,0,4,,,,,,,,,1.0505050505050506,,,0,14,0.0,0,1
200,889,1870,0,0,,,,,,,,,0.4751469802244789,,,1,16,0.0,0,1
136,290,348,0,0,,,,1.0,10800.0,,,,0.830945558739255,874.0,0.1556064073226544,1,13,0.0,0,1
61,4,41,0,0,,,,1.0,,,,,0.0952380952380952,65.0,0.9384615384615383,0,15,0.0,0,1
63,6,40,0,0,,,,1.0,,,,,0.1463414634146341,70.0,0.9,0,16,0.0,0,1
45,5,38,0,0,,,,1.0,,,,,0.1282051282051282,68.0,0.6617647058823529,0,16,0.0,0,1
43,6,35,0,0,,,,1.0,,,,,0.1666666666666666,56.0,0.7678571428571429,0,16,0.0,0,1
3505,368,381,3361,0,1.0,,1.0,1.0,-18000.0,,,,0.9633507853403142,818.0,4.284841075794621,1,14,0.0,0,0
57,6,37,0,0,,,,1.0,,,,,0.1578947368421052,70.0,0.8142857142857143,0,14,0.0,0,1
329,5205,5559,0,8,,,,1.0,10800.0,,,,0.9361510791366906,874.0,0.3764302059496567,1,3,0.0,0,1
61,5,41,0,0,,,,1.0,,,,,0.119047619047619,70.0,0.8714285714285714,0,15,0.0,0,1
24676,2049,379,24,23,,,,1.0,-18000.0,,,,5.392105263157895,2048.0,12.048828125,1,14,0.3333333333333333,1,0
13333,724,1303,1,1,,,,1.0,-18000.0,,,,0.5552147239263804,1318.0,10.11608497723824,1,15,0.0,0,1
217,73,212,180,1,1.0,,,1.0,-14400.0,,,,0.3427230046948357,490.0,0.4428571428571428,1,15,0.1428571428571428,1,0
23040,322,416,2716,1,,,1.0,1.0,28800.0,,,,0.7721822541966427,1924.0,11.975051975051976,1,19,0.0,0,0
73,5,47,0,1,,,,1.0,,,,,0.1041666666666666,75.0,0.9733333333333334,0,15,0.0,0,1
43,4,38,0,0,,,,1.0,,,,,0.1025641025641025,57.0,0.7543859649122807,0,12,0.0,0,1
41,5,34,0,0,,,,1.0,,,,,0.1428571428571428,58.0,0.7068965517241379,0,13,0.0,0,1
3354,3234,3367,0,5,1.0,,,1.0,7200.0,,,,0.9602137767220904,747.0,4.48995983935743,1,12,0.0,0,1
73,22,210,130,0,1.0,,,1.0,,,,,0.1042654028436018,209.0,0.3492822966507177,1,18,0.0,0,0
33,0,0,0,0,,,,1.0,10800.0,,,,0.0,872.0,0.0378440366972477,1,14,0.0,0,1
27,570,519,0,6,,,1.0,1.0,-14400.0,,,,1.0961538461538465,2499.0,0.0108043217286914,1,12,0.0,0,1
10608,524,709,1,5,1.0,,,1.0,,,,,0.7380281690140845,776.0,13.670103092783505,1,14,0.0,0,1
45,3,39,0,0,,,,1.0,,,,,0.075,58.0,0.7758620689655172,0,14,0.0,0,1
9812,324,199,4971,0,,,1.0,1.0,-25200.0,,,,1.62,1314.0,7.467275494672755,0,13,0.0,0,0
43,2,46,0,0,,,,1.0,,,,,0.0425531914893617,54.0,0.7962962962962963,0,14,0.0,0,1
18090,4367,128,39,57,,,,1.0,-18000.0,,,,33.85271317829457,2195.0,8.241457858769932,1,16,0.3636363636363636,1,0
5279,244,275,707,1,1.0,,1.0,1.0,-18000.0,,,,0.8840579710144928,904.0,5.839601769911504,0,9,0.0909090909090909,1,0
869,60,116,1215,0,1.0,,,1.0,,,,,0.5128205128205128,662.0,1.312688821752266,1,12,0.0,0,0
244,67,638,0,0,,,,1.0,,,,,0.1048513302034428,123.0,1.983739837398374,0,16,0.0,0,1
43,3,38,0,1,,,,1.0,,,,,0.0769230769230769,53.0,0.8113207547169812,0,16,0.0,0,1
2,36,1418,0,0,,,,,,,,,0.0253699788583509,,,0,14,0.0,0,1
430,666,2001,15,12,,,,,,,,,0.3326673326673326,,,0,18,0.125,1,1
17,577,533,0,11,,,1.0,1.0,-14400.0,,,,1.0805243445692885,2482.0,0.0068493150684931,1,12,0.0,0,1
6694,5644,4714,1,5,1.0,,,1.0,10800.0,,,,1.1970307529162247,755.0,8.866225165562915,1,14,0.0714285714285714,1,1
13197,1044,1397,1,4,,,,1.0,-18000.0,,,,0.7467811158798283,1090.0,12.107339449541284,1,17,0.0,0,1
3934,230,364,247,0,,,1.0,1.0,-10800.0,,,,0.6301369863013698,1202.0,3.2728785357737107,1,14,0.3333333333333333,1,0
2511,12049,12263,0,212,,,,,,,,,0.9824690150032616,,,1,12,0.0,0,1
453,266,1413,169,0,1.0,,,1.0,,,,,0.1881188118811881,557.0,0.8132854578096947,1,8,0.0909090909090909,1,0
12064,1400,422,5560,6,,,1.0,1.0,-18000.0,,,,3.309692671394799,1627.0,7.414874001229256,0,11,0.0,0,0
395,11144,10533,0,56,,,,,,,,,1.0579077273590278,,,1,17,0.0,0,1
5816,359,441,14514,1,,,1.0,,,,,,0.8122171945701357,995.0,5.845226130653266,1,11,0.0,0,0
676,58,178,70,0,,,,1.0,-36000.0,,,,0.3240223463687151,2540.0,0.2661417322834645,1,7,0.0,0,0
20,821,495,0,33,,,,1.0,-14400.0,,,,1.655241935483871,2399.0,0.0083368070029178,1,16,0.0769230769230769,1,1
36,5,40,0,0,,,,1.0,,,,,0.1219512195121951,70.0,0.5142857142857142,0,14,0.0,0,1
99,718,1891,0,4,,,,,,,,,0.379492600422833,,,0,16,0.0666666666666666,1,1
31247,212,143,5048,4,,,1.0,1.0,-18000.0,,,,1.4722222222222223,1740.0,17.958045977011494,1,12,0.0,0,0
233,3568,3583,0,1,,,,1.0,10800.0,,,,0.9955357142857144,872.0,0.2672018348623853,1,3,0.0,0,1
889,415,310,0,59,,,1.0,1.0,-14400.0,,,,1.3344051446945338,2537.0,0.3504138746551044,1,19,0.0,0,1
24831,1232,1040,672,20,,,,1.0,-25200.0,,,,1.1834774255523537,2249.0,11.040907069808805,1,1,0.3333333333333333,1,0
52158,1166,893,9429,1,,,1.0,1.0,-14400.0,,,,1.3042505592841165,743.0,70.19919246298788,0,4,0.0,0,0
148,0,0,0,0,,,,1.0,10800.0,,,,0.0,875.0,0.1691428571428571,1,12,0.1538461538461538,1,1
2855,767,175,1453,9,,,,1.0,-25200.0,,,,4.357954545454546,1033.0,2.76379477250726,1,12,0.0,0,0
25,292,1156,0,1,,,,,,,,,0.2523768366464995,,,0,12,0.0,0,1
12400,20973,59,0,1,,,,1.0,,,,,349.55,300.0,41.333333333333336,1,20,0.0,0,1
59,4,32,0,1,,,,1.0,,,,,0.1212121212121212,63.0,0.9365079365079364,0,14,0.0,0,1
110,0,0,0,0,,,,1.0,10800.0,,,,0.0,875.0,0.1257142857142857,1,14,0.0,0,1
1826,78,712,302,1,,,1.0,1.0,-28800.0,,,,0.1093969144460028,1450.0,1.2593103448275862,1,10,0.0,0,0
24704,300,2000,12269,9,,,,1.0,-14400.0,,,,0.1499250374812593,2017.0,12.247892910262768,1,17,0.0,0,0
12318,317,191,9024,0,,,1.0,,-25200.0,,,,1.6510416666666667,1008.0,12.220238095238097,1,5,0.0,0,0
8102,241,273,1067,0,,,1.0,1.0,7200.0,,,,0.8795620437956204,1156.0,7.008650519031142,1,16,0.0,0,0
2,114,581,0,1,,,,,,,,,0.1958762886597938,,,0,5,0.2222222222222222,1,1
11552,864,1605,1,2,1.0,,,1.0,,,,,0.5379825653798257,776.0,14.88659793814433,1,10,0.0,0,1
141,321,316,51,0,,,,,-25200.0,,,,1.0126182965299684,291.0,0.4845360824742268,1,5,0.2,1,0
62,8,37,0,0,,,,1.0,,,,,0.2105263157894736,71.0,0.8732394366197183,0,14,0.0,0,1
53,7,44,0,0,,,,1.0,,,,,0.1555555555555555,65.0,0.8153846153846154,0,15,0.0,0,1
3383,508,1158,1865,7,1.0,,1.0,1.0,,,,,0.4383088869715272,506.0,6.685770750988143,1,8,0.2,1,0
27,38,662,0,1,,,,,,,,,0.057315233785822,,,0,4,0.0,0,1
2300,128,170,1773,1,1.0,,1.0,1.0,,,,,0.7485380116959064,859.0,2.6775320139697323,1,10,0.0,0,0
75,165,739,11,1,,,1.0,,,,,,0.2229729729729729,,,0,21,0.0,0,1
45,0,35,0,0,,,,1.0,,,,,0.0,59.0,0.7627118644067796,0,11,0.0,0,1
65,4,37,0,0,,,,1.0,,,,,0.1052631578947368,68.0,0.9558823529411764,0,14,0.0,0,1
3,105,1143,0,3,,,,,,,,,0.0917832167832167,,,0,14,0.4285714285714285,1,1
303,6045,6564,0,6,,,,1.0,10800.0,,,,0.9207920792079208,874.0,0.3466819221967963,1,9,0.0,0,1
781,772,185,23349,4,,,,1.0,-25200.0,,,,4.150537634408602,738.0,1.0582655826558265,1,15,0.0,0,0
58,10,42,0,0,,,,1.0,,,,,0.2325581395348837,68.0,0.8529411764705882,0,15,0.0,0,1
16803,2289,2231,2133,3,,,1.0,1.0,-10800.0,,,,1.0255376344086022,870.0,19.31379310344828,1,4,0.0,0,0
5,281,192,0,54,,,1.0,1.0,-14400.0,,,,1.455958549222798,2554.0,0.0019577133907595,1,20,0.0,0,1
57,5,35,0,0,,1.0,,1.0,,,,,0.1388888888888889,73.0,0.7808219178082192,0,13,0.0,0,1
927,738,320,76,15,,,,1.0,7200.0,,,,2.299065420560748,392.0,2.364795918367347,1,16,0.0,0,1
40,4,33,0,0,,,,1.0,,,,,0.1176470588235294,52.0,0.7692307692307693,0,12,0.0,0,1
110,0,0,0,0,,,,1.0,10800.0,,,,0.0,873.0,0.1260022909507445,1,15,0.0,0,1
40,3,41,0,0,,,,1.0,,,,,0.0714285714285714,55.0,0.7272727272727273,0,13,0.0,0,1
2826,108,106,445,2,,,1.0,,-25200.0,,,,1.0093457943925233,2217.0,1.2746955345060893,1,3,0.0,0,0
7051,189,206,2449,1,,,,1.0,-25200.0,,,,0.9130434782608696,2032.0,3.46998031496063,1,6,0.0,0,0
1769,205,251,0,1,1.0,,,1.0,,,,,0.8134920634920635,371.0,4.768194070080862,1,12,0.0,0,1
372,76,36,26,6,,,1.0,1.0,-10800.0,,,,2.054054054054054,1878.0,0.1980830670926517,1,17,0.0,0,0
43,8,39,0,0,,,,1.0,,,,,0.2,67.0,0.6417910447761194,0,10,0.0,0,1
263,465,255,0,38,,,1.0,1.0,-14400.0,,,,1.81640625,2558.0,0.1028146989835809,1,17,0.0,0,1
34,4,39,0,0,,,,1.0,,,,,0.1,53.0,0.6415094339622641,0,11,0.0,0,1
57,4,37,0,0,,,,1.0,,,,,0.1052631578947368,61.0,0.9344262295081968,0,14,0.0,0,1
65,3,43,0,0,,,,1.0,,,,,0.0681818181818181,65.0,1.0,0,13,0.0,0,1
1,193,571,0,1,,,,,,,,,0.3374125874125874,,,0,3,0.4285714285714285,1,1
6,282,273,0,19,,,1.0,1.0,-14400.0,,,,1.0291970802919708,2499.0,0.0024009603841536,1,19,0.0,0,1
6758,46,157,2611,2,,,,1.0,28800.0,,,,0.2911392405063291,321.0,21.052959501557638,1,5,0.0,0,0
3,70,679,0,1,,,,,,,,,0.1029411764705882,,,0,16,0.3333333333333333,1,1
66,4,36,0,0,,,,1.0,,,,,0.1081081081081081,70.0,0.9428571428571428,0,15,0.0,0,1
25655,361,983,1768,10,,,1.0,,-25200.0,,,,0.366869918699187,2335.0,10.987152034261245,1,11,0.1428571428571428,1,0
647,72,49,177,0,1.0,,1.0,1.0,,,,,1.44,703.0,0.9203413940256046,1,15,0.0,0,0
25584,1071,379,1010,4,,,1.0,1.0,-25200.0,,,,2.818421052631579,65.0,393.6,1,8,0.0,0,0
66,12,39,0,0,,,,1.0,,,,,0.3,73.0,0.9041095890410958,0,13,0.0,0,1
80,534,1840,0,0,,,,,,,,,0.2900597501357957,,,1,14,0.0,0,1
35,200,171,0,14,,,1.0,1.0,-14400.0,,,,1.162790697674419,2573.0,0.0136027982899339,1,19,0.0,0,1
460,366,275,0,63,,,1.0,1.0,-14400.0,,,,1.326086956521739,2382.0,0.1931150293870696,1,18,0.0,0,1
68,2,34,0,0,,,,1.0,,,,,0.0571428571428571,71.0,0.9577464788732394,0,16,0.0,0,1
120,248,361,0,0,,,,1.0,10800.0,,,,0.6850828729281768,875.0,0.1371428571428571,1,11,0.0,0,1
36,4,36,0,0,,,,1.0,,,,,0.1081081081081081,57.0,0.631578947368421,0,13,0.0,0,1
11816,1234,532,3576,95,,,,1.0,-18000.0,,,,2.3151969981238274,2554.0,4.62646828504307,1,13,0.0,0,0
1155,1320,1699,0,2,1.0,,,1.0,10800.0,,,,0.7764705882352941,450.0,2.566666666666667,1,9,0.0,0,1
17707,1025,529,9343,4,,,,1.0,-18000.0,,,,1.9339622641509435,2031.0,8.71836533727228,1,12,0.0,0,0
69,3,47,0,0,,,,1.0,,,,,0.0625,74.0,0.9324324324324323,0,16,0.0,0,1
60,6,32,0,1,,,,1.0,,,,,0.1818181818181818,66.0,0.9090909090909092,0,9,0.0,0,1
11,572,509,0,10,,,1.0,1.0,-14400.0,,,,1.1215686274509804,2505.0,0.0043912175648702,1,12,0.0,0,1
15,370,293,0,14,,,1.0,1.0,-14400.0,,,,1.2585034013605445,2579.0,0.0058162078324932,1,19,0.0,0,1
63,11,41,0,0,,,,1.0,,,,,0.2619047619047619,70.0,0.9,0,14,0.0,0,1
92,52,266,629,0,1.0,,1.0,1.0,,,,,0.1947565543071161,540.0,0.1703703703703703,1,12,0.2666666666666666,1,0
70,5,40,0,0,,,,1.0,,,,,0.1219512195121951,75.0,0.9333333333333332,0,15,0.0,0,1
5690,488,571,4687,1,1.0,,1.0,1.0,,,,,0.8531468531468531,964.0,5.902489626556017,1,11,0.0,0,0
106,4,23,0,0,,,,1.0,-25200.0,,,,0.1666666666666666,48.0,2.208333333333333,1,16,0.0,0,1
125,791,534,0,23,,,1.0,1.0,-14400.0,,,,1.4785046728971962,2489.0,0.0502209722780233,1,17,0.0,0,1
22763,974,856,357,81,,,1.0,,32400.0,,,,1.1365227537922986,2407.0,9.457000415454925,1,6,0.0,0,0
79,6340,6541,0,34,,,,,,,,,0.969122592479364,,,1,17,0.0,0,1
1810,171,183,7623,0,1.0,,1.0,1.0,,,,,0.9293478260869564,416.0,4.350961538461538,1,7,0.2857142857142857,1,0
3,45,327,0,0,,,,,,,,,0.1371951219512195,,,0,4,0.2222222222222222,1,1
67,5,43,0,0,,,,1.0,,,,,0.1136363636363636,73.0,0.9178082191780822,0,12,0.0,0,1
55,5,44,0,0,,1.0,,1.0,,,,,0.1111111111111111,67.0,0.8208955223880597,0,12,0.0,0,1
436,5886,6104,0,10,1.0,,,1.0,10800.0,,,,0.964127764127764,718.0,0.6072423398328691,1,6,0.0,0,1
62,8,40,0,0,,,,1.0,,,,,0.1951219512195122,61.0,1.0163934426229508,0,15,0.0,0,1
41,9,38,0,0,,,,1.0,,,,,0.2307692307692307,60.0,0.6833333333333333,0,8,0.0,0,1
23736,516,286,668,13,,,,1.0,-14400.0,,,,1.797909407665505,1274.0,18.63108320251177,1,9,0.0,0,0
42,1,32,0,0,,,,1.0,,,,,0.0303030303030303,55.0,0.7636363636363637,0,14,0.0,0,1
45,5,46,0,0,,,,1.0,,,,,0.1063829787234042,52.0,0.8653846153846154,0,11,0.0,0,1
6497,513,968,1312,0,,,1.0,1.0,-14400.0,,,,0.5294117647058824,1116.0,5.82168458781362,0,11,0.0,0,0
6057,273,292,11059,0,1.0,,,1.0,,,,,0.931740614334471,331.0,18.299093655589125,1,10,0.0,0,0
2,47,1047,0,0,,,,,,,,,0.0448473282442748,,,0,15,0.3333333333333333,1,1
74,375,1692,0,0,,,,,,,,,0.2215002953337271,,,1,15,0.0,0,1
44,3,36,0,1,,,,1.0,,,,,0.081081081081081,54.0,0.8148148148148148,0,14,0.0,0,1
114,1,0,0,0,,,,1.0,10800.0,,,,1.0,873.0,0.1305841924398625,1,15,0.0,0,1
5550,4855,5300,3,9,,,,1.0,10800.0,,,,0.915864931145067,1236.0,4.490291262135922,1,9,0.0,0,1
76,8,44,0,0,,,,1.0,,,,,0.1777777777777777,73.0,1.0410958904109588,0,15,0.0,0,1
44437,2951,3054,0,24,,,,1.0,,,,,0.9659574468085106,966.0,46.00103519668737,1,13,0.0,0,1
52,1,35,0,0,,,,1.0,,,,,0.0277777777777777,68.0,0.7647058823529411,0,15,0.0,0,1
1,208,180,0,15,,,1.0,1.0,-14400.0,,,,1.149171270718232,2564.0,0.000390015600624,1,20,0.0,0,1
64,4,41,0,0,,,,1.0,,,,,0.0952380952380952,63.0,1.0158730158730158,0,15,0.0,0,1
25,0,0,0,0,,,,1.0,10800.0,,,,0.0,873.0,0.0286368843069874,1,14,0.0,0,1
237,4624,4740,0,6,,,,1.0,10800.0,,,,0.975321662096604,874.0,0.2711670480549199,1,8,0.0,0,1
231,2863,3153,0,5,,,,1.0,10800.0,,,,0.907736207989854,803.0,0.2876712328767123,1,5,0.0,0,1
44,3,34,0,1,,,,1.0,,,,,0.0857142857142857,56.0,0.7857142857142857,0,16,0.0,0,1
63,9,45,0,0,,,,1.0,,,,,0.1956521739130435,62.0,1.0161290322580645,0,16,0.0,0,1
146,570,1233,0,0,,,,,,,,,0.4619124797406807,,,1,12,0.5,1,1
328,193,378,50,4,,,,,-10800.0,,,,0.5092348284960422,1185.0,0.2767932489451477,1,15,0.0,0,0
4156,4011,4403,0,13,,,,,,,,,0.9107629427792916,,,1,14,0.0,0,1
2,195,180,0,9,,,1.0,1.0,-28800.0,,,,1.0773480662983426,1531.0,0.0013063357282821,1,15,0.0,0,1
1536,85,137,1042,0,1.0,,,1.0,,,,,0.6159420289855072,358.0,4.290502793296089,1,14,0.0,0,0
111,295,279,0,22,,,1.0,1.0,-14400.0,,,,1.0535714285714286,2382.0,0.0465994962216624,1,19,0.0,0,1
131,528,664,0,1,,,,1.0,10800.0,,,,0.793984962406015,874.0,0.1498855835240274,1,10,0.1818181818181818,1,1
65,3,43,0,0,,,,1.0,,,,,0.0681818181818181,74.0,0.8783783783783784,0,14,0.0,0,1
20154,286,261,11126,4,1.0,,1.0,1.0,-25200.0,,,,1.0916030534351144,1218.0,16.54679802955665,1,4,0.2727272727272727,1,0
3910,1319,809,3,49,,,,1.0,-18000.0,,,,1.628395061728395,1803.0,2.1686078757626177,1,12,0.0,0,1
260,4303,4726,0,9,,,,1.0,10800.0,,,,0.91030251745293,873.0,0.2978235967926689,1,6,0.0,0,1
164,4217,5284,0,29,,,,,,,,,0.7979186376537369,,,1,14,0.0,0,1
5,466,1854,0,25,,,,,,,,,0.2512129380053908,,,0,17,0.0,0,1
934,54,154,66,6,,,,1.0,-25200.0,,,,0.3483870967741935,2012.0,0.4642147117296222,1,7,0.4285714285714285,1,0
61,5,34,0,0,,,,1.0,,,,,0.1428571428571428,68.0,0.8970588235294118,0,14,0.0,0,1
2324,796,496,0,329,,,1.0,1.0,-14400.0,,,,1.6016096579476862,2487.0,0.9344591877764374,1,12,0.0,0,1
126,456,574,0,0,,,,1.0,10800.0,,,,0.7930434782608695,872.0,0.1444954128440367,1,14,0.0,0,1
2,543,494,0,1,,,1.0,1.0,-14400.0,,,,1.096969696969697,2367.0,0.0008449514152936,1,17,0.0,0,1
73,359,251,0,8,,,1.0,1.0,-14400.0,,,,1.4246031746031746,2553.0,0.0285938112025068,1,18,0.0,0,1
33118,1416,401,12200,8,1.0,,1.0,1.0,7200.0,,,,3.5223880597014925,1087.0,30.467341306347745,1,6,0.0,0,0
48,4,42,0,2,,,,1.0,,,,,0.0930232558139534,59.0,0.8135593220338984,0,14,0.0,0,1
83,6,38,0,0,,,,1.0,,,,,0.1538461538461538,73.0,1.1369863013698631,0,16,0.0,0,1
12043,824,241,35,7,,,1.0,,-25200.0,,,,3.4049586776859506,2031.0,5.9295913343180695,1,12,0.0,0,0
2819,93,304,133,0,,,1.0,1.0,-14400.0,,,,0.3049180327868852,1033.0,2.728944820909971,1,5,0.0,0,0
76,2,46,0,0,,,,1.0,,,,,0.0425531914893617,71.0,1.0704225352112675,0,13,0.0,0,1
12689,523,495,14337,0,1.0,,,1.0,,,,,1.0544354838709675,550.0,23.07090909090909,1,14,0.0,0,0
44,4,40,0,0,,,,1.0,,,,,0.0975609756097561,68.0,0.6470588235294118,0,12,0.0,0,1
60,24,41,0,0,,,,1.0,,,,,0.5714285714285714,61.0,0.9836065573770492,0,12,0.0,0,1
76,4,39,0,0,,,,1.0,,,,,0.1,74.0,1.027027027027027,0,13,0.0,0,1
58,2,36,0,0,,,,1.0,,,,,0.054054054054054,74.0,0.7837837837837838,0,16,0.0,0,1
59,47,116,201,0,,,1.0,1.0,-14400.0,,,,0.4017094017094017,737.0,0.0800542740841248,0,10,0.2307692307692307,1,0
2,127,684,0,0,,,,,,,,,0.1854014598540146,,,0,5,0.2222222222222222,1,1
1648,79,185,2275,0,1.0,,1.0,1.0,,,,,0.4247311827956989,262.0,6.290076335877862,1,6,0.0,0,0
27,164,780,0,3,,,,,,,,,0.2099871959026888,,,0,13,0.0,0,1
246,3740,3805,0,3,,,,1.0,10800.0,,,,0.9826589595375722,874.0,0.2814645308924485,1,4,0.0,0,1
32,0,0,0,0,,,,1.0,10800.0,,,,0.0,873.0,0.0366552119129438,1,16,0.0,0,1
14449,361,278,14448,0,,,1.0,1.0,-25200.0,,,,1.2939068100358424,711.0,20.32208157524613,1,3,0.0,0,0
74,638,1990,0,3,,,,,,,,,0.3204419889502762,,,0,15,0.375,1,1
61,5,32,0,0,,,,1.0,,,,,0.1515151515151515,70.0,0.8714285714285714,0,16,0.0,0,1
54,4,33,0,0,,,,1.0,,,,,0.1176470588235294,71.0,0.7605633802816901,0,12,0.0,0,1
28,237,923,0,3,,,,,,,,,0.2564935064935065,,,0,15,0.0,0,1
125,0,0,0,0,,,,1.0,10800.0,,,,0.0,872.0,0.143348623853211,1,17,0.0,0,1
359,5197,5568,0,3,,,,1.0,10800.0,,,,0.9332016520021548,875.0,0.4102857142857143,1,6,0.0,0,1
12125,1711,677,10891,1,1.0,,1.0,1.0,-18000.0,,,,2.523598820058997,1390.0,8.723021582733812,1,4,0.0909090909090909,1,0
35,2,33,0,1,,,,1.0,,,,,0.0588235294117647,55.0,0.6363636363636364,0,14,0.0,0,1
79,3,39,0,0,,,,1.0,,,,,0.075,74.0,1.0675675675675675,0,15,0.0,0,1
487,195,863,147,1,,,1.0,1.0,-18000.0,,,,0.2256944444444444,2308.0,0.2110051993067591,0,6,0.0,0,0
3393,206,207,4510,1,,,1.0,1.0,-25200.0,,,,0.9903846153846154,1311.0,2.588100686498856,1,10,0.0,0,0
2689,380,155,27,0,,,1.0,1.0,10800.0,,,,2.435897435897436,345.0,7.794202898550725,1,6,0.0,0,0
137087,2134,1594,1021,16,,,1.0,1.0,-18000.0,,,,1.3379310344827586,1437.0,95.39805149617258,1,16,0.3,1,0
2401,396,585,663,24,,,,1.0,-18000.0,,,,0.6757679180887372,2243.0,1.0704413731609452,1,14,0.0,0,0
55,5,42,0,0,,,,1.0,,,,,0.1162790697674418,69.0,0.7971014492753623,0,10,0.0,0,1
289,4551,4890,0,6,,,,1.0,10800.0,,,,0.93048456348395,874.0,0.3306636155606407,1,6,0.0,0,1
523,400,188,0,5,,,,,,,,,2.1164021164021163,,,0,18,0.0,0,1
25977,321,862,5812,3,1.0,,1.0,1.0,19800.0,,,,0.3719582850521437,1863.0,13.94363929146538,1,18,0.0,0,0
47,4,40,0,0,,,,1.0,,,,,0.0975609756097561,53.0,0.8867924528301887,0,14,0.0,0,1
8165,32,7,45,2,1.0,,,1.0,,,,,4.0,208.0,39.25480769230769,1,9,0.0,0,0
482,748,528,0,36,,,1.0,1.0,-14400.0,,,,1.4139886578449905,2489.0,0.1936520691040578,1,15,0.0,0,1
450,2355,2074,0,3,,,,1.0,,,,,1.1349397590361443,1243.0,0.3620273531777956,1,17,0.1818181818181818,1,1
44,9,33,0,0,,,,1.0,,,,,0.2647058823529412,68.0,0.6470588235294118,0,15,0.0,0,1
1,109,615,0,2,,,,,,,,,0.1769480519480519,,,0,5,0.2222222222222222,1,1
38975,1003,512,4738,6,,,1.0,1.0,28800.0,,,,1.955165692007797,2179.0,17.886645250114732,1,10,0.0,0,0
233,4318,4747,0,6,,,,1.0,10800.0,,,,0.909435551811289,874.0,0.2665903890160183,1,5,0.0,0,1
12213,653,1416,3123,10,1.0,,,1.0,3600.0,,,,0.460832745236415,1660.0,7.357228915662651,1,15,0.0,0,0
67,11,47,0,0,,,,1.0,,,,,0.2291666666666666,75.0,0.8933333333333333,0,15,0.0,0,1
48,3,39,0,1,,,,1.0,,,,,0.075,67.0,0.7164179104477612,0,14,0.0,0,1
57,7,39,0,0,,,,1.0,,,,,0.175,74.0,0.7702702702702703,0,12,0.0,0,1
42,5,40,0,0,,,,1.0,,,,,0.1219512195121951,67.0,0.6268656716417911,0,11,0.0,0,1
57,2,29,0,0,,,,1.0,,,,,0.0666666666666666,64.0,0.890625,0,14,0.0,0,1
47,6,37,0,0,,1.0,,1.0,,,,,0.1578947368421052,53.0,0.8867924528301887,0,14,0.0,0,1
8562,472,321,1209,0,,,1.0,,-25200.0,,,,1.4658385093167705,1342.0,6.380029806259315,1,6,0.0,0,0
16,282,256,0,19,,,1.0,1.0,-14400.0,,,,1.0972762645914398,2574.0,0.0062160062160062,1,19,0.0,0,1
1,182,601,0,0,,,,,,,,,0.3023255813953488,,,0,7,0.1818181818181818,1,1
16281,525,301,21269,2,,,1.0,1.0,-14400.0,,,,1.7384105960264902,1321.0,12.324753974261922,1,6,0.0,0,0
41561,1285,715,17380,1,,,1.0,1.0,28800.0,,,,1.7946927374301676,1120.0,37.10803571428571,1,5,0.0,0,0
1847,98,358,478,5,1.0,,1.0,1.0,-28800.0,,,,0.2729805013927576,2184.0,0.8456959706959707,1,5,0.0,0,0
42,4,37,0,0,,,,1.0,,,,,0.1052631578947368,54.0,0.7777777777777778,0,14,0.0,0,1
4265,171,129,1838,0,1.0,,1.0,1.0,,,,,1.3153846153846154,438.0,9.737442922374427,1,16,0.1538461538461538,1,0
22496,821,552,5897,29,,,,1.0,-14400.0,,,,1.484629294755877,2991.0,7.521230357739887,1,3,0.0,0,0
315,94,597,36,4,,,1.0,1.0,7200.0,,,,0.157190635451505,1654.0,0.1904474002418379,0,10,0.2,1,0
9053,313,175,8251,0,1.0,,1.0,1.0,-25200.0,,,,1.7784090909090908,883.0,10.252548131370329,1,6,0.0,0,0
12388,1318,1502,1,6,,,,1.0,-18000.0,,,,0.8769128409846972,1090.0,11.3651376146789,1,16,0.0666666666666666,1,1
5331,74,268,348,3,1.0,,,1.0,-36000.0,,,,0.275092936802974,1129.0,4.721877767936227,1,10,0.0909090909090909,1,0
24117,788,405,6725,16,1.0,,1.0,1.0,7200.0,,,,1.9408866995073888,927.0,26.016181229773466,1,12,0.0,0,0
74,9,44,0,0,,,,1.0,,,,,0.2,74.0,1.0,0,15,0.0,0,1
68,6,40,0,0,,,,1.0,,,,,0.1463414634146341,70.0,0.9714285714285714,0,10,0.0,0,1
45,5,42,0,0,,,,1.0,,,,,0.1162790697674418,52.0,0.8653846153846154,0,15,0.0,0,1
2,290,278,0,1,,,1.0,1.0,-25200.0,,,,1.039426523297491,1742.0,0.0011481056257175,1,18,0.0,0,1
282,4894,5379,0,5,,,,1.0,10800.0,,,,0.9096654275092936,873.0,0.3230240549828179,1,7,0.0,0,1
18598,1318,722,6637,9,,,1.0,,7200.0,,,,1.8229598893499308,313.0,59.4185303514377,1,15,0.0,0,0
444,5699,6187,0,11,,,,1.0,10800.0,,,,0.9209760827407886,717.0,0.6192468619246861,1,13,0.0,0,1
45,5,35,0,1,,,,1.0,,,,,0.1388888888888889,52.0,0.8653846153846154,0,12,0.0,0,1
10,282,256,0,3,,,1.0,1.0,-14400.0,,,,1.0972762645914398,2512.0,0.0039808917197452,1,18,0.0,0,1
66,11,45,0,0,,,,1.0,,,,,0.2391304347826087,64.0,1.03125,0,12,0.0,0,1
44,4,37,0,0,,,,1.0,,,,,0.1052631578947368,70.0,0.6285714285714286,0,14,0.0,0,1
5,41,1435,0,0,,,,,,,,,0.0285515320334261,,,0,13,0.2307692307692307,1,1
1,586,558,0,2,,,1.0,1.0,-14400.0,,,,1.0483005366726297,2505.0,0.0003992015968063,1,12,0.0,0,1
54,6,39,0,0,,,,1.0,,,,,0.15,66.0,0.8181818181818182,0,14,0.0,0,1
35,6,39,0,0,,,,1.0,,,,,0.15,53.0,0.660377358490566,0,12,0.0,0,1
44,3,38,0,0,,,,1.0,,,,,0.0769230769230769,53.0,0.8301886792452831,0,14,0.0,0,1
21,287,272,0,12,,,1.0,1.0,-14400.0,,,,1.051282051282051,2382.0,0.008816120906801,1,18,0.0,0,1
43,5,40,0,0,,,,1.0,,,,,0.1219512195121951,57.0,0.7543859649122807,0,8,0.0,0,1
1,199,613,0,0,,,,,,,,,0.3241042345276873,,,0,9,0.1538461538461538,1,1
169,271,353,0,1,,,,1.0,10800.0,,,,0.7655367231638418,873.0,0.1935853379152348,1,15,0.0,0,1
9573,1049,1776,1,4,1.0,,,1.0,,,,,0.590320765334834,776.0,12.336340206185566,1,15,0.0,0,1
24185,558,354,3575,3,,,,1.0,-25200.0,,1.0,,1.5718309859154929,2201.0,10.98818718764198,1,17,0.0,0,0
42,5,43,0,0,,,,1.0,,,,,0.1136363636363636,56.0,0.75,0,11,0.0,0,1
46,8,44,0,0,,,,1.0,,,,,0.1777777777777777,53.0,0.8679245283018868,0,13,0.0,0,1
312,5715,6138,1,7,,,,1.0,10800.0,,,,0.9309333767714612,803.0,0.3885429638854296,1,5,0.0,0,1
35,1010,1941,0,4,,,,,,,,,0.5200823892893924,,,0,9,0.1111111111111111,1,1
710,309,306,756,0,,,1.0,1.0,-25200.0,,,,1.006514657980456,141.0,5.035460992907802,1,6,0.0,0,0
11702,848,616,0,7,1.0,,,1.0,,,,,1.374392220421394,776.0,15.079896907216495,1,14,0.0,0,1
882,73,87,867,0,1.0,,,1.0,3600.0,,,,0.8295454545454546,219.0,4.027397260273973,1,20,0.2222222222222222,1,0
2394,3947,3944,100,113,,,1.0,,,,,,1.0005069708491765,,,1,3,0.0,0,1
1,52,237,0,0,,,,,,,,,0.2184873949579832,,,0,6,0.2,1,1
29,12,34,0,0,,,1.0,1.0,19800.0,,,,0.3428571428571428,596.0,0.0486577181208053,0,12,0.0,0,0
46,3,44,0,0,,,,1.0,,,,,0.0666666666666666,62.0,0.7419354838709677,0,10,0.0,0,1
2037,253,150,675,1,1.0,,1.0,1.0,,,,,1.6754966887417218,667.0,3.053973013493253,1,16,0.1818181818181818,1,0
2194,499,226,36,19,,,1.0,1.0,43200.0,,,,2.198237885462555,2464.0,0.890422077922078,1,8,0.0,0,0
56,860,1953,0,1,,,,,,,,,0.4401228249744114,,,0,12,0.0,0,1
1126,331,647,525,0,,,1.0,1.0,28800.0,,,,0.5108024691358025,155.0,7.264516129032258,1,18,0.0,0,0
10004,737,594,1,1,1.0,,,1.0,,,,,1.238655462184874,776.0,12.891752577319588,1,15,0.0,0,1
3048,185,83,295,3,,,,1.0,18000.0,,,,2.202380952380953,1824.0,1.6710526315789471,1,6,0.0,0,0
47,8,39,0,0,,,,1.0,,,,,0.2,69.0,0.6811594202898551,0,15,0.0,0,1
38,5,46,0,0,,,,1.0,,,,,0.1063829787234042,68.0,0.5588235294117647,0,12,0.0,0,1
42,3,35,0,0,,,,1.0,,,,,0.0833333333333333,52.0,0.8076923076923077,0,10,0.0,0,1
267,66,391,0,1,,,,,,,,,0.1683673469387755,,,0,4,0.0,0,1
12528,1053,880,332,2,,,1.0,1.0,-25200.0,,,,1.1952326901248582,2074.0,6.040501446480231,1,18,0.0,0,0
3,67,1392,0,0,,,,,,,,,0.0480976310122038,,,0,6,0.3333333333333333,1,1
61,10,42,0,1,,,,1.0,,,,,0.2325581395348837,71.0,0.8591549295774648,0,15,0.0,0,1
7,215,211,0,2,,,1.0,1.0,-14400.0,,,,1.0141509433962264,2570.0,0.0027237354085603,1,18,0.0,0,1
12852,955,1880,1,8,,,,1.0,-18000.0,,,,0.5077086656034024,1414.0,9.089108910891088,1,10,0.0,0,1
77,6,41,0,0,,,,1.0,,,,,0.1428571428571428,73.0,1.0547945205479452,0,12,0.0,0,1
2448,318,506,468,2,,,1.0,1.0,-18000.0,,,,0.6272189349112426,2143.0,1.1423238450769948,1,7,0.0,0,0
23606,475,68,7638,3,,,,1.0,-25200.0,,,,6.884057971014493,2105.0,11.214251781472685,1,13,0.0769230769230769,1,0
72,6,42,0,0,,,,1.0,,,,,0.1395348837209302,73.0,0.9863013698630136,0,13,0.0,0,1
55,2,35,0,1,,,,1.0,,,,,0.0555555555555555,73.0,0.7534246575342466,0,16,0.0,0,1
6700,170,169,1430,1,1.0,,,1.0,,,,,1.0,942.0,7.112526539278131,1,9,0.0,0,0
8980,373,1319,3,13,,,,,,,,,0.2825757575757576,,,0,14,0.0,0,1
41,6,42,0,0,,,,1.0,,,,,0.1395348837209302,54.0,0.7592592592592593,0,14,0.0,0,1
8,283,273,0,11,,,1.0,1.0,-14400.0,,,,1.032846715328467,2375.0,0.0033684210526315,1,20,0.0,0,1
74,3,45,0,0,,,,1.0,,,,,0.0652173913043478,74.0,1.0,0,14,0.0,0,1
41,6,43,0,0,,,,1.0,,,,,0.1363636363636363,68.0,0.6029411764705882,0,14,0.0,0,1
101,179,261,0,0,,,,1.0,10800.0,,,,0.683206106870229,867.0,0.1164936562860438,1,13,0.0,0,1
45,4,37,0,0,,,,1.0,,,,,0.1052631578947368,58.0,0.7758620689655172,0,13,0.0,0,1
1,886,494,0,15,,,1.0,1.0,-14400.0,,,,1.78989898989899,2366.0,0.0004226542688081,1,17,0.0,0,1
67,9,38,0,0,,,,1.0,,,,,0.2307692307692307,70.0,0.9571428571428572,0,14,0.0,0,1
230,78,153,6,1,,,,1.0,19800.0,,,,0.5064935064935064,2048.0,0.1123046875,1,14,0.0,0,0
53,3,36,0,0,,,,1.0,,,,,0.081081081081081,70.0,0.7571428571428571,0,11,0.0,0,1
41,8,28,0,0,,,,1.0,,,,,0.2758620689655172,54.0,0.7592592592592593,0,12,0.0,0,1
20997,498,109,12105,5,,,,,-18000.0,,,,4.527272727272727,157.0,133.7388535031847,1,12,0.0,0,0
80,3,44,0,0,,,,1.0,,,,,0.0666666666666666,72.0,1.1111111111111112,0,11,0.0,0,1
52,1,37,0,0,,,,1.0,,,,,0.0263157894736842,62.0,0.8387096774193549,0,13,0.0,0,1
127,833,1190,0,10,,,,,,,,,0.6994122586062133,,,0,16,0.0,0,1
9099,349,482,3370,1,,,1.0,1.0,-18000.0,,,,0.722567287784679,1362.0,6.680616740088106,1,15,0.0909090909090909,1,0
8348,727,853,1,3,,,,1.0,,,,,0.8512880562060889,526.0,15.870722433460076,1,19,0.6,1,1
10893,548,1132,0,11,,,,1.0,-14400.0,,,,0.4836716681376876,783.0,13.911877394636017,1,13,0.0714285714285714,1,1
10251,616,306,3412,2,1.0,,,1.0,,,,,2.006514657980456,1053.0,9.735042735042734,1,6,0.0,0,0
39,4,32,0,1,,,,1.0,,,,,0.1212121212121212,52.0,0.75,0,15,0.0,0,1
66,9,37,0,0,,,,1.0,,,,,0.2368421052631578,71.0,0.9295774647887324,0,14,0.0,0,1
21,423,1484,0,2,,,,,,,,,0.2848484848484848,,,1,13,0.0,0,1
78,5,43,0,0,,,,1.0,,,,,0.1136363636363636,72.0,1.0833333333333333,0,13,0.0,0,1
1,116,633,0,0,,,,,,,,,0.1829652996845426,,,0,5,0.2222222222222222,1,1
37,4,40,0,0,,,,1.0,,,,,0.0975609756097561,54.0,0.6851851851851852,0,12,0.0,0,1
1184,33,82,1230,6,,,1.0,,,,,,0.3975903614457831,835.0,1.4179640718562874,1,9,0.0,0,0
12678,814,1996,0,5,1.0,,,1.0,,,,,0.4076114171256885,776.0,16.337628865979383,1,18,0.0,0,1
252,4618,4798,0,7,,,,1.0,10800.0,,,,0.9622838091269016,874.0,0.2883295194508009,1,3,0.0,0,1
4231,692,2001,381,8,,,1.0,1.0,19800.0,,,,0.3456543456543456,2635.0,1.6056925996204934,1,12,0.0,0,0
8328,552,532,18965,0,,,1.0,1.0,-18000.0,,,,1.0356472795497185,1291.0,6.450813323005423,1,14,0.0,0,0
244,623,494,0,171,,,,1.0,-14400.0,,,,1.2585858585858587,2397.0,0.1017939090529829,1,16,0.0769230769230769,1,1
1,162,495,0,1,,,,,,,,,0.3266129032258064,,,0,4,0.25,1,1
25637,1204,1711,1555,71,,,1.0,1.0,-18000.0,,,,0.7032710280373832,2186.0,11.727813357731016,1,19,0.0,0,0
11142,890,1703,0,2,,,,1.0,-18000.0,,,,0.5223004694835681,986.0,11.300202839756592,1,6,0.1428571428571428,1,1
43,0,0,0,0,,,,1.0,10800.0,,,,0.0,875.0,0.0491428571428571,1,13,0.0,0,1
17362,2011,970,8480,10,,,1.0,1.0,-18000.0,,,,2.071060762100927,1449.0,11.982056590752244,1,9,0.0,0,0
54,7,34,0,0,,,,1.0,,,,,0.2,60.0,0.9,0,12,0.0,0,1
17,170,847,0,1,,,,,,,,,0.2004716981132075,,,0,6,0.0,0,1
35054,6876,5997,50699,41,1.0,,,1.0,7200.0,,,,1.146382127375792,430.0,81.52093023255814,1,7,0.4,1,1
46,3,39,0,0,,,,1.0,,,,,0.075,54.0,0.8518518518518519,0,14,0.0,0,1
77,9,47,0,0,,,,1.0,,,,,0.1875,71.0,1.0845070422535212,0,14,0.0,0,1
61,5,44,0,0,,,,1.0,,,,,0.1111111111111111,63.0,0.9682539682539684,0,15,0.0,0,1
3440,242,191,1365,0,1.0,,,1.0,,,,,1.2604166666666667,727.0,4.731774415405777,1,16,0.1428571428571428,1,0
62,1,43,0,0,,,,1.0,,,,,0.0227272727272727,70.0,0.8857142857142857,0,16,0.0,0,1
4448,226,296,11518,1,,,1.0,1.0,-25200.0,,1.0,,0.7609427609427609,736.0,6.043478260869565,1,3,0.0909090909090909,1,0
62378,853,875,3107,16,,,1.0,1.0,-25200.0,,,,0.973744292237443,1223.0,51.00408830744072,1,12,0.0,0,0
67,5,35,0,0,,,,1.0,,,,,0.1388888888888889,72.0,0.9305555555555556,0,12,0.0,0,1
230,4844,5060,0,6,,,,1.0,10800.0,,,,0.9571230982019364,873.0,0.2634593356242841,1,8,0.0,0,1
2117,370,330,4254,1,1.0,,1.0,1.0,-25200.0,,,,1.1178247734138973,503.0,4.208747514910537,1,18,0.1333333333333333,1,0
77,8,47,0,0,,,,1.0,,,,,0.1666666666666666,71.0,1.0845070422535212,0,16,0.0,0,1
1127,599,901,869,5,,,,1.0,-18000.0,,,,0.664079822616408,2320.0,0.4857758620689655,1,7,0.0,0,0
20,269,182,0,36,,,1.0,1.0,-14400.0,,,,1.469945355191257,2565.0,0.0077972709551656,1,20,0.0,0,1
532,4645,4255,0,4,,,,1.0,,,,,1.0914003759398496,158.0,3.367088607594937,1,14,0.0,0,1
11875,786,1686,1,1,,,,1.0,-18000.0,,,,0.4659158269116775,1041.0,11.407300672430356,1,13,0.0,0,1
34,8,41,0,1,,,,1.0,,,,,0.1904761904761904,54.0,0.6296296296296297,0,13,0.0,0,1
2103,1315,1849,20,11,,,1.0,,,,,,0.7108108108108108,,,1,10,0.0,0,1
2366,157,388,287,3,,,,1.0,28800.0,,,,0.403598971722365,737.0,3.2103120759837176,1,18,0.0,0,0
72088,1004,509,463,8,,,1.0,1.0,28800.0,,,,1.968627450980392,1561.0,46.1806534272902,1,9,0.0,0,0
58,1,27,0,0,,,,1.0,,,,,0.0357142857142857,70.0,0.8285714285714286,0,12,0.0,0,1
70,1,41,0,0,,,,1.0,,,,,0.0238095238095238,74.0,0.945945945945946,0,16,0.0,0,1
76,3,37,0,0,,,,1.0,,,,,0.0789473684210526,75.0,1.0133333333333334,0,15,0.0,0,1
44,0,0,0,0,,,,1.0,10800.0,,,,0.0,874.0,0.0503432494279176,1,13,0.0,0,1
61,2,37,0,0,,,,1.0,,,,,0.0526315789473684,67.0,0.9104477611940298,0,15,0.0,0,1
171,352,283,0,27,,,1.0,1.0,-14400.0,,,,1.2394366197183098,2383.0,0.0717582878724297,1,16,0.0,0,1
19,127,889,0,6,,,,,,,,,0.1426966292134831,,,1,7,0.0,0,1
571,249,193,344,0,1.0,,1.0,1.0,,,,,1.2835051546391754,1866.0,0.3060021436227224,1,12,0.1111111111111111,1,0
48804,116,87,46,1,1.0,,,1.0,-18000.0,,,,1.318181818181818,1711.0,28.523670368205728,0,5,0.0,0,0
67,4,31,0,0,,,,1.0,,,,,0.125,74.0,0.9054054054054054,0,16,0.0,0,1
9,226,983,0,0,,,,,,,,,0.2296747967479674,,,0,16,0.0,0,1
75,7,41,0,0,,,,1.0,,,,,0.1666666666666666,73.0,1.0273972602739727,0,13,0.0,0,1
36,36,229,41,0,1.0,,,1.0,,,,,0.1565217391304348,1060.0,0.0339622641509433,1,12,0.375,1,0
72,4,38,0,0,,,,1.0,,,,,0.1025641025641025,127.0,0.5669291338582677,0,12,0.0,0,1
6773,1237,1189,3744,0,1.0,,1.0,1.0,,,,,1.0394957983193278,512.0,13.228515625,0,12,0.3,1,0
558,679,774,0,0,,,,,,,,,0.8761290322580645,,,0,5,0.0,0,1
115585,3877,4241,11610,128,1.0,,1.0,1.0,-36000.0,,,,0.913955681282414,2038.0,56.71491658488714,1,4,0.0,0,0
137,96,411,1,2,,,,,,,,,0.233009708737864,,,1,11,0.0,0,1
328921,59178,32791,9539,2083,,,,1.0,32400.0,,,,1.804647474993901,2021.0,162.75160811479466,1,15,0.0,0,0
65,5,37,0,1,,,,1.0,,,,,0.131578947368421,69.0,0.9420289855072465,0,10,0.0,0,1
12158,1089,1941,1,7,1.0,,,1.0,,,,,0.5607621009268795,776.0,15.667525773195877,1,12,0.0,0,1
57,6,38,0,0,,,,1.0,,,,,0.1538461538461538,70.0,0.8142857142857143,0,13,0.0,0,1
56,0,0,0,0,,,,1.0,10800.0,,,,0.0,872.0,0.0642201834862385,1,15,0.0,0,1
631,243,76,1,0,1.0,,,1.0,19800.0,,,,3.155844155844156,1995.0,0.3162907268170426,1,9,0.0,0,0
37,480,1660,0,4,,,,,,,,,0.2889825406381698,,,0,18,0.0,0,1
64,6,36,0,0,,,,1.0,,,,,0.1621621621621621,70.0,0.9142857142857144,0,15,0.0,0,1
50,7,44,0,1,,,,1.0,,,,,0.1555555555555555,63.0,0.7936507936507936,0,14,0.0,0,1
27114,649,389,15779,1,,,1.0,1.0,,,,,1.6641025641025642,663.0,40.89592760180995,1,3,0.0,0,0
80,5,43,0,0,,,,1.0,,,,,0.1136363636363636,73.0,1.095890410958904,0,15,0.0,0,1
1473,857,803,634,26,,,,1.0,28800.0,,,,1.0659203980099503,551.0,2.6733212341197823,1,15,0.0,0,0
312,4372,4571,0,8,,,,1.0,10800.0,,,,0.9562554680664916,874.0,0.3569794050343249,0,15,0.0,0,1
6900,204,1339,6686,7,,,1.0,1.0,-10800.0,,,,0.1522388059701492,1771.0,3.896103896103896,1,6,0.0,0,0
19,298,1175,0,1,,,,,,,,,0.2534013605442177,,,0,6,0.0,0,1
28629,3750,1093,5892,24,,,,,-10800.0,,,,3.427787934186472,1020.0,28.06764705882353,1,6,0.0,0,0
38,8,44,0,0,,,,1.0,,,,,0.1777777777777777,67.0,0.5671641791044776,0,15,0.0,0,1
350,4593,4793,0,6,,,,1.0,10800.0,,,,0.958072590738423,874.0,0.4004576659038901,1,5,0.0,0,1
80,6,41,0,0,,,,1.0,,,,,0.1428571428571428,73.0,1.095890410958904,0,16,0.0,0,1
27962,2688,985,19912,14,,,,1.0,-18000.0,,,,2.7261663286004056,1554.0,17.993564993564995,1,10,0.0,0,0
126,226,959,3,2,,,,,,,,,0.2354166666666666,,,0,17,0.0,0,1
34930,1321,937,7644,3,1.0,,1.0,1.0,,,,,1.408315565031983,1307.0,26.72532517214996,1,13,0.1333333333333333,1,0
36,741,580,0,2,,,,,,,,,1.2753872633390706,,,0,14,0.0714285714285714,1,1
12033,11617,815,862,89,,,1.0,1.0,-10800.0,,,,14.236519607843135,2138.0,5.628157156220767,1,13,0.0,0,0
44,4,36,0,0,,,,1.0,,,,,0.1081081081081081,56.0,0.7857142857142857,0,10,0.0,0,1
71,3,42,0,1,,,,1.0,,,,,0.0697674418604651,74.0,0.9594594594594594,0,16,0.0,0,1
38,1,39,0,0,,,,1.0,,,,,0.025,56.0,0.6785714285714286,0,11,0.0,0,1
102429,777,88,3836,8,,,1.0,1.0,-25200.0,,,,8.730337078651685,1476.0,69.39634146341463,1,6,0.0,0,0
3,126,1755,0,0,,,,,,,,,0.071753986332574,,,0,11,0.3846153846153846,1,1
45,7,34,0,0,,,,1.0,,,,,0.2,56.0,0.8035714285714286,0,15,0.0,0,1
74,8,45,0,0,,,,1.0,,,,,0.1739130434782608,73.0,1.0136986301369864,0,16,0.0,0,1
4,287,279,0,3,,,1.0,1.0,-25200.0,,,,1.025,1740.0,0.0022988505747126,1,18,0.0,0,1
65,7,37,0,1,,,,1.0,,,,,0.1842105263157894,62.0,1.0483870967741935,0,11,0.0,0,1
48,3,41,0,0,,,,1.0,,,,,0.0714285714285714,64.0,0.75,0,14,0.0,0,1
6715,152,339,728,2,,,1.0,1.0,14400.0,,1.0,,0.4470588235294118,1373.0,4.89075018208303,1,3,0.0,0,0
119211,1636,1212,1197,46,,,,1.0,28800.0,,,,1.348722176422094,1871.0,63.715125601282736,1,17,0.0,0,0
2,668,494,0,20,,,1.0,1.0,-14400.0,,,,1.3494949494949495,2367.0,0.0008449514152936,1,15,0.0,0,1
6372,440,815,889,9,,,1.0,,-18000.0,,,,0.5392156862745098,2204.0,2.8911070780399277,1,11,0.0,0,0
172,499,716,0,0,,,,1.0,10800.0,,,,0.6959553695955369,872.0,0.1972477064220183,1,15,0.0,0,1
485,4669,5117,0,6,,,,1.0,,,,,0.9122704181320828,147.0,3.2993197278911564,1,4,0.0,0,1
41,6,42,0,0,,,,1.0,,,,,0.1395348837209302,52.0,0.7884615384615384,0,13,0.0,0,1
127,262,344,0,0,,,,1.0,10800.0,,,,0.7594202898550725,803.0,0.1581569115815691,1,15,0.0,0,1
48108,658,941,0,3,,,,1.0,-25200.0,,,,0.6985138004246284,1581.0,30.428842504743837,1,8,0.0,0,0
684,55,110,114,1,1.0,,,1.0,,,,,0.4954954954954955,243.0,2.814814814814815,1,9,0.0,0,0
59092,85,59,662,1,,,,1.0,32400.0,,,,1.4166666666666667,630.0,93.7968253968254,1,10,0.0,0,0
6,580,520,0,10,,,1.0,1.0,-14400.0,,,,1.1132437619961613,2500.0,0.0024,1,12,0.0,0,1
7085,220,801,2074,4,1.0,1.0,,1.0,,,,,0.2743142144638404,318.0,22.27987421383648,0,9,0.0,0,0
74,10,43,0,0,,,,1.0,,,,,0.2272727272727272,74.0,1.0,0,15,0.0,0,1
46,8,38,0,0,,,,1.0,,,,,0.2051282051282051,68.0,0.6764705882352942,0,14,0.0,0,1
61,5,40,0,0,,,,1.0,,,,,0.1219512195121951,60.0,1.0166666666666666,0,13,0.0,0,1
244,29,73,0,0,1.0,,,1.0,,,,,0.3918918918918919,163.0,1.496932515337423,1,15,0.0,0,1
65,6,40,0,0,,,,1.0,,,,,0.1463414634146341,70.0,0.9285714285714286,0,15,0.0,0,1
125,23,84,18,0,1.0,,1.0,1.0,,,,,0.2705882352941176,931.0,0.1342642320085929,1,12,0.1538461538461538,1,0
21,637,2002,0,1,,,,,,,,,0.3180229655516725,,,1,16,0.0,0,1
42,3,44,0,0,,,,1.0,,,,,0.0666666666666666,57.0,0.7368421052631579,0,13,0.0,0,1
120,0,0,0,0,,,,1.0,10800.0,,,,0.0,803.0,0.149439601494396,1,13,0.0,0,1
49,4,43,0,0,,,,1.0,,,,,0.0909090909090909,59.0,0.8305084745762712,0,14,0.0,0,1
37,4,33,0,0,,,,1.0,,,,,0.1176470588235294,53.0,0.6981132075471698,0,14,0.0,0,1
1926,341,294,1451,0,1.0,,1.0,1.0,,,,,1.1559322033898305,821.0,2.3459196102314253,1,10,0.0,0,0
53,0,39,0,1,,,,1.0,,,,,0.0,66.0,0.803030303030303,0,10,0.0,0,1
4073,349,392,2411,0,1.0,,,1.0,,,,,0.8880407124681934,1172.0,3.475255972696245,1,8,0.1428571428571428,1,0
70,3,36,0,0,,,,1.0,,,,,0.081081081081081,73.0,0.958904109589041,0,11,0.0,0,1
5,35,365,0,0,,,,,,,,,0.0956284153005464,,,0,15,0.25,1,1
258,82,145,372,0,,,1.0,1.0,,,,,0.5616438356164384,174.0,1.4827586206896552,1,15,0.0,0,0
2,42,1449,0,0,,,,,,,,,0.0289655172413793,,,0,11,0.0769230769230769,1,1
70,6,42,0,0,,,,1.0,,,,,0.1395348837209302,72.0,0.9722222222222222,0,16,0.0,0,1
65,5,34,0,1,,,,1.0,,,,,0.1428571428571428,59.0,1.1016949152542372,0,13,0.0,0,1
1,261,259,0,3,,,1.0,1.0,-18000.0,,,,1.0038461538461538,1827.0,0.0005473453749315,1,16,0.0,0,1
1179,561,622,0,0,1.0,,,1.0,10800.0,,,,0.9004815409309791,450.0,2.62,0,4,0.0,0,1
34,277,250,0,4,,,1.0,1.0,-14400.0,,,,1.1035856573705178,2556.0,0.0133020344287949,1,18,0.0,0,1
76,0,0,0,0,,,,1.0,10800.0,,,,0.0,872.0,0.0871559633027523,1,13,0.1428571428571428,1,1
71,316,252,0,8,,,1.0,1.0,-14400.0,,,,1.2490118577075098,2558.0,0.0277560594214229,1,18,0.0,0,1
3045,336,320,670,0,,,1.0,1.0,28800.0,,,,1.0467289719626167,413.0,7.372881355932203,1,4,0.0,0,0
28605,6291,4741,15887,15,,,1.0,1.0,-18000.0,,,,1.3266554196541545,1493.0,19.15941058271936,1,14,0.0,0,0
227,372,255,0,43,,,1.0,1.0,-14400.0,,,,1.453125,2558.0,0.0887412040656763,1,18,0.0,0,1
51,771,2001,0,4,,,,,,,,,0.3851148851148851,,,0,11,0.0,0,1
45,6,41,0,0,,,,1.0,,,,,0.1428571428571428,54.0,0.8333333333333334,0,14,0.0,0,1
553,6777,7136,0,4,,,,1.0,,,,,0.9495586380832284,160.0,3.45625,1,17,0.1818181818181818,1,1
36,5,33,0,0,,,,1.0,,,,,0.1470588235294117,56.0,0.6428571428571429,0,11,0.0,0,1
904,183,474,3,10,,,,,-7200.0,,,,0.3852631578947368,2125.0,0.4254117647058824,1,14,0.0,0,0
42,3,44,0,0,,,,1.0,,,,,0.0666666666666666,53.0,0.7924528301886793,0,14,0.0,0,1
21,197,165,0,26,,,1.0,1.0,-14400.0,,,,1.186746987951807,2564.0,0.0081903276131045,1,20,0.0,0,1
1107,121,231,572,0,1.0,,,1.0,,,,,0.521551724137931,591.0,1.873096446700508,1,15,0.0,0,0
12773,793,691,1,8,1.0,,,1.0,,,,,1.1459537572254337,776.0,16.460051546391753,1,16,0.0,0,1
53,7,41,0,0,,,,1.0,,,,,0.1666666666666666,60.0,0.8833333333333333,0,15,0.0,0,1
9095,2042,1733,3870,65,,,1.0,1.0,-18000.0,,,,1.1776239907727797,2121.0,4.288071664309288,1,11,0.0,0,0
513,5772,6022,0,7,,,,1.0,,,,,0.9583264154076042,1244.0,0.4123794212218649,1,12,0.1818181818181818,1,1
8528,312,879,1009,1,,,1.0,,7200.0,,,,0.3545454545454545,252.0,33.84126984126984,1,4,0.0,0,0
113,561,1371,0,6,,,,,,,,,0.4088921282798833,,,0,16,0.0,0,1
62,8,40,0,0,,,,1.0,,,,,0.1951219512195122,67.0,0.9253731343283582,0,15,0.0,0,1
973,49,191,17,2,,,1.0,1.0,19800.0,,,,0.2552083333333333,504.0,1.930555555555556,1,15,0.0,0,0
217,25,68,176,0,1.0,,1.0,1.0,43200.0,,,,0.3623188405797101,448.0,0.484375,0,13,0.0,0,0
28,10,51,0,0,1.0,,1.0,1.0,,,,,0.1923076923076923,76.0,0.3684210526315789,1,8,0.0,0,0
1,228,602,0,2,,,,,,,,,0.3781094527363184,,,0,6,0.2,1,1
46,5,34,0,0,,,,1.0,,,,,0.1428571428571428,55.0,0.8363636363636363,0,12,0.0,0,1
5372,146,150,454,2,,,1.0,1.0,,,,,0.9668874172185432,817.0,6.575275397796817,1,18,0.0,0,0
5679,992,2002,982,282,,,1.0,1.0,-18000.0,,,,0.4952571143285072,2053.0,2.7661958110082807,1,16,0.1818181818181818,1,0
67,9,37,0,0,,,,1.0,,,,,0.2368421052631578,74.0,0.9054054054054054,0,15,0.0,0,1
15,1095,1973,0,5,,,,,,,,,0.5547112462006079,,,1,12,0.0,0,1
6384,1536,2001,2,0,1.0,,,1.0,10800.0,,,,0.7672327672327672,764.0,8.356020942408376,1,13,0.0,0,1
57,10,49,0,0,,,,1.0,,,,,0.2,66.0,0.8636363636363636,0,13,0.0,0,1
1,92,554,0,0,,,,,,,,,0.1657657657657657,,,0,6,0.2,1,1
46,6,36,0,0,,,,1.0,,,,,0.1621621621621621,56.0,0.8214285714285714,0,14,0.0,0,1
9105,1238,145,5376,19,,,1.0,1.0,-14400.0,,,,8.479452054794521,1503.0,6.057884231536926,1,5,0.0,0,0
13234,557,723,14439,9,,,1.0,1.0,-18000.0,,,,0.7693370165745856,1541.0,8.587929915639195,1,15,0.0,0,0
35,1157,1959,0,0,,,,,,,,,0.5903061224489796,,,0,13,0.0,0,1
64,8,43,0,0,,,,1.0,,,,,0.1818181818181818,70.0,0.9142857142857144,0,15,0.0,0,1
108,45,74,204,0,,,,,,,,,0.6,669.0,0.1614349775784753,0,14,0.0,0,0
66,4,34,0,0,,,,1.0,,,,,0.1142857142857142,69.0,0.9565217391304348,0,13,0.0,0,1
65,2,36,0,0,,,,1.0,,,,,0.054054054054054,72.0,0.9027777777777778,0,16,0.0,0,1
47,9,44,0,0,,,,1.0,,,,,0.2,69.0,0.6811594202898551,0,15,0.0,0,1
140,296,345,0,1,,,,1.0,10800.0,,,,0.8554913294797688,875.0,0.16,1,11,0.0,0,1
3,44,1422,0,3,,,,,,,,,0.0309205903021784,,,0,14,0.0769230769230769,1,1
71,10,38,0,0,,,,1.0,,,,,0.2564102564102564,73.0,0.9726027397260274,0,14,0.0,0,1
61,15,40,0,1,,,,1.0,,,,,0.3658536585365853,70.0,0.8714285714285714,0,14,0.0,0,1
1,187,605,0,0,,,,,,,,,0.3085808580858086,,,0,6,0.2,1,1
3940,256,206,1746,0,,,,1.0,28800.0,,,,1.2367149758454106,289.0,13.633217993079583,1,4,0.0,0,0
1156,919,1166,1,0,1.0,,,1.0,10800.0,,,,0.7874892887746359,777.0,1.4877734877734878,0,15,0.0,0,1
233,132,194,13,6,,,,,7200.0,,,,0.676923076923077,1699.0,0.137139493819894,0,20,0.0,0,0
38,4,39,0,0,,,,1.0,,,,,0.1,68.0,0.5588235294117647,0,16,0.0,0,1
7686,113,255,128,4,,,1.0,1.0,19800.0,,,,0.44140625,1731.0,4.440207972270364,1,7,0.125,1,0
75,7,42,0,0,,,,1.0,,,,,0.1627906976744186,70.0,1.0714285714285714,0,16,0.0,0,1
60,5,40,0,0,,,,1.0,,,,,0.1219512195121951,73.0,0.821917808219178,0,12,0.0,0,1
43,11,40,0,0,,,,1.0,,,,,0.2682926829268293,68.0,0.6323529411764706,0,15,0.0,0,1
59,5,39,0,1,,,,1.0,,,,,0.125,62.0,0.9516129032258064,0,16,0.0,0,1
37,1,38,0,0,,,,1.0,,,,,0.0256410256410256,53.0,0.6981132075471698,0,13,0.0,0,1
3,238,201,0,11,,,1.0,1.0,-14400.0,,,,1.1782178217821782,2564.0,0.001170046801872,1,20,0.0,0,1
72,6,34,0,0,,,,1.0,,,,,0.1714285714285714,76.0,0.9473684210526316,0,16,0.0,0,1
235,828,494,0,126,,,1.0,1.0,-14400.0,,,,1.6727272727272726,2482.0,0.0946817082997582,1,11,0.0,0,1
137,0,0,0,0,,,,1.0,10800.0,,,,0.0,875.0,0.1565714285714285,1,16,0.0,0,1
116,0,0,0,0,,,,1.0,10800.0,,,,0.0,875.0,0.1325714285714285,1,13,0.0,0,1
4278,929,726,4837,1,1.0,,,1.0,,,,,1.2778541953232463,502.0,8.52191235059761,1,14,0.0833333333333333,1,0
1353,133,98,311,0,,,1.0,1.0,28800.0,,,,1.3434343434343434,516.0,2.622093023255814,1,9,0.0,0,0
42,2,40,0,0,,,,1.0,,,,,0.048780487804878,54.0,0.7777777777777778,0,14,0.0,0,1
11077,552,510,1,6,1.0,,,1.0,,,,,1.0802348336594911,776.0,14.274484536082474,1,18,0.0,0,1
4477,482,590,787,0,,,,1.0,-25200.0,,,,0.8155668358714044,1493.0,2.998660415271266,1,12,0.0,0,0
34,1210,1910,0,1,,,,,,,,,0.6331763474620618,,,0,13,0.0,0,1
15525,879,667,153,5,,,,1.0,-18000.0,,,,1.315868263473054,2117.0,7.333490788852149,1,5,0.0833333333333333,1,0
19835,385,278,4775,4,,,1.0,1.0,18000.0,,,,1.3799283154121864,1970.0,10.068527918781726,1,19,0.0,0,0
69,612,521,0,10,,,1.0,1.0,-14400.0,,,,1.1724137931034482,2504.0,0.0275559105431309,1,12,0.0,0,1
72,9,39,0,0,,,,1.0,,,,,0.225,72.0,1.0,0,14,0.0,0,1
2007,5,0,0,0,,,,1.0,10800.0,,,,5.0,594.0,3.378787878787879,0,20,0.0,0,1
30109,888,1813,3994,11,,,,,7200.0,,,,0.4895259095920617,1701.0,17.70076425631981,1,14,0.0,0,0
12,349,302,0,5,,,1.0,1.0,-25200.0,,,,1.151815181518152,1415.0,0.0084805653710247,1,20,0.0,0,1
145,280,381,0,0,,,,1.0,10800.0,,,,0.7329842931937173,874.0,0.165903890160183,1,11,0.0,0,1
31,0,0,0,0,,,,1.0,10800.0,,,,0.0,874.0,0.0354691075514874,1,15,0.0,0,1
96,22,36,0,1,,,,1.0,10800.0,,,,0.5945945945945946,875.0,0.1097142857142857,1,12,0.0,0,1
23145,594,731,12009,26,,,,1.0,-18000.0,,,,0.8114754098360656,1615.0,14.3312693498452,1,12,0.0,0,0
39,2,40,0,0,,,,1.0,,,,,0.048780487804878,68.0,0.5735294117647058,0,12,0.0,0,1
10126,269,183,14472,30,,,,,-18000.0,,,,1.4619565217391304,627.0,16.149920255183414,1,16,0.0,0,0
47,4,39,0,0,,,,1.0,,,,,0.1,70.0,0.6714285714285714,0,13,0.0,0,1
10532,285,341,396,0,,,,1.0,-36000.0,,,,0.8333333333333334,682.0,15.442815249266864,1,6,0.0,0,0
3,108,771,0,0,,,,,,,,,0.1398963730569948,,,0,5,0.1,1,1
33917,338,254,5972,2,,,1.0,1.0,-18000.0,,,,1.325490196078431,1010.0,33.58118811881188,1,6,0.1666666666666666,1,0
60,2,40,0,0,,,,1.0,,,,,0.048780487804878,62.0,0.967741935483871,0,14,0.0,0,1
53,7,42,0,0,,,,1.0,,,,,0.1627906976744186,71.0,0.7464788732394366,0,10,0.0,0,1
26,233,1007,0,0,,,,,,,,,0.2311507936507936,,,0,13,0.0,0,1
1,303,292,0,2,,,1.0,1.0,-14400.0,,,,1.0341296928327646,2579.0,0.0003877471888328,1,19,0.0,0,1
901,128,472,383,0,,,,1.0,-25200.0,,,,0.2706131078224101,843.0,1.0688018979833926,1,11,0.2,1,1
68,3,42,0,0,,,,1.0,,,,,0.0697674418604651,74.0,0.918918918918919,0,12,0.0,0,1
541,32,164,364,1,1.0,,,1.0,-25200.0,,,,0.1939393939393939,1328.0,0.4073795180722891,1,10,0.0,0,0
21241,363,342,12761,9,,,,,-25200.0,,,,1.0583090379008746,538.0,39.48141263940521,1,5,0.1818181818181818,1,0
44,4,35,0,0,,,,1.0,,,,,0.1111111111111111,55.0,0.8,0,15,0.0,0,1
109,25,36,0,0,,,,1.0,10800.0,,,,0.6756756756756757,873.0,0.124856815578465,1,15,0.0,0,1
3825,3849,4063,2,10,1.0,,,1.0,7200.0,,,,0.9470964566929134,760.0,5.032894736842105,0,18,0.0,0,1
379,960,1971,0,3,,,,,,,,,0.486815415821501,,,1,6,0.25,1,1
416,25,28,2,1,,,,1.0,10800.0,,,,0.8620689655172413,1352.0,0.3076923076923077,1,19,0.0,0,0
79,6,39,0,0,,,,1.0,,,,,0.15,71.0,1.1126760563380282,0,11,0.0,0,1
106,1270,991,0,16,,,,,,,,,1.280241935483871,,,0,13,0.0,0,1
2387,538,1724,398,0,,,1.0,1.0,20700.0,,,,0.3118840579710145,1211.0,1.9710982658959535,1,16,0.0,0,0
41,9,33,0,0,,,,1.0,,,,,0.2647058823529412,58.0,0.7068965517241379,0,11,0.0,0,1
41,4,40,0,0,,,,1.0,,,,,0.0975609756097561,55.0,0.7454545454545455,0,13,0.0,0,1
24,284,1971,0,6,,,,,,,,,0.1440162271805274,,,0,3,0.0,0,1
10711,3551,2513,2051,123,,,,1.0,-36000.0,,,1.0,1.4124900556881463,1463.0,7.321257689678743,1,13,0.0,0,0
61,7,41,0,1,,,,1.0,,,,,0.1666666666666666,69.0,0.8840579710144928,0,14,0.0,0,1
47,3,34,0,0,,,,1.0,,,,,0.0857142857142857,55.0,0.8545454545454545,0,13,0.0,0,1
216,1567,2001,0,34,,,,,,,,,0.7827172827172827,,,1,10,0.0,0,1
66,5,41,0,0,,,,1.0,,,,,0.119047619047619,69.0,0.9565217391304348,0,11,0.0,0,1
5070,1741,2301,8,15,,,,,,,,,0.7562988705473501,,,0,6,0.0,0,1
111434,10545,168,31856,63,,,,,-25200.0,,,,62.396449704142015,602.0,185.1063122923588,1,20,0.0,0,0
57,4,41,0,0,,,,1.0,,,,,0.0952380952380952,66.0,0.8636363636363636,0,13,0.0,0,1
9548,162,168,842,1,,,,1.0,-25200.0,,,,0.9585798816568049,2153.0,4.434742220157919,1,18,0.2857142857142857,1,0
64,64,133,1,0,,,,,,,,,0.4776119402985074,,,0,13,0.0,0,1
45,6,35,0,0,,,,1.0,,,,,0.1666666666666666,57.0,0.7894736842105263,0,11,0.0,0,1
15148,5819,5899,162,190,,,,1.0,-25200.0,,,,0.986271186440678,1268.0,11.946372239747634,1,12,0.0,0,0
45101,776,783,0,4,,,,1.0,,,,,0.9897959183673468,606.0,74.42409240924093,0,9,0.0,0,1
36,5,37,0,0,,,,1.0,,,,,0.131578947368421,54.0,0.6666666666666666,0,13,0.0,0,1
14326,317,935,806,1,,,1.0,1.0,3600.0,,,,0.3386752136752137,825.0,17.364848484848483,1,5,0.0,0,0
14213,638,337,4738,4,,,1.0,1.0,28800.0,,,,1.8875739644970413,768.0,18.506510416666668,1,13,0.1818181818181818,1,0
41,3,41,0,0,,,,1.0,,,,,0.0714285714285714,56.0,0.7321428571428571,0,11,0.0,0,1
45,4,41,0,0,,,,1.0,,,,,0.0952380952380952,53.0,0.8490566037735849,0,14,0.0,0,1
48,2,36,0,0,,,,1.0,,,,,0.054054054054054,68.0,0.7058823529411765,0,15,0.0,0,1
16761,152,91,107,4,1.0,,1.0,1.0,,,,,1.6521739130434785,2082.0,8.05043227665706,1,13,0.375,1,0
16,86,207,52,1,1.0,,,1.0,,,,,0.4134615384615384,405.0,0.0395061728395061,0,9,0.0,0,0
70,11,35,0,0,,,,1.0,,,,,0.3055555555555556,72.0,0.9722222222222222,0,13,0.0,0,1
763,539,420,10192,0,1.0,,1.0,1.0,,,,,1.2802850356294535,533.0,1.4315196998123827,1,5,0.0,0,0
6,205,486,0,2,,,,,,,,,0.4209445585215606,,,0,15,0.0,0,1
48369,680,611,9745,5,,,1.0,1.0,-18000.0,,,,1.1111111111111112,1698.0,28.485865724381625,1,8,0.0,0,0
48,4,47,0,0,,,,1.0,,,,,0.0833333333333333,63.0,0.7619047619047619,0,14,0.0,0,1
35,6,39,0,0,,,,1.0,,,,,0.15,53.0,0.660377358490566,0,13,0.0,0,1
87,574,540,0,12,,,,1.0,-14400.0,,,,1.0609981515711646,2505.0,0.0347305389221556,1,12,0.0,0,1
42,4,33,0,0,,,,1.0,,,,,0.1176470588235294,53.0,0.7924528301886793,0,14,0.0,0,1
40796,535,444,1337,3,,,1.0,1.0,43200.0,,,,1.202247191011236,1410.0,28.933333333333334,1,10,0.0,0,0
2,22,393,0,0,,,,,,,,,0.0558375634517766,,,0,9,0.2857142857142857,1,1
11982,723,1843,1,1,1.0,,,1.0,,,,,0.3920824295010846,776.0,15.440721649484535,1,16,0.0,0,1
6275,2008,1462,4046,0,,,1.0,1.0,28800.0,,,,1.3725222146274778,335.0,18.73134328358209,1,6,0.0,0,0
7778,506,1002,380,8,,,1.0,1.0,-14400.0,,,,0.5044865403788634,1891.0,4.113167636171338,1,15,0.0,0,1
1596,221,216,177,12,,,,1.0,7200.0,,,,1.0184331797235022,235.0,6.791489361702127,1,14,0.0,0,1
40,610,560,0,1,,,1.0,1.0,-25200.0,,,,1.0873440285204992,1412.0,0.0283286118980169,1,12,0.0,0,1
2,592,535,0,1,,,1.0,1.0,-14400.0,,,,1.1044776119402986,2505.0,0.0007984031936127,1,12,0.0,0,1
42,4,36,0,0,,,,1.0,,,,,0.1081081081081081,54.0,0.7777777777777778,0,13,0.0,0,1
52,5,39,0,0,,,,1.0,,,,,0.125,66.0,0.7878787878787878,0,9,0.0,0,1
1,191,587,0,0,,,,,,,,,0.3248299319727891,,,0,6,0.2,1,1
58,9,45,0,0,,1.0,,1.0,,,,,0.1956521739130435,62.0,0.935483870967742,0,13,0.0,0,1
72,557,1847,0,0,,,,,,,,,0.3014069264069264,,,1,11,0.0,0,1
333,5220,5277,0,8,,,,1.0,10800.0,,,,0.989010989010989,873.0,0.3814432989690721,1,5,0.0,0,1
68,9,49,0,0,,,,1.0,,,,,0.18,74.0,0.918918918918919,0,11,0.0,0,1
121,254,320,0,0,,,,1.0,10800.0,,,,0.7912772585669782,871.0,0.1389207807118254,1,16,0.0,0,1
38,3,38,0,0,,,,1.0,,,,,0.0769230769230769,69.0,0.5507246376811594,0,15,0.0,0,1
10308,31,47,1343,1,,,,1.0,28800.0,,,,0.6458333333333334,431.0,23.916473317865428,1,4,0.0,0,0
12,132,551,0,0,,,,,,,,,0.2391304347826087,,,0,3,0.0,0,1
54344,27856,756,291,605,,,1.0,1.0,-14400.0,,,1.0,36.797886393659184,2297.0,23.658685241619505,1,19,0.1,1,0
65,5,40,0,0,,,,1.0,,,,,0.1219512195121951,65.0,1.0,0,16,0.0,0,1
73,7,36,0,0,,,,1.0,,,,,0.1891891891891892,73.0,1.0,0,13,0.0,0,1
4692,458,603,1832,9,,,1.0,1.0,46800.0,,,,0.7582781456953642,1114.0,4.211849192100539,1,13,0.2,1,0
5690,128,249,597,1,,,,1.0,28800.0,,,,0.512,686.0,8.294460641399416,1,10,0.0,0,0
42,6,40,0,0,,,,1.0,,,,,0.1463414634146341,53.0,0.7924528301886793,0,9,0.0,0,1
14829,432,315,7528,1,,,1.0,,-18000.0,,,,1.3670886075949369,2258.0,6.567316209034544,1,6,0.0,0,0
56,4,40,0,0,,,,1.0,,,,,0.0975609756097561,74.0,0.7567567567567568,0,15,0.0,0,1
12,313,291,0,10,,,1.0,1.0,-14400.0,,,,1.071917808219178,2571.0,0.0046674445740956,1,19,0.0,0,1
294,69,674,0,2,,,,1.0,,,,,0.1022222222222222,157.0,1.872611464968153,0,13,0.0,0,1
36118,780,470,381,21,1.0,,,1.0,-18000.0,,,,1.6560509554140128,1721.0,20.986635676932018,1,14,0.0,0,0
39,1110,1994,0,7,,,,,,,,,0.556390977443609,,,1,6,0.0,0,1
2846,286,432,3847,2,1.0,,1.0,1.0,,,,,0.6605080831408776,850.0,3.348235294117647,1,14,0.1,1,0
50,4,30,0,0,,,,1.0,,,,,0.1290322580645161,73.0,0.684931506849315,0,14,0.0,0,1
42,4,39,0,0,,,,1.0,,,,,0.1,57.0,0.7368421052631579,0,15,0.0,0,1
31332,590,29,0,5,,,,1.0,10800.0,,,,19.666666666666668,878.0,35.68564920273349,0,19,0.0,0,1
86,5,44,0,1,,,,1.0,,,,,0.1111111111111111,73.0,1.178082191780822,0,12,0.0,0,1
47,10,42,0,0,,,,1.0,,,,,0.2325581395348837,68.0,0.6911764705882353,0,16,0.0,0,1
27242,548,492,1228,3,,,1.0,1.0,-18000.0,,,,1.1115618661257607,1500.0,18.16133333333333,1,11,0.0,0,0
62,3,35,0,1,,,,1.0,,,,,0.0833333333333333,71.0,0.8732394366197183,0,10,0.0,0,1
43,3,36,0,0,,,,1.0,,,,,0.081081081081081,58.0,0.7413793103448276,0,15,0.0,0,1
71,4,46,0,1,,,,1.0,,,,,0.0851063829787234,76.0,0.9342105263157896,0,14,0.0,0,1
48572,503,225,61,5,,,1.0,1.0,28800.0,,,,2.225663716814159,2185.0,22.229748283752865,1,3,0.0,0,0
11923,1215,1896,1,1,,,,1.0,-14400.0,,,,0.6404849762783342,771.0,15.464332036316472,1,15,0.0,0,1
10854,9527,887,3363,15,,,,,-28800.0,,,,10.728603603603604,1742.0,6.230769230769231,1,5,0.0,0,0
1662,742,497,8992,2,,,,1.0,7200.0,,,,1.4899598393574298,993.0,1.6737160120845922,1,7,0.0,0,0
64,4,31,0,0,,,,1.0,,,,,0.125,71.0,0.9014084507042254,0,14,0.0,0,1
62,1,30,0,1,,,,1.0,,,,,0.032258064516129,69.0,0.8985507246376812,0,11,0.0,0,1
4905,116,275,147,0,,,1.0,1.0,28800.0,,,,0.4202898550724637,1340.0,3.66044776119403,1,14,0.0769230769230769,1,0
36430,1439,1591,6761,91,,,1.0,1.0,,,,,0.9038944723618092,2545.0,14.31434184675835,1,11,0.0,0,0
1523,42,203,525,0,,,,,32400.0,,,,0.2058823529411764,436.0,3.493119266055046,1,3,0.0,0,0
36359,6154,2329,20012,64,,,1.0,1.0,-25200.0,,,,2.6412017167381974,1004.0,36.21414342629482,1,6,0.0,0,0
32744,268,265,17851,6,,,1.0,1.0,-14400.0,,,,1.0075187969924813,1014.0,32.29191321499014,1,11,0.0,0,0
20218,413,405,162,8,,,1.0,1.0,7200.0,,,,1.0172413793103448,1740.0,11.619540229885056,1,12,0.0,0,1
11,314,284,0,7,,,1.0,1.0,-14400.0,,,,1.1017543859649124,2269.0,0.004847950639048,1,20,0.0,0,1
34,538,1937,0,5,,,,,,,,,0.2776057791537668,,,1,8,0.0,0,1
45,4,36,0,0,,,,1.0,,,,,0.1081081081081081,56.0,0.8035714285714286,0,12,0.0,0,1
42,4,35,0,0,,,,1.0,,,,,0.1111111111111111,57.0,0.7368421052631579,0,13,0.0,0,1
19549,323,204,2587,4,1.0,,,1.0,-28800.0,,,,1.575609756097561,2223.0,8.793972109761583,1,15,0.0,0,0
315,79,821,0,0,,,,1.0,,,,,0.0961070559610705,156.0,2.019230769230769,0,14,0.0,0,1
71,4,35,0,1,,,,1.0,,,,,0.1111111111111111,73.0,0.9726027397260274,0,13,0.0,0,1
69,3,41,0,0,,,,1.0,,,,,0.0714285714285714,70.0,0.9857142857142858,0,12,0.0,0,1
66,888,1183,0,0,,,,,,,,,0.75,,,1,10,0.0,0,1
118750,2634,147,5852,54,,,,,28800.0,,,,17.7972972972973,1318.0,90.09863429438543,1,6,0.0,0,0
17,331,238,0,17,,,1.0,1.0,-14400.0,,,,1.3849372384937235,2564.0,0.0066302652106084,1,20,0.0,0,1
58,3,39,0,0,,,,1.0,,,,,0.075,73.0,0.7945205479452054,0,15,0.0,0,1
57,0,40,0,0,,,,1.0,,,,,0.0,63.0,0.9047619047619048,0,12,0.0,0,1
40078,585,262,16018,1,,,1.0,1.0,-14400.0,,,,2.2243346007604563,1138.0,35.21792618629174,1,6,0.0,0,0
35,4,40,0,0,,,,1.0,,,,,0.0975609756097561,60.0,0.5833333333333334,0,16,0.0,0,1
12814,218,179,396,16,,,1.0,,-25200.0,,,,1.211111111111111,2219.0,5.774673276250564,1,7,0.0,0,0
80,5,40,0,0,,,,1.0,,,,,0.1219512195121951,73.0,1.095890410958904,0,15,0.0,0,1
58,3,43,0,0,,,,1.0,,,,,0.0681818181818181,66.0,0.8787878787878788,0,14,0.0,0,1
28400,8375,503,2497,535,,,,,-25200.0,,,,16.61706349206349,2981.0,9.5270043609527,1,12,0.0,0,0
4,241,1643,0,3,,,,,,,,,0.1465936739659367,,,1,4,0.0,0,1
808,3033,2192,10,7,,,,1.0,7200.0,,,,1.3830369357045145,450.0,1.7955555555555556,1,11,0.0,0,1
30256,1536,1208,20063,7,,,1.0,1.0,-7200.0,,,,1.2704714640198511,1414.0,21.3974540311174,1,9,0.0,0,0
191,331,251,0,25,,,1.0,1.0,-14400.0,,,,1.3134920634920637,2558.0,0.0746677091477717,1,18,0.0,0,1
3715,322,218,4239,0,,,1.0,1.0,-21600.0,,,,1.4703196347031964,1290.0,2.87984496124031,1,8,0.0,0,0
8890,230,222,3271,2,1.0,,,1.0,-14400.0,,,,1.031390134529148,1125.0,7.902222222222222,1,15,0.1428571428571428,1,0
66,5,36,0,0,,,,1.0,,,,,0.1351351351351351,72.0,0.9166666666666666,0,9,0.0,0,1
58,3,40,0,0,,,,1.0,,,,,0.073170731707317,69.0,0.8405797101449275,0,16,0.0,0,1
22837,211,700,6529,8,,,1.0,1.0,-14400.0,,,,0.3009985734664764,1818.0,12.561606160616062,1,2,0.0,0,0
2007,168,133,1203,0,,,1.0,,3600.0,,,,1.2537313432835822,1280.0,1.56796875,1,5,0.0,0,0
55,4,35,0,0,,,,1.0,,,,,0.1111111111111111,62.0,0.8870967741935484,0,13,0.0,0,1
53,308,278,0,11,,,1.0,1.0,-14400.0,,,,1.103942652329749,2382.0,0.0222502099076406,1,19,0.0,0,1
1,182,521,0,1,,,,,,,,,0.3486590038314176,,,0,4,0.25,1,1
4413,445,484,4154,1,,,,1.0,20700.0,,,,0.9175257731958762,1383.0,3.190889370932755,1,5,0.2857142857142857,1,0
75,6,40,0,0,,,,1.0,,,,,0.1463414634146341,71.0,1.056338028169014,0,15,0.0,0,1
1,75,462,0,1,,,,,,,,,0.161987041036717,,,0,5,0.2,1,1
80,6,40,0,0,,,,1.0,,,,,0.1463414634146341,74.0,1.0810810810810811,0,14,0.0,0,1
6,141,737,0,0,,,,,,,,,0.1910569105691057,,,0,11,0.25,1,1
55,8,35,0,0,,,,1.0,,,,,0.2222222222222222,67.0,0.8208955223880597,0,11,0.0,0,1
2,292,287,0,5,,,1.0,1.0,-14400.0,,,,1.0138888888888888,2556.0,0.0007824726134585,1,17,0.0,0,1
4652,251,331,3467,1,,,1.0,1.0,,,,,0.7560240963855421,363.0,12.81542699724518,1,13,0.0,0,0
1,113,726,0,0,,,,,,,,,0.155433287482806,,,0,7,0.2727272727272727,1,1
24580,1057,484,3245,6,,,,1.0,-25200.0,,,,2.179381443298969,1118.0,21.985688729874777,1,18,0.0,0,0
65,9,33,0,1,,,,1.0,,,,,0.2647058823529412,74.0,0.8783783783783784,0,10,0.0,0,1
14070,688,971,2291,0,,,1.0,1.0,-36000.0,,,,0.7078189300411523,1686.0,8.345195729537366,1,4,0.0,0,0
59,8,42,0,0,,,,1.0,,,,,0.1860465116279069,71.0,0.8309859154929577,0,13,0.0,0,1
38,4,38,0,0,,,,1.0,,,,,0.1025641025641025,53.0,0.7169811320754716,0,14,0.0,0,1
1,46,383,0,1,,,,,,,,,0.1197916666666666,,,0,7,0.25,1,1
7443,173,244,1024,0,1.0,,,1.0,-18000.0,,,,0.7061224489795919,850.0,8.756470588235294,1,8,0.0,0,0
480,1632,2003,0,2,,,,1.0,,,,,0.8143712574850299,153.0,3.1372549019607843,1,10,0.0,0,1
80,0,0,0,0,,,,1.0,,,,,0.0,74.0,1.0810810810810811,0,12,0.0,0,1
3978,259,530,32,0,,,1.0,1.0,25200.0,,,,0.487758945386064,1271.0,3.129819040125885,1,17,0.0,0,0
4616,690,907,7,9,,,,1.0,43200.0,,,,0.7599118942731278,1512.0,3.052910052910053,1,12,0.0,0,0
51,1,41,0,0,,,,1.0,,,,,0.0238095238095238,69.0,0.7391304347826086,0,12,0.0,0,1
14,203,193,0,9,,,1.0,1.0,-14400.0,,,,1.0463917525773196,2574.0,0.0054390054390054,1,19,0.0,0,1
7573,552,1836,1777,1,,,1.0,1.0,28800.0,,,,0.3004899292324442,985.0,7.688324873096446,1,1,0.0,0,0
5297,689,464,1035,0,,,1.0,1.0,-18000.0,,,,1.4817204301075269,1406.0,3.767425320056899,1,11,0.0,0,0
17269,219,332,18043,5,,,1.0,1.0,-10800.0,,,,0.6576576576576577,1017.0,16.9803343166175,1,12,0.1333333333333333,1,0
626,236,300,16,4,,,,1.0,7200.0,,,,0.7840531561461794,2973.0,0.2105617221661621,1,12,0.0,0,0
36166,828,289,474,57,,,1.0,,3600.0,,,,2.8551724137931034,2756.0,13.12264150943396,1,14,0.0,0,0
2780,128,117,658,0,,,,1.0,-21600.0,,,,1.0847457627118644,1686.0,1.6488730723606169,1,13,0.0,0,0
341,4774,5244,0,6,,,,1.0,10800.0,,,,0.9102001906577694,873.0,0.3906071019473081,0,16,0.0,0,1
50,0,0,0,0,,,,1.0,10800.0,,,,0.0,796.0,0.0628140703517587,1,12,0.0,0,1
1,288,278,0,3,,,1.0,1.0,-25200.0,,,,1.032258064516129,1643.0,0.0006086427267194,1,18,0.0,0,1
62,9,42,0,0,,,,1.0,,,,,0.2093023255813953,74.0,0.8378378378378378,0,15,0.0,0,1
60,7,33,0,0,,,,1.0,,,,,0.2058823529411764,65.0,0.9230769230769232,0,13,0.0,0,1
12440,850,1399,1,0,1.0,,,1.0,,,,,0.6071428571428571,776.0,16.030927835051546,1,14,0.0,0,1
31040,453,672,28037,6,,,1.0,,-14400.0,,,,0.6731054977711739,1253.0,24.772545889864325,1,11,0.0,0,0
54,5,41,0,0,,,,1.0,,,,,0.119047619047619,62.0,0.8709677419354839,0,13,0.0,0,1
194,60,222,4,0,1.0,,1.0,1.0,,,,,0.2690582959641255,286.0,0.6783216783216783,1,6,0.0,0,0
41,6,45,0,0,,,,1.0,,,,,0.1304347826086956,59.0,0.6949152542372882,0,12,0.0,0,1
74,904,2001,4,4,,,,,,,,,0.4515484515484515,,,0,12,0.3333333333333333,1,1
1055,308,1006,392,3,1.0,,,1.0,-18000.0,,,,0.3058589870903674,1185.0,0.890295358649789,1,14,0.0,0,0
48,0,34,0,1,,,,1.0,,,,,0.0,56.0,0.8571428571428571,0,13,0.0,0,1
9188,625,1117,1,1,1.0,,,1.0,,,,,0.5590339892665475,776.0,11.84020618556701,1,12,0.0,0,1
70,342,252,0,8,,,1.0,1.0,-14400.0,,,,1.3517786561264822,2558.0,0.0273651290070367,1,18,0.0,0,1
11538,1007,527,5371,1,,,1.0,1.0,-25200.0,,,,1.9071969696969695,1085.0,10.63410138248848,1,11,0.0833333333333333,1,0
136,312,335,0,1,,,,1.0,10800.0,,,,0.9285714285714286,803.0,0.1693648816936488,1,15,0.0,0,1
32984,789,271,1050,5,,,1.0,1.0,32400.0,,,,2.900735294117647,2130.0,15.48544600938967,1,20,0.0,0,0
6566,188,216,5359,1,1.0,,,1.0,,,,,0.8663594470046083,547.0,12.003656307129798,0,0,0.0,0,0
6691,768,245,7499,6,,,,,43200.0,,,,3.1219512195121952,274.0,24.41970802919708,1,3,0.0,0,0
811,68,328,454,2,,,1.0,1.0,,,,,0.2066869300911854,1405.0,0.5772241992882562,1,20,0.0,0,0
115,1,0,0,0,,,,1.0,10800.0,,,,1.0,872.0,0.1318807339449541,1,15,0.0,0,1
147,615,522,0,21,,,1.0,1.0,-14400.0,,,,1.1759082217973231,2499.0,0.0588235294117647,1,12,0.0769230769230769,1,1
2451,382,365,1675,0,1.0,,,1.0,,,,,1.0437158469945356,495.0,4.951515151515151,1,6,0.0,0,0
1,177,583,0,1,,,,,,,,,0.3030821917808219,,,0,9,0.1538461538461538,1,1
7,200,181,0,8,,,1.0,1.0,-14400.0,,,,1.098901098901099,2564.0,0.0027301092043681,1,20,0.0,0,1
1,97,589,0,0,,,,,,,,,0.1644067796610169,,,0,7,0.2727272727272727,1,1
820,823,495,0,304,,,1.0,1.0,-14400.0,,,,1.659274193548387,2492.0,0.3290529695024077,1,12,0.0,0,1
14122,563,517,11266,0,1.0,,1.0,1.0,,,,,1.0868725868725868,253.0,55.81818181818182,1,7,0.0,0,0
42,4,42,0,0,,,,1.0,,,,,0.0930232558139534,59.0,0.711864406779661,0,10,0.0,0,1
682,175,154,471,0,,,,1.0,-18000.0,,,,1.1290322580645162,1303.0,0.523407521105142,1,16,0.3333333333333333,1,0
44,5,41,0,0,,,,1.0,,,,,0.119047619047619,56.0,0.7857142857142857,0,15,0.0,0,1
75,3,36,0,0,,,,1.0,,,,,0.081081081081081,74.0,1.0135135135135136,0,15,0.0,0,1
41,0,0,0,0,,,,1.0,10800.0,,,,0.0,874.0,0.0469107551487414,1,16,0.0,0,1
53,8,40,0,0,,,,1.0,,,,,0.1951219512195122,69.0,0.7681159420289855,0,11,0.0,0,1
76,3,41,0,0,,,,1.0,,,,,0.0714285714285714,73.0,1.0410958904109588,0,13,0.0,0,1
50,8,43,0,1,,,,1.0,,,,,0.1818181818181818,62.0,0.8064516129032258,0,13,0.0,0,1
72,5,45,0,0,,,,1.0,,,,,0.108695652173913,73.0,0.9863013698630136,0,11,0.0,0,1
65,8,43,0,0,,,,1.0,,,,,0.1818181818181818,69.0,0.9420289855072465,0,11,0.0,0,1
549,6244,6865,0,10,,,,1.0,,,,,0.909408680454413,162.0,3.388888888888889,1,15,0.0,0,1
65,3,38,0,0,,,,1.0,,,,,0.0769230769230769,76.0,0.8552631578947368,0,14,0.0,0,1
275,3831,4216,0,1,,,,1.0,10800.0,,,,0.9084657339340764,875.0,0.3142857142857143,0,12,0.0,0,1
73,6,39,0,0,,,,1.0,,,,,0.15,73.0,1.0,0,14,0.0,0,1
85,7,47,0,0,,,,1.0,,,,,0.1458333333333333,71.0,1.1971830985915493,0,13,0.0,0,1
43447,1068,822,8097,2,,,1.0,,28800.0,,,,1.2976913730255164,825.0,52.663030303030304,1,6,0.0,0,0
4783,397,428,973,1,,,1.0,1.0,-7200.0,,,,0.9254079254079254,1281.0,3.7338017174082743,1,7,0.0,0,0
44,5,41,0,0,,,,1.0,,,,,0.119047619047619,68.0,0.6470588235294118,0,14,0.0,0,1
247,623,537,0,17,,,1.0,1.0,-14400.0,,,,1.157992565055762,2505.0,0.0986027944111776,1,12,0.0,0,1
466,1027,1965,0,6,,,,,,,,,0.5223804679552391,,,0,12,0.0,0,1
2,101,543,0,0,,,,,,,,,0.1856617647058823,,,0,4,0.2222222222222222,1,1
75,6,42,0,0,,,,1.0,,,,,0.1395348837209302,73.0,1.0273972602739727,0,13,0.0,0,1
135,297,338,0,0,,,,1.0,10800.0,,,,0.8761061946902655,875.0,0.1542857142857142,1,12,0.0,0,1
1,97,674,0,0,,,,,,,,,0.1437037037037037,,,0,6,0.2727272727272727,1,1
8512,2069,1177,70,43,,,1.0,1.0,-14400.0,,,,1.7563667232597624,1972.0,4.316430020283976,1,19,0.0,0,1
62,4,44,0,0,,,,1.0,,,,,0.0888888888888888,65.0,0.953846153846154,0,16,0.0,0,1
11774,796,1903,0,3,1.0,,,1.0,-14400.0,,,,0.4180672268907563,776.0,15.172680412371134,1,17,0.0,0,1
70,5,27,0,0,,,,1.0,,,,,0.1785714285714285,126.0,0.5555555555555556,0,14,0.0,0,1
3,56,1452,0,0,,,,,,,,,0.038540949759119,,,0,6,0.0,0,1
6,614,522,0,3,,,1.0,1.0,-18000.0,,,,1.1739961759082218,2503.0,0.0023971234518577,1,12,0.0,0,1
42,6,45,0,0,,,,1.0,,,,,0.1304347826086956,53.0,0.7924528301886793,0,14,0.0,0,1
1547,672,604,730,5,,,1.0,1.0,,,,,1.1107438016528923,1614.0,0.9584882280049566,1,16,0.0,0,0
2984,1450,1798,316,41,1.0,,,1.0,,,,,0.8060033351862146,1083.0,2.755309325946445,1,12,0.0,0,0
73,6,37,0,0,,,,1.0,,,,,0.1578947368421052,75.0,0.9733333333333334,0,15,0.0,0,1
4,94,1019,0,0,,,,,,,,,0.092156862745098,,,0,3,0.2857142857142857,1,1
44,6,41,0,1,,,,1.0,,,,,0.1428571428571428,58.0,0.7586206896551724,0,15,0.0,0,1
71,7,39,0,0,,,,1.0,,,,,0.175,72.0,0.9861111111111112,0,12,0.0,0,1
123,0,0,0,0,,,,1.0,10800.0,,,,0.0,875.0,0.1405714285714285,1,13,0.0,0,1
2,56,1511,0,0,,,,,,,,,0.037037037037037,,,0,11,0.0,0,1
63,10,43,0,0,,,,1.0,,,,,0.2272727272727272,70.0,0.9,0,14,0.0,0,1
34,4,37,0,0,,,,1.0,,,,,0.1052631578947368,57.0,0.5964912280701754,0,13,0.0,0,1
133,300,271,0,22,,,1.0,1.0,-14400.0,,,,1.1029411764705883,2381.0,0.0558588828223435,1,18,0.0,0,1
6,233,182,0,32,,,1.0,1.0,-14400.0,,,,1.273224043715847,2557.0,0.0023464998044583,1,20,0.0,0,1
30062,319,198,19857,13,,,,,-25200.0,,,,1.6030150753768844,1099.0,27.353958143767063,1,18,0.0,0,0
1350,227,786,33,3,,,1.0,1.0,3600.0,,,,0.2884371029224905,2029.0,0.665352390340069,1,10,0.0,0,0
5939,720,727,420,6,1.0,,1.0,1.0,7200.0,,,,0.989010989010989,487.0,12.19507186858316,1,6,0.0,0,0
72,12,43,0,0,,,,1.0,,,,,0.2727272727272727,70.0,1.0285714285714285,0,16,0.0,0,1
57,6,50,0,0,,,,1.0,,,,,0.1176470588235294,66.0,0.8636363636363636,0,12,0.0,0,1
130,0,0,0,0,,,,1.0,10800.0,,,,0.0,873.0,0.1489117983963344,1,13,0.0,0,1
47,1,40,0,0,,,,1.0,,,,,0.024390243902439,55.0,0.8545454545454545,0,14,0.0,0,1
71,0,0,0,0,,,,1.0,10800.0,,,,0.0,873.0,0.0813287514318442,1,12,0.0,0,1
21,262,248,0,3,,,1.0,1.0,-14400.0,,,,1.0522088353413654,2557.0,0.0082127493156042,1,18,0.0,0,1
3396,104,386,73,3,,,1.0,1.0,-18000.0,,,,0.268733850129199,2800.0,1.2128571428571429,0,13,0.0,0,0
27500,1373,834,274,3,1.0,,1.0,1.0,,,,,1.644311377245509,680.0,40.44117647058823,1,7,0.0,0,0
44,5,40,0,1,,,,1.0,,,,,0.1219512195121951,53.0,0.8301886792452831,0,16,0.0,0,1
36701,597,1202,4419,1,1.0,,1.0,1.0,-18000.0,,,,0.4962593516209476,1729.0,21.22672064777328,1,3,0.3076923076923077,1,0
61,6,44,0,0,,,,1.0,,,,,0.1333333333333333,69.0,0.8840579710144928,0,13,0.0,0,1
24797,265,214,8019,5,,,1.0,1.0,10800.0,,,,1.2325581395348837,1511.0,16.41098610191926,1,4,0.0,0,0
39813,619,613,17793,0,,,1.0,1.0,7200.0,,,,1.00814332247557,1054.0,37.77324478178368,1,7,0.0,0,0
12196,230,65,123,2,,,1.0,1.0,21600.0,,,,3.484848484848485,1738.0,7.017261219792865,1,11,0.0,0,0
40985,1238,1108,6619,3,1.0,,,1.0,,,,,1.116321009918846,835.0,49.08383233532934,1,16,0.0,0,0
61,5,35,0,0,,,,1.0,,,,,0.1388888888888889,62.0,0.9838709677419356,0,16,0.0,0,1
67,3,37,0,0,,,,1.0,,,,,0.0789473684210526,69.0,0.9710144927536232,0,15,0.0,0,1
78,8,37,0,0,,,,1.0,,,,,0.2105263157894736,71.0,1.0985915492957747,0,12,0.0,0,1
46,8,39,0,2,,,,1.0,,,,,0.2,66.0,0.696969696969697,0,12,0.0,0,1
37,270,1955,0,0,,,,,,,,,0.1380368098159509,,,0,10,0.1818181818181818,1,1
46,5,44,0,0,,1.0,,1.0,,,,,0.1111111111111111,69.0,0.6666666666666666,0,16,0.0,0,1
45,1,35,0,1,,,,1.0,,,,,0.0277777777777777,57.0,0.7894736842105263,0,11,0.0,0,1
36,5,38,0,0,,,,1.0,,,,,0.1282051282051282,58.0,0.6206896551724138,0,12,0.0,0,1
2,575,494,0,0,,,,1.0,-14400.0,,,,1.1616161616161615,2334.0,0.0008568980291345,1,19,0.0769230769230769,1,1
117,6,8,110,0,1.0,,,1.0,,,,,0.6666666666666666,194.0,0.6030927835051546,0,6,0.0,0,0
8960,873,1301,0,4,,,,1.0,-18000.0,,,,0.6705069124423964,1414.0,6.336633663366337,1,12,0.0,0,1
4229,2561,318,4994,3,1.0,,1.0,1.0,-18000.0,,,,8.0282131661442,877.0,4.82212086659065,1,6,0.0,0,0
1703,133,215,1287,0,,,1.0,,32400.0,,,,0.6157407407407407,1780.0,0.956741573033708,1,4,0.0,0,0
9,27,229,0,0,,,,,,,,,0.117391304347826,,,0,13,0.2,1,1
39,29,40,0,0,,,,1.0,,,,,0.7073170731707317,57.0,0.6842105263157895,0,16,0.0,0,1
27138,1894,539,5344,22,,,1.0,1.0,36000.0,,,,3.5074074074074075,894.0,30.355704697986575,1,1,0.0,0,0
75,4,46,0,0,,,,1.0,,,,,0.0851063829787234,74.0,1.0135135135135136,0,15,0.0,0,1
15,265,261,0,7,,,1.0,1.0,-14400.0,,,,1.0114503816793894,2380.0,0.0063025210084033,1,19,0.0,0,1
2496,222,237,79,1,,,1.0,1.0,,,,,0.9327731092436976,1801.0,1.3858967240421989,1,13,0.4,1,0
127,228,305,0,0,,,,1.0,10800.0,,,,0.7450980392156863,870.0,0.1459770114942528,1,14,0.0,0,1
2976,235,229,10,3,1.0,,,1.0,,,,,1.0217391304347827,975.0,3.0523076923076924,1,19,0.0,0,1
74,4,37,0,0,,,,1.0,,,,,0.1052631578947368,73.0,1.0136986301369864,0,12,0.0,0,1
44367,1136,382,7452,2,,,1.0,1.0,-25200.0,,,,2.966057441253264,882.0,50.302721088435376,1,5,0.0,0,0
88,1,0,0,0,,,,1.0,10800.0,,,,1.0,870.0,0.1011494252873563,1,14,0.0,0,1
21,191,991,0,0,,,,,,,,,0.1925403225806451,,,0,7,0.0,0,1
128,0,0,0,0,,,,1.0,10800.0,,,,0.0,873.0,0.1466208476517755,1,13,0.0,0,1
23,271,233,0,33,,,1.0,1.0,-14400.0,,,,1.1581196581196582,2554.0,0.0090054815974941,1,19,0.0,0,1
3,108,1731,0,0,,,,,,,,,0.0623556581986143,,,0,12,0.3846153846153846,1,1
18732,416,345,87,1,,,1.0,1.0,-36000.0,,,,1.2023121387283238,1059.0,17.688385269121813,1,17,0.0,0,0
61,4,44,0,0,,,,1.0,,,,,0.0888888888888888,65.0,0.9384615384615383,0,10,0.0,0,1
6070,2551,1294,4683,6,,,1.0,1.0,-25200.0,,,,1.9698841698841696,2068.0,2.9352030947775627,1,11,0.0,0,0
768,560,1427,0,9,,,,,,,,,0.392156862745098,,,0,16,0.0,0,1
46,7,38,0,0,,,,1.0,,,,,0.1794871794871795,67.0,0.6865671641791045,0,13,0.0,0,1
774,124,176,463,1,,,,,,,,,0.7005649717514124,98.0,7.897959183673469,1,15,0.0,0,0
42,5,37,0,0,,,,1.0,,,,,0.131578947368421,55.0,0.7636363636363637,0,13,0.0,0,1
11631,1467,363,1466,2,,,1.0,1.0,,,,,4.03021978021978,1183.0,9.83178360101437,1,10,0.0,0,0
449,5359,5595,0,5,,,,1.0,,,,,0.9576483202287348,1242.0,0.3615136876006441,1,14,0.2,1,1
7356,1259,559,2867,0,,,1.0,1.0,28800.0,,,,2.248214285714285,710.0,10.36056338028169,1,17,0.0,0,0
5,415,527,0,0,,,,,,,,,0.7859848484848485,,,1,19,0.1333333333333333,1,1
60,4,40,0,1,,,,1.0,,,,,0.0975609756097561,69.0,0.8695652173913043,0,11,0.0,0,1
65,3,36,0,0,,,,1.0,,,,,0.081081081081081,63.0,1.031746031746032,0,16,0.0,0,1
53,5,42,0,1,,,,1.0,,,,,0.1162790697674418,67.0,0.7910447761194029,0,15,0.0,0,1
4,607,494,0,10,,,1.0,1.0,-14400.0,,,,1.2262626262626262,2491.0,0.0016057808109193,1,12,0.0,0,1
18,1682,1964,0,12,,,,,,,,,0.8559796437659033,,,0,20,0.0,0,1
7364,80,400,159,4,,,1.0,1.0,-18000.0,,,,0.199501246882793,1866.0,3.9464094319399785,1,4,0.0,0,0
56,571,494,0,45,,,1.0,1.0,-14400.0,,,,1.1535353535353536,2486.0,0.0225261464199517,1,12,0.0,0,1
70,1,39,0,0,,,,1.0,,,,,0.025,69.0,1.0144927536231885,0,11,0.0,0,1
8,61,542,0,1,,,,,,,,,0.1123388581952117,,,0,16,0.4285714285714285,1,1
220719,214,186,946,2,,,1.0,,-14400.0,,,,1.1443850267379678,1031.0,214.082444228904,1,6,0.0,0,0
85,592,1695,0,1,,,,,,,,,0.3490566037735849,,,1,13,0.0,0,1
64,8,42,0,0,,,,1.0,,,,,0.1860465116279069,69.0,0.927536231884058,0,16,0.0,0,1
718,32,189,39,2,,,,1.0,,,1.0,,0.1684210526315789,1241.0,0.5785656728444802,1,13,0.0,0,0
41,1,33,0,0,,,,1.0,,,,,0.0294117647058823,58.0,0.7068965517241379,0,9,0.0,0,1
52,5,43,0,1,,,,1.0,,,,,0.1136363636363636,63.0,0.8253968253968254,0,11,0.0,0,1
63,3,45,0,1,,,,1.0,,,,,0.0652173913043478,71.0,0.8873239436619719,0,12,0.0,0,1
62,635,1991,0,0,,,,,,,,,0.3187751004016064,,,0,8,0.0909090909090909,1,1
10088,176,217,619,4,,,1.0,,-18000.0,,,,0.8073394495412844,1695.0,5.951622418879056,1,9,0.0,0,0
75,4,40,0,0,,,,1.0,,,,,0.0975609756097561,71.0,1.056338028169014,0,11,0.0,0,1
41,0,0,0,0,,,,1.0,10800.0,,,,0.0,873.0,0.0469644902634593,1,15,0.0,0,1
194,22,407,79,1,,,,1.0,10800.0,,,,0.0539215686274509,1944.0,0.0997942386831275,1,5,0.0,0,0
107,12,41,10,0,1.0,,1.0,1.0,,,,,0.2857142857142857,822.0,0.1301703163017031,0,7,0.0,0,0
62,4,34,0,0,,,,1.0,,,,,0.1142857142857142,66.0,0.9393939393939394,0,13,0.0,0,1
4506,211,206,3122,0,,,1.0,1.0,-14400.0,,,,1.0193236714975846,580.0,7.768965517241379,1,8,0.0909090909090909,1,0
45,4,28,0,0,,,,1.0,,,,,0.1379310344827586,59.0,0.7627118644067796,0,13,0.0,0,1
72357,450,137,14152,6,,,1.0,1.0,28800.0,,,,3.260869565217391,673.0,107.51411589895989,1,15,0.0,0,0
76,2,42,0,0,,,,1.0,,,,,0.0465116279069767,73.0,1.0410958904109588,0,16,0.0,0,1
10576,76,92,13,0,,,1.0,1.0,,,,,0.8172043010752689,283.0,37.371024734982335,1,10,0.0,0,0
43,5,44,0,1,,,,1.0,,,,,0.1111111111111111,59.0,0.7288135593220338,0,15,0.0,0,1
585,98,199,27,7,1.0,,1.0,1.0,28800.0,,,,0.49,2186.0,0.267612076852699,1,14,0.0,0,0
294,342,282,0,30,,,1.0,1.0,-14400.0,,,,1.2084805653710249,2382.0,0.1234256926952141,1,19,0.0,0,1
12655,642,571,7839,1,,,1.0,1.0,,,,,1.1223776223776225,879.0,14.397042093287826,1,6,0.0,0,0
4,217,1,0,0,1.0,1.0,1.0,1.0,-25200.0,,,,108.5,1343.0,0.0029784065524944,1,17,0.0,0,1
25636,2970,251,7889,4,1.0,,1.0,1.0,-25200.0,,,,11.785714285714286,930.0,27.565591397849463,0,5,0.0,0,0
12066,1105,1561,0,2,,,,1.0,-18000.0,,,,0.7074263764404609,986.0,12.237322515212982,1,10,0.0,0,1
2964,165,647,776,5,,,1.0,1.0,10800.0,,,,0.2546296296296296,456.0,6.5,1,20,0.0,0,0
43,3,40,0,0,,,,1.0,,,,,0.073170731707317,54.0,0.7962962962962963,0,10,0.0,0,1
79,4,44,0,0,,,,1.0,,,,,0.0888888888888888,70.0,1.1285714285714286,0,11,0.0,0,1
8,553,521,0,0,,,1.0,1.0,-14400.0,,,,1.059386973180077,2505.0,0.003193612774451,1,12,0.0,0,1
355,5911,6247,0,10,,,,1.0,10800.0,,,,0.9460627400768246,803.0,0.4420921544209215,1,5,0.0,0,1
39,0,0,0,0,,,,1.0,10800.0,,,,0.0,874.0,0.0446224256292906,1,14,0.0,0,1
258,27,114,237,0,1.0,,1.0,1.0,,,,,0.2347826086956521,285.0,0.9052631578947368,1,5,0.5454545454545454,1,0
183431,759,115,94,32,1.0,,1.0,1.0,7200.0,,,,6.543103448275862,1789.0,102.53269983230857,1,11,0.0,0,0
49,0,0,0,0,,,,1.0,10800.0,,,,0.0,803.0,0.0610211706102117,1,13,0.0,0,1
78,0,0,0,0,,,,1.0,10800.0,,,,0.0,803.0,0.0971357409713574,1,12,0.0,0,1
34,787,1145,0,5,,,,,,,,,0.6867364746945899,,,1,7,0.0,0,1
4226,679,677,5780,0,,,1.0,1.0,-25200.0,,1.0,,1.0014749262536873,924.0,4.573593073593074,1,16,0.0,0,0
2187,572,398,44,28,1.0,,,1.0,7200.0,,,,1.4335839598997493,1470.0,1.4877551020408164,1,7,0.0,0,0
7158,328,491,197,2,,,1.0,1.0,3600.0,,,,0.6666666666666666,1424.0,5.026685393258427,1,16,0.0,0,0
14,121,743,0,0,,,,,,,,,0.1626344086021505,,,0,15,0.2727272727272727,1,1
82094,7689,207,30086,229,,,,1.0,46800.0,,,,36.96634615384615,1157.0,70.95419187554019,1,5,0.0,0,0
39,8,35,0,0,,,,1.0,,,,,0.2222222222222222,54.0,0.7222222222222222,0,12,0.0,0,1
204,370,303,0,41,,,1.0,1.0,-14400.0,,,,1.2171052631578947,2568.0,0.0794392523364486,1,18,0.0,0,1
41,2,38,0,0,,,,1.0,,,,,0.0512820512820512,67.0,0.6119402985074627,0,14,0.0,0,1
61,2,42,0,0,,,,1.0,,,,,0.0465116279069767,71.0,0.8591549295774648,0,16,0.0,0,1
87,371,304,0,40,,,1.0,1.0,-14400.0,,,,1.2163934426229508,2242.0,0.0388046387154326,1,19,0.0,0,1
12,302,283,0,6,,,1.0,1.0,-25200.0,,,,1.0633802816901408,1741.0,0.0068925904652498,1,17,0.0,0,1
1186,1217,1144,1,1,1.0,,,1.0,10800.0,,,,1.062882096069869,450.0,2.6355555555555554,0,17,0.0,0,1
113,0,0,0,0,,,,1.0,10800.0,,,,0.0,874.0,0.1292906178489702,1,14,0.0,0,1
44,801,2001,0,2,,,,,,,,,0.4000999000999001,,,0,13,0.0,0,1
85783,1239,338,2581,6,,,1.0,1.0,-28800.0,,,,3.654867256637168,1560.0,54.989102564102566,1,14,0.0,0,0
261,17,13,37,0,1.0,,,1.0,19800.0,,,,1.2142857142857142,660.0,0.3954545454545454,0,6,0.1818181818181818,1,0
3517,190,252,124,2,,,1.0,1.0,28800.0,,,,0.7509881422924901,1406.0,2.501422475106686,1,14,0.0,0,0
2,52,1515,0,1,,,,,,,,,0.0343007915567282,,,0,14,0.2307692307692307,1,1
61,7,44,0,0,,,,1.0,,,,,0.1555555555555555,70.0,0.8714285714285714,0,15,0.0,0,1
248,80,173,0,0,,,,1.0,,,,,0.4597701149425287,169.0,1.467455621301775,1,13,0.0,0,1
56,9,43,0,0,,,,1.0,,,,,0.2045454545454545,74.0,0.7567567567567568,0,12,0.0,0,1
12987,273,116,17132,1,1.0,,,1.0,-18000.0,,,,2.333333333333333,1766.0,7.353907134767837,1,4,0.0,0,0
45,7,41,0,1,,,,1.0,,,,,0.1666666666666666,52.0,0.8653846153846154,0,14,0.0,0,1
33,585,494,0,32,,,1.0,1.0,-14400.0,,,,1.181818181818182,2415.0,0.0136645962732919,1,12,0.0,0,1
2642,158,182,159,0,1.0,,,1.0,,,,,0.8633879781420765,120.0,22.016666666666666,1,20,0.0,0,0
43,7,34,0,1,,,,1.0,,,,,0.2,51.0,0.8431372549019608,0,14,0.0,0,1
65,5,38,0,0,,,,1.0,,,,,0.1282051282051282,71.0,0.9154929577464788,0,15,0.0,0,1
64,3,42,0,0,,,,1.0,,,,,0.0697674418604651,71.0,0.9014084507042254,0,13,0.0,0,1
49,692,529,0,55,,,1.0,1.0,-14400.0,,,,1.3056603773584905,2505.0,0.0195608782435129,1,12,0.0,0,1
13,192,840,0,1,,,,,,,,,0.2282996432818073,,,1,9,0.0,0,1
18871,365,322,3702,2,,,,1.0,28800.0,,,,1.130030959752322,1180.0,15.992372881355932,1,5,0.0,0,0
889,31,45,155,0,,,,1.0,-14400.0,,,,0.6739130434782609,459.0,1.9368191721132897,1,7,0.0,0,0
45,2,38,0,0,,,,1.0,,,,,0.0512820512820512,56.0,0.8035714285714286,0,10,0.0,0,1
9213,235,309,558,2,,,1.0,1.0,-25200.0,,,,0.7580645161290323,1822.0,5.056531284302964,1,5,0.0,0,0
2,212,183,0,9,,,1.0,1.0,-14400.0,,,,1.1521739130434785,2556.0,0.0007824726134585,1,20,0.0,0,1
50,7,42,0,0,,,,1.0,,,,,0.1627906976744186,69.0,0.7246376811594203,0,9,0.0,0,1
352,494,1357,0,3,,,,,,,,,0.3637702503681885,,,1,7,0.0,0,1
21061,248,290,2665,1,,,1.0,1.0,28800.0,,,,0.852233676975945,2038.0,10.334151128557409,1,16,0.0,0,0
308,5513,6055,0,6,,,,1.0,10800.0,,,,0.910336856010568,874.0,0.3524027459954233,1,4,0.0,0,1
9846,582,64,5576,1,,,,1.0,18000.0,,,,8.953846153846154,1918.0,5.133472367049009,1,16,0.0,0,0
179,13,48,564,1,1.0,,,1.0,,,,,0.2653061224489796,54.0,3.314814814814815,1,12,0.0,0,0
6782,341,322,141,2,,,1.0,1.0,10800.0,,,,1.0557275541795663,1551.0,4.372662798194713,1,6,0.0,0,0
58333,450,277,33011,10,1.0,,1.0,1.0,,,,,1.618705035971223,606.0,96.25907590759076,1,7,0.0,0,0
36,4,42,0,0,,,,1.0,,,,,0.0930232558139534,68.0,0.5294117647058824,0,10,0.0,0,1
57,0,38,0,0,,,,1.0,,,,,0.0,68.0,0.8382352941176471,0,12,0.0,0,1
52,3,43,0,0,,,,1.0,,,,,0.0681818181818181,62.0,0.8387096774193549,0,11,0.0,0,1
10444,1064,1644,1,2,,,,1.0,-18000.0,,,,0.6468085106382979,1041.0,10.032660902977906,1,12,0.0,0,1
57,4,36,0,2,,,,1.0,,,,,0.1081081081081081,61.0,0.9344262295081968,0,15,0.0,0,1
464,332,245,0,44,,,1.0,1.0,-14400.0,,,,1.3495934959349594,2566.0,0.1808261886204208,1,17,0.0,0,1
6727,393,391,3889,0,,,1.0,1.0,-14400.0,,,,1.0025510204081634,1012.0,6.647233201581027,1,10,0.0,0,0
64,7,42,0,0,,,,1.0,,,,,0.1627906976744186,71.0,0.9014084507042254,0,14,0.0,0,1
5732,209,315,3768,1,,,1.0,,10800.0,,,,0.6613924050632911,608.0,9.427631578947368,1,13,0.0,0,0
3914,258,564,7440,6,,,1.0,1.0,,,,,0.4566371681415929,1358.0,2.882179675994109,1,14,0.0,0,0
454,5705,6275,0,7,,,,1.0,10800.0,,,,0.9090184831102612,717.0,0.6331938633193863,1,10,0.0,0,1
2,322,312,0,0,,,,1.0,,,,,1.0287539936102237,1418.0,0.001410437235543,1,16,0.0,0,1
35,3,35,0,0,,,,1.0,,,,,0.0833333333333333,56.0,0.625,0,13,0.0,0,1
184,654,394,1216,4,1.0,,,1.0,,,,,1.6556962025316455,727.0,0.2530949105914718,1,10,0.1818181818181818,1,0
7,523,494,0,5,,,1.0,1.0,-14400.0,,,,1.0565656565656565,2455.0,0.0028513238289205,1,12,0.0,0,1
3979,2249,950,339,66,,,,1.0,43200.0,,,,2.3648790746582544,1969.0,2.0208227526663283,1,12,0.0,0,0
148,369,251,0,33,,,1.0,1.0,-14400.0,,,,1.4642857142857142,2558.0,0.0578577013291634,1,18,0.0,0,1
65,7,50,0,0,,,,1.0,,,,,0.1372549019607843,75.0,0.8666666666666667,0,10,0.0,0,1
34,6,40,0,0,,,,1.0,,,,,0.1463414634146341,67.0,0.5074626865671642,0,13,0.0,0,1
168,29,200,47,0,1.0,,1.0,1.0,,,,,0.1442786069651741,1358.0,0.1237113402061855,0,13,0.0,0,0
38,1360,1907,0,2,,,,,,,,,0.7127882599580713,,,0,12,0.0833333333333333,1,1
77,0,0,0,0,,,,1.0,10800.0,,,,0.0,874.0,0.0881006864988558,1,14,0.0,0,1
1790,237,330,594,0,1.0,,,1.0,,,,,0.716012084592145,748.0,2.393048128342246,1,13,0.1428571428571428,1,0
559,404,788,44,1,,,1.0,1.0,,,,,0.5120405576679341,1273.0,0.4391201885310291,0,12,0.0,0,0
29074,313,177,5467,3,,,,1.0,-25200.0,,,,1.7584269662921348,1444.0,20.134349030470915,1,5,0.0,0,0
43,5,39,0,0,,,,1.0,,,,,0.125,68.0,0.6323529411764706,0,11,0.0,0,1
41,1,35,0,0,,,,1.0,,,,,0.0277777777777777,58.0,0.7068965517241379,0,14,0.0,0,1
45,597,521,0,2,,,1.0,1.0,-14400.0,,,,1.1436781609195403,2504.0,0.0179712460063897,1,12,0.0,0,1
3343,4731,4001,0,108,,,,,,,,,1.18215892053973,,,0,11,0.0,0,1
27,0,0,0,0,,,,1.0,10800.0,,,,0.0,870.0,0.0310344827586206,1,15,0.0,0,1
7447,112,99,7840,3,,,1.0,1.0,-25200.0,,,,1.12,982.0,7.583503054989817,1,20,0.0,0,0
1300,212,524,675,0,1.0,,1.0,1.0,,,,,0.4038095238095238,454.0,2.8634361233480177,1,7,0.1428571428571428,1,0
15,169,697,0,2,,,,,,,,,0.2421203438395415,,,1,6,0.0,0,1
199,18,136,6,0,1.0,,,1.0,,,,,0.1313868613138686,105.0,1.8952380952380952,0,7,0.125,1,0
2656,37,68,241,1,,,1.0,1.0,28800.0,,,,0.5362318840579711,1189.0,2.23380992430614,1,2,0.0,0,0
16487,362,243,6079,3,,,1.0,,28800.0,,,,1.4836065573770492,1192.0,13.831375838926174,1,5,0.0,0,0
19,226,185,0,9,,,1.0,1.0,-14400.0,,,,1.2150537634408602,2564.0,0.0074102964118564,1,20,0.0,0,1
67,11,38,0,0,,,,1.0,,,,,0.282051282051282,71.0,0.943661971830986,0,14,0.0,0,1
12754,1369,1260,1,19,,,,1.0,-14400.0,,,,1.085646312450436,1253.0,10.17877094972067,1,10,0.1818181818181818,1,1
12596,873,1796,1,5,,,,1.0,-18000.0,,,,0.4858096828046744,1032.0,12.205426356589149,1,14,0.0769230769230769,1,1
16486,549,435,6850,1,1.0,,1.0,1.0,,,,,1.2591743119266054,1021.0,16.146914789422134,1,14,0.1333333333333333,1,0
42,6,42,0,0,,,,1.0,,,,,0.1395348837209302,56.0,0.75,0,8,0.0,0,1
32,1,28,0,1,,,,1.0,,,,,0.0344827586206896,56.0,0.5714285714285714,0,15,0.0,0,1
86,200,745,0,1,,,,,,,,,0.2680965147453083,,,0,16,0.0,0,1
172,116,135,24,4,,,,1.0,-25200.0,,,,0.8529411764705882,2248.0,0.0765124555160142,1,12,0.0,0,0
17,182,909,0,1,,,,,,,,,0.2,,,0,7,0.0,0,1
15970,459,198,2869,2,,,,,-25200.0,,,,2.306532663316583,570.0,28.017543859649123,1,20,0.125,1,0
202,52,118,77,0,1.0,1.0,,1.0,,,,,0.4369747899159664,414.0,0.4879227053140096,0,3,0.0,0,0
11078,900,384,0,1,1.0,,,1.0,,,,,2.3376623376623376,776.0,14.275773195876289,1,15,0.0,0,1
4099,414,1116,3505,1,,,,1.0,-14400.0,,,,0.3706356311548791,850.0,4.822352941176471,1,6,0.0,0,0
9040,5209,1120,1841,37,,,,1.0,,,,,4.646743978590544,1793.0,5.041829336307864,1,12,0.0,0,0
36754,2638,459,350,38,,,1.0,1.0,10800.0,,,,5.734782608695652,1546.0,23.77360931435964,1,12,0.0,0,0
39599,3949,166,10163,6,,,1.0,1.0,28800.0,,,,23.646706586826348,905.0,43.75580110497238,1,19,0.0,0,0
13578,201,243,38338,10,,,1.0,1.0,7200.0,,,,0.8237704918032787,1181.0,11.497036409822185,1,12,0.0,0,0
48,4,38,0,0,,,,1.0,,,,,0.1025641025641025,66.0,0.7272727272727273,0,12,0.0,0,1
10542,176,355,8937,4,,,,1.0,-25200.0,,,,0.4943820224719101,1823.0,5.782775644541964,1,17,0.0,0,0
72,8,45,0,0,,,,1.0,,,,,0.1739130434782608,73.0,0.9863013698630136,0,14,0.0,0,1
44,2,37,0,0,,,,1.0,,,,,0.0526315789473684,54.0,0.8148148148148148,0,14,0.0,0,1
223,1369,1987,0,12,,,1.0,,,,,,0.6886317907444668,,,0,12,0.0,0,1
63,1,40,0,0,,,,1.0,,,,,0.024390243902439,68.0,0.9264705882352942,0,13,0.0,0,1
3,59,101,0,7,,,1.0,1.0,-25200.0,,,,0.5784313725490197,1281.0,0.0023419203747072,1,20,0.0,0,1
27942,1201,897,2404,33,,,1.0,1.0,3600.0,,,,1.3374164810690423,600.0,46.57,1,6,0.0,0,0
75,4,37,0,0,,,,1.0,,,,,0.1052631578947368,70.0,1.0714285714285714,0,13,0.0,0,1
558,8845,9720,0,20,,,,1.0,,,,,0.9098858142166444,160.0,3.4875,1,16,0.0,0,1
10885,623,1736,2,1,1.0,,,1.0,-18000.0,,,,0.358664363845711,776.0,14.027061855670103,1,13,0.0,0,1
6001,3624,4054,6,5,1.0,,,1.0,10800.0,,,,0.893711467324291,772.0,7.773316062176166,1,15,0.0666666666666666,1,1
170,338,279,0,32,,,1.0,1.0,-14400.0,,,,1.207142857142857,2382.0,0.0713685978169605,1,19,0.0,0,1
15003,477,301,3103,2,,,1.0,1.0,-25200.0,,,,1.5794701986754969,1451.0,10.339765678842175,1,4,0.0,0,0
145,1,22,0,0,,,,1.0,10800.0,,,,0.0434782608695652,874.0,0.165903890160183,1,13,0.0,0,1
1,104,377,0,0,,,,,,,,,0.2751322751322751,,,0,5,0.2222222222222222,1,1
50,10,44,0,0,,,,1.0,,,,,0.2222222222222222,60.0,0.8333333333333334,0,14,0.0,0,1
3858,249,289,9211,0,1.0,,1.0,1.0,-25200.0,,,,0.8586206896551725,511.0,7.549902152641879,1,8,0.0,0,0
67,3,38,0,0,,,,1.0,,,,,0.0769230769230769,73.0,0.9178082191780822,0,10,0.0,0,1
10139,302,232,2047,5,,,,1.0,-25200.0,,,,1.296137339055794,469.0,21.618336886993603,1,6,0.0,0,0
305,570,1971,0,2,,,,,,,,,0.2890466531440162,,,0,11,0.0,0,1
63,6,39,0,1,,,,1.0,,,,,0.15,74.0,0.8513513513513513,0,14,0.0,0,1
93,375,308,0,39,,,1.0,1.0,-14400.0,,,,1.2135922330097086,2554.0,0.0364134690681284,1,18,0.0,0,1
67,12,36,0,0,,,,1.0,,,,,0.3243243243243243,72.0,0.9305555555555556,0,14,0.0,0,1
46,5,39,0,0,,,,1.0,,,,,0.125,56.0,0.8214285714285714,0,15,0.0,0,1
43,1,37,0,1,,,,1.0,,,,,0.0263157894736842,68.0,0.6323529411764706,0,13,0.0,0,1
60,7,39,0,0,,,,1.0,,,,,0.175,70.0,0.8571428571428571,0,15,0.0,0,1
78,9,44,0,0,,,,1.0,,,,,0.2,71.0,1.0985915492957747,0,14,0.0,0,1
1189,1021,1069,0,0,1.0,,,1.0,10800.0,,,,0.9542056074766356,450.0,2.6422222222222222,1,8,0.0,0,1
222,4253,4550,0,5,,,,1.0,10800.0,,,,0.934519885739398,869.0,0.2554660529344074,1,6,0.0,0,1
140056,9328,5537,1518,109,,,1.0,1.0,3600.0,,,,1.6843625857710365,1811.0,77.33627829928217,1,8,0.0,0,0
71,3,39,0,0,,,,1.0,,,,,0.075,73.0,0.9726027397260274,0,14,0.0,0,1
43,5,42,0,1,,,,1.0,,,,,0.1162790697674418,67.0,0.6417910447761194,0,14,0.0,0,1
80,561,495,0,81,,,1.0,1.0,-14400.0,,,,1.1310483870967742,2415.0,0.0331262939958592,1,12,0.0,0,1
6151,234,147,1530,2,,,,1.0,7200.0,,,,1.5810810810810811,1271.0,4.839496459480724,1,18,0.2,1,0
640,700,510,0,123,,,1.0,1.0,-14400.0,,,,1.36986301369863,2492.0,0.2568218298555377,1,12,0.0,0,1
43,3,41,0,0,,,,1.0,,,,,0.0714285714285714,59.0,0.7288135593220338,0,16,0.0,0,1
66,8,43,0,0,,,,1.0,,,,,0.1818181818181818,74.0,0.8918918918918919,0,16,0.0,0,1
68,6,48,0,0,,,,1.0,,,,,0.1224489795918367,71.0,0.9577464788732394,0,11,0.0,0,1
189,29,109,3,0,1.0,,,1.0,,,,,0.2636363636363636,72.0,2.625,1,9,0.0,0,0
67,3,47,0,0,,,,1.0,,,,,0.0625,72.0,0.9305555555555556,0,11,0.0,0,1
53,1,42,0,0,,,,1.0,,,,,0.0232558139534883,66.0,0.803030303030303,0,15,0.0,0,1
12874,786,580,0,11,1.0,,,1.0,,,,,1.3528399311531842,776.0,16.59020618556701,1,13,0.0,0,1
62,0,0,0,0,,,,1.0,10800.0,,,,0.0,874.0,0.0709382151029748,1,15,0.0,0,1
76,342,834,0,1,,,,,,,,,0.4095808383233533,,,0,11,0.1,1,1
7,579,494,0,24,,,,1.0,-14400.0,,,,1.1696969696969697,2398.0,0.0029190992493744,1,15,0.0769230769230769,1,1
81,3,37,0,0,,,,1.0,,,,,0.0789473684210526,73.0,1.1095890410958904,0,13,0.0,0,1
11570,503,493,2511,5,1.0,,,1.0,,,,,1.0182186234817814,1597.0,7.244834063869756,1,8,0.0,0,0
33479,498,304,13415,3,,,,1.0,28800.0,,,,1.6327868852459015,1013.0,33.049358341559724,1,15,0.0,0,0
2216,522,793,1102,4,1.0,,,1.0,,,,,0.6574307304785895,503.0,4.405566600397615,1,14,0.0,0,0
19170,1558,625,5323,52,,,1.0,1.0,-18000.0,,,,2.488817891373802,1629.0,11.767955801104971,1,9,0.0,0,0
58,568,522,0,5,,,1.0,1.0,-14400.0,,,,1.08604206500956,2496.0,0.0232371794871794,1,12,0.0,0,1
43,3,41,0,0,,,,1.0,,,,,0.0714285714285714,57.0,0.7543859649122807,0,10,0.0,0,1
1,196,679,0,1,,,,,,,,,0.288235294117647,,,0,4,0.25,1,1
297,17,74,3,0,,,1.0,1.0,,,,,0.2266666666666666,1939.0,0.1531717380092831,0,15,0.6,1,0
2024,1461,1448,915,73,,,1.0,,-18000.0,,,,1.0082815734989647,2247.0,0.900756564307966,1,14,0.0,0,0
120,69,190,0,0,,,,1.0,10800.0,,,,0.3612565445026178,873.0,0.1374570446735395,1,16,0.0,0,1
6,263,244,0,8,,,1.0,1.0,,,,,1.073469387755102,2164.0,0.0027726432532347,1,20,0.0,0,1
1,67,229,0,0,,,,,,,,,0.2913043478260869,,,0,5,0.2222222222222222,1,1
29538,414,270,4053,3,,,1.0,1.0,-25200.0,,,,1.5276752767527677,2124.0,13.90677966101695,1,7,0.0,0,0
1,254,241,0,8,,,1.0,1.0,-25200.0,,,,1.0495867768595042,1629.0,0.0006138735420503,1,18,0.0,0,1
1,160,605,0,0,,,,,,,,,0.264026402640264,,,0,5,0.2222222222222222,1,1
24264,179,87,0,5,,,,,3600.0,,,,2.034090909090909,1409.0,17.220723917672107,1,12,0.0,0,1
57,4,42,0,1,,,,1.0,,,,,0.0930232558139534,66.0,0.8636363636363636,0,14,0.0,0,1
12015,997,724,0,3,,,,1.0,-18000.0,,,,1.3751724137931034,1318.0,9.11608497723824,1,10,0.0,0,1
6,687,1819,0,6,,,,,,,,,0.3774725274725274,,,1,15,0.0,0,1
46,3,41,0,0,,,,1.0,,,,,0.0714285714285714,53.0,0.8679245283018868,0,14,0.0,0,1
66,8,37,0,0,,,,1.0,,,,,0.2105263157894736,69.0,0.9565217391304348,0,12,0.0,0,1
46,9,40,0,0,,,,1.0,,,,,0.2195121951219512,52.0,0.8846153846153846,0,12,0.0,0,1
1694,8993,10228,0,4,,,,,,,,,0.8791670740052792,,,1,20,0.0,0,1
36,6,41,0,0,,,,1.0,,,,,0.1428571428571428,57.0,0.631578947368421,0,14,0.0,0,1
15,275,1151,0,2,,,,,,,,,0.2387152777777778,,,0,19,0.0,0,1
14690,480,442,4019,0,1.0,,1.0,1.0,-25200.0,,,,1.0835214446952597,1135.0,12.94273127753304,1,5,0.0,0,0
479,899,1191,1,7,,,,,,,,,0.7541946308724832,,,1,9,0.0,0,1
65,0,34,0,0,,1.0,,1.0,,,,,0.0,62.0,1.0483870967741935,0,13,0.0,0,1
153,310,251,0,17,,,1.0,1.0,-14400.0,,,,1.2301587301587302,2558.0,0.0598123534010946,1,18,0.0,0,1
12,2,11,5,0,1.0,,1.0,1.0,,,,,0.1666666666666666,89.0,0.1348314606741573,1,13,0.0,0,0
23,289,254,0,15,,,1.0,1.0,-18000.0,,,,1.1333333333333333,2103.0,0.0109367570137898,1,19,0.0,0,1
2647,604,296,170,0,,,1.0,1.0,-14400.0,,,,2.0336700336700337,1179.0,2.2451229855810007,1,8,0.1428571428571428,1,0
165,4,11,118,0,1.0,,,1.0,,,,,0.3333333333333333,512.0,0.322265625,0,12,0.0,0,0
34,273,267,0,11,,,,1.0,-14400.0,,,,1.0186567164179106,2382.0,0.0142737195633921,1,18,0.0,0,1
40,4,38,0,0,,,,1.0,,,,,0.1025641025641025,55.0,0.7272727272727273,0,13,0.0,0,1
44068,804,279,34742,2,1.0,,1.0,1.0,,,,,2.8714285714285714,654.0,67.38226299694189,0,3,0.0,0,0
12022,6602,1162,8019,52,,,1.0,,28800.0,,,,5.676698194325022,1473.0,8.161575016972165,1,13,0.0,0,0
19,719,1999,0,0,,,,,,,,,0.3595,,,1,12,0.0,0,1
45,41,219,76,0,,,,,,,,,0.1863636363636363,69.0,0.6521739130434783,0,12,0.2,1,0
9240,170,143,4567,2,1.0,,1.0,1.0,,,,,1.1805555555555556,317.0,29.14826498422713,0,7,0.0,0,0
37,3,34,0,0,,,,1.0,,,,,0.0857142857142857,58.0,0.6379310344827587,0,11,0.0,0,1
75,5,42,0,0,,,,1.0,,,,,0.1162790697674418,73.0,1.0273972602739727,0,11,0.0,0,1
146,93,232,3,1,,,,1.0,,,,,0.3991416309012875,161.0,0.906832298136646,0,15,0.0,0,1
53,3,41,0,0,,,,1.0,,,,,0.0714285714285714,61.0,0.8688524590163934,0,10,0.0,0,1
1378,429,1989,983,6,1.0,,1.0,1.0,20700.0,,,,0.2155778894472362,1154.0,1.194107452339688,1,20,0.0833333333333333,1,0
1143,965,992,0,1,1.0,,,1.0,10800.0,,,,0.971802618328298,450.0,2.54,0,4,0.0,0,1
10200,820,1595,1,1,1.0,,,1.0,-18000.0,,,,0.5137844611528822,776.0,13.144329896907216,1,17,0.0,0,1
54,2,41,0,0,,,,1.0,,,,,0.0476190476190476,67.0,0.8059701492537313,0,13,0.0,0,1
48,682,564,0,28,,,1.0,1.0,-14400.0,,,,1.2070796460176991,2505.0,0.0191616766467065,1,12,0.0,0,1
23324,701,468,5443,1,,,,1.0,-18000.0,,,,1.4946695095948828,1597.0,14.604884157795867,1,8,0.0,0,0
89,220,950,0,3,,,,,,,,,0.231335436382755,,,0,9,0.0,0,1
47,4,34,0,0,,,,1.0,,,,,0.1142857142857142,68.0,0.6911764705882353,0,14,0.0,0,1
42,12,46,0,0,,,,1.0,,,,,0.2553191489361702,58.0,0.7241379310344828,0,12,0.0,0,1
2759,227,338,28,10,,,1.0,1.0,7200.0,,,,0.6696165191740413,2271.0,1.2148833113166009,1,14,0.0,0,0
9231,432,1832,2,2,1.0,,,1.0,-14400.0,,,,0.2356792144026186,776.0,11.89561855670103,1,14,0.0,0,1
2795,64,221,97,1,1.0,,1.0,1.0,,,,,0.2882882882882883,1391.0,2.0093457943925235,1,12,0.0,0,0
39,1,41,0,0,,,,1.0,,,,,0.0238095238095238,54.0,0.7222222222222222,0,14,0.0,0,1
50,0,0,0,0,,,,1.0,10800.0,,,,0.0,874.0,0.05720823798627,1,13,0.0,0,1
378,26,180,92,2,1.0,,1.0,1.0,7200.0,,,,0.143646408839779,1341.0,0.2818791946308724,0,16,0.0,0,0
196,771,497,0,117,,,1.0,1.0,-14400.0,,,,1.5481927710843373,2482.0,0.0789685737308622,1,11,0.0,0,1
86,9,36,0,0,,,,1.0,,,,,0.2432432432432432,72.0,1.1944444444444444,0,14,0.0,0,1
543,50,57,38,3,,,,1.0,7200.0,,,,0.8620689655172413,1074.0,0.505586592178771,1,6,0.0,0,0
22,386,1374,0,4,,,,,,,,,0.2807272727272727,,,0,17,0.0,0,1
12871,3232,2439,744,1,,,,1.0,-25200.0,,,,1.3245901639344262,1089.0,11.819100091827364,1,20,0.0,0,0
95366,114727,1362,1746,2825,,,1.0,1.0,-18000.0,,,1.0,84.17241379310344,2523.0,37.79865239793896,1,13,0.0,0,0
33958,338,946,717,11,,,1.0,1.0,-28800.0,,,,0.3569165786694825,2152.0,15.779739776951672,1,8,0.0,0,0
287,416,277,0,89,,,1.0,1.0,-14400.0,,,,1.4964028776978415,2241.0,0.1280678268630075,1,18,0.0,0,1
11760,1207,1828,1,2,,,,1.0,-18000.0,,,,0.6599234554401312,1006.0,11.68986083499006,1,10,0.0,0,1
37,184,823,0,4,,,,,,,,,0.2233009708737864,,,0,20,0.0,0,1
399,821,566,0,49,,,1.0,1.0,-14400.0,,,,1.4479717813051147,2489.0,0.1603053435114503,1,9,0.0,0,1
74,4,40,0,0,,,,1.0,,,,,0.0975609756097561,71.0,1.0422535211267605,0,13,0.0,0,1
1,22,758,0,0,,,,,,,,,0.0289855072463768,,,0,13,0.0769230769230769,1,1
43,6,37,0,0,,,,1.0,,,,,0.1578947368421052,58.0,0.7413793103448276,0,10,0.0,0,1
52,6,36,0,0,,,,1.0,,,,,0.1621621621621621,69.0,0.7536231884057971,0,13,0.0,0,1
76086,1120,340,3372,42,,,,1.0,-25200.0,,,,3.2844574780058653,2596.0,29.30893682588598,1,8,0.0,0,0
184,203,245,479,1,1.0,,1.0,1.0,,,,,0.8252032520325203,482.0,0.3817427385892116,1,10,0.0,0,0
45786,912,996,26009,55,,,,,,,,,0.9147442326980942,1137.0,40.26912928759894,1,4,0.2857142857142857,1,0
65,4,43,0,0,,1.0,,1.0,,,,,0.0909090909090909,69.0,0.9420289855072465,0,15,0.0,0,1
21,276,276,0,12,,,1.0,1.0,-14400.0,,,,0.9963898916967509,2414.0,0.0086992543496271,1,19,0.0,0,1
55,3,39,0,0,,,,1.0,,,,,0.075,69.0,0.7971014492753623,0,15,0.0,0,1
15,550,520,0,2,,,1.0,1.0,-14400.0,,,,1.055662188099808,2492.0,0.0060192616372391,1,12,0.0,0,1
41271,15171,210,7721,174,,,,1.0,32400.0,1.0,,,71.9004739336493,1913.0,21.573967590172504,1,5,0.0,0,0
1,274,228,0,10,,,1.0,1.0,-14400.0,,,,1.1965065502183403,2527.0,0.000395726157499,1,20,0.0,0,1
33,2,25,0,0,,,,1.0,,,,,0.0769230769230769,55.0,0.6,0,14,0.0,0,1
44,5,38,0,0,,,,1.0,,,,,0.1282051282051282,69.0,0.6376811594202898,0,11,0.0,0,1
105,0,0,0,0,,,,1.0,10800.0,,,,0.0,790.0,0.1329113924050632,1,13,0.0,0,1
44839,2162,792,9428,93,,,1.0,,-18000.0,,,,2.7263556116015133,2942.0,15.240992522093814,1,18,0.3333333333333333,1,0
8200,268,173,2021,1,,,1.0,1.0,28800.0,,,,1.5402298850574712,904.0,9.070796460176991,1,10,0.0,0,0
62,4,42,0,0,,,,1.0,,,,,0.0930232558139534,65.0,0.953846153846154,0,11,0.0,0,1
12451,1239,1490,1,20,,,,1.0,-14400.0,,,,0.8309859154929577,1256.0,9.913216560509554,1,15,0.0666666666666666,1,1
272,4956,5447,0,8,,,,1.0,10800.0,,,,0.9096916299559472,874.0,0.3112128146453089,1,5,0.0,0,1
483,60,84,437,0,1.0,,,1.0,,,1.0,,0.7058823529411765,438.0,1.1027397260273972,0,8,0.0,0,0
10655,607,517,1,5,1.0,,,1.0,,,,,1.1718146718146718,776.0,13.730670103092784,1,13,0.0,0,1
72,7,42,0,0,,,,1.0,,,,,0.1627906976744186,74.0,0.972972972972973,0,15,0.0,0,1
33757,332,239,64,2,,,,1.0,-14400.0,,,,1.3833333333333333,1457.0,23.16884008236101,1,11,0.0,0,0
42,7,41,0,0,,,,1.0,,,,,0.1666666666666666,56.0,0.75,0,13,0.0,0,1
22794,817,132,23960,4,,,,1.0,-18000.0,,,,6.142857142857143,107.0,213.0280373831776,1,6,0.0,0,0
239,592,506,0,104,,,1.0,1.0,-14400.0,,,,1.1676528599605522,2487.0,0.0960997185363892,1,12,0.0,0,1
246,592,41,1530,6,1.0,,1.0,1.0,,,,,14.095238095238097,760.0,0.3236842105263158,1,12,0.0,0,0
248,1051,22,0,0,,,,1.0,10800.0,,,,45.69565217391305,872.0,0.2844036697247706,1,5,0.0,0,1
49,1,0,0,0,,,,1.0,10800.0,,,,1.0,874.0,0.0560640732265446,1,15,0.0,0,1
2,295,290,0,8,,,1.0,1.0,-14400.0,,,,1.013745704467354,2576.0,0.0007763975155279,1,19,0.0,0,1
8295,1738,1837,8825,5,1.0,,1.0,1.0,,,,,0.9455930359085964,533.0,15.562851782363978,0,7,0.0,0,0
189,318,279,0,21,,,1.0,1.0,-14400.0,,,,1.1357142857142857,2382.0,0.079345088161209,1,19,0.0,0,1
118,0,0,0,0,,,,1.0,10800.0,,,,0.0,872.0,0.1353211009174312,1,16,0.0,0,1
460,4200,4435,0,4,,,,1.0,7200.0,,,,0.9467989179440938,910.0,0.5054945054945055,1,9,0.25,1,1
617,37,259,1,0,1.0,,1.0,1.0,,,,,0.1423076923076923,1102.0,0.5598911070780399,0,16,0.5,1,0
1276,44,156,653,2,,,1.0,1.0,43200.0,,,,0.2802547770700637,2261.0,0.5643520566121185,1,13,0.0,0,0
17460,1723,750,9614,7,,,1.0,1.0,-18000.0,,,,2.2942743009320905,386.0,45.233160621761655,1,4,0.0,0,0
35,0,0,0,0,,,,1.0,10800.0,,,,0.0,873.0,0.0400916380297823,1,12,0.2142857142857142,1,1
23,783,822,0,5,,,,,,,,,0.951397326852977,,,1,22,0.0,0,1
154,948,2001,1,7,,,,,,,,,0.4735264735264735,,,1,13,0.0,0,1
250,60,680,0,0,,,,1.0,,,,,0.0881057268722467,75.0,3.333333333333333,0,15,0.0,0,1
2,302,291,0,5,,,1.0,1.0,-14400.0,,,,1.0342465753424657,2568.0,0.0007788161993769,1,17,0.0,0,1
12545,816,1957,1,6,1.0,,,1.0,,,,,0.4167517875383044,776.0,16.16623711340206,1,16,0.0,0,1
7,43,461,0,0,,,,,,,,,0.093073593073593,,,0,14,0.2307692307692307,1,1
12229,1027,1619,1,10,,,,1.0,-18000.0,,,,0.6339506172839506,1302.0,9.39247311827957,1,15,0.0,0,1
61,5,45,0,0,,,,1.0,,,,,0.108695652173913,66.0,0.9242424242424242,0,11,0.0,0,1
45,7,35,0,0,,,,1.0,,,,,0.1944444444444444,60.0,0.75,0,16,0.0,0,1
3,281,249,0,4,,,1.0,1.0,-25200.0,,,,1.124,2171.0,0.0013818516812528,1,18,0.0,0,1
63,3,44,0,0,,,,1.0,,,,,0.0666666666666666,73.0,0.863013698630137,0,16,0.0,0,1
59,419,1914,0,6,,,,,,,,,0.218798955613577,,,0,12,0.0,0,1
265,87,650,0,0,,,,1.0,,,,,0.1336405529953917,73.0,3.6301369863013697,0,14,0.0,0,1
741,22,197,170,0,1.0,,,1.0,,,,,0.1111111111111111,262.0,2.8282442748091605,1,2,0.4285714285714285,1,0
64,2,36,0,0,,,,1.0,,,,,0.054054054054054,62.0,1.032258064516129,0,16,0.0,0,1
15957,1272,970,6259,2,,,1.0,1.0,-21600.0,,,,1.309989701338826,1850.0,8.625405405405406,1,16,0.0,0,0
10292,582,575,1946,0,,,1.0,1.0,28800.0,,,,1.0104166666666667,714.0,14.414565826330533,1,1,0.0,0,0
52,2,38,0,0,,,,1.0,,,,,0.0512820512820512,68.0,0.7647058823529411,0,14,0.0,0,1
80,4,41,0,1,,,,1.0,,,,,0.0952380952380952,73.0,1.095890410958904,0,16,0.0,0,1
36769,616,564,5216,2,,,1.0,1.0,-25200.0,,,,1.0902654867256638,1100.0,33.42636363636364,1,2,0.0,0,0
64,4,40,0,0,,,,1.0,,,,,0.0975609756097561,66.0,0.9696969696969696,0,13,0.0,0,1
48,544,522,0,12,,,1.0,1.0,-14400.0,,,,1.0401529636711282,2505.0,0.0191616766467065,1,12,0.0,0,1
242,187,152,86,2,,,,,,,,,1.2222222222222223,107.0,2.2616822429906542,1,13,0.0,0,0
42,4,40,0,1,,,,1.0,,,,,0.0975609756097561,69.0,0.6086956521739131,0,13,0.0,0,1
67,3,42,0,0,,,,1.0,,,,,0.0697674418604651,73.0,0.9178082191780822,0,15,0.0,0,1
1849,1846,776,319,65,,,1.0,,-36000.0,,,1.0,2.375804375804376,1598.0,1.1570713391739675,1,14,0.0,0,0
50,8,32,0,0,,,,1.0,,,,,0.2424242424242424,69.0,0.7246376811594203,0,13,0.0,0,1
115,0,0,0,0,,,,1.0,10800.0,,,,0.0,874.0,0.131578947368421,1,12,0.0,0,1
253,3491,3705,0,3,,,,1.0,10800.0,,,,0.9419859686994064,873.0,0.2898052691867125,0,15,0.0,0,1
36,6,33,0,0,,,,1.0,,,,,0.1764705882352941,52.0,0.6923076923076923,0,14,0.0,0,1
9510,1087,1096,4279,0,1.0,,1.0,1.0,-21600.0,,,,0.9908842297174112,1254.0,7.583732057416268,1,13,0.1666666666666666,1,0
23,270,1208,0,1,,,,,,,,,0.2233250620347394,,,0,15,0.0,0,1
1154,44,78,224,1,,,1.0,1.0,28800.0,,,,0.5569620253164557,466.0,2.476394849785408,1,11,0.0,0,0
24,540,494,0,15,,,1.0,1.0,-14400.0,,,,1.0909090909090908,2372.0,0.0101180438448566,1,16,0.0,0,1
5181,26,22,115,1,,,,1.0,-25200.0,,,,1.1304347826086956,1711.0,3.028053769725307,1,1,0.0,0,0
3177,105,82,88,0,,,1.0,,28800.0,,,,1.2650602409638554,1357.0,2.341193809874724,1,8,0.5,1,0
4,199,180,0,6,,,1.0,1.0,-14400.0,,,,1.0994475138121549,2564.0,0.0015600624024961,1,20,0.0,0,1
1,560,494,0,9,,,1.0,1.0,-14400.0,,,,1.1313131313131313,2367.0,0.0004224757076468,1,14,0.0,0,1
74,6,40,0,0,,,,1.0,,,,,0.1463414634146341,75.0,0.9866666666666668,0,14,0.0,0,1
134,91,282,3,0,,,,1.0,,,,,0.3215547703180212,161.0,0.8322981366459627,0,14,0.0,0,1
61,581,527,0,12,,,1.0,1.0,-14400.0,,,,1.1003787878787878,2489.0,0.0245078344716753,1,15,0.0,0,1
48,0,0,0,0,,,,1.0,10800.0,,,,0.0,874.0,0.0549199084668192,1,12,0.1538461538461538,1,1
18273,1227,871,7213,40,,,1.0,1.0,,,,,1.4071100917431192,1757.0,10.400113830392716,1,13,0.0,0,0
58,11,36,0,0,,,,1.0,,,,,0.2972972972972973,61.0,0.9508196721311476,0,11,0.0,0,1
3659,239,286,1122,2,,,1.0,1.0,-18000.0,,,,0.8327526132404182,1794.0,2.039576365663322,1,16,0.0,0,0
2111,113,329,99,3,1.0,,,1.0,,,,,0.3424242424242424,2408.0,0.8766611295681063,0,10,0.0,0,0
1682,131,407,11999,1,1.0,,1.0,1.0,,,,,0.321078431372549,1541.0,1.0914990266061,1,3,0.5454545454545454,1,0
62,3,37,0,1,,,,1.0,,,,,0.0789473684210526,68.0,0.9117647058823528,0,11,0.0,0,1
1377,33,52,968,1,,,,1.0,-25200.0,,,,0.6226415094339622,1555.0,0.8855305466237942,1,13,0.0,0,0
43,1,36,0,0,,,,1.0,,,,,0.027027027027027,58.0,0.7413793103448276,0,13,0.0,0,1
66390,1693,2001,29592,13,,,1.0,1.0,10800.0,,,,0.8456543456543456,1391.0,47.72825305535586,1,11,0.0,0,0
1521,100,103,1064,3,,,1.0,1.0,,,,,0.9615384615384616,453.0,3.357615894039735,1,18,0.0,0,0
476,658,529,0,25,,,1.0,1.0,-14400.0,,,,1.241509433962264,2489.0,0.1912414624347127,1,15,0.0,0,1
232546,28726,110,20847,247,,,1.0,1.0,-18000.0,,,,258.7927927927928,1617.0,143.81323438466296,1,5,0.0,0,0
381,3236,1923,2,50,,,,1.0,7200.0,,,,1.681912681912682,988.0,0.3856275303643725,0,19,0.0,0,1
12,100,116,0,0,,,,,,,,,0.8547008547008547,,,0,5,0.3333333333333333,1,1
5234,243,243,424,3,,,1.0,1.0,-18000.0,,,,0.9959016393442623,2158.0,2.4253938832252087,1,11,0.0,0,0
41531,2366,2229,5362,49,,,,1.0,-25200.0,,,,1.0609865470852018,2183.0,19.02473660100779,1,10,0.0,0,0
8154,293,254,9795,2,,,1.0,1.0,-25200.0,,,,1.1490196078431372,662.0,12.317220543806648,1,17,0.0,0,0
80,3,50,27,0,,,1.0,1.0,10800.0,,,,0.0588235294117647,1590.0,0.050314465408805,0,14,0.0,0,0
1,46,659,0,0,,,,,,,,,0.0696969696969697,,,0,15,0.3076923076923077,1,1
22,192,870,0,4,,,,,,,,,0.2204362801377726,,,0,7,0.0,0,1
11884,839,1854,1,25,,,,1.0,-14400.0,,,,0.4522911051212938,783.0,15.177522349936144,1,12,0.0,0,1
9170,612,1522,0,4,1.0,,,1.0,,,,,0.4018384766907419,776.0,11.81701030927835,1,18,0.0,0,1
107,146,336,24,1,,,,,,,,,0.4332344213649852,15.0,7.133333333333334,1,10,0.0,0,0
5077,459,389,4399,0,1.0,,1.0,1.0,-14400.0,,,,1.176923076923077,944.0,5.378177966101695,1,8,0.0,0,0
36,302,283,0,13,,,1.0,1.0,-18000.0,,,,1.0633802816901408,2205.0,0.0163265306122449,1,19,0.0,0,1
32,1,0,0,0,,,,1.0,10800.0,,,,1.0,873.0,0.0366552119129438,1,15,0.0,0,1
58,6,39,0,0,,,,1.0,,,,,0.15,67.0,0.8656716417910447,0,14,0.0,0,1
33917,2139,1279,6111,21,,,1.0,1.0,7200.0,,,,1.67109375,1223.0,27.73262469337694,1,14,0.0,0,0
40,543,494,0,39,,,1.0,1.0,-14400.0,,,,1.096969696969697,2466.0,0.016220600162206,1,13,0.0,0,1
1,56,219,0,0,,,,,,,,,0.2545454545454545,,,0,6,0.2,1,1
463,784,533,0,38,,,1.0,1.0,-14400.0,,,,1.468164794007491,2489.0,0.1860184813177983,1,17,0.0,0,1
44,289,1038,3,0,,,,,,,,,0.2781520692974013,,,0,5,0.0,0,1
2680,320,257,637,2,,,1.0,1.0,,,,,1.2403100775193798,1196.0,2.240802675585284,1,10,0.0,0,0
25,211,924,0,1,,,,,,,,,0.2281081081081081,,,1,14,0.0,0,1
8684,376,233,1420,2,,,1.0,,-25200.0,,,,1.606837606837607,2168.0,4.0055350553505535,1,5,0.0,0,0
2216,364,376,74,17,1.0,,1.0,1.0,-36000.0,,,,0.9655172413793104,2123.0,1.0438059349976447,1,16,0.0,0,0
36,6,36,0,0,,,,1.0,,,,,0.1621621621621621,56.0,0.6428571428571429,0,10,0.0,0,1
12198,1065,1999,1,9,,,,1.0,-18000.0,,,,0.5325,1034.0,11.796905222437138,1,14,0.0,0,1
65,7,42,0,0,,,,1.0,,,,,0.1627906976744186,70.0,0.9285714285714286,0,12,0.0,0,1
27858,120,113,139,5,,,1.0,1.0,32400.0,,,,1.0526315789473684,1493.0,18.65907568653717,1,8,0.4,1,0
115,0,0,0,0,,,,1.0,10800.0,,,,0.0,871.0,0.13203214695752,1,16,0.0,0,1
9,330,292,0,7,,,1.0,1.0,-14400.0,,,,1.1262798634812288,2543.0,0.0035391270153362,1,17,0.0,0,1
11681,621,1587,1,1,1.0,,,1.0,,,,,0.3910579345088161,776.0,15.052835051546392,1,14,0.0,0,1
48,5,41,0,0,,,,1.0,,,,,0.119047619047619,63.0,0.7619047619047619,0,11,0.0,0,1
48,2,36,0,0,,,,1.0,,,,,0.054054054054054,59.0,0.8135593220338984,0,12,0.0,0,1
102,525,1915,0,0,,,,,,,,,0.2740083507306889,,,0,5,0.1333333333333333,1,1
64,7,46,0,1,,,,1.0,,,,,0.1489361702127659,68.0,0.9411764705882352,0,11,0.0,0,1
14,171,763,0,0,,,,,,,,,0.2238219895287958,,,0,4,0.0,0,1
2520,189,226,587,1,1.0,,1.0,1.0,,,,,0.8325991189427313,213.0,11.830985915492958,1,11,0.3333333333333333,1,0
10665,227,691,311,3,,,1.0,1.0,,,,,0.3280346820809248,1871.0,5.700160342063068,0,9,0.0,0,0
173,37,36,56,4,1.0,,,1.0,18000.0,,,,1.0,919.0,0.1882480957562568,0,11,0.0,0,0
78,56,216,53,1,1.0,,,1.0,,,,,0.2580645161290322,1212.0,0.0643564356435643,0,10,0.0,0,0
33,308,291,0,7,,,1.0,1.0,-14400.0,,,,1.0547945205479452,2554.0,0.0129209083790133,1,20,0.0,0,1
57,0,0,0,0,,,,1.0,10800.0,,,,0.0,875.0,0.0651428571428571,1,13,0.0,0,1
21484,289,430,3536,2,,,1.0,1.0,3600.0,,,,0.6705336426914154,1627.0,13.204671173939769,1,5,0.1,1,0
8261,1392,1977,1150,4,,,,1.0,-10800.0,,,,0.7037411526794742,837.0,9.869772998805256,1,13,0.0,0,0
2,332,310,0,0,,,1.0,1.0,-25200.0,,,,1.067524115755627,1623.0,0.0012322858903265,1,14,0.0,0,1
60,14,42,0,0,,,,1.0,,,,,0.3255813953488372,69.0,0.8695652173913043,0,14,0.0,0,1
11,56,48,18,2,,,,,36000.0,,,,1.1428571428571428,103.0,0.1067961165048543,0,11,0.0,0,0
36,8,42,0,0,,,,1.0,,,,,0.1860465116279069,66.0,0.5454545454545454,0,16,0.0,0,1
80,6,37,0,0,,,,1.0,,,,,0.1578947368421052,73.0,1.095890410958904,0,9,0.0,0,1
47459,1627,558,14637,5,,,,,-18000.0,,,,2.9105545617173525,1382.0,34.340810419681624,0,3,0.0,0,0
1312,605,320,0,0,1.0,,,1.0,10800.0,,,,1.884735202492212,776.0,1.690721649484536,0,14,0.0,0,1
11809,706,1850,0,4,1.0,,,1.0,,,,,0.3814154511075094,776.0,15.21778350515464,1,15,0.0,0,1
74,4,47,0,0,,,,1.0,,,,,0.0833333333333333,74.0,1.0,0,13,0.0,0,1
45,6,40,0,1,,,,1.0,,,,,0.1463414634146341,67.0,0.6716417910447762,0,14,0.0,0,1
42,10,35,0,0,,,,1.0,,,,,0.2777777777777778,58.0,0.7241379310344828,0,12,0.0,0,1
60,4,36,0,0,,,,1.0,,,,,0.1081081081081081,62.0,0.967741935483871,0,16,0.0,0,1
70,6,43,0,1,,,,1.0,,,,,0.1363636363636363,73.0,0.958904109589041,0,12,0.0,0,1
160869,1592,1303,631,19,,,1.0,1.0,28800.0,,,,1.2208588957055215,2119.0,75.91741387446909,1,9,0.0,0,0
46,7,37,0,0,,,,1.0,,,,,0.1842105263157894,58.0,0.7931034482758621,0,11,0.0,0,1
29479,1559,799,1735,42,,,1.0,1.0,7200.0,,,,1.94875,2176.0,13.547334558823527,1,14,0.0,0,0
62,5,35,0,0,,,,1.0,,,,,0.1388888888888889,68.0,0.9117647058823528,0,12,0.0,0,1
1,48,99,0,3,,,1.0,1.0,-36000.0,,,,0.48,1280.0,0.00078125,1,18,0.0,0,1
273,4746,5124,0,5,,,,1.0,10800.0,,,,0.9260487804878048,873.0,0.3127147766323024,1,6,0.0,0,1
241,785,575,0,28,,,1.0,1.0,-14400.0,,,,1.3628472222222223,2505.0,0.0962075848303393,1,19,0.0,0,1
43,3,47,0,0,,,,1.0,,,,,0.0625,58.0,0.7413793103448276,0,14,0.0,0,1
2829,594,842,6508,1,1.0,,1.0,1.0,,,,,0.7046263345195729,546.0,5.181318681318682,1,1,0.0,0,0
1428,89,66,861,0,1.0,,1.0,1.0,,,,,1.328358208955224,437.0,3.267734553775744,1,10,0.0,0,0
1029,495,250,0,50,,,1.0,1.0,-14400.0,,,,1.9721115537848608,2573.0,0.3999222697240575,1,20,0.0,0,1
65,1,37,0,0,,,,1.0,,,,,0.0263157894736842,73.0,0.8904109589041096,0,14,0.0,0,1
316,4423,4359,0,4,,,,1.0,10800.0,,,,1.0144495412844037,874.0,0.3615560640732265,1,5,0.0,0,1
1,37,313,0,0,,,,,,,,,0.1178343949044586,,,0,19,0.3333333333333333,1,1
306,105,0,0,1,,,,1.0,,,,,105.0,873.0,0.3505154639175257,0,15,0.0,0,1
1,525,494,0,0,,,1.0,1.0,-14400.0,,,,1.0606060606060606,2458.0,0.000406834825061,1,12,0.0,0,1
62,6,38,0,1,,,,1.0,,,,,0.1538461538461538,67.0,0.9253731343283582,0,16,0.0,0,1
16007,165,142,3080,0,,,1.0,,-25200.0,,,,1.1538461538461535,1232.0,12.992694805194803,1,1,0.0,0,0
48,336,252,0,10,,,1.0,1.0,-14400.0,,,,1.3280632411067197,2556.0,0.0187793427230046,1,18,0.0,0,1
78,7,41,0,0,,,,1.0,,,,,0.1666666666666666,73.0,1.0684931506849316,0,13,0.0,0,1
28,278,251,0,3,,,1.0,1.0,-14400.0,,,,1.1031746031746033,2558.0,0.0109460516028147,1,18,0.0,0,1
12473,709,1656,2,5,1.0,,,1.0,,,,,0.4278817139408569,776.0,16.073453608247423,1,11,0.0,0,1
633,70,174,138,1,,,,,28800.0,,,,0.4,1364.0,0.4640762463343108,1,15,0.5454545454545454,1,0
1597,415,392,14184,1,1.0,,1.0,1.0,,,,,1.0559796437659033,777.0,2.055341055341055,1,4,0.0,0,0
69,8,41,0,0,,,,1.0,,,,,0.1904761904761904,72.0,0.9583333333333334,0,15,0.0,0,1
4,365,297,0,13,,,1.0,1.0,-14400.0,,,,1.2248322147651007,2565.0,0.0015594541910331,1,15,0.0,0,1
9129,840,75,555,0,,,,1.0,43200.0,,,,11.052631578947368,694.0,13.154178674351584,1,4,0.0,0,0
11777,1066,579,1,6,1.0,,,1.0,,,,,1.8379310344827584,776.0,15.176546391752575,1,13,0.0,0,1
55,1,33,0,0,,,,1.0,,,,,0.0294117647058823,62.0,0.8870967741935484,0,15,0.0,0,1
4,557,494,0,0,,,,1.0,-14400.0,,,,1.1252525252525252,2399.0,0.0016673614005835,1,20,0.0769230769230769,1,1
46,10,33,0,0,,,,1.0,,,,,0.2941176470588235,70.0,0.6571428571428571,0,14,0.0,0,1
1371,257,260,486,0,,,1.0,1.0,-25200.0,,,,0.9846743295019156,455.0,3.013186813186813,1,10,0.0,0,0
11663,754,1894,0,4,1.0,,,1.0,,,,,0.3978891820580475,776.0,15.029639175257731,1,13,0.0,0,1
3012,88,94,1256,0,1.0,,,1.0,,,1.0,,0.9263157894736842,254.0,11.858267716535432,1,14,0.0,0,0
48,5,36,0,0,,,,1.0,,,,,0.1351351351351351,68.0,0.7058823529411765,0,12,0.0,0,1
47857,3291,69,10127,9,1.0,,1.0,1.0,,,,,47.01428571428571,464.0,103.14008620689656,1,1,0.0,0,0
26826,584,424,8618,2,1.0,,1.0,1.0,-25200.0,,,,1.3741176470588234,1108.0,24.21119133574007,1,8,0.0,0,0
8134,600,88,3811,4,1.0,,1.0,1.0,-14400.0,,,,6.741573033707865,114.0,71.35087719298245,1,7,0.0,0,0
74,5,41,0,0,,,,1.0,,,,,0.119047619047619,72.0,1.0277777777777777,0,13,0.0,0,1
2773,362,487,2732,0,1.0,,,1.0,,,,,0.7418032786885246,167.0,16.604790419161677,1,16,0.0,0,0
46,0,0,0,0,,,,1.0,10800.0,,,,0.0,874.0,0.0526315789473684,1,16,0.0,0,1
9737,253,325,2603,0,,,1.0,1.0,28800.0,,,,0.7760736196319018,1034.0,9.416827852998066,1,18,0.0,0,0
3,81,1714,0,0,,,,,,,,,0.0472303206997084,,,0,15,0.3333333333333333,1,1
46,2,36,0,0,,,,1.0,,,,,0.054054054054054,53.0,0.8679245283018868,0,15,0.0,0,1
331,5772,5860,0,5,,,,1.0,10800.0,,,,0.984814878007166,719.0,0.4603616133518776,1,7,0.0,0,1
16954,1997,2028,8331,5,,,1.0,1.0,28800.0,,,,0.984228684080828,1190.0,14.24705882352941,1,5,0.0,0,0
43,5,34,0,0,,,,1.0,,,,,0.1428571428571428,59.0,0.7288135593220338,0,15,0.0,0,1
24064,359,248,2905,0,1.0,,,1.0,-25200.0,,,,1.4417670682730923,1245.0,19.3285140562249,1,10,0.0,0,0
41,10,36,0,0,,,,1.0,,,,,0.2702702702702703,52.0,0.7884615384615384,0,12,0.0,0,1
12420,737,1903,0,1,1.0,,,1.0,,,,,0.3870798319327731,776.0,16.00515463917526,1,12,0.0,0,1
230,747,1881,0,6,,,,,,,,,0.3969181721572795,,,1,9,0.0,0,1
156620,1103,642,35530,32,,,1.0,1.0,-25200.0,,,,1.715396578538103,1121.0,139.71454058876003,1,4,0.0,0,0
1812,50,143,245,4,1.0,,,1.0,3600.0,,,,0.3472222222222222,947.0,1.9134107708553327,1,15,0.0,0,0
2,75,715,0,0,,,,,,,,,0.1047486033519553,,,0,13,0.2857142857142857,1,1
80,0,0,0,0,1.0,,,1.0,10800.0,,,,0.0,873.0,0.0916380297823596,1,14,0.0,0,1
288,545,257,0,40,,,1.0,1.0,-14400.0,,,,2.112403100775194,2558.0,0.1125879593432369,1,20,0.0,0,1
982,12,18,456,0,,,,1.0,-18000.0,,,,0.631578947368421,1032.0,0.9515503875968992,1,17,0.0,0,0
41,0,0,0,0,,,,1.0,10800.0,,,,0.0,875.0,0.0468571428571428,1,13,0.0,0,1
241,598,540,0,32,,,1.0,1.0,-14400.0,,,,1.1053604436229203,2505.0,0.0962075848303393,1,12,0.0,0,1
24689,989,931,886,45,1.0,,1.0,1.0,10800.0,,,,1.0611587982832618,2128.0,11.601973684210526,1,17,0.0,0,0
1,112,589,0,0,,,,,,,,,0.1898305084745762,,,0,5,0.2222222222222222,1,1
79,6,44,0,2,,,,1.0,,,,,0.1333333333333333,74.0,1.0675675675675675,0,12,0.0,0,1
69900,10116,8581,26604,77,,,,1.0,28800.0,,,,1.178746213003962,1432.0,48.812849162011176,1,5,0.0,0,0
1182,220,1040,1388,7,1.0,,,1.0,43200.0,,,,0.2113352545629202,2274.0,0.5197889182058048,1,14,0.0,0,0
5,305,259,0,3,,,1.0,1.0,-14400.0,,,,1.1730769230769231,2558.0,0.0019546520719311,1,18,0.0,0,1
15364,337,355,2421,0,,,1.0,1.0,-14400.0,,,,0.946629213483146,1078.0,14.252319109461968,1,10,0.0,0,0
76,4,40,0,0,,,,1.0,,,,,0.0975609756097561,74.0,1.027027027027027,0,12,0.0,0,1
63,5,37,0,0,,,,1.0,,,,,0.131578947368421,67.0,0.9402985074626866,0,15,0.0,0,1
35,4,45,0,0,,,,1.0,,,,,0.0869565217391304,55.0,0.6363636363636364,0,14,0.0,0,1
54,0,0,0,0,,,,1.0,10800.0,,,,0.0,873.0,0.0618556701030927,1,12,0.0,0,1
2105,257,86,100,30,,,1.0,,7200.0,,,,2.954022988505747,2195.0,0.958997722095672,1,18,0.0,0,0
476,77,75,845,0,1.0,,,1.0,,,,,1.013157894736842,58.0,8.206896551724139,1,17,0.0,0,0
48,4,36,0,0,,,,1.0,,,,,0.1081081081081081,67.0,0.7164179104477612,0,15,0.0,0,1
65,6,41,0,0,,,,1.0,,,,,0.1428571428571428,72.0,0.9027777777777778,0,12,0.0,0,1
12177,1517,1929,0,8,,,,1.0,-14400.0,,,,0.7860103626943005,1402.0,8.685449358059914,1,12,0.1538461538461538,1,1
10066,296,625,3261,9,,,1.0,,19800.0,,,,0.4728434504792332,1550.0,6.494193548387097,1,11,0.0,0,0
8513,463,433,2446,0,,,1.0,1.0,28800.0,,,,1.066820276497696,715.0,11.906293706293706,1,4,0.0,0,0
58,639,504,0,46,,,1.0,1.0,-14400.0,,,,1.2653465346534654,2489.0,0.0233025311370028,1,11,0.0,0,1
1,141,514,0,1,,,,,,,,,0.2737864077669903,,,0,4,0.25,1,1
29997,558,674,6414,50,,,1.0,1.0,-25200.0,,,,0.8266666666666667,2981.0,10.062730627306273,1,17,0.0,0,0
1921,394,371,519,1,,,,1.0,,,,,1.0591397849462365,845.0,2.2733727810650888,1,9,0.0,0,0
60,57,169,7,2,,,1.0,1.0,,,,,0.3352941176470588,1803.0,0.0332778702163061,1,13,0.0,0,0
54,0,0,0,0,,,,1.0,10800.0,,,,0.0,873.0,0.0618556701030927,1,13,0.0,0,1
908,190,218,452,1,,,,1.0,-18000.0,,,,0.867579908675799,2037.0,0.445753559155621,1,10,0.0,0,0
38841,1284,879,1137,21,1.0,,,1.0,32400.0,,,,1.459090909090909,1455.0,26.694845360824743,1,10,0.0,0,1
2644,3539,3644,0,4,,,,,,,,,0.9709190672153636,,,1,9,0.0,0,1
28920,679,319,2169,3,,,1.0,1.0,7200.0,,,,2.121875,1164.0,24.84536082474227,1,4,0.0,0,0
1298,60,52,999,0,,,1.0,1.0,-25200.0,,,,1.1320754716981132,1548.0,0.838501291989664,1,13,0.3,1,0
45,1,33,0,0,,,,1.0,,,,,0.0294117647058823,58.0,0.7758620689655172,0,16,0.0,0,1
996,584,407,1304,0,,,,,,,,,1.431372549019608,254.0,3.921259842519685,1,10,0.0,0,0
43,8,36,0,0,,,,1.0,,,,,0.2162162162162162,69.0,0.6231884057971014,0,13,0.0,0,1
257,701,494,0,153,,,1.0,1.0,-14400.0,,,,1.4161616161616162,2486.0,0.1033789219629927,1,12,0.0,0,1
15242,246,222,3196,3,1.0,,,1.0,,,,,1.1031390134529149,906.0,16.823399558498895,1,4,0.3076923076923077,1,0
19,361,1462,0,5,,,,,,,,,0.2467532467532467,,,0,16,0.0,0,1
40,10,41,0,0,,,,1.0,,,,,0.238095238095238,69.0,0.5797101449275363,0,12,0.0,0,1
45,2,38,0,0,,,,1.0,,,,,0.0512820512820512,60.0,0.75,0,12,0.0,0,1
16,163,812,0,2,,,,,,,,,0.2004920049200492,,,1,11,0.0,0,1
114,21,43,0,0,,,,1.0,10800.0,,,,0.4772727272727273,874.0,0.1304347826086956,1,15,0.0,0,1
33,294,909,3,2,,,,,,,,,0.3230769230769231,,,0,14,0.0,0,1
44,8,38,0,0,,,,1.0,,,,,0.2051282051282051,54.0,0.8148148148148148,0,13,0.0,0,1
9480,354,924,0,3,1.0,,,1.0,-18000.0,,,,0.3827027027027027,651.0,14.56221198156682,1,14,0.1333333333333333,1,1
105,64,245,0,0,,,,1.0,10800.0,,,,0.2601626016260163,869.0,0.1208285385500575,1,12,0.0,0,1
271,4812,5232,0,4,,,,1.0,10800.0,,,,0.9195490158608828,874.0,0.3100686498855835,1,5,0.0,0,1
56,4,43,0,0,,,,1.0,,,,,0.0909090909090909,69.0,0.8115942028985508,0,12,0.0,0,1
1,307,292,0,10,,,1.0,1.0,-14400.0,,,,1.0477815699658704,2545.0,0.0003929273084479,1,17,0.0,0,1
77,9,44,0,1,,,,1.0,,,,,0.2,71.0,1.0845070422535212,0,13,0.0,0,1
49,5,41,0,0,,,,1.0,,,,,0.119047619047619,67.0,0.7313432835820896,0,12,0.0,0,1
41,7,36,0,0,,,,1.0,,,,,0.1891891891891892,59.0,0.6949152542372882,0,13,0.0,0,1
20368,510,655,5788,2,,,,1.0,28800.0,,,,0.7774390243902439,1260.0,16.165079365079364,1,15,0.0,0,0
85,70,150,93,1,1.0,,1.0,1.0,-25200.0,,,,0.4635761589403973,162.0,0.5246913580246914,1,6,0.0,0,0
43009,579,663,1944,43,,,1.0,1.0,-18000.0,,,,0.8719879518072289,2572.0,16.722006220839813,1,8,0.0,0,0
36,527,278,0,21,,,1.0,1.0,-25200.0,,,,1.8888888888888888,1344.0,0.0267857142857142,1,16,0.0,0,1
3330,1008,1992,0,2,1.0,,,1.0,10800.0,,,,0.5057701956848971,774.0,4.3023255813953485,0,14,0.0,0,1
44370,2295,592,1193,31,,,1.0,1.0,-14400.0,,,,3.8701517706576727,2240.0,19.808035714285715,1,13,0.0,0,0
1043,81,77,2192,0,1.0,,1.0,1.0,,,,,1.0384615384615383,430.0,2.425581395348837,1,12,0.0,0,0
32,278,277,0,7,,,1.0,1.0,-14400.0,,,,1.0,2382.0,0.0134340890008396,1,19,0.0,0,1
49,5,37,0,0,,,,1.0,,,,,0.131578947368421,68.0,0.7205882352941176,0,14,0.0,0,1
45,7,39,0,0,,,,1.0,,,,,0.175,68.0,0.6617647058823529,0,11,0.0,0,1
11825,832,1614,0,2,,,,1.0,-18000.0,,,,0.5151702786377709,1275.0,9.27450980392157,1,12,0.0,0,1
117,32,41,0,0,,,,1.0,10800.0,,,,0.7619047619047619,873.0,0.134020618556701,1,16,0.0,0,1
36721,5650,69,9879,36,,,,1.0,-14400.0,,,,80.71428571428571,710.0,51.719718309859154,1,7,0.0,0,0
66,8,44,0,0,,,,1.0,,,,,0.1777777777777777,71.0,0.9295774647887324,0,16,0.0,0,1
2775,249,271,2585,1,1.0,,,1.0,,,,,0.9154411764705882,1057.0,2.6253547776726585,1,12,0.125,1,0
10107,309,13,33,0,,,,1.0,-18000.0,,,,22.071428571428573,1508.0,6.702254641909814,1,11,0.0,0,0
35,4,37,0,0,,,,1.0,,,,,0.1052631578947368,58.0,0.603448275862069,0,13,0.0,0,1
101,278,261,0,19,,,1.0,1.0,-14400.0,,,,1.0610687022900764,2380.0,0.0424369747899159,1,19,0.0,0,1
79,16,45,0,0,,,,1.0,,,,,0.3478260869565217,73.0,1.082191780821918,0,13,0.0,0,1
260,576,530,0,20,,,1.0,1.0,-14400.0,,,,1.0847457627118644,2489.0,0.1044596223382884,1,15,0.0,0,1
81,3,47,0,1,,,,1.0,,,,,0.0625,71.0,1.1408450704225352,0,12,0.0,0,1
12436,868,1252,1,6,,,,1.0,-18000.0,,,,0.6927374301675978,1393.0,8.927494615936826,1,11,0.0,0,1
7936,2622,2183,7212,2,,,1.0,1.0,19800.0,,,,1.2005494505494505,119.0,66.6890756302521,1,20,0.2142857142857142,1,0
49,5,37,0,0,,,,1.0,,,,,0.131578947368421,55.0,0.8909090909090909,0,16,0.0,0,1
289,126,0,0,0,,,,1.0,,,,,126.0,873.0,0.3310423825887743,1,6,0.0,0,1
7085,168,146,2722,0,,,1.0,1.0,-18000.0,,,,1.1428571428571428,1259.0,5.627482128673551,1,13,0.1818181818181818,1,0
76,9,38,0,0,,,,1.0,,,,,0.2307692307692307,75.0,1.0133333333333334,0,14,0.0,0,1
234,356,252,0,28,,,1.0,1.0,-14400.0,,,,1.407114624505929,2558.0,0.0914777169663799,1,18,0.0,0,1
44,10,41,0,0,,,,1.0,,,,,0.238095238095238,52.0,0.8461538461538461,0,11,0.0,0,1
1121,89,147,864,7,1.0,,,1.0,,,,,0.6013513513513513,81.0,13.839506172839506,1,4,0.3333333333333333,1,0
72,3,36,0,0,,,,1.0,,,,,0.081081081081081,74.0,0.972972972972973,0,14,0.0,0,1
12395,1179,1401,1,3,,,,1.0,-18000.0,,,,0.8409415121255349,1090.0,11.371559633027523,1,16,0.0,0,1
15764,545,623,2463,1,,,1.0,1.0,-14400.0,,,,0.8733974358974359,1569.0,10.047163798597833,1,13,0.1428571428571428,1,0
694,110,181,3,1,1.0,,,1.0,7200.0,,,,0.6043956043956044,502.0,1.3824701195219125,1,16,0.0,0,1
80,383,1507,0,0,,,,,,,,,0.2539787798408488,,,1,16,0.0,0,1
42,5,44,0,0,,,,1.0,,,,,0.1111111111111111,53.0,0.7924528301886793,0,12,0.0,0,1
1,201,616,0,1,,,,,,,,,0.3257698541329011,,,0,5,0.2222222222222222,1,1
69,7,35,0,1,,,,1.0,,,,,0.1944444444444444,68.0,1.0147058823529411,0,15,0.0,0,1
2,288,279,0,2,,,1.0,1.0,-25200.0,,,,1.0285714285714285,1734.0,0.0011534025374855,1,14,0.0,0,1
54,5,38,0,0,,,,1.0,,,,,0.1282051282051282,66.0,0.8181818181818182,0,11,0.0,0,1
49,33,295,1611,0,1.0,,,1.0,,,,,0.1114864864864864,662.0,0.0740181268882175,1,14,0.0,0,0
818,152,417,159,6,,,,1.0,28800.0,,,,0.3636363636363636,1361.0,0.6010286554004408,1,15,0.0,0,0
43,12,43,0,1,,,,1.0,,,,,0.2727272727272727,67.0,0.6417910447761194,0,16,0.0,0,1
235,3705,3808,0,5,,,,1.0,10800.0,,,,0.9726962457337884,874.0,0.2688787185354691,1,5,0.0,0,1
42082,541,286,9243,24,,,,1.0,-28800.0,,,,1.8850174216027875,1946.0,21.62487153134635,1,11,0.0,0,0
17,144,659,0,1,,,,,,,,,0.2181818181818181,,,0,12,0.1666666666666666,1,1
11790,889,1445,0,9,,,,1.0,-18000.0,,,,0.6147994467496543,1193.0,9.882648784576697,1,15,0.0,0,1
3,290,280,0,1,,,1.0,1.0,-25200.0,,,,1.0320284697508897,1740.0,0.0017241379310344,1,14,0.0,0,1
57,6,35,0,0,,,,1.0,,,,,0.1666666666666666,69.0,0.8260869565217391,0,10,0.0,0,1
36,3,36,0,0,,,,1.0,,,,,0.081081081081081,53.0,0.6792452830188679,0,15,0.0,0,1
18699,471,337,24,5,,,1.0,1.0,-25200.0,,,,1.393491124260355,2239.0,8.35149620366235,1,12,0.0,0,0
4,253,182,0,11,,,1.0,1.0,-14400.0,,,,1.3825136612021858,2565.0,0.0015594541910331,1,16,0.0,0,1
497,1395,1325,0,3,,,,1.0,,,,,1.0520361990950229,153.0,3.2483660130718954,0,14,0.0,0,1
3,68,1485,0,1,,,,,,,,,0.0457604306864064,,,0,16,0.1538461538461538,1,1
75,2,46,0,0,,,,1.0,,,,,0.0425531914893617,71.0,1.056338028169014,0,15,0.0,0,1
44,10,43,0,0,,,,1.0,,,,,0.2272727272727272,70.0,0.6285714285714286,0,13,0.0,0,1
246,650,797,2,10,,,,,,,,,0.8145363408521303,,,1,11,0.0909090909090909,1,1
12335,960,855,0,4,1.0,,,1.0,,,,,1.1214953271028036,776.0,15.89561855670103,1,12,0.0,0,1
77,10,42,0,0,,,,1.0,,,,,0.2325581395348837,72.0,1.0694444444444444,0,15,0.0,0,1
34600,858,388,32866,4,,,1.0,1.0,-21600.0,,,,2.205655526992288,1907.0,18.14368117461982,1,5,0.0,0,0
468,54,97,38,1,1.0,,1.0,1.0,,,,,0.5510204081632653,1244.0,0.3762057877813505,1,3,0.0,0,0
38,7,39,0,0,,,,1.0,,,,,0.175,68.0,0.5588235294117647,0,12,0.0,0,1
23775,451,240,23,0,,,1.0,1.0,28800.0,,,,1.8713692946058087,1837.0,12.94229722373435,1,11,0.0,0,0
56,4,43,0,0,,,,1.0,,,,,0.0909090909090909,64.0,0.875,0,14,0.0,0,1
1063,58,92,6298,0,,,,1.0,,,,,0.6236559139784946,698.0,1.5229226361031518,0,5,0.1538461538461538,1,0
11346,1247,1997,1,31,,,,1.0,-14400.0,,,,0.6241241241241241,1100.0,10.314545454545454,1,11,0.0,0,1
9794,350,5,43,4,1.0,,,1.0,,,,,58.333333333333336,153.0,64.01307189542484,1,14,0.0,0,1
92,709,558,0,33,,,1.0,1.0,-14400.0,,,,1.2683363148479427,2505.0,0.0367265469061876,1,12,0.0,0,1
1272,2088,1988,0,5,1.0,,,1.0,10800.0,,,,1.0497737556561086,450.0,2.8266666666666667,1,7,0.0,0,1
152,344,274,0,37,,,1.0,1.0,-14400.0,,,,1.250909090909091,2382.0,0.0638119227539882,1,18,0.0,0,1
106,293,279,0,12,,,1.0,1.0,-14400.0,,,,1.0464285714285717,2380.0,0.0445378151260504,1,19,0.0,0,1
160,165,574,31,1,1.0,,1.0,1.0,,,,,0.2869565217391304,2059.0,0.077707625060709,1,11,0.0,0,0
5,244,186,0,14,,,1.0,1.0,-14400.0,,,,1.304812834224599,2564.0,0.0019500780031201,1,20,0.0,0,1
59,279,227,0,17,,,1.0,1.0,-14400.0,,,,1.2236842105263157,2554.0,0.0231010180109631,1,19,0.0,0,1
11018,625,1362,1,6,,,,1.0,-14400.0,,,,0.458547322083639,783.0,14.071519795657728,1,13,0.0,0,1
45,11,44,0,0,,,,1.0,,,,,0.2444444444444444,55.0,0.8181818181818182,0,16,0.0,0,1
3,529,503,0,4,,,1.0,1.0,-14400.0,,,,1.0496031746031746,2414.0,0.0012427506213753,1,12,0.0,0,1
313,101,173,48,0,1.0,,,1.0,,,,,0.5804597701149425,85.0,3.6823529411764704,1,12,0.0,0,0
4537,486,591,3590,11,,,1.0,1.0,-18000.0,,,,0.8209459459459459,1520.0,2.9848684210526315,1,18,0.0,0,0
56,5,40,0,0,,,,1.0,,,,,0.1219512195121951,62.0,0.9032258064516128,0,11,0.0,0,1
29531,864,574,18322,1,,,1.0,1.0,-14400.0,,,,1.5026086956521738,1293.0,22.839133797370454,1,7,0.0,0,0
36,4,41,0,0,,,,1.0,,,,,0.0952380952380952,52.0,0.6923076923076923,0,13,0.0,0,1
1,126,440,0,0,,,,,,,,,0.2857142857142857,,,0,5,0.2222222222222222,1,1
68,4,47,0,0,,,,1.0,,,,,0.0833333333333333,72.0,0.9444444444444444,0,15,0.0,0,1
6470,856,1591,1507,2,,,,1.0,3600.0,,,,0.5376884422110553,930.0,6.956989247311828,0,13,0.0,0,1
52645,5456,349,31,27,,,,1.0,7200.0,,,,15.588571428571427,645.0,81.62015503875969,1,2,0.0,0,0
1081,17,17,0,0,,,,1.0,,,,,0.9444444444444444,125.0,8.648,1,15,0.0,0,1
176,348,280,0,48,,,1.0,1.0,-14400.0,,,,1.2384341637010676,2382.0,0.0738874895046179,1,19,0.0,0,1
82176,10241,340,32111,59,,,,1.0,-14400.0,,,,30.032258064516128,1504.0,54.63829787234042,1,7,0.0,0,0
62,3,38,0,0,,,,1.0,,,,,0.0769230769230769,69.0,0.8985507246376812,0,13,0.0,0,1
38,532,1984,0,4,,,,,,,,,0.2680100755667506,,,0,18,0.0,0,1
42,6,36,0,0,,,,1.0,,,,,0.1621621621621621,55.0,0.7636363636363637,0,14,0.0,0,1
67,6,42,0,1,,,,1.0,,,,,0.1395348837209302,61.0,1.098360655737705,0,11,0.0,0,1
156,336,254,0,25,,,1.0,1.0,-14400.0,,,,1.3176470588235294,2558.0,0.0609851446442533,1,18,0.0,0,1
9,164,773,0,0,,,,,,,,,0.2118863049095607,,,1,14,0.0,0,1
514,190,228,490,0,1.0,,1.0,1.0,,,,,0.8296943231441049,444.0,1.1576576576576576,1,10,0.1,1,0
5609,298,386,95,23,,,1.0,1.0,43200.0,,,,0.7700258397932817,2396.0,2.340984974958264,1,6,0.0,0,0
77,3,41,0,0,,,,1.0,,,,,0.0714285714285714,73.0,1.0547945205479452,0,13,0.0,0,1
38,1,35,0,0,,,,1.0,,,,,0.0277777777777777,53.0,0.7169811320754716,0,15,0.0,0,1
64,3,38,0,0,,,,1.0,,,,,0.0769230769230769,65.0,0.9846153846153848,0,8,0.0,0,1
97292,973,897,1239,17,1.0,,1.0,1.0,-25200.0,,,,1.0835189309576838,1500.0,64.86133333333333,1,18,0.0,0,0
12974,975,1828,0,7,,,,1.0,-18000.0,,,,0.5330781848004374,1318.0,9.84370257966616,1,13,0.0,0,1
1047,135,159,1064,0,,,,1.0,-18000.0,,,,0.84375,2103.0,0.4978601997146933,0,14,0.0,0,0
2466,174,184,658,0,1.0,,1.0,1.0,,,,,0.9405405405405406,173.0,14.254335260115608,0,4,0.0,0,0
63,5,41,0,0,,,,1.0,,,,,0.119047619047619,73.0,0.863013698630137,0,16,0.0,0,1
12042,10011,1812,814,10,,,1.0,1.0,-25200.0,,,,5.521787093215664,938.0,12.837953091684437,1,14,0.0,0,0
1189,369,337,250,0,,,1.0,1.0,,,,,1.0917159763313609,82.0,14.5,1,10,0.0714285714285714,1,0
46,4,38,0,0,,,,1.0,,,,,0.1025641025641025,68.0,0.6764705882352942,0,14,0.0,0,1
1606,261,235,1696,0,,,1.0,,-25200.0,,,,1.1059322033898304,745.0,2.155704697986577,1,10,0.0,0,0
34,6,35,0,0,,,,1.0,,,,,0.1666666666666666,54.0,0.6296296296296297,0,11,0.0,0,1
100611,1457,282,584,61,,,1.0,1.0,19800.0,,,,5.148409893992933,2531.0,39.751481627815096,1,13,0.0,0,0
69057,1003,760,53960,33,,,1.0,1.0,-25200.0,,,,1.3180026281208936,2209.0,31.261656858306925,1,18,0.0,0,0
1,47,203,0,1,,,,,,,,,0.230392156862745,,,0,9,0.1538461538461538,1,1
173,13,64,14,0,,,,1.0,36000.0,,,,0.2,2137.0,0.0809546092653252,0,12,0.0,0,0
2,504,494,0,1,,,1.0,1.0,-14400.0,,,,1.018181818181818,2411.0,0.0008295313148071,1,12,0.0,0,1
783,164,22,191,1,1.0,,,1.0,,,,,7.130434782608695,631.0,1.2408874801901744,1,13,0.0,0,0
4193,114,751,927,6,,,1.0,1.0,-18000.0,,,,0.151595744680851,1836.0,2.283769063180828,1,15,0.0,0,0
141,251,317,0,0,,,,1.0,10800.0,,,,0.789308176100629,803.0,0.1755915317559153,1,14,0.0,0,1
34,5,35,0,0,,,,1.0,,,,,0.1388888888888889,56.0,0.6071428571428571,0,11,0.0,0,1
5154,355,406,2484,0,1.0,,1.0,1.0,,,,,0.8722358722358723,243.0,21.20987654320988,1,6,0.0,0,0
107,16,27,0,0,,,,1.0,10800.0,,,,0.5714285714285714,874.0,0.1224256292906178,1,16,0.0,0,1
43,5,42,0,0,,,,1.0,,,,,0.1162790697674418,52.0,0.8269230769230769,0,12,0.0,0,1
47,1,41,0,0,,,,1.0,,,,,0.0238095238095238,55.0,0.8545454545454545,0,10,0.0,0,1
409,5091,5394,0,3,,,,1.0,10800.0,,,,0.943651529193698,717.0,0.5704323570432357,1,5,0.0,0,1
7959,1231,1997,1465,32,,,1.0,1.0,43200.0,,,,0.6161161161161162,2491.0,3.195102368526696,1,13,0.0,0,0
62,6,40,0,0,,,,1.0,,,,,0.1463414634146341,71.0,0.8732394366197183,0,14,0.0,0,1
68,1,37,0,0,,,,1.0,,,,,0.0263157894736842,73.0,0.9315068493150684,0,15,0.0,0,1
65,7,41,0,0,,,,1.0,,,,,0.1666666666666666,61.0,1.0655737704918034,0,16,0.0,0,1
7,229,185,0,13,,,1.0,1.0,-14400.0,,,,1.2311827956989247,2555.0,0.0027397260273972,1,18,0.0,0,1
589,170,295,12,0,,,1.0,1.0,-14400.0,,,,0.5743243243243243,1100.0,0.5354545454545454,1,15,0.0909090909090909,1,0
44,6,41,0,0,,,,1.0,,,,,0.1428571428571428,57.0,0.7719298245614035,0,13,0.0,0,1
72221,759,299,2272,53,,,,1.0,32400.0,,,,2.53,2107.0,34.27669672520171,1,3,0.0,0,0
110,25,33,0,0,,,,1.0,10800.0,,,,0.7352941176470589,873.0,0.1260022909507445,1,16,0.0,0,1
5527,3747,868,162,77,,,,1.0,-25200.0,,,,4.311852704257768,2141.0,2.5815039701074265,1,20,0.0,0,0
526,224,303,5333,2,,,1.0,1.0,-25200.0,,,,0.7368421052631579,1861.0,0.2826437399247716,1,10,0.0,0,0
41,4,38,0,0,,,,1.0,,,,,0.1025641025641025,54.0,0.7592592592592593,0,15,0.0,0,1
11374,583,420,7868,0,,,1.0,1.0,,,,,1.3847980997624705,900.0,12.637777777777778,1,3,0.0,0,0
36,4,33,0,0,,,,1.0,,,,,0.1176470588235294,56.0,0.6428571428571429,0,15,0.0,0,1
93,0,0,0,0,,,,1.0,10800.0,,,,0.0,868.0,0.1071428571428571,1,15,0.0,0,1
20641,7665,2576,538,23,,,,1.0,-18000.0,,,,2.9743888242142025,2022.0,10.2082096933729,1,15,0.0,0,0
33905,6817,311,12137,36,,,1.0,,3600.0,,,,21.84935897435897,556.0,60.98021582733813,1,1,0.0,0,0
16,576,494,0,9,,,1.0,1.0,-14400.0,,,,1.1636363636363636,2368.0,0.0067567567567567,1,14,0.0,0,1
80,2,42,0,0,,,,1.0,,,,,0.0465116279069767,73.0,1.095890410958904,0,11,0.0,0,1
138,17,30,0,1,,,,1.0,10800.0,,,,0.5483870967741935,874.0,0.1578947368421052,1,15,0.0,0,1
300,71,616,0,0,,,,1.0,,,,,0.1150729335494327,75.0,4.0,0,15,0.0,0,1
20,158,594,0,0,,,,,,,,,0.2655462184873949,,,0,4,0.0,0,1
12081,1338,869,1,6,,,,1.0,-18000.0,,,,1.5379310344827586,793.0,15.234552332912989,1,10,0.0,0,1
20336,369,86,500,1,,,,1.0,43200.0,,,,4.241379310344827,1788.0,11.373601789709172,1,8,0.0,0,0
52,46,240,165,0,,,1.0,1.0,,,,,0.1908713692946058,63.0,0.8253968253968254,1,19,0.1538461538461538,1,0
12508,921,2003,5944,5,1.0,,1.0,1.0,,,,,0.4595808383233533,924.0,13.536796536796537,1,15,0.0769230769230769,1,0
756,1817,2438,2,14,,,,,,,,,0.7449774497744978,,,1,10,0.0,0,1
64,3,47,0,1,,,,1.0,,,,,0.0625,73.0,0.8767123287671232,0,13,0.0,0,1
8643,458,455,2071,0,,,1.0,1.0,-18000.0,,,,1.0043859649122806,1601.0,5.398500936914428,0,7,0.0,0,0
1100,38849,34504,41,1014,,,,,,,,,1.1258947978553833,,,1,11,0.0,0,1
18357,1234,442,3766,4,,,,1.0,28800.0,,,,2.785553047404063,1060.0,17.317924528301887,1,7,0.0,0,0
2,571,494,0,11,,,,1.0,-14400.0,,,,1.1535353535353536,2397.0,0.0008343763037129,1,19,0.0769230769230769,1,1
96,43,113,425,0,,,,1.0,7200.0,,,,0.3771929824561403,87.0,1.103448275862069,1,20,0.0,0,0
58,3,33,0,0,,,,1.0,,,,,0.088235294117647,67.0,0.8656716417910447,0,11,0.0,0,1
34,4,37,0,0,,,,1.0,,,,,0.1052631578947368,59.0,0.576271186440678,0,12,0.0,0,1
166628,1781,1858,3634,32,,,,,,,,,0.958041958041958,2160.0,77.14259259259259,1,13,0.0,0,0
86119,762,303,5654,11,,,,1.0,28800.0,,,,2.506578947368421,674.0,127.77299703264094,1,4,0.0,0,0
42,5,37,0,0,,,,1.0,,,,,0.131578947368421,59.0,0.711864406779661,0,13,0.0,0,1
42,0,40,0,0,,,,1.0,,,,,0.0,68.0,0.6176470588235294,0,16,0.0,0,1
58095,1494,468,5519,4,,,,1.0,-18000.0,,,,3.185501066098081,1315.0,44.1787072243346,1,6,0.0,0,0
6,219,204,0,13,,,1.0,1.0,-25200.0,,,,1.068292682926829,1482.0,0.0040485829959514,1,20,0.0,0,1
1,313,293,0,8,,,1.0,1.0,-14400.0,,,,1.064625850340136,2576.0,0.0003881987577639,1,19,0.0,0,1
47,4,31,0,0,,,,1.0,,,,,0.125,68.0,0.6911764705882353,0,13,0.0,0,1
3,128,1750,0,0,,,,,,,,,0.0731010850942318,,,0,6,0.2857142857142857,1,1
4,11,173,0,0,,,,,,,,,0.0632183908045977,,,0,14,0.25,1,1
74,6,43,0,0,,,,1.0,,,,,0.1363636363636363,73.0,1.0136986301369864,0,15,0.0,0,1
26709,483,539,2646,29,,,1.0,1.0,19800.0,,,,0.8944444444444445,1918.0,13.925443169968718,1,13,0.0,0,0
62,6,41,0,0,,,,1.0,,,,,0.1428571428571428,68.0,0.9117647058823528,0,12,0.0,0,1
44646,29139,906,2809,1277,,,1.0,1.0,16200.0,,,,32.12679162072767,2501.0,17.851259496201518,1,9,0.0,0,0
2559,145,298,541,4,,,,1.0,19800.0,,,,0.4849498327759197,1506.0,1.699203187250996,1,3,0.3333333333333333,1,0
64,5,43,0,0,,,,1.0,,,,,0.1136363636363636,61.0,1.0491803278688523,0,13,0.0,0,1
47,5,32,0,0,,,,1.0,,,,,0.1515151515151515,54.0,0.8703703703703703,0,13,0.0,0,1
406,207,107,670,2,,,1.0,1.0,-14400.0,,,,1.9166666666666667,941.0,0.4314558979808714,1,1,0.0,0,0
94769,1477,908,126,1,1.0,,,1.0,7200.0,,,,1.624862486248625,1777.0,53.330894766460325,0,16,0.0,0,0
3839,226,419,1197,3,,,1.0,,,,,,0.5380952380952381,1041.0,3.687800192122959,1,3,0.2,1,0
6961,274,203,9449,2,,,1.0,1.0,-18000.0,,,,1.343137254901961,1199.0,5.805671392827356,1,14,0.0,0,0
4,86,848,0,0,,,,,,,,,0.1012956419316843,,,0,3,0.1666666666666666,1,1
41,4,36,0,0,,,,1.0,,,,,0.1081081081081081,57.0,0.7192982456140351,0,10,0.0,0,1
59,6,37,0,0,,,,1.0,,,,,0.1578947368421052,70.0,0.8428571428571429,0,13,0.0,0,1
139,1,0,0,0,1.0,,,1.0,10800.0,,,,1.0,803.0,0.1731008717310087,1,14,0.0,0,1
711,46,31,604,0,1.0,,1.0,1.0,,,,,1.4375,351.0,2.025641025641025,1,18,0.1428571428571428,1,0
1,171,513,0,0,,,,,,,,,0.3326848249027237,,,0,9,0.1538461538461538,1,1
48,6,37,0,0,,,,1.0,,,,,0.1578947368421052,68.0,0.7058823529411765,0,15,0.0,0,1
7558,469,325,277,0,,,,,-28800.0,,,,1.4386503067484662,1272.0,5.9418238993710695,1,18,0.0,0,0
807,38,288,7,1,1.0,,1.0,1.0,19800.0,,,,0.1314878892733564,1226.0,0.6582381729200653,1,12,0.0,0,0
84124,1575,1601,9220,21,,,,,-10800.0,,,,0.9831460674157304,1166.0,72.14751286449399,1,4,0.0,0,0
11655,182,107,663,2,,,1.0,1.0,19800.0,,,,1.6851851851851851,2267.0,5.141155712395236,1,16,0.0,0,0
7997,286,199,1949,0,1.0,,,1.0,,,,,1.43,353.0,22.654390934844194,1,11,0.0,0,0
44,0,0,0,0,,,,1.0,10800.0,,,,0.0,869.0,0.050632911392405,1,16,0.0,0,1
90,876,2001,0,5,,,,,,,,,0.4375624375624375,,,1,10,0.0,0,1
42,4,34,0,0,,,,1.0,,,,,0.1142857142857142,54.0,0.7777777777777778,0,12,0.0,0,1
1257,145,178,677,0,1.0,,1.0,1.0,,,,,0.8100558659217877,827.0,1.5199516324062878,1,12,0.0,0,0
2669,2517,2826,0,7,1.0,,,1.0,7200.0,,,,0.8903431199151044,750.0,3.558666666666667,1,16,0.0,0,1
2171,189,129,2777,1,,,,1.0,10800.0,,,,1.4538461538461538,1085.0,2.000921658986175,1,17,0.0,0,0
62,2,41,0,0,,,,1.0,,,,,0.0476190476190476,63.0,0.984126984126984,0,14,0.0,0,1
2,286,263,0,12,,,1.0,1.0,-18000.0,,,,1.0833333333333333,2204.0,0.0009074410163339,1,20,0.0,0,1
28280,970,253,3168,2,,,1.0,1.0,19800.0,,,,3.818897637795276,1823.0,15.51289083927592,1,7,0.0,0,0
10883,654,1877,1,1,,,,1.0,-14400.0,,,,0.3482428115015974,785.0,13.863694267515925,1,16,0.0,0,1
7,526,494,0,5,,,1.0,1.0,-14400.0,,,,1.0626262626262626,2407.0,0.0029081844619858,1,12,0.0,0,1
1,118,635,0,1,,,,,,,,,0.1855345911949685,,,0,5,0.2222222222222222,1,1
35417,10934,9263,10206,30,,,1.0,1.0,-21600.0,,,,1.1802677029360966,887.0,39.92897406989854,1,9,0.125,1,0
16991,1051,603,2225,13,,,,1.0,18000.0,,,,1.740066225165563,1810.0,9.387292817679558,1,11,0.0,0,0
55,4,43,0,0,,,,1.0,,,,,0.0909090909090909,63.0,0.873015873015873,0,11,0.0,0,1
428,326,279,0,34,,,1.0,1.0,-14400.0,,,,1.1642857142857144,2382.0,0.17968094038623,1,19,0.0,0,1
72,727,549,0,18,,,1.0,1.0,-14400.0,,,,1.3218181818181818,2492.0,0.0288924558587479,1,14,0.0,0,1
331,433,285,0,39,,,1.0,1.0,-14400.0,,,,1.513986013986014,2571.0,0.1287436795021392,1,18,0.0,0,1
45,0,35,0,0,,,,1.0,,,,,0.0,53.0,0.8490566037735849,0,12,0.0,0,1
52,6,39,0,0,,,,1.0,,,,,0.15,61.0,0.8524590163934426,0,14,0.0,0,1
48,5,33,0,1,,,,1.0,,,,,0.1470588235294117,55.0,0.8727272727272727,0,12,0.0,0,1
22,267,260,0,5,,,1.0,1.0,-14400.0,,,,1.0229885057471264,2381.0,0.0092398152036959,1,18,0.0,0,1
68,14,76,3,0,,,,,18000.0,,,,0.1818181818181818,499.0,0.1362725450901803,1,15,0.0714285714285714,1,0
59,5,44,0,0,,,,1.0,,,,,0.1111111111111111,63.0,0.9365079365079364,0,14,0.0,0,1
16488,323,217,22500,1,1.0,,1.0,1.0,,,,,1.481651376146789,862.0,19.127610208816705,1,9,0.1818181818181818,1,0
12489,1044,1530,0,4,,,,1.0,-18000.0,,,,0.681907250163292,1318.0,9.475720789074357,1,13,0.0,0,1
183,148,338,4,4,,,,1.0,32400.0,,,,0.4365781710914454,1804.0,0.1014412416851441,1,7,0.1428571428571428,1,0
59,2,32,0,1,,,,1.0,,,,,0.0606060606060606,65.0,0.9076923076923076,0,16,0.0,0,1
64,3,40,0,0,,,,1.0,,,,,0.073170731707317,62.0,1.032258064516129,0,10,0.0,0,1
53,8,32,0,2,,,,1.0,,,,,0.2424242424242424,68.0,0.7794117647058824,0,15,0.0,0,1
284,5051,5557,0,6,,,,1.0,10800.0,,,,0.9087801367398344,874.0,0.3249427917620137,1,6,0.0,0,1
144,44,126,203,0,1.0,,,1.0,,,,,0.3464566929133858,250.0,0.576,1,9,0.0,0,0
20732,628,376,16766,0,1.0,,,1.0,,,,,1.6657824933687002,803.0,25.818181818181817,1,3,0.0,0,0
322,654,533,0,100,,,1.0,1.0,-14400.0,,,,1.2247191011235956,2505.0,0.1285429141716567,1,12,0.0,0,1
1,119,392,0,0,,,,,,,,,0.3027989821882951,,,0,6,0.2,1,1
61,3,42,0,0,,,,1.0,,,,,0.0697674418604651,66.0,0.9242424242424242,0,14,0.0,0,1
938,189,409,76,4,,,1.0,1.0,19800.0,,,,0.4609756097560976,2062.0,0.4548981571290009,1,12,0.0,0,0
76,4,41,0,0,,,,1.0,,,,,0.0952380952380952,74.0,1.027027027027027,0,16,0.0,0,1
82,369,252,0,19,,,1.0,1.0,-14400.0,,,,1.458498023715415,2558.0,0.0320562939796716,1,18,0.0,0,1
274989,9815,2190,40114,38,,,,,-18000.0,,,,4.479689639434048,1515.0,181.51089108910887,1,4,0.0,0,0
437,113,167,207,0,1.0,,1.0,1.0,,,,,0.6726190476190477,107.0,4.08411214953271,1,10,0.1,1,0
46,1,35,0,0,,,,1.0,,,,,0.0277777777777777,54.0,0.8518518518518519,0,13,0.0,0,1
94,7,44,0,0,,,,1.0,,,,,0.1555555555555555,74.0,1.2702702702702702,0,11,0.0,0,1
23295,514,610,36609,14,,,1.0,1.0,-25200.0,,,,0.8412438625204582,2207.0,10.555052106932488,1,9,0.3333333333333333,1,0
6877,247,838,1915,3,,,,,-14400.0,,,,0.2943980929678188,1334.0,5.155172413793103,1,15,0.0,0,0
11637,1195,1998,1,13,,,,1.0,-14400.0,,,,0.5977988994497249,1252.0,9.294728434504792,1,11,0.1666666666666666,1,1
37,2,44,0,0,1.0,1.0,,1.0,,,,,0.0444444444444444,57.0,0.6491228070175439,0,15,0.0,0,1
28606,24047,9671,21775,98,,,1.0,1.0,10800.0,,,,2.486248966087676,1091.0,26.21998166819432,1,18,0.0,0,0
3,87,1501,0,1,,,,,,,,,0.0579227696404793,,,0,9,0.3333333333333333,1,1
123707,1297,518,147,57,,,,1.0,43200.0,,,,2.4990366088631983,2471.0,50.06353702954269,1,5,0.0,0,0
22,261,1060,0,2,,,,,,,,,0.2459943449575871,,,1,13,0.0,0,1
55,6,36,0,1,,,,1.0,,,,,0.1621621621621621,68.0,0.8088235294117647,0,15,0.0,0,1
10715,970,1528,1,1,,,,1.0,-18000.0,,,,0.6344015696533682,1049.0,10.214489990467111,1,11,0.0,0,1
2,106,1510,0,0,,,,,,,,,0.0701522170747849,,,0,10,0.3333333333333333,1,1
261,3631,3937,0,2,,,,1.0,10800.0,,,,0.9220416455053326,874.0,0.2986270022883295,1,5,0.0,0,1
56,6,40,0,0,,,,1.0,,,,,0.1463414634146341,62.0,0.9032258064516128,0,16,0.0,0,1
72,3,47,0,0,,,,1.0,,,,,0.0625,72.0,1.0,0,16,0.0,0,1
56,5,39,0,0,,,,1.0,,,,,0.125,70.0,0.8,0,16,0.0,0,1
3562,191,425,11,0,1.0,,1.0,1.0,-18000.0,,,,0.448356807511737,1121.0,3.1775200713648526,0,6,0.0,0,1
10957,429,394,4491,0,,,,1.0,-36000.0,,,,1.0860759493670886,1332.0,8.225975975975976,1,11,0.0,0,0
381,27,40,1179,0,1.0,,,1.0,,,1.0,,0.6585365853658537,330.0,1.1545454545454543,1,5,0.0,0,0
46,8,43,0,0,,,,1.0,,,,,0.1818181818181818,66.0,0.696969696969697,0,13,0.0,0,1
45,4,39,0,0,,,,1.0,,,,,0.1,68.0,0.6617647058823529,0,15,0.0,0,1
43,3,35,0,0,,,,1.0,,,,,0.0833333333333333,68.0,0.6323529411764706,0,10,0.0,0,1
3565,104,136,5322,8,,,,1.0,-21600.0,,,,0.7591240875912408,2187.0,1.6300868770004573,1,9,0.0,0,0
526,2356,2488,0,1,,,,1.0,,,,,0.9465648854961832,157.0,3.35031847133758,1,14,0.0,0,1
3100,185,376,1675,1,,,1.0,,-18000.0,,,,0.4907161803713528,866.0,3.579676674364896,1,14,0.0,0,0
33,2,43,0,0,,,,1.0,,,,,0.0454545454545454,53.0,0.6226415094339622,0,11,0.0,0,1
32443,491,208,5631,1,1.0,,1.0,1.0,-14400.0,,,,2.349282296650718,1165.0,27.848068669527898,1,11,0.0,0,0
66,5,48,0,0,,,,1.0,,,,,0.1020408163265306,76.0,0.868421052631579,0,16,0.0,0,1
44,330,293,0,6,,,1.0,1.0,-14400.0,,,,1.1224489795918366,2554.0,0.0172278778386844,1,18,0.0,0,1
167,130,189,1108,3,1.0,,1.0,1.0,,,,,0.6842105263157895,1434.0,0.1164574616457461,1,11,0.1428571428571428,1,0
53126,786,1290,8408,20,,,,1.0,-28800.0,,,,0.6088303640588691,2200.0,24.14818181818182,1,9,0.0,0,0
61,6,38,0,0,,,,1.0,,,,,0.1538461538461538,70.0,0.8714285714285714,0,16,0.0,0,1
1203,182,117,136,0,,,1.0,1.0,28800.0,,,,1.5423728813559323,455.0,2.643956043956044,1,6,0.0,0,0
23036,2737,2919,7904,54,,,1.0,,,,,,0.9373287671232876,100.0,230.36,1,9,0.0,0,0
18,97,406,0,5,,,,,,,,,0.2383292383292383,,,0,8,0.0,0,1
1,151,436,0,1,,,,,,,,,0.3455377574370709,,,0,8,0.1666666666666666,1,1
5842,192,323,578,2,,,1.0,,32400.0,,,,0.5925925925925926,2264.0,2.580388692579505,1,10,0.0,0,0
5571,546,423,1124,0,1.0,,1.0,1.0,-18000.0,,,,1.2877358490566038,1369.0,4.069393718042367,1,10,0.1,1,0
54809,1037,1179,11381,4,,,1.0,1.0,28800.0,,,,0.8788135593220339,840.0,65.24880952380953,1,10,0.0,0,0
24433,2024,1385,9647,9,,,1.0,1.0,28800.0,,,,1.4603174603174602,1387.0,17.615717375630858,1,4,0.0,0,0
16666,879,779,14178,2,1.0,,1.0,1.0,,,,,1.126923076923077,652.0,25.56134969325153,1,11,0.0,0,0
85,0,0,0,0,,,,1.0,10800.0,,,,0.0,873.0,0.0973654066437571,1,14,0.0,0,1
76,11,43,0,0,,,,1.0,,,,,0.25,72.0,1.0555555555555556,0,15,0.0,0,1
62,4,40,0,0,,,,1.0,,,,,0.0975609756097561,73.0,0.8493150684931506,0,13,0.0,0,1
15,198,828,0,3,,,,,,,,,0.2388419782870929,,,0,14,0.0,0,1
7236,289,515,4838,2,1.0,,1.0,1.0,-14400.0,,,,0.560077519379845,617.0,11.72771474878444,1,11,0.0,0,0
484,70,456,6,4,,,1.0,1.0,19800.0,,,,0.1531728665207877,2097.0,0.2308059132093466,1,11,0.0,0,0
47,7,43,0,1,,,,1.0,,,,,0.1590909090909091,70.0,0.6714285714285714,0,10,0.0,0,1
19672,944,338,14143,18,1.0,,1.0,1.0,7200.0,,,,2.784660766961652,332.0,59.25301204819277,1,4,0.0,0,0
3765,172,154,1370,0,,,1.0,1.0,28800.0,,,,1.1096774193548389,1263.0,2.980997624703088,1,12,0.0,0,0
5,536,494,0,11,,,1.0,1.0,-14400.0,,,,1.082828282828283,2366.0,0.0021132713440405,1,13,0.0,0,1
71,9,33,0,0,,,,1.0,,,,,0.2647058823529412,73.0,0.9726027397260274,0,13,0.0,0,1
4,52,295,0,0,,,,,,,,,0.1756756756756756,,,0,11,0.0714285714285714,1,1
3927,53,256,877,3,1.0,,,1.0,-25200.0,,,,0.2062256809338521,2200.0,1.785,1,10,0.0,0,0
26,274,232,0,7,,,1.0,1.0,-14400.0,,,,1.1759656652360515,2563.0,0.0101443620756925,1,19,0.0,0,1
15,100,488,0,0,,,,,,,,,0.2044989775051124,,,0,5,0.0,0,1
189,26,111,123,0,,,,,,,,,0.2321428571428571,80.0,2.3625,1,11,0.0,0,0
28771,858,2000,1039,23,1.0,,,1.0,,,,,0.4287856071964018,1045.0,27.532057416267943,1,12,0.0,0,0
9358,223,389,4774,6,,,1.0,1.0,43200.0,,,,0.5717948717948718,2172.0,4.308471454880294,1,8,0.0,0,0
4366,723,487,192,1,,,1.0,1.0,28800.0,,,,1.4815573770491803,1117.0,3.908683974932856,1,17,0.0,0,0
33,2,38,0,0,,,,1.0,,,,,0.0512820512820512,58.0,0.5689655172413793,0,15,0.0,0,1
57,4,41,0,0,,,,1.0,,,,,0.0952380952380952,62.0,0.9193548387096774,0,14,0.0,0,1
6607,245,151,1103,2,,,,1.0,-10800.0,,,,1.611842105263158,590.0,11.198305084745762,1,7,0.0,0,0
10254,857,1607,1,12,,,,1.0,-14400.0,,,,0.5329601990049752,784.0,13.07908163265306,1,13,0.0769230769230769,1,1
70,6,39,0,0,,,,1.0,,,,,0.15,73.0,0.958904109589041,0,14,0.0,0,1
51,0,0,0,0,,,,1.0,10800.0,,,,0.0,803.0,0.0635118306351183,1,16,0.0,0,1
4,276,251,0,0,,,1.0,1.0,-14400.0,,,,1.0952380952380951,2552.0,0.0015673981191222,1,18,0.0,0,1
42,10,38,0,0,,,,1.0,,,,,0.2564102564102564,53.0,0.7924528301886793,0,11,0.0,0,1
38,6,42,0,0,,,,1.0,,,,,0.1395348837209302,52.0,0.7307692307692307,0,13,0.0,0,1
1893,246,172,719,0,1.0,,1.0,1.0,,,,,1.4219653179190752,523.0,3.6195028680688335,0,3,0.1666666666666666,1,0
1,40,283,0,0,,,,,,,,,0.1408450704225352,,,0,14,0.3333333333333333,1,1
54,9,35,0,0,,,,1.0,,,,,0.25,70.0,0.7714285714285715,0,12,0.0,0,1
79,561,520,0,11,,,1.0,1.0,-14400.0,,,,1.076775431861804,2492.0,0.0317014446227929,1,12,0.0,0,1
2,76,542,0,0,,,,,,,,,0.1399631675874769,,,0,5,0.2222222222222222,1,1
70,9,45,0,0,,,,1.0,,,,,0.1956521739130435,69.0,1.0144927536231885,0,10,0.0,0,1
4,311,292,0,4,,,1.0,1.0,-14400.0,,,,1.061433447098976,2579.0,0.0015509887553315,1,19,0.0,0,1
321,5,14,19,0,,,1.0,,28800.0,,,,0.3333333333333333,1651.0,0.19442761962447,1,10,0.4444444444444444,1,0
2313,284,282,1613,0,,,1.0,1.0,28800.0,,,,1.0035335689045937,336.0,6.883928571428571,1,4,0.0,0,0
66,12,45,0,0,,,,1.0,,,,,0.2608695652173913,69.0,0.9565217391304348,0,11,0.0,0,1
54,1,0,0,0,1.0,,,1.0,10800.0,,,,1.0,873.0,0.0618556701030927,1,13,0.0,0,1
57,6,44,0,0,,,,1.0,,,,,0.1333333333333333,64.0,0.890625,0,12,0.0,0,1
44,3,39,0,0,,,,1.0,,,,,0.075,56.0,0.7857142857142857,0,12,0.0,0,1
3417,45532,40075,4205,174,,,1.0,1.0,10800.0,,,,1.136141331470207,776.0,4.403350515463917,1,8,0.0,0,1
45,11,43,0,0,,,,1.0,,,,,0.25,57.0,0.7894736842105263,0,14,0.0,0,1
6758,324,238,1648,0,1.0,,1.0,1.0,-18000.0,,,,1.3556485355648535,1168.0,5.785958904109589,1,12,0.2,1,0
138,503,284,0,22,,,1.0,1.0,-14400.0,,,,1.7649122807017543,2573.0,0.0536338904003109,1,20,0.0,0,1
224,17,115,153,1,1.0,,,1.0,,,,,0.146551724137931,1458.0,0.1536351165980795,1,7,0.0,0,0
2,68,681,0,0,,,,,,,,,0.0997067448680351,,,0,17,0.4,1,1
54,2,34,0,0,,,,1.0,,,,,0.0571428571428571,70.0,0.7714285714285715,0,15,0.0,0,1
65,7,41,0,0,,,,1.0,,,,,0.1666666666666666,70.0,0.9285714285714286,0,15,0.0,0,1
54,5,32,0,0,,,,1.0,,,,,0.1515151515151515,66.0,0.8181818181818182,0,14,0.0,0,1
40034,515,312,26039,0,,,1.0,1.0,-28800.0,,1.0,,1.645367412140575,1630.0,24.56073619631902,1,5,0.1538461538461538,1,0
57,8,43,0,0,,,,1.0,,,,,0.1818181818181818,69.0,0.8260869565217391,0,14,0.0,0,1
10590,451,1941,1,3,1.0,,,1.0,,,,,0.2322348094747682,521.0,20.32629558541267,1,18,0.0,0,1
1042,754,405,43,55,,,,1.0,,,,,1.8571428571428568,1920.0,0.5427083333333333,1,13,0.0,0,0
2677,123,159,2943,0,,,,,-18000.0,,,,0.76875,1382.0,1.937047756874096,1,4,0.0,0,0
1,56,496,0,1,,,,,,,,,0.1126760563380281,,,0,5,0.2222222222222222,1,1
283,3719,3838,0,1,,,,1.0,10800.0,,,,0.9687418598593384,872.0,0.3245412844036697,1,7,0.0,0,1
515,1798,2001,0,1,,,,1.0,,,,,0.8981018981018981,156.0,3.301282051282051,1,15,0.0,0,1
25217,798,408,691,2,,,1.0,1.0,-14400.0,,,,1.9511002444987773,1022.0,24.674168297455967,1,6,0.0,0,0
1,179,572,0,0,,,,,,,,,0.31239092495637,,,0,6,0.3,1,1
62,1,38,0,0,,,,1.0,,,,,0.0256410256410256,65.0,0.953846153846154,0,12,0.0,0,1
46,4,32,0,1,,,,1.0,,,,,0.1212121212121212,60.0,0.7666666666666667,0,16,0.0,0,1
2161,293,408,2939,0,,,,1.0,,,,,0.7163814180929096,957.0,2.258098223615465,1,13,0.0,0,0
64,5,42,0,0,,,,1.0,,,,,0.1162790697674418,62.0,1.032258064516129,0,12,0.0,0,1
779,4713,5142,0,7,,,,1.0,10800.0,,,,0.9163912113552402,193.0,4.036269430051814,1,4,0.0,0,1
46,5,42,0,0,,,,1.0,,,,,0.1162790697674418,54.0,0.8518518518518519,0,12,0.0,0,1
40986,1309,230,7999,2,,,,1.0,14400.0,,,,5.666666666666667,928.0,44.16594827586207,1,1,0.0,0,0
77,6,48,0,0,,,,1.0,,,,,0.1224489795918367,75.0,1.0266666666666666,0,14,0.0,0,1
7801,765,975,974,16,,,1.0,1.0,-18000.0,,,,0.7838114754098361,1310.0,5.954961832061069,1,13,0.0,0,0
2,145,966,0,0,,,,,,,,,0.1499482936918304,,,0,4,0.25,1,1
52423,1940,305,14166,180,,,1.0,1.0,10800.0,,,,6.339869281045751,1943.0,26.98044261451364,1,11,0.25,1,0
44,1,37,0,0,,,,1.0,,,,,0.0263157894736842,54.0,0.8148148148148148,0,15,0.0,0,1
64,8,38,0,0,,,,1.0,,,,,0.2051282051282051,73.0,0.8767123287671232,0,13,0.0,0,1
57,2,34,0,0,,,,1.0,,,,,0.0571428571428571,63.0,0.9047619047619048,0,12,0.0,0,1
67418,16186,5242,22044,243,,,1.0,1.0,3600.0,,,,3.087163837497616,607.0,111.0675453047776,1,6,0.0,0,0
104,0,0,0,0,,,,1.0,10800.0,,,,0.0,875.0,0.1188571428571428,1,13,0.0769230769230769,1,1
5,293,284,0,4,,,1.0,1.0,-25200.0,,,,1.0280701754385966,1734.0,0.0028835063437139,1,17,0.0,0,1
7141,180,327,1533,4,,,,1.0,-18000.0,,,,0.5487804878048781,2916.0,2.4489026063100137,1,15,0.125,1,0
11000,224,195,411,0,,,,1.0,-36000.0,,,,1.1428571428571428,2191.0,5.020538566864445,1,5,0.0,0,0
4,300,289,0,5,,,1.0,1.0,-25200.0,,,,1.0344827586206895,1740.0,0.0022988505747126,1,14,0.0,0,1
12492,1423,1495,0,9,,,,1.0,-18000.0,,,,0.9512032085561496,793.0,15.752837326607818,1,11,0.0,0,1
21105,415,481,248,1,,,1.0,1.0,7200.0,,,,0.8609958506224067,1704.0,12.38556338028169,1,19,0.0,0,0
26594,2696,154,12554,36,1.0,,1.0,1.0,-25200.0,,,,17.393548387096775,326.0,81.57668711656441,1,5,0.0,0,0
134,467,669,0,0,,,,1.0,10800.0,,,,0.6970149253731344,873.0,0.1534936998854524,1,11,0.0,0,1
11088,931,1369,0,7,,,,1.0,-18000.0,,,,0.6795620437956205,1318.0,8.412746585735963,1,13,0.0,0,1
58,7,40,0,0,,,,1.0,,,,,0.1707317073170731,64.0,0.90625,0,13,0.0,0,1
46,2,37,0,0,,,,1.0,,,,,0.0526315789473684,52.0,0.8846153846153846,0,15,0.0,0,1
70,6,40,0,0,,,,1.0,,,,,0.1463414634146341,74.0,0.945945945945946,0,14,0.0,0,1
38257,1045,1588,1203,45,,,1.0,1.0,43200.0,,,,0.65764631843927,1645.0,23.256534954407297,1,10,0.0,0,0
715,117,214,262,0,1.0,,,1.0,,,,,0.5441860465116279,549.0,1.302367941712204,1,7,0.0,0,0
37,259,245,0,5,,,1.0,1.0,-14400.0,,,,1.0528455284552845,2573.0,0.0143801010493587,1,17,0.0,0,1
2193,455,1678,1653,5,,,1.0,1.0,,,,,0.2709946396664681,472.0,4.646186440677966,1,14,0.3,1,0
55940,16100,261,402,189,,,1.0,1.0,19800.0,,,,61.45038167938932,2050.0,27.28780487804878,1,11,0.0,0,0
3,319,283,0,1,,,1.0,1.0,-25200.0,,,,1.1232394366197185,1683.0,0.0017825311942959,1,20,0.0,0,1
72,7,42,0,1,,,,1.0,,,,,0.1627906976744186,70.0,1.0285714285714285,0,8,0.0,0,1
19472,2280,801,2,108,,,1.0,1.0,28800.0,,,,2.8428927680798006,1628.0,11.96068796068796,1,10,0.0,0,0
24072,2245,1260,4402,153,,,1.0,1.0,-25200.0,,,,1.7803330689928627,2898.0,8.306418219461698,1,10,0.0,0,0
60,6,43,0,0,,,,1.0,,,,,0.1363636363636363,69.0,0.8695652173913043,0,10,0.0,0,1
39,0,0,0,0,,,,1.0,10800.0,,,,0.0,870.0,0.0448275862068965,1,13,0.1428571428571428,1,1
134,1,8,0,0,,,,1.0,10800.0,,,,0.1111111111111111,874.0,0.1533180778032036,1,18,0.1333333333333333,1,1
83,5,43,0,0,,,,1.0,,,,,0.1136363636363636,74.0,1.1216216216216215,0,14,0.0,0,1
8,122,351,0,0,,,,,,,,,0.3465909090909091,,,1,7,0.0666666666666666,1,1
10158,416,298,3434,1,,,,1.0,,,,,1.391304347826087,1460.0,6.957534246575342,1,7,0.0,0,0
4539,236,504,1405,3,,,1.0,1.0,19800.0,,,,0.4673267326732673,600.0,7.565,1,6,0.0,0,0
4202,61,185,365,6,,,1.0,1.0,-25200.0,,,,0.3279569892473118,2007.0,2.0936721474838067,1,9,0.0,0,0
20438,345,204,4217,3,,,,1.0,-25200.0,,,,1.6829268292682926,1024.0,19.958984375,0,11,0.0,0,0
61,4,45,0,0,,,,1.0,,,,,0.0869565217391304,62.0,0.9838709677419356,0,13,0.0,0,1
3,87,1021,0,0,,,,,,,,,0.0851272015655577,,,0,12,0.3333333333333333,1,1
1086,1052,1322,0,1,1.0,,,1.0,10800.0,,,,0.7951625094482238,450.0,2.4133333333333336,1,16,0.0,0,1
74,3,41,0,1,,,,1.0,,,,,0.0714285714285714,71.0,1.0422535211267605,0,12,0.0,0,1
2,227,186,0,6,,,1.0,1.0,-14400.0,,,,1.213903743315508,2567.0,0.0007791195948578,1,19,0.0,0,1
37,6,37,0,0,,,,1.0,,,,,0.1578947368421052,67.0,0.5522388059701493,0,14,0.0,0,1
13217,286,161,12603,0,1.0,,1.0,1.0,-25200.0,,,,1.7654320987654322,519.0,25.466281310211947,1,6,0.0,0,0
76,8,53,0,0,,,,1.0,,,,,0.1481481481481481,76.0,1.0,0,10,0.0,0,1
43,5,39,0,0,,,,1.0,,,,,0.125,53.0,0.8113207547169812,0,16,0.0,0,1
3236,29,16,188,5,,,,,7200.0,,,,1.7058823529411764,1792.0,1.8058035714285716,1,15,0.0,0,0
81,554,511,0,70,,,1.0,1.0,-14400.0,,,,1.08203125,2475.0,0.0327272727272727,1,12,0.0,0,1
3146,1756,45,448,37,,,1.0,1.0,,,,,38.17391304347826,680.0,4.626470588235295,1,15,0.0,0,0
2,119,1475,0,0,,,,,,,,,0.0806233062330623,,,0,9,0.0,0,1
5589,88,131,2095,0,,,,1.0,-25200.0,,,,0.6666666666666666,863.0,6.476245654692932,1,4,0.0666666666666666,1,0
49,4,42,0,0,,,,1.0,,,,,0.0930232558139534,64.0,0.765625,0,12,0.0,0,1
52,729,533,0,25,,,1.0,1.0,-14400.0,,,,1.3651685393258426,2505.0,0.0207584830339321,1,12,0.0,0,1
720,2,0,0,0,1.0,,,1.0,-14400.0,,,,2.0,277.0,2.5992779783393503,1,14,0.0,0,1
3995,325,316,4213,2,1.0,,1.0,1.0,-25200.0,,,,1.025236593059937,326.0,12.254601226993865,1,10,0.0,0,0
1,75,466,0,0,,,,,,,,,0.1605995717344753,,,0,4,0.25,1,1
37857,372,547,663,6,,,1.0,1.0,28800.0,,,,0.6788321167883211,2229.0,16.98384925975774,1,10,0.0,0,0
2,59,1388,0,0,,,,,,,,,0.0424766018718502,,,0,13,0.0769230769230769,1,1
1082,236,282,61,0,1.0,,,1.0,,,,,0.833922261484099,56.0,19.321428571428573,1,5,0.1,1,0
45,6,39,0,0,,,,1.0,,,,,0.15,69.0,0.6521739130434783,0,10,0.0,0,1
69,7,45,0,1,,,,1.0,,,,,0.1521739130434782,73.0,0.9452054794520548,0,12,0.0,0,1
27,1179,1892,0,6,,,,,,,,,0.6228209191759112,,,0,15,0.0666666666666666,1,1
17,572,540,0,10,,,1.0,1.0,-14400.0,,,,1.057301293900185,2455.0,0.0069246435845213,1,12,0.0,0,1
59,7,34,0,0,,,,1.0,,,,,0.2,70.0,0.8428571428571429,0,15,0.0,0,1
29203,413,359,6516,2,1.0,,1.0,1.0,-25200.0,,,,1.147222222222222,749.0,38.989319092122834,1,7,0.0,0,0
278,390,287,0,37,,,1.0,1.0,-14400.0,,,,1.3541666666666667,2382.0,0.1167086481947942,1,19,0.0,0,1
112,623,1392,7,0,,,,,,,,,0.4472361809045226,,,1,7,0.0,0,1
38,4,40,0,0,,,,1.0,,,,,0.0975609756097561,66.0,0.5757575757575758,0,16,0.0,0,1
14184,279,642,3839,6,,,1.0,1.0,-25200.0,,,,0.4339035769828926,2208.0,6.423913043478261,0,12,0.0,0,0
61,9,39,0,0,,,,1.0,,,,,0.225,66.0,0.9242424242424242,0,16,0.0,0,1
45,3,35,0,0,,,,1.0,,,,,0.0833333333333333,62.0,0.7258064516129032,0,14,0.0,0,1
3866,3273,3260,1,10,1.0,,,1.0,7200.0,,,,1.0036798528058877,760.0,5.086842105263158,1,7,0.0,0,1
1,90,553,0,0,,,,,,,,,0.1624548736462094,,,0,7,0.1818181818181818,1,1
77,9,46,0,0,,,,1.0,,,,,0.1914893617021276,74.0,1.0405405405405406,0,11,0.0,0,1
45,5,42,0,0,,,,1.0,,,,,0.1162790697674418,53.0,0.8490566037735849,0,10,0.0,0,1
67739,328,178,1066,8,,,1.0,1.0,-25200.0,,,,1.832402234636872,2128.0,31.832236842105264,1,16,0.0,0,0
11653,2158,2219,782,59,,,,1.0,,,,,0.972072072072072,1361.0,8.56208670095518,1,13,0.0,0,1
1162,865,937,0,1,1.0,,,1.0,10800.0,,,,0.9221748400852878,448.0,2.59375,1,15,0.0,0,1
4875,4309,4169,2,7,1.0,,,1.0,10800.0,,,,1.0333333333333334,760.0,6.414473684210527,1,15,0.2,1,1
37,265,240,0,11,,,1.0,1.0,-14400.0,,,,1.099585062240664,2570.0,0.014396887159533,1,17,0.0,0,1
420,144,94,934,1,,,1.0,1.0,,,1.0,,1.5157894736842106,1014.0,0.4142011834319526,1,12,0.0,0,0
5025,129,249,66,2,,,1.0,1.0,10800.0,,,,0.516,1798.0,2.7947719688542825,1,11,0.0833333333333333,1,0
5705,272,232,95,2,,,,,-10800.0,,,,1.167381974248927,757.0,7.536327608982827,1,10,0.0,0,0
73,9,39,0,0,,,,1.0,,,,,0.225,72.0,1.0138888888888888,0,13,0.0,0,1
69,5,39,0,0,,,,1.0,,,,,0.125,70.0,0.9857142857142858,0,13,0.0,0,1
100,331,306,0,11,,,1.0,1.0,-18000.0,,,,1.0781758957654723,2138.0,0.0467726847521047,1,19,0.0,0,1
3770,1839,2027,3,4,1.0,,,1.0,7200.0,,,,0.9068047337278108,772.0,4.883419689119171,0,16,0.0,0,1
58,44,210,0,0,1.0,,,1.0,10800.0,,,,0.2085308056872037,873.0,0.0664375715922107,1,15,0.0,0,1
13251,1179,1211,4347,46,,,1.0,1.0,-25200.0,,,,0.9727722772277227,2174.0,6.095216191352346,1,14,0.0,0,0
670,440,260,0,50,,,1.0,1.0,-14400.0,,,,1.685823754789272,2558.0,0.2619233776387803,1,18,0.0,0,1
542,9757,10677,0,49,,,,1.0,,,,,0.9137478928638322,156.0,3.4743589743589745,1,16,0.0,0,1
64,4,34,0,0,,,,1.0,,,,,0.1142857142857142,69.0,0.927536231884058,0,11,0.0,0,1
1259,837,1978,3200,9,,,,,,,,,0.4229408792319353,,,1,12,0.0,0,1
49,5,37,0,1,,,,1.0,,,,,0.131578947368421,61.0,0.8032786885245902,0,11,0.0,0,1
404,5523,6077,0,4,,,,1.0,10800.0,,,,0.9086870681145114,719.0,0.5618915159944368,1,6,0.0,0,1
9938,549,1107,1,0,1.0,,,1.0,,,,,0.4954873646209386,534.0,18.61048689138577,1,13,0.0,0,1
48,4,36,0,0,,,,1.0,,,,,0.1081081081081081,67.0,0.7164179104477612,0,12,0.0,0,1
7837,233,196,630,0,1.0,,1.0,1.0,,,,,1.1827411167512691,617.0,12.701782820097243,1,7,0.0,0,0
3661,287,419,1748,8,,,1.0,1.0,43200.0,,,,0.6833333333333333,1142.0,3.205779334500876,1,11,0.0,0,0
3,511,494,0,2,,,1.0,1.0,-14400.0,,,,1.0323232323232323,2406.0,0.0012468827930174,1,12,0.0,0,1
5876,6325,2,1630,26,,,,1.0,7200.0,,,,2108.333333333333,492.0,11.94308943089431,1,18,0.0,0,1
55,4,42,0,0,,,,1.0,,,,,0.0930232558139534,63.0,0.873015873015873,0,15,0.0,0,1
70,400,1038,0,1,,,,,,,,,0.3849855630413859,,,0,15,0.0,0,1
57,3,36,0,0,,,,1.0,,,,,0.081081081081081,65.0,0.8769230769230769,0,13,0.0,0,1
67,4,35,0,0,,,,1.0,,,,,0.1111111111111111,72.0,0.9305555555555556,0,15,0.0,0,1
2448,177,297,838,3,1.0,,1.0,1.0,,,,,0.5939597315436241,1144.0,2.13986013986014,1,5,0.25,1,0
44,2,37,0,0,,,,1.0,,,,,0.0526315789473684,68.0,0.6470588235294118,0,13,0.0,0,1
64,3,38,0,0,,,,1.0,,,,,0.0769230769230769,68.0,0.9411764705882352,0,16,0.0,0,1
19707,344,434,29,12,,,1.0,1.0,43200.0,,,,0.7908045977011494,1691.0,11.65405085748078,1,13,0.0,0,0
44,4,42,0,0,,,,1.0,,,,,0.0930232558139534,56.0,0.7857142857142857,0,15,0.0,0,1
2540,108,30,2751,0,,,1.0,1.0,-14400.0,,,,3.4838709677419355,161.0,15.77639751552795,1,14,0.0,0,0
86,488,278,0,45,,,1.0,1.0,-14400.0,,,,1.7491039426523298,2558.0,0.0336200156372165,1,20,0.0,0,1
58,5,44,0,1,,,,1.0,,,,,0.1111111111111111,68.0,0.8529411764705882,0,16,0.0,0,1
27,0,0,0,0,,,,1.0,10800.0,,,,0.0,796.0,0.0339195979899497,1,13,0.0,0,1
1,108,708,0,2,,,,,,,,,0.152327221438646,,,0,4,0.25,1,1
32572,68,68,1534,2,,,1.0,1.0,7200.0,,,,0.9855072463768116,1365.0,23.862271062271063,1,4,0.0,0,0
6365,75,142,618,5,,,1.0,,28800.0,,,,0.5244755244755245,2515.0,2.530815109343936,1,6,0.0,0,0
11585,764,250,1565,5,,,,1.0,7200.0,,,,3.043824701195219,1253.0,9.245810055865922,1,10,0.0,0,0
62,6,50,0,0,,,,1.0,,,,,0.1176470588235294,74.0,0.8378378378378378,0,10,0.0,0,1
27,455,1584,0,1,,,,,,,,,0.2870662460567823,,,0,5,0.0,0,1
44,4,41,0,0,,,,1.0,,,,,0.0952380952380952,69.0,0.6376811594202898,0,10,0.0,0,1
79,4,36,0,0,,,,1.0,,,,,0.1081081081081081,75.0,1.0533333333333332,0,14,0.0,0,1
2394,860,228,97,52,,,,,3600.0,,,,3.7554585152838422,2062.0,1.1610087293889428,1,15,0.0,0,0
15922,2917,2305,4628,12,,,1.0,1.0,28800.0,,,,1.264960971379011,1451.0,10.973121984838045,1,6,0.0,0,0
123,0,0,0,0,,,,1.0,10800.0,,,,0.0,803.0,0.1531755915317559,1,14,0.0,0,1
46,6,40,0,0,,,,1.0,,,,,0.1463414634146341,63.0,0.7301587301587301,0,11,0.0,0,1
98,124,100,0,1,1.0,,1.0,1.0,19800.0,,,,1.2277227722772277,1848.0,0.053030303030303,1,15,0.0,0,0
5425,432,147,577,0,1.0,,,1.0,,,,,2.918918918918919,1371.0,3.956965718453684,1,13,0.2222222222222222,1,0
82,4,37,0,0,,,,1.0,,,,,0.1052631578947368,74.0,1.108108108108108,0,13,0.0,0,1
42,5,37,0,0,,,,1.0,,,,,0.131578947368421,57.0,0.7368421052631579,0,14,0.0,0,1
416,4520,230,89,0,,,1.0,1.0,3600.0,,,,19.567099567099568,1151.0,0.3614248479582971,1,4,0.0,0,0
341,4553,4645,0,4,,,,1.0,10800.0,,,,0.9799827808867844,872.0,0.3910550458715596,1,4,0.0,0,1
31077,1760,30,932,26,,,1.0,1.0,21600.0,,,,56.774193548387096,2166.0,14.34764542936288,1,15,0.0,0,0
65,1,39,0,0,,,,1.0,,,,,0.025,71.0,0.9154929577464788,0,12,0.0,0,1
44,7,39,0,0,,,,1.0,,,,,0.175,58.0,0.7586206896551724,0,15,0.0,0,1
71,38,28,179,0,1.0,,1.0,1.0,,,,,1.3103448275862069,659.0,0.1077389984825493,1,15,0.0,0,0
67,8,42,0,0,,,,1.0,,,,,0.1860465116279069,62.0,1.0806451612903225,0,13,0.0,0,1
1299,22,40,1,0,1.0,1.0,1.0,1.0,7200.0,,,,0.5365853658536586,1859.0,0.6987627756858527,0,14,0.2222222222222222,1,1
145,309,278,0,23,,,1.0,1.0,-14400.0,,,,1.10752688172043,2382.0,0.0608732157850545,1,19,0.0,0,1
19586,468,155,1070,5,,,1.0,1.0,-18000.0,,,,3.0,1708.0,11.4672131147541,1,2,0.0,0,0
11829,792,1906,0,2,1.0,,,1.0,,,,,0.4153120083901416,776.0,15.243556701030927,1,10,0.0,0,1
64,5,40,0,0,,,,1.0,,,,,0.1219512195121951,70.0,0.9142857142857144,0,12,0.0,0,1
1,32,723,0,1,,,,,,,,,0.0441988950276243,,,0,11,0.0,0,1
25541,586,297,10127,0,,,1.0,1.0,28800.0,,,,1.9664429530201344,951.0,26.856992639327025,1,5,0.0,0,0
3416,190,285,3175,1,1.0,,,1.0,,,,,0.6643356643356644,364.0,9.384615384615383,1,12,0.0,0,0
14154,308,320,22245,0,1.0,,,1.0,,,,,0.9595015576323987,651.0,21.741935483870968,1,14,0.0,0,0
44,3,38,0,0,,,,1.0,,,,,0.0769230769230769,53.0,0.8301886792452831,0,15,0.0,0,1
164,354,284,0,29,,,1.0,1.0,-14400.0,,,,1.2421052631578948,2382.0,0.0688497061293031,1,19,0.0,0,1
4774,552,787,4029,11,1.0,,,1.0,,,,,0.700507614213198,467.0,10.22269807280514,1,20,0.0769230769230769,1,0
1090,179,271,710,0,,,,1.0,-14400.0,,,,0.6580882352941176,1096.0,0.9945255474452556,1,14,0.1333333333333333,1,0
51,3,35,0,1,,,,1.0,,,,,0.0833333333333333,65.0,0.7846153846153846,0,15,0.0,0,1
23,327,236,0,14,,,1.0,1.0,-14400.0,,,,1.379746835443038,2558.0,0.0089913995308835,1,18,0.0,0,1
937,753,1942,535,7,1.0,,1.0,1.0,36000.0,,,,0.3875450334534225,778.0,1.2043701799485862,1,7,0.0,0,0
93793,2617,52,0,28,,,,1.0,7200.0,,,,49.37735849056604,1267.0,74.02762430939227,0,16,0.0,0,1
138,41,42,20,2,1.0,,,1.0,28800.0,,,,0.9534883720930232,562.0,0.2455516014234875,1,11,0.0,0,0
66,3,46,0,0,,,,1.0,,,,,0.0638297872340425,73.0,0.9041095890410958,0,14,0.0,0,1
3191,1116,2000,578,4,,,,1.0,10800.0,,,,0.5577211394302849,1007.0,3.168818272095333,1,17,0.3333333333333333,1,0
2111,382,645,1012,3,,,1.0,1.0,-18000.0,,,,0.5913312693498453,1780.0,1.1859550561797754,1,3,0.0,0,0
46,4,34,0,0,,,,1.0,,,,,0.1142857142857142,65.0,0.7076923076923077,0,15,0.0,0,1
8254,304,304,686,2,,,1.0,1.0,-28800.0,,1.0,,0.99672131147541,2097.0,3.936099189318073,1,6,0.0,0,0
2309,282,197,864,4,,,1.0,1.0,19800.0,,,,1.4242424242424243,2137.0,1.0804866635470285,1,9,0.0,0,0
10465,31987,13796,0,14,,,,1.0,-18000.0,,,,2.3184025512792634,746.0,14.028150134048255,1,11,0.0,0,1
362,16,99,0,0,,,,1.0,28800.0,,,,0.16,1017.0,0.3559488692232055,1,15,0.2222222222222222,1,0
50,0,0,0,0,,,,1.0,10800.0,,,,0.0,873.0,0.0572737686139748,1,11,0.0,0,1
92927,461,677,1816,22,,,1.0,1.0,-25200.0,,,,0.6799410029498525,1542.0,60.26394293125811,1,16,0.0,0,0
19086,48,19,7,3,1.0,,,1.0,,,,,2.4,365.0,52.29041095890411,1,10,0.0,0,0
40408,308,149,1446,0,,,1.0,1.0,-25200.0,,,,2.053333333333333,1824.0,22.153508771929825,0,5,0.2857142857142857,1,0
59,2,37,0,0,1.0,1.0,,1.0,,,,,0.0526315789473684,63.0,0.9365079365079364,0,14,0.0,0,1
34,0,0,0,0,,,,1.0,10800.0,,,,0.0,874.0,0.0389016018306636,1,15,0.0,0,1
57,1,37,0,1,,,,1.0,,,,,0.0263157894736842,61.0,0.9344262295081968,0,12,0.0,0,1
44,3,40,0,0,,,,1.0,,,,,0.073170731707317,58.0,0.7586206896551724,0,13,0.0,0,1
7469,253,541,2650,4,,,1.0,1.0,-25200.0,,,,0.466789667896679,2297.0,3.251632564214193,1,9,0.0,0,0
139,386,523,0,0,,,,1.0,10800.0,,,,0.7366412213740458,870.0,0.1597701149425287,1,16,0.0,0,1
11862,801,1804,0,4,,,,1.0,-18000.0,,,,0.4437673130193906,1196.0,9.918060200668895,1,17,0.0,0,1
69,4,44,0,1,,,,1.0,,,,,0.0888888888888888,75.0,0.92,0,11,0.0,0,1
15,42,32,9,0,1.0,,,1.0,,,,,1.2727272727272727,1873.0,0.0080085424452749,1,14,0.0,0,0
41,5,34,0,0,,,,1.0,,,,,0.1428571428571428,54.0,0.7592592592592593,0,15,0.0,0,1
123,283,372,0,0,,,,1.0,10800.0,,,,0.7587131367292225,874.0,0.1407322654462242,1,14,0.0,0,1
5361,435,375,1193,0,1.0,,,1.0,,,1.0,,1.1569148936170213,421.0,12.73396674584323,1,8,0.0,0,0
6702,8301,8510,6,12,1.0,,,1.0,10800.0,,,,0.9753260486429328,755.0,8.87682119205298,1,11,0.1,1,1
7343,1063,79,309,8,,,,1.0,14400.0,,,,13.2875,489.0,15.01635991820041,1,4,0.0,0,0
46,8,39,0,0,,,,1.0,,,,,0.2,59.0,0.7796610169491526,0,15,0.0,0,1
57,8,45,0,0,,,,1.0,,,,,0.1739130434782608,69.0,0.8260869565217391,0,15,0.0,0,1
9628,642,1360,0,0,1.0,,,1.0,-14400.0,,,,0.4717119764878765,776.0,12.40721649484536,1,12,0.0,0,1
9734,177,77,1908,8,1.0,,1.0,1.0,32400.0,,,,2.269230769230769,334.0,29.143712574850294,1,10,0.0,0,0
1054,27,71,563,0,,,1.0,1.0,46800.0,,,,0.375,719.0,1.4659248956884563,1,10,0.0,0,0
37,0,0,0,0,,,,1.0,10800.0,,,,0.0,870.0,0.0425287356321839,1,15,0.0,0,1
35,1,40,0,0,,,,1.0,,,,,0.024390243902439,52.0,0.6730769230769231,0,15,0.0,0,1
2203,490,673,1228,1,1.0,,1.0,1.0,-25200.0,,,,0.7270029673590505,1319.0,1.670204700530705,1,12,0.0,0,0
5,304,287,0,3,,,1.0,1.0,-25200.0,,,,1.0555555555555556,1741.0,0.0028719126938541,1,20,0.0,0,1
40,671,2001,0,3,,,,,,,,,0.3351648351648351,,,1,11,0.0,0,1
294,4879,5251,0,4,,,,1.0,10800.0,,,,0.928979436405179,875.0,0.336,1,6,0.0,0,1
45,3,39,0,0,,,,1.0,,,,,0.075,68.0,0.6617647058823529,0,9,0.0,0,1
2297,284,1356,921,3,,,1.0,1.0,,,,,0.2092851879145173,2078.0,1.1053897978825793,1,14,0.1818181818181818,1,0
45,4,43,0,0,,,,1.0,,,,,0.0909090909090909,54.0,0.8333333333333334,0,13,0.0,0,1
3,298,293,0,3,,,1.0,1.0,-14400.0,,,,1.0136054421768708,2519.0,0.001190948789202,1,17,0.0,0,1
32501,4698,2035,9971,2,,,,1.0,-25200.0,,,,2.307465618860511,781.0,41.6145966709347,1,11,0.0,0,0
1,196,634,0,0,,,,,,,,,0.3086614173228346,,,0,5,0.3333333333333333,1,1
42,3,36,0,0,,,,1.0,,,,,0.081081081081081,55.0,0.7636363636363637,0,16,0.0,0,1
672,115,63,9657,2,,,,1.0,-14400.0,,,,1.796875,165.0,4.072727272727272,0,5,0.0,0,0
54,575,520,0,5,,,1.0,1.0,-14400.0,,,,1.1036468330134357,2505.0,0.0215568862275449,1,12,0.0,0,1
59,5,44,0,1,,,,1.0,,,,,0.1111111111111111,71.0,0.8309859154929577,0,15,0.0,0,1
106773,2880,1049,3499,19,,,1.0,1.0,-25200.0,,,,2.742857142857143,2150.0,49.66186046511628,1,18,0.0,0,0
7409,151,150,3692,1,,,,1.0,-25200.0,,,,1.0,1807.0,4.10016602102933,1,9,0.0,0,0
1118,748,1008,0,1,1.0,,,1.0,10800.0,,,,0.7413280475718533,438.0,2.5525114155251143,1,15,0.0,0,1
54,7,41,0,0,,,,1.0,,,,,0.1666666666666666,70.0,0.7714285714285715,0,13,0.0,0,1
73,4,42,0,0,,,,1.0,,,,,0.0930232558139534,74.0,0.9864864864864864,0,16,0.0,0,1
18,209,182,0,12,,,1.0,1.0,-14400.0,,,,1.1420765027322404,2564.0,0.0070202808112324,1,20,0.0,0,1
85,6,36,0,0,,,,1.0,,,,,0.1621621621621621,73.0,1.1643835616438356,0,15,0.0,0,1
13,158,574,0,2,,,,,,,,,0.2747826086956522,,,0,17,0.0,0,1
14,53,138,0,0,,,,1.0,10800.0,,,,0.381294964028777,866.0,0.0161662817551963,1,13,0.0,0,1
1920,408,421,704,0,,,1.0,1.0,-25200.0,,,,0.966824644549763,1858.0,1.0333692142088269,1,11,0.0,0,0
178,60,100,26,0,1.0,,,1.0,,,,,0.594059405940594,234.0,0.7606837606837606,1,4,0.0,0,0
60,3,39,0,1,,,,1.0,,,,,0.075,74.0,0.8108108108108109,0,14,0.0,0,1
2,178,1007,0,0,,,,,,,,,0.1765873015873016,,,0,5,0.2222222222222222,1,1
843,51,42,1137,0,1.0,,1.0,1.0,7200.0,,,,1.186046511627907,132.0,6.386363636363637,0,5,0.0,0,0
107,19,34,0,0,,,,1.0,10800.0,,,,0.5428571428571428,874.0,0.1224256292906178,1,15,0.0,0,1
11,1096,1880,0,2,,,,,,,,,0.582668793195109,,,1,13,0.125,1,1
6244,1253,652,2533,5,1.0,,,1.0,28800.0,,,,1.918836140888208,161.0,38.78260869565217,1,9,0.0,0,0
3450,159,124,5059,5,1.0,,1.0,1.0,,,,,1.272,429.0,8.041958041958042,1,20,0.0,0,0
2553,114,161,1275,0,1.0,,,1.0,,,,,0.7037037037037037,680.0,3.7544117647058814,1,8,0.0,0,0
1,39,765,0,0,,,,,,,,,0.0509138381201044,,,0,10,0.2307692307692307,1,1
28,377,249,0,6,,,1.0,1.0,-14400.0,,,,1.508,2558.0,0.0109460516028147,1,18,0.0,0,1
5494,480,303,5614,1,,,,1.0,-25200.0,,,,1.5789473684210529,770.0,7.135064935064935,1,5,0.0,0,0
73,5,45,0,0,,,,1.0,,,,,0.108695652173913,75.0,0.9733333333333334,0,13,0.0,0,1
74,2,35,0,0,,,,1.0,,,,,0.0555555555555555,127.0,0.5826771653543307,0,8,0.0,0,1
67,590,494,0,30,,,1.0,1.0,-14400.0,,,,1.1919191919191918,2485.0,0.0269617706237424,1,12,0.0,0,1
52,7,35,0,0,,,,1.0,,,,,0.1944444444444444,68.0,0.7647058823529411,0,9,0.0,0,1
58,7,36,0,0,,,,1.0,,,,,0.1891891891891892,73.0,0.7945205479452054,0,12,0.0,0,1
24427,293,372,6997,2,,,1.0,1.0,-18000.0,,,,0.7855227882037533,1306.0,18.703675344563557,1,7,0.0,0,0
1,128,397,0,1,,,,,,,,,0.321608040201005,,,0,7,0.1818181818181818,1,1
36,5,35,0,0,,,,1.0,,,,,0.1388888888888889,60.0,0.6,0,15,0.0,0,1
36,3,39,0,0,,,,1.0,,,,,0.075,54.0,0.6666666666666666,0,11,0.0,0,1
32547,716,610,5231,1,,,1.0,1.0,-25200.0,,,,1.1718494271685762,618.0,52.66504854368932,1,5,0.0,0,0
32,7,41,0,0,,,,1.0,,,,,0.1666666666666666,56.0,0.5714285714285714,0,13,0.0,0,1
1,576,494,0,8,,,1.0,1.0,-14400.0,,,,1.1636363636363636,2359.0,0.0004239084357778,1,17,0.0,0,1
1187,376,399,728,15,,,1.0,,-18000.0,,,,0.94,2547.0,0.4660384766391833,1,13,0.0,0,0
71,4,39,0,0,,,,1.0,,,,,0.1,72.0,0.9861111111111112,0,13,0.0,0,1
68,3,48,0,0,,,,1.0,,,,,0.0612244897959183,73.0,0.9315068493150684,0,14,0.0,0,1
203,183,77,0,0,,,,,,,,,2.3461538461538463,,,1,13,0.0,0,1
45,0,0,0,0,,,,1.0,10800.0,,,,0.0,872.0,0.0516055045871559,1,13,0.0,0,1
488,1180,1488,0,1,,,,1.0,,,,,0.7924781732706514,156.0,3.128205128205128,1,12,0.0,0,1
46,1,41,0,0,,,,1.0,,,,,0.0238095238095238,58.0,0.7931034482758621,0,14,0.0,0,1
140388,293,289,8574,6,,,,1.0,-14400.0,,,,1.0103448275862068,1791.0,78.38525963149078,1,11,0.0,0,0
471,4375,4777,0,5,,,,1.0,,,,,0.9156550858099624,1234.0,0.3816855753646677,1,5,0.2222222222222222,1,1
44,3,36,0,0,,,,1.0,,,,,0.081081081081081,56.0,0.7857142857142857,0,13,0.0,0,1
49,294,278,0,17,,,1.0,1.0,-14400.0,,,,1.053763440860215,2382.0,0.0205709487825356,1,19,0.0,0,1
3449,259,147,1555,10,,,,1.0,28800.0,,,,1.75,1054.0,3.272296015180266,1,9,0.0,0,0
7588,235,112,10979,0,1.0,,1.0,1.0,,,,,2.079646017699115,501.0,15.145708582834333,1,2,0.0,0,0
3997,670,672,20,4,,,1.0,1.0,-18000.0,,,,0.9955423476968795,1241.0,3.2207896857373086,1,14,0.0,0,0
46,7,40,0,1,,,,1.0,,,,,0.1707317073170731,61.0,0.7540983606557377,0,12,0.0,0,1
46557,457,599,20607,5,,,1.0,1.0,19800.0,,,,0.7616666666666667,1963.0,23.71726948548141,0,13,0.0,0,0
139,33,40,519,2,,,,,-14400.0,,,,0.8048780487804879,659.0,0.2109256449165402,1,6,0.0,0,0
9363,465,1056,0,0,1.0,,,1.0,-18000.0,,,,0.4399243140964995,653.0,14.33843797856049,1,8,0.0,0,1
6325,1102,1,16,16,,,,1.0,,,,,551.0,1417.0,4.463655610444602,1,15,0.0,0,0
38140,1098,525,4264,68,,,1.0,,28800.0,,,,2.08745247148289,2955.0,12.90693739424704,1,2,0.0,0,0
56,7,44,0,0,,,,1.0,,,,,0.1555555555555555,67.0,0.835820895522388,0,13,0.0,0,1
83,10,43,0,0,,,,1.0,,,,,0.2272727272727272,74.0,1.1216216216216215,0,11,0.0,0,1
86,0,0,0,0,,,,1.0,10800.0,,,,0.0,874.0,0.0983981693363844,1,15,0.0,0,1
80,2,37,0,0,,,,1.0,,,,,0.0526315789473684,74.0,1.0810810810810811,0,14,0.0,0,1
91,6,42,0,0,,,,1.0,,,,,0.1395348837209302,127.0,0.7165354330708661,0,11,0.0,0,1
31154,276,365,8510,0,,,1.0,1.0,18000.0,,,,0.7540983606557377,1338.0,23.284005979073243,1,15,0.0,0,0
14524,349,333,642,1,,,,1.0,,,,,1.0449101796407183,1395.0,10.41146953405018,1,3,0.0,0,0
82,285,267,0,14,,,1.0,1.0,-14400.0,,,,1.0634328358208955,2381.0,0.0344393112137757,1,18,0.0,0,1
482,466,762,2,13,,,,,,,,,0.6107470511140236,,,0,16,0.0,0,1
63,3,41,0,0,,,,1.0,,,,,0.0714285714285714,62.0,1.0161290322580645,0,13,0.0,0,1
338,4864,5350,0,9,,,,1.0,10800.0,,,,0.908988974023547,874.0,0.3867276887871853,1,4,0.0,0,1
124,287,271,0,24,,,1.0,1.0,-14400.0,,,,1.0551470588235294,2381.0,0.0520789584208315,1,18,0.0,0,1
33,7,38,0,0,,,,1.0,,,,,0.1794871794871795,59.0,0.559322033898305,0,13,0.0,0,1
70,1,39,0,0,,,,1.0,,,,,0.025,72.0,0.9722222222222222,0,13,0.0,0,1
44,10,41,0,0,,,,1.0,,,,,0.238095238095238,53.0,0.8301886792452831,0,9,0.0,0,1
80,3,40,0,0,,,,1.0,,,,,0.073170731707317,73.0,1.095890410958904,0,13,0.0,0,1
4697,391,763,555,0,,,1.0,1.0,25200.0,,,,0.5117801047120419,1261.0,3.724821570182395,1,14,0.0,0,0
85,6,46,0,0,,,,1.0,,,,,0.1276595744680851,70.0,1.2142857142857142,0,12,0.0,0,1
272,3773,3905,0,2,,,,1.0,10800.0,,,,0.9659498207885304,860.0,0.3162790697674418,1,6,0.0,0,1
46,5,37,0,0,,,,1.0,,,,,0.131578947368421,52.0,0.8846153846153846,0,13,0.0,0,1
10601,1051,1056,12480,23,,,1.0,1.0,-14400.0,,,,0.9943235572374646,1285.0,8.249805447470816,1,14,0.0,0,0
10,307,268,0,10,,,1.0,1.0,-18000.0,,,,1.141263940520446,2201.0,0.0045433893684688,1,17,0.0,0,1
15262,481,687,2429,2,1.0,,,1.0,-18000.0,,,,0.6991279069767442,1628.0,9.374692874692874,1,5,0.1428571428571428,1,0
13595,490,140,2570,0,,,1.0,1.0,-18000.0,,,,3.475177304964539,1246.0,10.91091492776886,1,7,0.0,0,0
62,3,32,0,0,,,,1.0,,,,,0.0909090909090909,64.0,0.96875,0,12,0.0,0,1
10898,737,1750,0,1,,,,1.0,-14400.0,,,,0.4209023415191319,1026.0,10.621832358674464,1,12,0.0909090909090909,1,1
60,8,44,0,0,,,,1.0,,,,,0.1777777777777777,61.0,0.9836065573770492,0,12,0.0,0,1
3134,107,640,577,5,,,1.0,,19800.0,,,,0.1669266770670827,753.0,4.162018592297477,1,20,0.0,0,0
1654,563,1120,334,17,,,1.0,,7200.0,,,,0.5022301516503123,2220.0,0.7450450450450451,1,15,0.0,0,0
68,5,33,0,0,,,,1.0,,,,,0.1470588235294117,70.0,0.9714285714285714,0,16,0.0,0,1
33,1106,1879,0,11,,,,,,,,,0.5882978723404255,,,0,12,0.1538461538461538,1,1
4910,3799,3425,8,184,,,1.0,1.0,-25200.0,,,,1.10887332165791,1930.0,2.5440414507772022,1,20,0.0,0,0
43,5,39,0,0,,,,1.0,,,,,0.125,58.0,0.7413793103448276,0,14,0.0,0,1
677,152,320,912,0,1.0,,,1.0,,,,,0.4735202492211838,951.0,0.711882229232387,1,12,0.1538461538461538,1,0
47,4,38,0,0,,,,1.0,,,,,0.1025641025641025,68.0,0.6911764705882353,0,14,0.0,0,1
14542,1029,552,14512,73,,,1.0,1.0,-18000.0,,,,1.860759493670886,1197.0,12.148705096073517,1,15,0.0,0,0
2276,190,299,4558,1,1.0,,1.0,1.0,,,,,0.6333333333333333,180.0,12.644444444444444,1,8,0.0,0,0
53,2,40,0,1,,1.0,,1.0,,,,,0.048780487804878,73.0,0.726027397260274,0,16,0.0,0,1
7983,1325,2000,331,75,,,1.0,1.0,-25200.0,,,,0.6621689155422289,2374.0,3.3626790227464194,1,12,0.0,0,0
33831,626,1189,9535,19,,,,1.0,-25200.0,,,,0.5260504201680672,2231.0,15.164051994621246,1,14,0.0,0,0
4605,581,316,3730,0,,,1.0,,-18000.0,,,,1.832807570977918,1370.0,3.3613138686131387,1,16,0.0,0,0
41,5,44,0,0,,,,1.0,,,,,0.1111111111111111,53.0,0.7735849056603774,0,14,0.0,0,1
64,1,40,0,0,,,,1.0,,,,,0.024390243902439,66.0,0.9696969696969696,0,11,0.0,0,1
32,1803,2086,0,2,,,,,,,,,0.8639195016770483,,,0,10,0.0,0,1
4233,940,1808,3377,6,1.0,,,1.0,,,,,0.5196241017136539,47.0,90.06382978723404,1,5,0.0714285714285714,1,0
33,5,39,0,0,,,,1.0,,,,,0.125,54.0,0.6111111111111112,0,10,0.0,0,1
23,285,279,0,7,,,1.0,1.0,-14400.0,,,,1.0178571428571428,2382.0,0.0096557514693534,1,19,0.0,0,1
37,3,41,0,0,,,,1.0,,,,,0.0714285714285714,67.0,0.5522388059701493,0,15,0.0,0,1
68,3,40,0,0,,,,1.0,,,,,0.073170731707317,73.0,0.9315068493150684,0,14,0.0,0,1
251,50,546,0,0,,,,1.0,,,,,0.0914076782449725,76.0,3.3026315789473686,0,11,0.0,0,1
14,280,273,0,11,,,1.0,1.0,-14400.0,,,,1.0218978102189782,2383.0,0.0058749475451112,1,19,0.0,0,1
20,234,866,0,4,,,,,,,,,0.2698961937716263,,,0,11,0.3,1,1
10682,872,1505,0,11,,,,1.0,-18000.0,,,,0.5790172642762285,1203.0,8.879467996674979,1,18,0.0,0,1
9084,331,774,55,2,1.0,,,1.0,,,,,0.4270967741935484,1516.0,5.992084432717678,1,4,0.2,1,0
50,3,41,0,0,,,,1.0,,,,,0.0714285714285714,66.0,0.7575757575757576,0,16,0.0,0,1
62,5,42,0,0,,,,1.0,,,,,0.1162790697674418,61.0,1.0163934426229508,0,14,0.0,0,1
27816,1025,873,7145,3,,,1.0,1.0,28800.0,,,,1.1727688787185355,508.0,54.75590551181102,1,19,0.0,0,0
29304,3342,186,3835,46,,,,1.0,28800.0,,,,17.871657754010695,622.0,47.11254019292605,1,19,0.0,0,0
455,135,383,685,0,,,1.0,1.0,21600.0,,,,0.3515625,889.0,0.5118110236220472,1,18,0.5,1,0
9,4670,4717,0,51,,,,,,,,,0.989826197541331,,,1,13,0.0,0,1
43,5,33,0,0,,,,1.0,,,,,0.1470588235294117,69.0,0.6231884057971014,0,11,0.0,0,1
1985,35,63,902,4,1.0,,,1.0,-25200.0,,,,0.546875,317.0,6.261829652996846,1,18,0.0,0,0
77,3,42,0,0,,,,1.0,,,,,0.0697674418604651,72.0,1.0694444444444444,0,13,0.0,0,1
1214,422,819,2875,0,1.0,,1.0,1.0,,,,,0.5146341463414634,286.0,4.244755244755245,1,9,0.0,0,0
39,4,36,0,0,,,,1.0,,,,,0.1081081081081081,57.0,0.6842105263157895,0,12,0.0,0,1
214,578,538,0,15,,,1.0,1.0,-14400.0,,,,1.072356215213358,2505.0,0.0854291417165668,1,12,0.0,0,1
42,6,41,0,0,,,,1.0,,,,,0.1428571428571428,53.0,0.7924528301886793,0,14,0.0,0,1
2,263,259,0,5,,,1.0,1.0,-18000.0,,,,1.0115384615384615,2058.0,0.0009718172983479,1,18,0.0,0,1
56,4,38,0,0,,,,1.0,,,,,0.1025641025641025,69.0,0.8115942028985508,0,14,0.0,0,1
43,680,2000,0,2,,,,,,,,,0.3398300849575212,,,1,17,0.0,0,1
2,56,392,0,0,,,,,,,,,0.1424936386768447,,,0,6,0.1818181818181818,1,1
3072,316,276,1618,0,,,1.0,1.0,,,,,1.1407942238267148,834.0,3.683453237410072,1,3,0.0,0,0
1,288,282,0,0,,,1.0,1.0,-14400.0,,,,1.017667844522968,2522.0,0.000396510705789,1,17,0.0,0,1
53,5,36,0,1,,,,1.0,,,,,0.1351351351351351,68.0,0.7794117647058824,0,10,0.0,0,1
35,2,38,0,0,,,,1.0,,,,,0.0512820512820512,54.0,0.6481481481481481,0,15,0.0,0,1
55,255,223,0,11,,,1.0,1.0,-14400.0,,,,1.1383928571428572,2574.0,0.0213675213675213,1,18,0.0,0,1
5261,451,406,5188,3,,,1.0,1.0,28800.0,,,,1.108108108108108,1103.0,4.7697189483227564,1,5,0.0,0,0
25566,1295,88,3026,8,,,,1.0,28800.0,,,,14.55056179775281,483.0,52.93167701863354,1,11,0.0,0,0
12481,799,1258,1,4,1.0,,,1.0,,,,,0.6346306592533757,776.0,16.08376288659794,1,14,0.0,0,1
37,6,41,0,0,,,,1.0,,,,,0.1428571428571428,53.0,0.6981132075471698,0,15,0.0,0,1
59,7,43,0,0,,,,1.0,,,,,0.1590909090909091,68.0,0.8676470588235294,0,13,0.0,0,1
214,3320,3650,0,2,,,,1.0,10800.0,,,,0.9093399068748288,803.0,0.2665006226650062,1,5,0.0,0,1
36,6,34,0,1,,,,1.0,,,,,0.1714285714285714,69.0,0.5217391304347826,0,12,0.0,0,1
156,0,0,0,0,,,,1.0,10800.0,,,,0.0,871.0,0.1791044776119403,1,14,0.0,0,1
49,4,41,0,0,,,,1.0,,,,,0.0952380952380952,53.0,0.9245283018867924,0,14,0.0,0,1
8381,255,254,4300,3,,,1.0,,32400.0,,,,1.0,345.0,24.292753623188407,1,4,0.0,0,0
5144,330,71,1815,3,,,1.0,,-14400.0,,,,4.583333333333333,983.0,5.232960325534079,1,18,0.0,0,0
45,6,36,0,0,,,,1.0,,,,,0.1621621621621621,69.0,0.6521739130434783,0,15,0.0,0,1
42077,763,97,922,18,,,1.0,1.0,-18000.0,,,,7.785714285714286,2251.0,18.692581075077744,1,19,0.0,0,0
12462,970,1950,1,6,,,,1.0,-18000.0,,,,0.4971809328549462,1200.0,10.385,1,12,0.0,0,1
456,3532,3637,0,7,,,,1.0,10800.0,,,,0.97086311159978,152.0,3.0,1,13,0.0,0,1
77,2,41,0,0,,,,1.0,,,,,0.0476190476190476,71.0,1.0845070422535212,0,14,0.0,0,1
59,12,38,0,0,,,,1.0,,,,,0.3076923076923077,62.0,0.9516129032258064,0,12,0.0,0,1
53383,1370,235,19063,48,,,1.0,1.0,32400.0,,,,5.805084745762712,1948.0,27.40400410677618,1,19,0.0,0,0
42,1,39,0,0,,,,1.0,,,,,0.025,59.0,0.711864406779661,0,12,0.0,0,1
19160,2717,2095,23523,10,,,1.0,1.0,-18000.0,,,,1.2962786259541983,763.0,25.11140235910878,1,7,0.2,1,0
117,675,2001,0,0,,,,,,,,,0.3371628371628372,,,0,5,0.0,0,1
421,6519,6741,0,7,,,,1.0,10800.0,,,,0.9669237614951052,718.0,0.5863509749303621,1,5,0.0,0,1
143,107,311,6,1,,,,1.0,,,,,0.3429487179487179,161.0,0.8881987577639752,0,13,0.0,0,1
46,3,33,0,0,,,,1.0,,,,,0.088235294117647,53.0,0.8679245283018868,0,16,0.0,0,1
28817,854,556,216,12,,,,1.0,7200.0,,,,1.533213644524237,1744.0,16.523509174311926,1,11,0.0,0,0
141,691,538,0,12,,,1.0,1.0,-14400.0,,,,1.2820037105751392,2489.0,0.0566492567296102,1,15,0.0,0,1
36,6,35,0,0,,,,1.0,,,,,0.1666666666666666,53.0,0.6792452830188679,0,14,0.0,0,1
46788,557,193,1206,21,,,1.0,1.0,19800.0,,,,2.8711340206185567,2115.0,22.12198581560284,1,7,0.0,0,0
1,55,116,0,4,,,1.0,1.0,-25200.0,,,,0.4700854700854701,1281.0,0.0007806401249024,1,16,0.0,0,1
248,4607,4932,0,5,,,,1.0,10800.0,,,,0.9339144536793028,874.0,0.2837528604118993,1,6,0.0,0,1
111,0,0,0,0,,,,1.0,10800.0,,,,0.0,872.0,0.1272935779816513,1,13,0.0,0,1
33,1,38,0,0,,,,1.0,,,,,0.0256410256410256,57.0,0.5789473684210527,0,13,0.0,0,1
3,100,1820,0,1,,,,,,,,,0.0549148819330038,,,0,14,0.3333333333333333,1,1
1975,527,1778,196,15,,,,1.0,-18000.0,,,,0.2962338392355256,1755.0,1.1253561253561253,1,10,0.0,0,0
289,337,252,0,25,,,1.0,1.0,-14400.0,,,,1.33201581027668,2558.0,0.1129788897576231,1,18,0.0,0,1
47,4,35,0,0,,,,1.0,,,,,0.1111111111111111,58.0,0.8103448275862069,0,15,0.0,0,1
126,177,277,0,0,,,,1.0,10800.0,,,,0.6366906474820144,870.0,0.1448275862068965,1,11,0.0,0,1
979,77,289,254,1,,,1.0,1.0,-25200.0,,,,0.2655172413793103,2192.0,0.4466240875912409,1,4,0.0,0,0
14,320,853,0,4,,,,,,,,,0.3747072599531616,,,0,20,0.0,0,1
27166,737,298,4839,0,,,1.0,1.0,-25200.0,,,,2.4648829431438126,1418.0,19.157968970380814,1,6,0.0,0,0
797,59,90,329,5,,,,1.0,7200.0,,,,0.6483516483516484,1011.0,0.7883283877349159,1,12,0.1538461538461538,1,0
12230,1203,2001,5542,4,,,1.0,1.0,-25200.0,,,,0.6008991008991009,1045.0,11.703349282296651,1,15,0.0,0,0
50,7,40,0,0,,,,1.0,,,,,0.1707317073170731,71.0,0.704225352112676,0,10,0.0,0,1
59,2,40,0,0,,,,1.0,,,,,0.048780487804878,63.0,0.9365079365079364,0,12,0.0,0,1
73,5,36,0,1,,,,1.0,,,,,0.1351351351351351,71.0,1.028169014084507,0,13,0.0,0,1
71,5,42,0,1,,,,1.0,,,,,0.1162790697674418,74.0,0.9594594594594594,0,10,0.0,0,1
45,4,38,0,0,,,,1.0,,,,,0.1025641025641025,58.0,0.7758620689655172,0,12,0.0,0,1
66,8,46,0,1,,,,1.0,,,,,0.1702127659574468,75.0,0.88,0,14,0.0,0,1
43,7,37,0,0,,,,1.0,,,,,0.1842105263157894,52.0,0.8269230769230769,0,16,0.0,0,1
3,617,545,0,5,,,1.0,1.0,-14400.0,,,,1.13003663003663,2505.0,0.0011976047904191,1,12,0.0,0,1
127,261,345,0,0,,,,1.0,10800.0,,,,0.7543352601156069,874.0,0.1453089244851258,1,14,0.0,0,1
221,59,563,0,0,,,,1.0,,,,,0.1046099290780141,73.0,3.0273972602739727,0,12,0.0,0,1
1,138,563,0,0,,,,,,,,,0.2446808510638297,,,0,7,0.1818181818181818,1,1
16,1003,1973,0,0,,,,,,,,,0.5081053698074974,,,1,15,0.0,0,1
12,266,833,0,0,,,,,,,,,0.3189448441247002,,,0,14,0.0,0,1
69,282,183,0,32,,,1.0,1.0,-14400.0,,,,1.5326086956521738,2564.0,0.0269110764430577,1,20,0.0,0,1
12637,953,1648,1,7,,,,1.0,-18000.0,,,,0.5779260157671315,850.0,14.867058823529412,1,14,0.0,0,1
13,276,272,0,5,,,1.0,1.0,-14400.0,,,,1.010989010989011,2389.0,0.0054416073670992,1,18,0.0,0,1
24161,856,939,0,8,,,,1.0,,,,,0.9106382978723404,590.0,40.95084745762712,1,10,0.0,0,1
68,7,41,0,0,,,,1.0,,,,,0.1666666666666666,70.0,0.9714285714285714,0,13,0.0,0,1
143,438,666,0,0,,,,1.0,10800.0,,,,0.656671664167916,872.0,0.1639908256880733,1,12,0.0,0,1
75164,1274,1085,118881,32,,,,1.0,-10800.0,,,,1.1731123388581952,1202.0,62.5324459234609,1,20,0.0,0,0
1,132,678,0,1,,,,,,,,,0.1944035346097201,,,0,5,0.2222222222222222,1,1
170,115,353,38,2,,,,1.0,-36000.0,,,,0.3248587570621469,30.0,5.666666666666667,1,9,0.0,0,1
2,301,291,0,8,,,1.0,1.0,-14400.0,,,,1.0308219178082192,2545.0,0.0007858546168958,1,17,0.0,0,1
34,289,281,0,9,,,1.0,1.0,-14400.0,,,,1.024822695035461,2381.0,0.0142797144057118,1,18,0.0,0,1
41093,1479,931,206,45,,,,1.0,-14400.0,,,,1.5869098712446352,1809.0,22.715865118850196,1,16,0.0,0,1
367,168,398,384,0,1.0,,,1.0,,,1.0,,0.4210526315789473,89.0,4.123595505617978,0,12,0.0,0,0
59,3,34,0,0,,,,1.0,,,,,0.0857142857142857,66.0,0.8939393939393939,0,10,0.0,0,1
68,4,39,0,0,,,,1.0,,,,,0.1,72.0,0.9444444444444444,0,13,0.0,0,1
1349,110,106,182,0,1.0,,1.0,1.0,,,,,1.02803738317757,56.0,24.089285714285715,1,8,0.0,0,0
44,6,34,0,0,,,,1.0,,,,,0.1714285714285714,57.0,0.7719298245614035,0,12,0.0,0,1
42,5,42,0,0,,,,1.0,,,,,0.1162790697674418,67.0,0.6268656716417911,0,12,0.0,0,1
179,371,310,0,28,,,1.0,1.0,-14400.0,,,,1.1929260450160772,2537.0,0.0705557745368545,1,19,0.0,0,1
57,10,41,0,0,,,,1.0,,,,,0.238095238095238,69.0,0.8260869565217391,0,14,0.0,0,1
3681,184,166,869,0,1.0,,1.0,1.0,,,,,1.1017964071856288,1094.0,3.3647166361974405,1,5,0.0,0,0
5,197,181,0,5,,,1.0,1.0,-14400.0,,,,1.0824175824175823,2564.0,0.0019500780031201,1,20,0.0,0,1
41,2,37,0,0,,,,1.0,,,,,0.0526315789473684,56.0,0.7321428571428571,0,12,0.0,0,1
2333,6123,6061,0,26,1.0,,,1.0,10800.0,,,,1.010062685582316,766.0,3.045691906005222,1,13,0.0,0,1
48,7,39,0,0,,,,1.0,,,,,0.175,67.0,0.7164179104477612,0,13,0.0,0,1
51,12,32,0,0,,,,1.0,,,,,0.3636363636363636,68.0,0.75,0,14,0.0,0,1
3967,256,454,1381,7,,,1.0,1.0,-21600.0,,,,0.5626373626373626,2244.0,1.767825311942959,1,16,0.0,0,0
224,296,242,0,35,,,1.0,1.0,-14400.0,,,,1.2181069958847737,2579.0,0.0868553702985653,1,17,0.0,0,1
230,3889,3992,0,3,,,,1.0,10800.0,,,,0.973954420235412,873.0,0.2634593356242841,1,5,0.0,0,1
110,15,27,0,0,,,,1.0,10800.0,,,,0.5357142857142857,874.0,0.125858123569794,1,13,0.0,0,1
8096,642,1996,7114,3,,,1.0,1.0,28800.0,,,,0.3214822233350025,453.0,17.8719646799117,1,19,0.0,0,0
45,4,41,0,0,,,,1.0,,,,,0.0952380952380952,54.0,0.8333333333333334,0,14,0.0,0,1
451,798,529,0,35,,,1.0,1.0,-14400.0,,,,1.505660377358491,2489.0,0.181197267979108,1,17,0.0,0,1
549,508,892,401,15,,,1.0,1.0,-14400.0,,,,0.568868980963046,2169.0,0.2531120331950207,1,11,0.0,0,0
107299,1402,958,2076,11,,,,1.0,-14400.0,,,,1.461939520333681,2215.0,48.44198645598194,1,4,0.2,1,0
4565,4558,669,1552,71,,,1.0,1.0,,,,1.0,6.802985074626866,931.0,4.903329752953813,1,13,0.0,0,0
81,9,41,0,0,,,,1.0,,,,,0.2142857142857142,72.0,1.125,0,13,0.0,0,1
2,260,254,0,4,,,1.0,1.0,-14400.0,,,,1.0196078431372548,2333.0,0.0008572653236176,1,19,0.0,0,1
1838,106,151,7,1,,,,1.0,-18000.0,,,,0.6973684210526315,2143.0,0.8576761549230051,1,16,0.0,0,0
48821,934,387,98,18,,,,1.0,10800.0,,,,2.4072164948453607,1757.0,27.786568013659647,0,13,0.0,0,0
1,560,538,0,0,,,,1.0,-14400.0,,,,1.0389610389610389,2505.0,0.0003992015968063,1,12,0.0,0,1
28,268,260,0,11,,,1.0,1.0,-14400.0,,,,1.0268199233716475,2380.0,0.0117647058823529,1,19,0.0,0,1
1197,28,98,223,0,1.0,,,1.0,,,,,0.2828282828282828,247.0,4.846153846153846,0,3,0.0,0,0
36,4,39,0,0,,,,1.0,,,,,0.1,60.0,0.6,0,12,0.0,0,1
46,6,38,0,0,,,,1.0,,,,,0.1538461538461538,53.0,0.8679245283018868,0,13,0.0,0,1
6423,87,55,842,0,,,1.0,1.0,-14400.0,,,,1.5535714285714286,1081.0,5.941720629047179,1,18,0.3636363636363636,1,0
112,652,523,0,27,,,1.0,1.0,-14400.0,,,,1.2442748091603053,2500.0,0.0448,1,12,0.0,0,1
78,4,39,0,0,,,,1.0,,,,,0.1,72.0,1.0833333333333333,0,14,0.0,0,1
40,4,37,0,0,,,,1.0,,,,,0.1052631578947368,59.0,0.6779661016949152,0,16,0.0,0,1
71,347,252,0,4,,,1.0,1.0,-14400.0,,,,1.3715415019762849,2558.0,0.0277560594214229,1,18,0.0,0,1
20,697,523,0,13,,,1.0,1.0,-14400.0,,,,1.3301526717557253,2505.0,0.0079840319361277,1,12,0.0,0,1
4251,806,659,6059,1,1.0,,1.0,1.0,,,,,1.2212121212121212,817.0,5.203182374541004,1,14,0.0,0,0
45,10,43,0,0,,,,1.0,,,,,0.2272727272727272,53.0,0.8490566037735849,0,11,0.0,0,1
43,5,40,0,0,,,,1.0,,,,,0.1219512195121951,52.0,0.8269230769230769,0,16,0.0,0,1
44,8,36,0,0,,,,1.0,,,,,0.2162162162162162,56.0,0.7857142857142857,0,13,0.0,0,1
48,1,40,0,0,,,,1.0,,,,,0.024390243902439,63.0,0.7619047619047619,0,14,0.0,0,1
46,7,36,0,0,,,,1.0,,,,,0.1891891891891892,54.0,0.8518518518518519,0,16,0.0,0,1
11707,962,1411,0,0,1.0,,,1.0,,,,,0.6813031161473088,776.0,15.086340206185566,1,13,0.0,0,1
1277,315,253,440,1,1.0,,1.0,1.0,,,,,1.2401574803149606,669.0,1.90881913303438,1,10,0.0,0,0
1148,82,157,38,8,,,,1.0,-25200.0,,,,0.5189873417721519,2257.0,0.5086397873283119,1,20,0.0,0,0
416,662,411,3,10,,,,,,,,,1.6067961165048543,,,1,19,0.2222222222222222,1,1
56,10,39,0,0,,,,1.0,,,,,0.25,63.0,0.8888888888888888,0,11,0.0,0,1
811,34,351,656,0,1.0,,,1.0,,,,,0.096590909090909,584.0,1.3886986301369864,0,17,0.5333333333333333,1,0
70,2,32,0,0,,,,1.0,,,,,0.0606060606060606,70.0,1.0,0,13,0.0,0,1
35669,311,256,1553,0,,,1.0,1.0,-25200.0,,,,1.2101167315175096,1817.0,19.63070996147496,1,9,0.0,0,0
13579,1458,1548,10172,70,,,,1.0,-28800.0,,,,0.9412524209167203,1477.0,9.193635748138115,1,8,0.0,0,0
7036,591,525,5740,1,,,1.0,,-25200.0,,,,1.123574144486692,1177.0,5.977909940526763,1,9,0.0,0,0
5,304,294,0,4,,,1.0,1.0,-14400.0,,,,1.0305084745762711,2576.0,0.0019409937888198,1,19,0.0,0,1
1,305,290,0,4,,,1.0,1.0,-14400.0,,,,1.0481099656357389,2573.0,0.0003886513797123,1,17,0.0,0,1
410,835,542,0,47,,,1.0,1.0,-14400.0,,,,1.5377532228360955,2505.0,0.1636726546906187,1,19,0.0,0,1
17013,808,985,692,36,,,1.0,1.0,-14400.0,,,,0.8194726166328601,1601.0,10.626483447845096,1,13,0.3,1,0
45,4,42,0,0,,,,1.0,,,,,0.0930232558139534,54.0,0.8333333333333334,0,12,0.0,0,1
47,5,37,0,0,,,,1.0,,,,,0.131578947368421,54.0,0.8703703703703703,0,15,0.0,0,1
821,33,326,322,1,,,,1.0,,,,,0.1009174311926605,1055.0,0.7781990521327015,1,12,0.0,0,0
80,9,43,0,0,,,,1.0,,,,,0.2045454545454545,74.0,1.0810810810810811,0,13,0.0,0,1
44,5,25,0,0,,,,1.0,,,,,0.1923076923076923,59.0,0.7457627118644068,0,12,0.0,0,1
2348,193,191,387,0,,,,1.0,,,,,1.0052083333333333,1507.0,1.5580623755806238,0,13,0.0,0,0
1,126,711,0,0,,,,,,,,,0.1769662921348314,,,0,7,0.25,1,1
388,4886,5367,0,4,,,,1.0,10800.0,,,,0.9102086438152012,718.0,0.5403899721448467,1,7,0.0,0,1
48397,1824,758,12787,8,1.0,,,1.0,-14400.0,,,,2.4031620553359683,323.0,149.8359133126935,1,5,0.0,0,0
4824,117,247,619,1,,,1.0,1.0,-18000.0,,,,0.4717741935483871,1268.0,3.804416403785489,1,12,0.0,0,0
34,6,41,0,0,,,,1.0,,,,,0.1428571428571428,54.0,0.6296296296296297,0,13,0.0,0,1
911,53,272,1177,1,,,,1.0,7200.0,,,,0.1941391941391941,1174.0,0.7759795570698467,0,8,0.0,0,0
48,4,39,0,0,,,,1.0,,,,,0.1,58.0,0.8275862068965517,0,16,0.0,0,1
12544,728,1555,1,5,,,,1.0,-18000.0,,,,0.467866323907455,850.0,14.75764705882353,1,16,0.0,0,1
58,6,36,0,0,,,,1.0,,,,,0.1621621621621621,73.0,0.7945205479452054,0,13,0.0,0,1
44,5,39,0,0,,,,1.0,,,,,0.125,67.0,0.6567164179104478,0,15,0.0,0,1
1543,79,118,3672,0,1.0,,,1.0,,,,,0.6638655462184874,873.0,1.7674684994272625,1,13,0.0,0,0
21794,2810,199,714,1,,,1.0,1.0,-25200.0,,1.0,,14.05,937.0,23.259338313767344,1,4,0.0,0,0
1,95,701,0,0,,,,,,,,,0.1353276353276353,,,0,8,0.25,1,1
14869,1069,1009,7487,8,,,1.0,,-7200.0,,,,1.0584158415841585,2197.0,6.767865270823851,1,7,0.0,0,0
42651,670,628,7325,12,,,1.0,1.0,3600.0,,,,1.0651828298887125,1130.0,37.74424778761062,1,20,0.0,0,0
50769,11066,879,18862,45,1.0,,1.0,1.0,-14400.0,,,,12.575,2092.0,24.268164435946463,1,9,0.0,0,0
1049,53,186,439,0,1.0,,1.0,1.0,,,,,0.2834224598930481,524.0,2.0019083969465647,0,6,0.1538461538461538,1,0
30812,252,234,45,7,,,1.0,1.0,-36000.0,,,,1.0723404255319149,2177.0,14.153422140560403,1,4,0.1666666666666666,1,0
6146,662,1824,847,3,,,1.0,1.0,-18000.0,,,,0.3627397260273972,1284.0,4.786604361370716,1,11,0.0,0,0
458,4447,4807,0,1,,,,1.0,7200.0,,,,0.9249168053244592,910.0,0.5032967032967033,1,16,0.0,0,1
19159,352,986,514,7,,,,,-25200.0,,,,0.3566362715298885,2221.0,8.626294461954075,1,6,0.0,0,0
101,500,1808,0,0,,,,,,,,,0.2763957987838585,,,0,13,0.0,0,1
247,36,555,0,0,,,,1.0,,,,,0.0647482014388489,72.0,3.430555555555556,0,14,0.0,0,1
1,119,544,0,0,,,,,,,,,0.218348623853211,,,0,8,0.1666666666666666,1,1
418,4572,5245,0,28,,,,,,,,,0.8715211589782692,,,0,10,0.0,0,1
62,4,30,0,0,,,,1.0,,,,,0.1290322580645161,65.0,0.953846153846154,0,14,0.0,0,1
13635,665,1168,4724,16,,,,1.0,-18000.0,,,,0.5688622754491018,2248.0,6.065391459074733,1,10,0.0,0,0
16,149,612,0,2,,,,,,,,,0.2430668841761827,,,0,15,0.0,0,1
2875,372,279,4307,0,1.0,,1.0,1.0,,,,,1.3285714285714283,747.0,3.848728246318608,0,11,0.1666666666666666,1,0
5,305,295,0,3,,,1.0,1.0,-14400.0,,,,1.0304054054054057,2576.0,0.0019409937888198,1,19,0.0,0,1
12011,973,1465,0,6,,,,1.0,-18000.0,,,,0.6637107776261937,1414.0,8.494342291371995,1,14,0.0,0,1
1,157,712,0,1,,,,,,,,,0.2201963534361851,,,0,3,0.2857142857142857,1,1
53749,1361,1492,9321,80,,,1.0,1.0,32400.0,,,,0.91158740790355,2646.0,20.313303099017386,1,9,0.0,0,0
7727,1118,755,254,3,,,,1.0,-18000.0,,,,1.4788359788359788,1592.0,4.853643216080402,1,15,0.1333333333333333,1,0
24,915,1633,0,2,,,,,,,,,0.5599755201958384,,,1,12,0.0,0,1
42,4,40,0,0,,,,1.0,,,,,0.0975609756097561,66.0,0.6363636363636364,0,13,0.0,0,1
68,2,37,0,0,,,,1.0,,,,,0.0526315789473684,72.0,0.9444444444444444,0,13,0.0,0,1
35,6,41,0,0,,,,1.0,,,,,0.1428571428571428,58.0,0.603448275862069,0,15,0.0,0,1
18,590,494,0,0,,,1.0,1.0,-14400.0,,,,1.1919191919191918,2492.0,0.0072231139646869,1,12,0.0,0,1
74,3,39,0,0,,,,1.0,,,,,0.075,73.0,1.0136986301369864,0,13,0.0,0,1
2599,67,157,199,0,1.0,,1.0,1.0,,,,,0.4240506329113924,1127.0,2.306122448979592,1,13,0.0,0,0
22,279,278,0,3,,,1.0,1.0,-14400.0,,,,1.0,2380.0,0.0092436974789915,1,19,0.0,0,1
11390,876,1571,1,21,,,,1.0,-18000.0,,,,0.5572519083969466,1414.0,8.055162659123056,1,16,0.0,0,1
101,0,0,0,0,,,,1.0,10800.0,,,,0.0,865.0,0.1167630057803468,1,16,0.0,0,1
54857,14844,139,2724,145,,,1.0,1.0,28800.0,,,,106.02857142857142,1916.0,28.63100208768267,1,1,0.0,0,0
75,7,43,0,1,,,,1.0,,,,,0.1590909090909091,70.0,1.0714285714285714,0,16,0.0,0,1
13301,879,409,9200,1,1.0,,1.0,1.0,-18000.0,,,,2.1439024390243904,1529.0,8.699149771092218,1,12,0.0909090909090909,1,0
8860,178,493,715,6,,,,1.0,,,,,0.3603238866396761,2014.0,4.399205561072493,1,3,0.0,0,0
23581,2219,2196,10968,5,,,1.0,1.0,-14400.0,,,,1.0100136549840693,721.0,32.705963938973646,1,4,0.0,0,0
39,5,41,0,0,,,,1.0,,,,,0.119047619047619,54.0,0.7222222222222222,0,13,0.0,0,1
768,2560,2814,0,2,,,,1.0,10800.0,,,,0.9094138543516874,192.0,4.0,1,20,0.0,0,1
74,5,36,0,0,,,,1.0,,,,,0.1351351351351351,72.0,1.0277777777777777,0,13,0.0,0,1
55,4,41,0,0,,,,1.0,,,,,0.0952380952380952,62.0,0.8870967741935484,0,14,0.0,0,1
64,3,45,0,0,,,,1.0,,,,,0.0652173913043478,67.0,0.9552238805970148,0,16,0.0,0,1
41,4,35,0,0,,,,1.0,,,,,0.1111111111111111,57.0,0.7192982456140351,0,16,0.0,0,1
61,631,1585,54,2,,,,,,,,,0.3978562421185372,,,0,7,0.0,0,1
9878,327,303,7872,1,,,,1.0,,,,,1.075657894736842,629.0,15.70429252782194,1,2,0.1428571428571428,1,0
68,7407,8149,2,32,,,,,,,,,0.9088343558282208,,,1,13,0.0666666666666666,1,1
557,20,239,125,1,1.0,,1.0,1.0,-18000.0,,,,0.0833333333333333,1159.0,0.4805867126833477,1,5,0.0,0,0
49,4,37,0,1,,,,1.0,,,,,0.1052631578947368,56.0,0.875,0,16,0.0,0,1
49,5,38,0,0,,,,1.0,,,,,0.1282051282051282,68.0,0.7205882352941176,0,13,0.0,0,1
50,5,44,0,0,,,,1.0,,,,,0.1111111111111111,66.0,0.7575757575757576,0,13,0.0,0,1
119,322,255,0,28,,,1.0,1.0,-14400.0,,,,1.2578125,2545.0,0.0467583497053045,1,18,0.0,0,1
11655,724,1721,0,6,,,,1.0,-18000.0,,,,0.4204413472706155,1318.0,8.842943854324734,1,10,0.0,0,1
3438,522,281,3466,16,,,,1.0,43200.0,,,,1.851063829787234,1301.0,2.642582628747117,1,4,0.25,1,0
649,18,62,710,0,1.0,1.0,1.0,1.0,32400.0,,,,0.2857142857142857,87.0,7.459770114942529,1,5,0.0,0,0
2698,166,346,142,5,,,,1.0,14400.0,,,,0.4783861671469741,1319.0,2.045489006823351,1,3,0.0,0,0
18,553,504,0,11,,,1.0,1.0,-14400.0,,,,1.0950495049504951,2505.0,0.0071856287425149,1,12,0.0,0,1
4032,216,236,301,16,,,1.0,1.0,3600.0,,,,0.9113924050632912,2290.0,1.760698689956332,1,12,0.0,0,0
4,51,247,0,0,,,,,,,,,0.2056451612903226,,,0,14,0.0,0,1
43,5,43,0,2,,1.0,,1.0,,,,,0.1136363636363636,59.0,0.7288135593220338,0,15,0.0,0,1
63,8,38,0,0,,,,1.0,,,,,0.2051282051282051,63.0,1.0,0,16,0.0,0,1
12671,773,1525,0,3,,,,1.0,-18000.0,,,,0.5065530799475754,1193.0,10.621123218776194,1,14,0.0,0,1
2,307,279,0,2,,,1.0,1.0,-14400.0,,,,1.0964285714285715,2554.0,0.0007830853563038,1,19,0.0,0,1
7135,202,300,299,1,,,1.0,1.0,-10800.0,,,,0.6710963455149501,1105.0,6.457013574660634,1,15,0.0,0,0
72,3,36,0,0,,,,1.0,,,,,0.081081081081081,73.0,0.9863013698630136,0,14,0.0,0,1
76,5,44,0,0,,,,1.0,,,,,0.1111111111111111,72.0,1.0555555555555556,0,12,0.0,0,1
20,305,255,0,10,,,1.0,1.0,-14400.0,,,,1.19140625,2508.0,0.0079744816586921,1,18,0.0,0,1
66,11,38,0,0,,,,1.0,,,,,0.282051282051282,127.0,0.5196850393700787,0,14,0.0,0,1
42,7,40,0,0,,,,1.0,,,,,0.1707317073170731,54.0,0.7777777777777778,0,15,0.0,0,1
7512,783,1993,578,0,,,1.0,1.0,28800.0,,,,0.3926780341023069,935.0,8.034224598930482,1,6,0.3333333333333333,1,0
64,8,39,0,0,,,,1.0,,,,,0.2,70.0,0.9142857142857144,0,11,0.0,0,1
114,287,451,0,1,,,,1.0,10800.0,,,,0.6349557522123894,870.0,0.1310344827586207,1,13,0.0,0,1
49,6,51,0,0,,,,1.0,,,,,0.1153846153846153,74.0,0.6621621621621622,0,12,0.0,0,1
45,9,44,0,0,,,,1.0,,,,,0.2,69.0,0.6521739130434783,0,15,0.0,0,1
65,4,38,0,1,,,,1.0,,,,,0.1025641025641025,66.0,0.9848484848484848,0,11,0.0,0,1
5290,298,243,654,3,,,,1.0,,,,,1.221311475409836,2110.0,2.5071090047393363,1,18,0.0,0,0
64,0,0,0,0,,,,1.0,10800.0,,,,0.0,872.0,0.073394495412844,1,11,0.0,0,1
42,4,39,0,0,,,,1.0,,,,,0.1,53.0,0.7924528301886793,0,13,0.0,0,1
45,6,41,0,0,,,,1.0,,,,,0.1428571428571428,54.0,0.8333333333333334,0,15,0.0,0,1
52,5,46,0,0,,1.0,,1.0,,,,,0.1063829787234042,62.0,0.8387096774193549,0,12,0.0,0,1
133,285,240,0,16,,,1.0,1.0,-14400.0,,,,1.1825726141078838,2570.0,0.0517509727626459,1,17,0.0,0,1
46,12,40,0,1,,,,1.0,,,,,0.2926829268292683,56.0,0.8214285714285714,0,15,0.0,0,1
43,8,34,0,0,,,,1.0,,,,,0.2285714285714285,59.0,0.7288135593220338,0,14,0.0,0,1
45,3,37,0,0,,,,1.0,,,,,0.0789473684210526,53.0,0.8490566037735849,0,13,0.0,0,1
52,9,47,0,0,,,,1.0,,,,,0.1875,67.0,0.7761194029850746,0,15,0.0,0,1
3,143,598,0,1,,,,,,,,,0.2387312186978297,,,0,5,0.0,0,1
129,0,0,0,0,,,,1.0,10800.0,,,,0.0,873.0,0.1477663230240549,1,14,0.1333333333333333,1,1
2631,255,169,1041,0,1.0,,,1.0,,,,,1.5,416.0,6.324519230769231,1,1,0.0,0,0
1,104,609,0,1,,,,,,,,,0.1704918032786885,,,0,6,0.2,1,1
18,127,682,0,0,,,,,,,,,0.1859443631039531,,,0,7,0.0,0,1
814,814,536,0,55,,,1.0,1.0,-14400.0,,,,1.515828677839851,2489.0,0.3270389714744877,1,17,0.0,0,1
55,4,43,0,0,,,,1.0,,,,,0.0909090909090909,66.0,0.8333333333333334,0,13,0.0,0,1
39,1,42,0,0,,,,1.0,,,,,0.0232558139534883,52.0,0.75,0,14,0.0,0,1
19236,495,516,3712,10,,,1.0,1.0,-18000.0,,,,0.9574468085106383,2246.0,8.564559216384684,1,14,0.0,0,0
55,5,31,0,0,,,,1.0,,,,,0.15625,62.0,0.8870967741935484,0,12,0.0,0,1
3537,295,262,7758,1,,,1.0,1.0,-25200.0,,,,1.1216730038022813,1316.0,2.6876899696048637,1,12,0.0,0,0
72,9,32,0,0,,,,1.0,,,,,0.2727272727272727,74.0,0.972972972972973,0,13,0.0,0,1
11187,416,292,2600,0,1.0,,,1.0,,,,,1.4197952218430034,1023.0,10.935483870967742,1,9,0.0,0,0
68,5,48,0,0,,,,1.0,,,,,0.1020408163265306,69.0,0.9855072463768116,0,14,0.0,0,1
29,541,518,0,0,,,1.0,1.0,-14400.0,,,,1.0423892100192678,2500.0,0.0116,1,12,0.0,0,1
185,258,776,0,1,,,,,,,,,0.332046332046332,,,0,12,0.0,0,1
13067,1347,1687,1,8,,,,1.0,-18000.0,,,,0.7979857819905213,793.0,16.477931904161412,1,10,0.0,0,1
48,4,43,0,1,,,,1.0,,,,,0.0909090909090909,68.0,0.7058823529411765,0,13,0.0,0,1
58,7,34,0,0,,,,1.0,,,,,0.2,67.0,0.8656716417910447,0,16,0.0,0,1
4,58,357,0,1,,,,,,,,,0.1620111731843575,,,0,6,0.0,0,1
64,298,271,0,25,,,1.0,1.0,-14400.0,,,,1.0955882352941178,2381.0,0.0268794624107517,1,18,0.0,0,1
11555,700,1595,1,1,,,,1.0,-14400.0,,,,0.4385964912280701,785.0,14.719745222929935,1,16,0.0,0,1
1239,804,1239,0,0,1.0,,,1.0,10800.0,,,,0.6483870967741936,450.0,2.7533333333333334,1,8,0.0,0,1
50,1,36,0,0,,,,1.0,,,,,0.027027027027027,59.0,0.847457627118644,0,13,0.0,0,1
114,247,299,0,0,,,,1.0,10800.0,,,,0.8233333333333334,871.0,0.1308840413318025,1,15,0.0,0,1
11256,1249,1746,320,64,,,1.0,1.0,-25200.0,,,,0.7149398969662278,2234.0,5.038495971351836,1,13,0.0,0,0
65,7,37,0,0,,,,1.0,,,,,0.1842105263157894,73.0,0.8904109589041096,0,11,0.0,0,1
309,5446,5989,0,9,,,,1.0,10800.0,,,,0.9091819699499164,875.0,0.3531428571428571,1,7,0.0,0,1
43,5,35,0,0,,,,1.0,,,,,0.1388888888888889,52.0,0.8269230769230769,0,11,0.0,0,1
21420,1081,680,2098,2,,,1.0,1.0,-18000.0,,,,1.5873715124816443,1305.0,16.413793103448278,1,19,0.0,0,0
35,7,42,0,0,,,,1.0,,,,,0.1627906976744186,68.0,0.5147058823529411,0,12,0.0,0,1
70,11,40,0,1,,,,1.0,,,,,0.2682926829268293,75.0,0.9333333333333332,0,15,0.0,0,1
15,19,152,18,0,1.0,,,1.0,,,,,0.1241830065359477,508.0,0.0295275590551181,0,12,0.1538461538461538,1,0
69,5,36,0,1,,,,1.0,,,,,0.1351351351351351,70.0,0.9857142857142858,0,14,0.0,0,1
27105,22,9,0,0,1.0,,,1.0,,,,,2.2,664.0,40.82078313253012,1,9,0.0,0,0
55,6,40,0,0,,,,1.0,,,,,0.1463414634146341,68.0,0.8088235294117647,0,13,0.0,0,1
4861,58,12,0,0,1.0,,,1.0,,,,,4.461538461538462,213.0,22.821596244131456,1,17,0.0,0,1
85,4,39,0,0,,,,1.0,,,,,0.1,70.0,1.2142857142857142,0,14,0.0,0,1
6,47,97,0,0,,,1.0,1.0,-36000.0,,,,0.4795918367346938,1280.0,0.0046875,1,19,0.0,0,1
14611,267,459,306,8,,,1.0,,43200.0,,,,0.5804347826086956,2237.0,6.531515422440769,1,5,0.0,0,0
74,4,33,0,0,,,,1.0,,,,,0.1176470588235294,74.0,1.0,0,13,0.0,0,1
450,4455,4844,0,2,,,,1.0,,,,,0.9195046439628484,149.0,3.0201342281879198,1,7,0.0,0,1
2,59,656,0,1,,,,,,,,,0.0898021308980213,,,0,13,0.3333333333333333,1,1
79,3,35,0,0,,,,1.0,,,,,0.0833333333333333,74.0,1.0675675675675675,0,15,0.0,0,1
60,6,46,0,0,,,,1.0,,,,,0.1276595744680851,65.0,0.9230769230769232,0,14,0.0,0,1
286,4598,4985,0,6,,,,1.0,10800.0,,,,0.9221821099077416,872.0,0.3279816513761467,1,6,0.0,0,1
53939,2223,69,5203,9,,,,,,,,,31.757142857142856,761.0,70.87910643889619,0,20,0.0,0,0
6,317,305,0,17,,,1.0,1.0,-14400.0,,,,1.0359477124183007,2240.0,0.0026785714285714,1,19,0.0,0,1
5471,235,249,348,9,1.0,,,1.0,,,,,0.94,1016.0,5.38484251968504,1,4,0.0,0,0
1313,243,832,117,10,,,1.0,,,,,,0.2917166866746699,1144.0,1.1477272727272727,1,20,0.1111111111111111,1,0
1,296,291,0,2,,,1.0,1.0,-25200.0,,,,1.0136986301369864,1735.0,0.0005763688760806,1,20,0.0,0,1
1437,256,516,1247,0,1.0,,1.0,1.0,,,,,0.4951644100580271,111.0,12.945945945945946,1,8,0.1428571428571428,1,0
1,85,420,0,0,,,,,,,,,0.2019002375296912,,,0,7,0.1666666666666666,1,1
74,466,1838,0,0,,,,,,,,,0.2533985861881457,,,1,13,0.0,0,1
45,288,254,0,6,,,1.0,1.0,-14400.0,,,,1.1294117647058823,2541.0,0.0177095631641086,1,18,0.0,0,1
420,4871,5113,0,4,1.0,,,1.0,7200.0,,,,0.9524833789597184,830.0,0.5060240963855421,1,14,0.0,0,1
38,0,0,0,0,,,,1.0,10800.0,,,,0.0,874.0,0.0434782608695652,1,13,0.0,0,1
1,53,97,0,2,,,1.0,1.0,-36000.0,,,,0.5408163265306123,1280.0,0.00078125,1,18,0.0,0,1
57,7,38,0,0,,,,1.0,,,,,0.1794871794871795,65.0,0.8769230769230769,0,12,0.0,0,1
35,3,35,0,0,,,,1.0,,,,,0.0833333333333333,53.0,0.660377358490566,0,10,0.0,0,1
36,10,39,0,0,,,,1.0,,,,,0.25,56.0,0.6428571428571429,0,13,0.0,0,1
111,206,277,0,0,,,,1.0,10800.0,,,,0.7410071942446043,869.0,0.1277330264672037,1,11,0.0,0,1
380,5764,5825,0,9,,,,1.0,10800.0,,,,0.9893580501201512,718.0,0.5292479108635098,1,8,0.0,0,1
34,4,45,0,0,,,,1.0,,,,,0.0869565217391304,58.0,0.5862068965517241,0,13,0.0,0,1
58,4,34,0,0,,,,1.0,,,,,0.1142857142857142,69.0,0.8405797101449275,0,13,0.0,0,1
54,3,40,0,1,,,,1.0,,,,,0.073170731707317,73.0,0.7397260273972602,0,14,0.0,0,1
803,100,680,32,3,,,,,,,,,0.1468428781204111,1121.0,0.7163247100802854,1,5,0.2857142857142857,1,0
61,3,46,0,0,,,,1.0,,,,,0.0638297872340425,63.0,0.9682539682539684,0,15,0.0,0,1
24,0,0,0,0,,,,1.0,10800.0,,,,0.0,871.0,0.0275545350172215,1,14,0.0,0,1
365,6135,6660,0,6,,,,1.0,10800.0,,,,0.9210328779462544,875.0,0.4171428571428571,1,7,0.0,0,1
67,6,41,0,0,,,,1.0,,,,,0.1428571428571428,74.0,0.9054054054054054,0,16,0.0,0,1
55,2,40,0,0,,,,1.0,,,,,0.048780487804878,60.0,0.9166666666666666,0,16,0.0,0,1
547,802,519,0,1,,,,1.0,,,,,1.5423076923076924,156.0,3.5064102564102564,1,14,0.0,0,1
39,7,39,0,0,,,,1.0,,,,,0.175,54.0,0.7222222222222222,0,14,0.0,0,1
67,3,39,0,0,,,,1.0,,,,,0.075,71.0,0.943661971830986,0,12,0.0,0,1
27608,1061,313,180,25,,,,,-36000.0,,,,3.378980891719745,2118.0,13.034938621340888,1,7,0.0,0,0
188,488,325,0,65,,,1.0,1.0,-14400.0,,,,1.496932515337423,2573.0,0.0730664593859308,1,15,0.0,0,1
446,5737,6173,0,14,,,,1.0,10800.0,,,,0.9292193067703272,718.0,0.6211699164345403,1,4,0.0,0,1
67,2,24,0,0,,,,1.0,,,,,0.08,73.0,0.9178082191780822,0,16,0.0,0,1
48,3,33,0,1,,,,1.0,,,,,0.088235294117647,56.0,0.8571428571428571,0,11,0.0,0,1
58,9,46,0,0,,,,1.0,,,,,0.1914893617021276,71.0,0.8169014084507042,0,14,0.0,0,1
44,3,38,0,0,,,,1.0,,,,,0.0769230769230769,56.0,0.7857142857142857,0,15,0.0,0,1
63,1,35,0,0,,,,1.0,,,,,0.0277777777777777,72.0,0.875,0,9,0.0,0,1
123,7,19,0,0,,,,1.0,10800.0,,,,0.35,874.0,0.1407322654462242,1,13,0.0,0,1
86,19,119,15,0,,,,1.0,,,,,0.1583333333333333,1505.0,0.0571428571428571,1,14,0.0,0,0
116,1,0,0,0,,,,1.0,10800.0,,,,1.0,871.0,0.1331802525832376,1,16,0.0,0,1
54,5,42,0,0,,,,1.0,,,,,0.1162790697674418,62.0,0.8709677419354839,0,15,0.0,0,1
120993,1440,880,6094,8,1.0,,1.0,1.0,,,,,1.6345062429057888,1129.0,107.16829052258636,1,9,0.0,0,0
1505,66,108,296,3,,,,1.0,-25200.0,,,,0.6055045871559633,2879.0,0.5227509551927753,1,18,0.0,0,0
32,1,42,0,0,,,,1.0,,,,,0.0232558139534883,56.0,0.5714285714285714,0,15,0.0,0,1
128,0,0,0,0,,,,1.0,10800.0,,,,0.0,872.0,0.146788990825688,1,13,0.0,0,1
38,6,34,0,0,,,,1.0,,,,,0.1714285714285714,57.0,0.6666666666666666,0,14,0.0,0,1
7824,252,712,7720,1,1.0,,1.0,1.0,,,,,0.3534361851332398,799.0,9.79224030037547,1,15,0.0909090909090909,1,0
50,8,35,0,1,,,,1.0,,,,,0.2222222222222222,74.0,0.6756756756756757,0,16,0.0,0,1
2754,237,439,7269,1,,,1.0,,-25200.0,,,,0.5386363636363637,936.0,2.9423076923076925,1,10,0.0,0,0
199,391,240,0,34,,,1.0,1.0,-14400.0,,,,1.6224066390041494,2557.0,0.0778255768478686,1,18,0.0,0,1
54,6,48,0,0,,,,1.0,,,,,0.1224489795918367,65.0,0.8307692307692308,0,15,0.0,0,1
23,853,1643,0,2,,,,,,,,,0.5188564476885644,,,1,10,0.0,0,1
67,4,37,0,0,,,,1.0,,,,,0.1052631578947368,73.0,0.9178082191780822,0,13,0.0,0,1
36,2,40,0,0,,,,1.0,,,,,0.048780487804878,69.0,0.5217391304347826,0,12,0.0,0,1
51,3,35,0,0,,,,1.0,,,,,0.0833333333333333,63.0,0.8095238095238095,0,14,0.0,0,1
14401,1061,1726,5253,29,,,1.0,1.0,,,,,0.6143601621308628,2365.0,6.089217758985201,1,18,0.0,0,0
79,4,43,0,0,,,,1.0,,,,,0.0909090909090909,71.0,1.1126760563380282,0,11,0.0,0,1
17,568,526,0,4,,,1.0,1.0,-14400.0,,,,1.077798861480076,2489.0,0.0068300522298111,1,15,0.0,0,1
12242,1142,1324,0,7,1.0,,,1.0,,,,,0.8618867924528302,776.0,15.775773195876289,1,15,0.0,0,1
25,1061,1874,0,4,,,,,,,,,0.5658666666666666,,,0,16,0.0,0,1
79,6,36,0,0,,,,1.0,,,,,0.1621621621621621,74.0,1.0675675675675675,0,9,0.0,0,1
17049,1007,578,2493,0,1.0,,1.0,1.0,-25200.0,,,,1.7392055267702935,704.0,24.217329545454547,1,5,0.0,0,0
62,10,39,0,0,,,,1.0,,,,,0.25,70.0,0.8857142857142857,0,15,0.0,0,1
12455,945,1919,0,4,,,,1.0,-14400.0,,,,0.4921875,1318.0,9.449924127465858,1,11,0.0,0,1
17418,523,172,5160,3,,,1.0,1.0,,,,,3.023121387283237,836.0,20.83492822966507,1,12,0.0,0,0
18,271,1218,0,1,,,,,,,,,0.2223133716160787,,,0,18,0.0,0,1
34,6,36,0,0,,,,1.0,,,,,0.1621621621621621,58.0,0.5862068965517241,0,13,0.0,0,1
48,6,38,0,0,,,,1.0,,,,,0.1538461538461538,66.0,0.7272727272727273,0,12,0.0,0,1
36,7,44,0,0,,,,1.0,,,,,0.1555555555555555,57.0,0.631578947368421,0,14,0.0,0,1
36,3,44,0,0,,,,1.0,,,,,0.0666666666666666,56.0,0.6428571428571429,0,15,0.0,0,1
52,26,62,143,0,1.0,,,1.0,,,,,0.4126984126984127,524.0,0.099236641221374,0,11,0.0,0,0
69,0,37,0,0,,,,1.0,,,,,0.0,72.0,0.9583333333333334,0,15,0.0,0,1
7351,710,652,741,1,,,1.0,1.0,-18000.0,,,,1.08728943338438,1414.0,5.198727015558699,0,5,0.0,0,0
14544,206,356,1620,20,1.0,,,1.0,-25200.0,,,,0.5770308123249299,2244.0,6.481283422459893,1,7,0.0,0,0
44,2,43,0,0,,,,1.0,,,,,0.0454545454545454,66.0,0.6666666666666666,0,12,0.0,0,1
120,0,0,0,0,,,,1.0,10800.0,,,,0.0,872.0,0.1376146788990825,1,16,0.0,0,1
13853,314,247,1812,1,1.0,,1.0,1.0,,,,,1.2661290322580645,760.0,18.227631578947367,1,14,0.0,0,0
4032,66,162,259,0,,,1.0,1.0,28800.0,,,,0.4049079754601227,2081.0,1.9375300336376744,1,10,0.0,0,0
12282,1280,1387,0,11,1.0,,,1.0,,,,,0.9221902017291066,776.0,15.827319587628866,1,16,0.0,0,1
30611,287,904,4728,7,,,1.0,1.0,,,,,0.3171270718232044,1673.0,18.297071129707117,1,6,0.1818181818181818,1,0
59,6,41,0,0,,,,1.0,,,,,0.1428571428571428,60.0,0.9833333333333332,0,13,0.0,0,1
1043,908,1009,0,0,1.0,,,1.0,10800.0,,,,0.899009900990099,450.0,2.3177777777777777,1,6,0.0,0,1
11299,1148,1997,1,1,,,,1.0,-18000.0,,,,0.5745745745745746,1035.0,10.916908212560386,1,12,0.1538461538461538,1,1
258,455,256,0,29,,,,1.0,-14400.0,,,,1.7704280155642025,2558.0,0.1008600469116497,1,17,0.0,0,1
98,17,31,0,0,,,,1.0,10800.0,,,,0.53125,874.0,0.1121281464530892,1,16,0.0,0,1
47,4,36,0,0,,,,1.0,,,,,0.1081081081081081,52.0,0.903846153846154,0,9,0.0,0,1
2455,3139,3376,0,9,1.0,,,1.0,10800.0,,,,0.9295232454841575,766.0,3.2049608355091386,1,10,0.0,0,1
50,4,41,0,0,,,,1.0,,,,,0.0952380952380952,54.0,0.925925925925926,0,12,0.0,0,1
105025,543,327,49956,1,,,1.0,1.0,-25200.0,,,,1.6554878048780488,1752.0,59.94577625570776,0,1,0.0,0,0
135552,1585,183,9616,65,,,,1.0,19800.0,,,,8.61413043478261,2721.0,49.81697905181918,1,19,0.0,0,0
1,250,661,0,1,,,,,,,,,0.3776435045317221,,,0,8,0.1666666666666666,1,1
218,51,523,0,0,,,,1.0,,,,,0.0973282442748091,75.0,2.9066666666666667,0,11,0.0,0,1
82,2,31,0,0,,,,1.0,,,,,0.0625,74.0,1.108108108108108,0,14,0.0,0,1
16,1,25,0,0,1.0,,,1.0,,,,,0.0384615384615384,82.0,0.1951219512195122,0,6,0.0,0,0
3472,222,246,6949,0,,,1.0,1.0,-18000.0,,,,0.8987854251012146,389.0,8.925449871465295,1,14,0.0,0,0
3,107,1749,0,0,,,,,,,,,0.0611428571428571,,,0,3,0.3333333333333333,1,1
92,16,107,28,0,1.0,,,1.0,,,,,0.1481481481481481,470.0,0.1957446808510638,1,7,0.1428571428571428,1,0
68,14,43,0,1,,,,1.0,,,,,0.3181818181818182,72.0,0.9444444444444444,0,15,0.0,0,1
12418,1143,1829,1,9,,,,1.0,-18000.0,,,,0.6245901639344262,1193.0,10.40905280804694,1,17,0.0,0,1
2,60,1445,0,0,,,,,,,,,0.0414937759336099,,,0,14,0.0,0,1
15121,298,276,2518,2,1.0,,1.0,1.0,,,,,1.075812274368231,1229.0,12.303498779495524,1,13,0.0,0,0
36,3,34,0,0,,,,1.0,,,,,0.0857142857142857,60.0,0.6,0,14,0.0,0,1
64,7,44,0,0,,,,1.0,,,,,0.1555555555555555,153.0,0.4183006535947712,0,11,0.0,0,1
1,103,572,0,1,,,,,,,,,0.1797556719022687,,,0,7,0.1818181818181818,1,1
161,480,671,0,0,,,,1.0,10800.0,,,,0.7142857142857143,875.0,0.184,1,14,0.0,0,1
75,5,38,0,0,,,,1.0,,,,,0.1282051282051282,73.0,1.0273972602739727,0,13,0.0,0,1
12574,879,1786,1,0,,,,1.0,-18000.0,,,,0.4918858421936206,1268.0,9.916403785488958,1,16,0.0,0,1
44,1,36,0,0,,,,1.0,,,,,0.027027027027027,54.0,0.8148148148148148,0,13,0.0,0,1
3,209,198,0,5,,,1.0,1.0,-14400.0,,,,1.050251256281407,2564.0,0.001170046801872,1,20,0.0,0,1
42,5,39,0,0,,,,1.0,,,,,0.125,54.0,0.7777777777777778,0,14,0.0,0,1
51,4,33,0,0,,,,1.0,,,,,0.1176470588235294,70.0,0.7285714285714285,0,14,0.0,0,1
1,257,1084,0,0,,,,,,,,,0.2368663594470046,,,0,6,0.1111111111111111,1,1
90237,1719,1243,7975,7,1.0,,1.0,1.0,,,,,1.3818327974276527,924.0,97.6590909090909,1,7,0.2307692307692307,1,0
3,64,1768,0,1,,,,,,,,,0.0361786319954776,,,0,4,0.3333333333333333,1,1
72,3,48,0,0,,,,1.0,,,,,0.0612244897959183,74.0,0.972972972972973,0,14,0.0,0,1
312,678,526,0,46,,,1.0,1.0,-14400.0,,,,1.2865275142314991,2505.0,0.1245508982035928,1,12,0.0,0,1
54,5,44,0,0,,,,1.0,,,,,0.1111111111111111,62.0,0.8709677419354839,0,15,0.0,0,1
4735,4414,4855,2,14,1.0,,,1.0,10800.0,,,,0.908978583196046,778.0,6.086118251928021,0,12,0.0,0,1
26,1081,2001,0,2,,,,,,,,,0.5399600399600399,,,0,10,0.2,1,1
23163,403,235,2530,4,,,1.0,,-25200.0,,,,1.7076271186440677,1024.0,22.6201171875,1,6,0.0,0,0
84,0,0,0,0,,,,1.0,10800.0,,,,0.0,803.0,0.1046077210460772,1,15,0.0,0,1
62,3,32,0,0,,,,1.0,,,,,0.0909090909090909,70.0,0.8857142857142857,0,12,0.0,0,1
6,578,537,0,0,,,1.0,1.0,-14400.0,,,,1.0743494423791822,2505.0,0.0023952095808383,1,12,0.0,0,1
44,6,39,0,0,,,,1.0,,,,,0.15,53.0,0.8301886792452831,0,14,0.0,0,1
19820,744,132,2338,15,,,1.0,1.0,14400.0,,,,5.593984962406015,1407.0,14.086709310589908,1,12,0.0,0,0
39,768,1804,0,4,,,,,,,,,0.4254847645429362,,,0,14,0.0,0,1
57,2,39,0,0,,,,1.0,,,,,0.05,71.0,0.8028169014084507,0,13,0.0,0,1
70,4,42,0,0,,,,1.0,,,,,0.0930232558139534,73.0,0.958904109589041,0,13,0.0,0,1
122,263,244,0,12,,,1.0,1.0,-14400.0,,,,1.073469387755102,2398.0,0.0508757297748123,1,17,0.0,0,1
36,2,38,0,1,,,,1.0,,,,,0.0512820512820512,60.0,0.6,0,12,0.0,0,1
73,7,36,0,0,,,,1.0,,,,,0.1891891891891892,72.0,1.0138888888888888,0,10,0.0,0,1
30710,135,404,1147,11,,,,,32400.0,,,,0.3333333333333333,2704.0,11.357248520710058,1,1,0.0,0,0
11584,888,1372,1,2,,,,1.0,-18000.0,,,,0.6467589220684632,1090.0,10.627522935779815,1,15,0.0,0,1
1,194,657,0,1,,,,,,,,,0.2948328267477204,,,0,6,0.2,1,1
236,1187,2002,0,7,,,,,,,,,0.5926110833749376,,,1,12,0.0,0,1
228,2936,3477,0,6,,,,,,,,,0.8441633122484187,,,0,23,0.0,0,1
97,604,502,0,43,,,1.0,1.0,-14400.0,,,,1.2007952286282306,2492.0,0.0389245585874799,1,12,0.0,0,1
1,111,656,0,0,,,,,,,,,0.1689497716894977,,,0,7,0.1818181818181818,1,1
1,79,495,0,0,,,,,,,,,0.1592741935483871,,,0,6,0.2,1,1
5445,224,102,2364,8,1.0,,1.0,1.0,,,,,2.174757281553398,253.0,21.52173913043478,1,9,0.2222222222222222,1,0
1,108,633,0,1,,,,,,,,,0.1703470031545741,,,0,9,0.1538461538461538,1,1
5004,196,79,15994,5,,,1.0,1.0,18000.0,,,,2.45,852.0,5.873239436619718,1,11,0.0909090909090909,1,0
5063,4913,3451,2835,4,,,1.0,,28800.0,,,,1.4232329084588644,807.0,6.273853779429988,1,7,0.0,0,0
52,5,36,0,0,,,,1.0,,,,,0.1351351351351351,67.0,0.7761194029850746,0,13,0.0,0,1
72,691,2002,0,7,,,,,,,,,0.344982526210684,,,1,10,0.0,0,1
13680,1755,1362,0,15,,,,1.0,-25200.0,,,,1.2876008804108583,1400.0,9.771428571428572,1,12,0.0,0,1
76,6,38,0,1,,,,1.0,,,,,0.1538461538461538,70.0,1.0857142857142856,0,14,0.0,0,1
40,6,37,0,0,,,,1.0,,,,,0.1578947368421052,55.0,0.7272727272727273,0,14,0.0,0,1
32,425,1417,0,2,,,,,,,,,0.2997179125528914,,,0,10,0.1,1,1
33298,698,600,4037,5,,,1.0,1.0,-18000.0,,,,1.161397670549085,1988.0,16.749496981891348,1,17,0.0,0,0
11,552,535,0,1,,,1.0,1.0,-14400.0,,,,1.0298507462686568,2505.0,0.0043912175648702,1,12,0.0,0,1
49,1,40,0,0,,,,1.0,,,,,0.024390243902439,68.0,0.7205882352941176,0,14,0.0,0,1
625,92,105,235,0,,,,,-10800.0,,,,0.8679245283018868,1381.0,0.4525706010137581,1,9,0.0,0,0
1,102,376,0,1,,,,,,,,,0.2705570291777188,,,0,7,0.1818181818181818,1,1
2588,93,162,407,0,,,1.0,1.0,-25200.0,,,,0.5705521472392638,2157.0,1.1998145572554473,1,11,0.0,0,0
46,3,36,0,0,,,,1.0,,,,,0.081081081081081,54.0,0.8518518518518519,0,12,0.0,0,1
77,10,33,0,0,,,,1.0,,,,,0.2941176470588235,72.0,1.0694444444444444,0,14,0.0,0,1
11318,273,110,22533,0,,,1.0,1.0,-25200.0,,,,2.45945945945946,1054.0,10.738140417457306,1,4,0.1333333333333333,1,0
30450,2313,441,2193,93,1.0,,,1.0,10800.0,,,,5.233031674208145,994.0,30.633802816901408,1,11,0.0,0,0
42,2,39,0,1,,,,1.0,,,,,0.05,58.0,0.7241379310344828,0,14,0.0,0,1
77,6,48,0,0,,,,1.0,,,,,0.1224489795918367,74.0,1.0405405405405406,0,16,0.0,0,1
64,6,36,0,0,,,,1.0,,,,,0.1621621621621621,63.0,1.0158730158730158,0,11,0.0,0,1
1,134,487,0,0,,,,,,,,,0.2745901639344262,,,0,5,0.2222222222222222,1,1
37,5,37,0,0,,,,1.0,,,,,0.131578947368421,57.0,0.6491228070175439,0,14,0.0,0,1
57,3,37,0,0,,,,1.0,,,,,0.0789473684210526,66.0,0.8636363636363636,0,13,0.0,0,1
136700,2135,1799,2361,70,,,,1.0,-25200.0,,,,1.1861111111111111,2876.0,47.53129346314326,1,5,0.0,0,0
78,583,524,0,5,,,1.0,1.0,-18000.0,,,,1.1104761904761904,2503.0,0.031162604874151,1,12,0.0,0,1
3734,1522,1991,0,5,1.0,,,1.0,10800.0,,,,0.7640562248995983,778.0,4.799485861182519,1,16,0.0,0,1
11916,1006,1196,1,3,,,,1.0,-14400.0,,,,0.8404344193817878,1027.0,11.602726387536514,1,15,0.0714285714285714,1,1
45,10,42,0,0,,,,1.0,,,,,0.2325581395348837,68.0,0.6617647058823529,0,16,0.0,0,1
37,5,40,0,0,,,,1.0,,,,,0.1219512195121951,67.0,0.5522388059701493,0,16,0.0,0,1
11654,1166,1946,1,15,,,,1.0,-18000.0,,,,0.5988700564971752,1318.0,8.842185128983308,1,13,0.0,0,1
283,4025,4423,0,4,,,,1.0,10800.0,,,,0.9098101265822784,874.0,0.3237986270022883,1,5,0.0,0,1
131,254,331,0,1,,,,1.0,10800.0,,,,0.7650602409638554,875.0,0.1497142857142857,1,13,0.0,0,1
1010,445,530,0,2,1.0,,,1.0,10800.0,,,,0.8380414312617702,450.0,2.2444444444444445,1,14,0.0,0,1
42,7,41,0,0,,,,1.0,,,,,0.1666666666666666,54.0,0.7777777777777778,0,12,0.0,0,1
367,279,196,6,1,,,,1.0,36000.0,,,,1.416243654822335,2024.0,0.1813241106719367,0,19,0.0,0,0
68,0,0,0,0,,,,1.0,10800.0,,,,0.0,875.0,0.0777142857142857,1,15,0.0,0,1
4952,22,301,150,0,,,1.0,1.0,-25200.0,,,,0.0728476821192053,706.0,7.014164305949008,1,9,0.2,1,0
64,10,34,0,0,,,,1.0,,,,,0.2857142857142857,73.0,0.8767123287671232,0,14,0.0,0,1
73,1,39,0,0,,,,1.0,,,,,0.025,74.0,0.9864864864864864,0,13,0.0,0,1
11162,214,573,5378,0,,,,1.0,,,,,0.3728222996515679,112.0,99.66071428571428,1,17,0.25,1,0
1,110,609,0,2,,,,,,,,,0.180327868852459,,,0,7,0.1818181818181818,1,1
126,0,0,0,0,,,,1.0,10800.0,,,,0.0,874.0,0.1441647597254004,1,16,0.0,0,1
44,3,36,0,0,,,,1.0,,,,,0.081081081081081,55.0,0.8,0,14,0.0,0,1
7,98,611,0,0,,,,,,,,,0.1601307189542483,,,0,17,0.3,1,1
304,192,156,3525,4,,,1.0,,-25200.0,,,,1.2229299363057324,1791.0,0.1697375767727526,1,12,0.0,0,0
60,3,35,0,0,,,,1.0,,,,,0.0833333333333333,69.0,0.8695652173913043,0,12,0.0,0,1
1238,228,378,147,1,,,1.0,1.0,3600.0,,,,0.6015831134564644,2110.0,0.5867298578199052,1,16,0.0,0,0
8019,205,191,2616,0,1.0,,1.0,1.0,,,,,1.0677083333333333,452.0,17.741150442477878,1,9,0.125,1,0
641,108,366,10,0,,,1.0,,,,,,0.2942779291553133,250.0,2.564,1,5,0.25,1,0
413,6261,6467,0,7,,,,1.0,10800.0,,,,0.9679962894248608,717.0,0.5760111576011158,1,5,0.0,0,1
2,120,1485,0,1,,,,,,,,,0.0807537012113055,,,0,14,0.3333333333333333,1,1
11909,919,1707,0,3,,,,1.0,-18000.0,,,,0.538056206088993,1318.0,9.03566009104704,1,18,0.0,0,1
49363,2084,1028,6356,45,,,1.0,1.0,-25200.0,,,,2.0252672497570456,1894.0,26.06282998944034,1,11,0.0,0,0
6758,3983,4398,4,7,1.0,,,1.0,10800.0,,,,0.9054330529665832,770.0,8.776623376623377,1,15,0.0,0,1
47,4,38,0,0,,,,1.0,,,,,0.1025641025641025,53.0,0.8867924528301887,0,15,0.0,0,1
13191,712,1997,0,0,,,,1.0,-25200.0,,,,0.3563563563563564,1073.0,12.293569431500464,1,14,0.0,0,1
50292,714,484,17795,2,1.0,,1.0,1.0,-25200.0,,,,1.4721649484536083,718.0,70.04456824512535,1,19,0.0,0,0
112,311,279,0,27,,,1.0,1.0,-14400.0,,,,1.1107142857142858,2382.0,0.0470193115029387,1,19,0.0,0,1
3395,3029,1569,1389,2,1.0,,1.0,1.0,,,,,1.9292993630573247,533.0,6.369606003752345,1,11,0.0,0,0
30,179,433,0,2,,,,,,,,,0.412442396313364,,,0,19,0.0,0,1
39940,372,289,2609,3,,,1.0,1.0,28800.0,,,,1.282758620689655,1326.0,30.12066365007541,1,2,0.0,0,0
120,266,339,0,0,,,,1.0,10800.0,,,,0.7823529411764706,875.0,0.1371428571428571,1,13,0.0,0,1
60,5,36,0,0,,,,1.0,,,,,0.1351351351351351,69.0,0.8695652173913043,0,15,0.0,0,1
10093,823,757,21005,0,,,1.0,1.0,-14400.0,,,,1.0857519788918206,1314.0,7.681126331811264,1,11,0.0,0,0
2081,6,2,6,1,,,,1.0,,,,,2.0,984.0,2.114837398373984,1,17,0.0,0,0
3160,56,232,366,0,1.0,,1.0,1.0,-18000.0,,,,0.2403433476394849,2190.0,1.4429223744292237,0,13,0.0,0,0
2,93,1457,0,0,,,,,,,,,0.0637860082304526,,,0,12,0.3333333333333333,1,1
1081,594,1408,171,8,,,1.0,1.0,43200.0,,,,0.4215755855216465,2222.0,0.4864986498649865,1,7,0.1428571428571428,1,0
343,113,193,507,0,1.0,,,1.0,,,,,0.5824742268041238,730.0,0.4698630136986301,1,5,0.1818181818181818,1,0
2662,312,709,439,4,,,,1.0,,,,,0.4394366197183099,1026.0,2.594541910331384,1,12,0.1666666666666666,1,0
339,6236,5868,0,8,,,,1.0,10800.0,,,,1.0625319475208723,874.0,0.3878718535469107,1,6,0.0,0,1
6182,321,464,312,22,,,1.0,1.0,19800.0,,,,0.6903225806451613,2163.0,2.858067498844198,1,13,0.0,0,0
5956,158,96,7394,1,1.0,,,1.0,,,,,1.6288659793814433,321.0,18.554517133956388,1,7,0.2,1,0
73,4,38,0,0,,,,1.0,,,,,0.1025641025641025,74.0,0.9864864864864864,0,10,0.0,0,1
47098,1226,597,149,43,,,,1.0,7200.0,,,,2.050167224080268,2242.0,21.007136485281,1,10,0.0,0,0
42,0,0,0,0,,,,1.0,10800.0,,,,0.0,873.0,0.0481099656357388,1,15,0.0,0,1
1,80,612,0,0,,,,,,,,,0.130505709624796,,,0,7,0.1818181818181818,1,1
71,9,44,0,1,,,,1.0,,,,,0.2,71.0,1.0,0,16,0.0,0,1
1207,354,382,668,0,1.0,,1.0,1.0,-18000.0,,1.0,,0.9242819843342036,281.0,4.295373665480427,1,16,0.0,0,0
37,4,32,0,0,,,,1.0,,,,,0.1212121212121212,57.0,0.6491228070175439,0,14,0.0,0,1
62,4,44,0,0,,,,1.0,,,,,0.0888888888888888,68.0,0.9117647058823528,0,14,0.0,0,1
18484,271,216,8487,0,,,1.0,1.0,28800.0,,,,1.2488479262672811,672.0,27.50595238095238,1,10,0.1666666666666666,1,0
4,132,161,0,1,,,,,,,,,0.8148148148148148,,,1,14,0.0,0,1
213083,1398,1975,29433,59,,,1.0,1.0,-25200.0,,,,0.7074898785425101,2144.0,99.3857276119403,1,13,0.0,0,0
12,266,263,0,2,,,1.0,1.0,-18000.0,,,,1.0075757575757576,2009.0,0.0059731209556993,1,16,0.0,0,1
47,0,39,0,0,,,,1.0,,,,,0.0,60.0,0.7833333333333333,0,13,0.0,0,1
63739,23717,189,27024,107,,,,,-36000.0,,1.0,,124.82631578947368,769.0,82.88556566970091,1,4,0.0,0,0
2,195,181,0,2,,,1.0,1.0,-14400.0,,,,1.0714285714285714,2564.0,0.000780031201248,1,20,0.0,0,1
317,24,148,0,0,1.0,,,1.0,19800.0,,,,0.1610738255033557,754.0,0.4204244031830239,1,20,0.0,0,0
348,20,67,100,0,1.0,,1.0,1.0,,,,,0.2941176470588235,394.0,0.883248730964467,1,9,0.2307692307692307,1,0
67,6,40,0,1,,,,1.0,,,,,0.1463414634146341,69.0,0.9710144927536232,0,12,0.0,0,1
61,1,36,0,0,,,,1.0,,,,,0.027027027027027,70.0,0.8714285714285714,0,9,0.0,0,1
5293,307,275,2128,1,,,1.0,1.0,28800.0,,,,1.1123188405797102,1133.0,4.671668137687555,1,14,0.0,0,0
2855,109,278,517,4,,,1.0,1.0,28800.0,,,,0.3906810035842294,2094.0,1.36341929321872,1,10,0.0,0,0
50310,1979,2104,11035,0,1.0,,1.0,1.0,-14400.0,,,,0.9401425178147268,1373.0,36.64238892935178,1,6,0.0,0,0
15,324,293,0,4,,,1.0,1.0,-25200.0,,,,1.1020408163265305,1734.0,0.0086505190311418,1,20,0.0,0,1
82,4,44,0,0,,,,1.0,,,,,0.0888888888888888,74.0,1.108108108108108,0,15,0.0,0,1
20502,226,116,883,2,,,1.0,1.0,-7200.0,,,,1.931623931623932,1897.0,10.807590933052188,1,14,0.0,0,0
32704,1243,917,5599,59,,,1.0,1.0,10800.0,,,,1.3540305010893243,2262.0,14.458001768346596,1,11,0.0,0,0
10362,946,1696,0,5,,,,1.0,-14400.0,,,,0.5574543311726576,1032.0,10.040697674418604,1,9,0.125,1,1
1,48,353,0,0,,,,,,,,,0.135593220338983,,,0,7,0.25,1,1
13,618,494,0,13,,,1.0,1.0,-14400.0,,,,1.2484848484848483,2492.0,0.0052166934189406,1,12,0.0,0,1
102,359,1260,0,1,,,,,,,,,0.2846946867565424,,,0,14,0.0,0,1
601,66,104,155,8,1.0,,1.0,1.0,18000.0,,,,0.6285714285714286,2288.0,0.2626748251748251,1,5,0.0,0,0
61,5,38,0,0,,,,1.0,,,,,0.1282051282051282,63.0,0.9682539682539684,0,13,0.0,0,1
2,187,179,0,0,,,1.0,1.0,-14400.0,,,,1.038888888888889,2564.0,0.000780031201248,1,20,0.0,0,1
74,3,38,0,0,,,,1.0,,,,,0.0769230769230769,73.0,1.0136986301369864,0,15,0.0,0,1
427,241,309,1376,0,1.0,,1.0,1.0,,,,,0.7774193548387097,57.0,7.491228070175438,1,8,0.0,0,0
36,7,43,0,0,,,,1.0,,,,,0.1590909090909091,67.0,0.5373134328358209,0,12,0.0,0,1
11509,596,1304,1,1,,,,1.0,-18000.0,,,,0.4567049808429119,850.0,13.54,1,13,0.0,0,1
12375,752,1234,1,9,,,,1.0,-18000.0,,,,0.6089068825910932,1032.0,11.991279069767442,1,12,0.0909090909090909,1,1
283,60,180,266,1,1.0,,1.0,1.0,18000.0,,,,0.3314917127071823,713.0,0.396914446002805,1,4,0.5555555555555556,1,0
62,9,38,0,0,,,,1.0,,,,,0.2307692307692307,71.0,0.8732394366197183,0,11,0.0,0,1
150,333,252,0,19,,,1.0,1.0,-14400.0,,,,1.316205533596838,2558.0,0.0586395621579358,1,18,0.0,0,1
2,277,270,0,0,,,1.0,1.0,-25200.0,,,,1.022140221402214,1671.0,0.0011968880909634,1,20,0.0,0,1
41,4,32,0,0,,,,1.0,,,,,0.1212121212121212,59.0,0.6949152542372882,0,14,0.0,0,1
1982,78,209,249,2,,,,1.0,7200.0,,,,0.3714285714285714,1877.0,1.055940330314331,1,5,0.0,0,0
392,432,324,0,24,,,1.0,1.0,-14400.0,,,,1.3292307692307692,2571.0,0.1524698560871256,1,20,0.0,0,1
1895,71,173,25,3,,,1.0,1.0,19800.0,,,,0.4080459770114942,1934.0,0.9798345398138572,1,14,0.0,0,0
12785,970,1799,1,7,,,,1.0,-18000.0,,,,0.5388888888888889,1414.0,9.041725601131542,1,11,0.0,0,1
72,4,40,0,0,,,,1.0,,,,,0.0975609756097561,71.0,1.0140845070422535,0,15,0.0,0,1
550,72,471,121,3,1.0,,1.0,1.0,,,,,0.1525423728813559,1933.0,0.2845318158303155,0,7,0.0,0,0
1677,834,264,34,28,,,,1.0,19800.0,,,,3.147169811320755,2677.0,0.6264475158759806,1,9,0.0,0,0
63771,1333,826,789,2,,,,1.0,-28800.0,,,,1.611850060459492,1966.0,32.43692777212615,1,5,0.0,0,0
1355,69,533,657,0,,,,,-25200.0,,,,0.1292134831460674,1111.0,1.2196219621962197,1,8,0.0,0,0
144,0,0,0,0,,,,1.0,10800.0,,,,0.0,874.0,0.1647597254004576,1,15,0.0,0,1
67,11,35,0,0,,,,1.0,,,,,0.3055555555555556,70.0,0.9571428571428572,0,13,0.0,0,1
1,121,656,0,0,,,,,,,,,0.1841704718417047,,,0,4,0.3333333333333333,1,1
593,543,445,514,9,1.0,,1.0,1.0,-25200.0,,,,1.2174887892376682,2559.0,0.2317311449785072,1,14,0.0,0,0
3627,72,54,573,0,,,1.0,,,,,,1.309090909090909,90.0,40.3,1,6,0.0,0,0
77,16,41,0,0,,,,1.0,,,,,0.3809523809523809,73.0,1.0547945205479452,0,13,0.0,0,1
438,16,126,22,3,,,,1.0,-36000.0,,,,0.1259842519685039,1505.0,0.2910299003322259,1,17,0.2857142857142857,1,0
14,138,700,0,0,,,,,,,,,0.1968616262482168,,,1,14,0.0,0,1
1174,171,57,9,5,,,,1.0,-10800.0,,,,2.9482758620689653,788.0,1.4898477157360406,1,16,0.0,0,0
54,39,127,0,0,,,,1.0,10800.0,,,,0.3046875,873.0,0.0618556701030927,1,15,0.0,0,1
43,7,38,0,0,,,,1.0,,,,,0.1794871794871795,52.0,0.8269230769230769,0,13,0.0,0,1
101,809,531,0,11,,,1.0,1.0,-14400.0,,,,1.5206766917293233,2489.0,0.0405785456006428,1,20,0.0,0,1
784,430,1,64,13,,,,,-14400.0,,,,215.0,1073.0,0.7306616961789375,1,10,0.0,0,0
78,596,538,0,20,,,1.0,1.0,-14400.0,,,,1.1057513914656771,2505.0,0.0311377245508982,1,12,0.0,0,1
17496,2508,190,8495,22,,,,1.0,-10800.0,,,,13.13089005235602,1068.0,16.382022471910112,1,5,0.0,0,0
47,3,37,0,0,,,,1.0,,,,,0.0789473684210526,55.0,0.8545454545454545,0,14,0.0,0,1
96,26,30,21,0,1.0,,1.0,1.0,,,,,0.8387096774193549,420.0,0.2285714285714285,1,12,0.0,0,0
223,599,538,0,14,,,1.0,1.0,-14400.0,,,,1.111317254174397,2505.0,0.0890219560878243,1,12,0.0,0,1
1491,12,145,889,1,1.0,,,1.0,,,,,0.0821917808219178,237.0,6.291139240506329,1,4,0.5,1,0
66,8,37,0,1,,,,1.0,,,,,0.2105263157894736,70.0,0.9428571428571428,0,14,0.0,0,1
358,4881,5025,0,6,1.0,,,1.0,10800.0,,,,0.971150019896538,718.0,0.4986072423398329,1,11,0.0,0,1
34991,1777,478,14310,3,1.0,,,1.0,,,,,3.709812108559499,346.0,101.1300578034682,1,15,0.0,0,0
185,734,538,0,16,,,1.0,1.0,-14400.0,,,,1.3617810760667903,2505.0,0.0738522954091816,1,18,0.0,0,1
19172,259,420,1387,51,,,1.0,1.0,,,,,0.6152019002375297,317.0,60.4794952681388,1,15,0.1333333333333333,1,0
42,3,41,0,0,,,,1.0,,,,,0.0714285714285714,68.0,0.6176470588235294,0,11,0.0,0,1
53,2,41,0,0,,,,1.0,,,,,0.0476190476190476,70.0,0.7571428571428571,0,11,0.0,0,1
41,8,39,0,0,,,,1.0,,,,,0.2,52.0,0.7884615384615384,0,13,0.0,0,1
39,0,40,0,0,,,,1.0,,,,,0.0,58.0,0.6724137931034483,0,13,0.0,0,1
82194,4493,1894,1636,132,,,1.0,1.0,-14400.0,,,,2.370976253298153,2696.0,30.487388724035608,1,13,0.0,0,0
42,8,36,0,0,,,,1.0,,,,,0.2162162162162162,57.0,0.7368421052631579,0,15,0.0,0,1
666,111,118,929,0,1.0,,1.0,1.0,,,,,0.9327731092436976,282.0,2.3617021276595747,1,6,0.0,0,0
72,3,46,0,0,,,,1.0,,,,,0.0638297872340425,74.0,0.972972972972973,0,11,0.0,0,1
6713,1819,1887,2,41,,,1.0,,,,,,0.9634533898305084,,,1,15,0.0,0,1
56,1,38,0,0,,,,1.0,,,,,0.0256410256410256,69.0,0.8115942028985508,0,15,0.0,0,1
1,606,550,0,3,,,,1.0,,,,,1.0998185117967332,2505.0,0.0003992015968063,1,12,0.0,0,1
39,5,42,0,0,,,,1.0,,,,,0.1162790697674418,68.0,0.5735294117647058,0,15,0.0,0,1
3,58,442,0,1,,,,,,,,,0.1309255079006772,,,0,7,0.3333333333333333,1,1
12,401,295,0,56,,,1.0,1.0,-14400.0,,,,1.3547297297297298,2503.0,0.0047942469037155,1,15,0.0,0,1
50,6,38,0,0,,,,1.0,,,,,0.1538461538461538,63.0,0.7936507936507936,0,14,0.0,0,1
56,5,38,0,0,,,,1.0,,,,,0.1282051282051282,62.0,0.9032258064516128,0,11,0.0,0,1
86825,1050,145,134,35,,,1.0,1.0,-18000.0,,,,7.191780821917808,1100.0,78.93181818181819,1,9,0.0,0,0
32,598,519,0,6,,,1.0,1.0,-14400.0,,,,1.15,2504.0,0.0127795527156549,1,12,0.0,0,1
81,21,118,20,0,,,1.0,1.0,,,,,0.1764705882352941,989.0,0.0819009100101112,1,4,0.0,0,0
25346,1610,1983,322,23,,,1.0,1.0,,,,,0.811491935483871,530.0,47.82264150943397,0,13,0.6,1,0
519,1605,1786,0,4,,,,1.0,,,,,0.898153329602686,156.0,3.326923076923077,1,13,0.0,0,1
641,216,389,3617,0,,,1.0,1.0,-25200.0,,,,0.5538461538461539,300.0,2.1366666666666667,1,14,0.0,0,0
19,185,959,0,2,,,,,,,,,0.1927083333333333,,,0,8,0.2,1,1
63,4,45,0,0,,,,1.0,,,,,0.0869565217391304,71.0,0.8873239436619719,0,14,0.0,0,1
70,5,44,0,0,,,,1.0,,,,,0.1111111111111111,70.0,1.0,0,16,0.0,0,1
42,3,37,0,0,,,,1.0,,,,,0.0789473684210526,58.0,0.7241379310344828,0,11,0.0,0,1
28,273,272,0,12,,,1.0,1.0,-14400.0,,,,1.0,2381.0,0.0117597648047039,1,18,0.0,0,1
64,2,48,0,0,,,,1.0,,,,,0.0408163265306122,73.0,0.8767123287671232,0,15,0.0,0,1
3176,1625,1054,8125,4,,,1.0,1.0,7200.0,,,,1.5402843601895737,617.0,5.147487844408428,1,3,0.0,0,0
98,322,281,0,32,,,1.0,1.0,-14400.0,,,,1.1418439716312057,2382.0,0.0411418975650713,1,19,0.0,0,1
1335,246,164,499,7,,,1.0,1.0,-18000.0,,,,1.490909090909091,2223.0,0.6005398110661269,1,15,0.0,0,0
21426,1253,1137,2818,1,,,1.0,1.0,,,,,1.101054481546573,1221.0,17.547911547911546,1,7,0.1818181818181818,1,0
99,0,0,0,0,,,,1.0,10800.0,,,,0.0,864.0,0.1145833333333333,1,15,0.0,0,1
61,2,44,0,0,,,,1.0,,,,,0.0444444444444444,70.0,0.8714285714285714,0,16,0.0,0,1
2435,75,96,219,3,,,1.0,1.0,19800.0,,,,0.7731958762886598,1659.0,1.467751657625075,1,13,0.0,0,0
4948,467,266,772,23,,,1.0,1.0,-25200.0,,,,1.749063670411985,2275.0,2.174945054945055,1,12,0.0,0,0
29467,937,314,29569,2,,,1.0,1.0,-36000.0,,,,2.9746031746031747,1041.0,28.306436119116235,1,3,0.0,0,0
130,914,1995,5,5,,,,,,,,,0.4579158316633266,,,0,15,0.0,0,1
51,4,33,0,0,,,,1.0,,,,,0.1176470588235294,69.0,0.7391304347826086,0,16,0.0,0,1
45,7,41,0,0,,,,1.0,,,,,0.1666666666666666,57.0,0.7894736842105263,0,10,0.0,0,1
56,4,39,0,0,,,,1.0,,,,,0.1,70.0,0.8,0,13,0.0,0,1
41569,1592,359,8577,15,,,1.0,1.0,28800.0,,,,4.422222222222223,601.0,69.16638935108153,1,8,0.0,0,0
25,13,85,4,0,,,,1.0,46800.0,,,,0.1511627906976744,32.0,0.78125,1,16,0.0,0,0
1,289,255,0,7,,,1.0,1.0,-14400.0,,,,1.12890625,2558.0,0.0003909304143862,1,18,0.0,0,1
3786,102,316,6,1,1.0,,,1.0,,,,,0.3217665615141956,218.0,17.36697247706422,0,14,0.0,0,0
120,0,0,0,0,,,,1.0,10800.0,,,,0.0,873.0,0.1374570446735395,1,15,0.0,0,1
116,21,56,3,0,,,,1.0,-25200.0,,,,0.3684210526315789,959.0,0.1209593326381647,0,17,0.0,0,0
17172,331,234,0,5,,,,,32400.0,,,,1.4085106382978725,1279.0,13.426114151681,1,11,0.0,0,0
66,1,34,0,0,,,,1.0,,,,,0.0285714285714285,73.0,0.9041095890410958,0,15,0.0,0,1
12853,988,1111,972,5,,,1.0,1.0,10800.0,,,,0.8884892086330936,1217.0,10.561216105176664,1,18,0.0,0,0
80,578,1870,0,1,,,,,,,,,0.3089257081774452,,,1,13,0.0,0,1
36,1051,1916,0,8,,,,,,,,,0.5482524778299426,,,0,14,0.0714285714285714,1,1
44,2,39,0,0,,,,1.0,,,,,0.05,58.0,0.7586206896551724,0,13,0.0,0,1
52,3,34,0,1,,,,1.0,,,,,0.0857142857142857,66.0,0.7878787878787878,0,16,0.0,0,1
21937,420,293,3942,5,,,1.0,,28800.0,,,,1.4285714285714286,2164.0,10.13724584103512,1,16,0.0,0,0
82,4,48,0,0,,,,1.0,,,,,0.0816326530612244,73.0,1.1232876712328768,0,12,0.0,0,1
361,4548,4855,0,4,,,,1.0,10800.0,,,,0.9365733113673804,873.0,0.413516609392898,1,14,0.0,0,1
9906,623,1416,1,6,1.0,,,1.0,,,,,0.4396612561750176,776.0,12.765463917525771,1,16,0.0,0,1
1933,678,644,0,5,1.0,,,1.0,,,,,1.0511627906976744,378.0,5.113756613756614,1,17,0.0,0,1
18047,407,420,7514,4,,,1.0,1.0,28800.0,,,,0.9667458432304038,1582.0,11.40771175726928,1,17,0.0,0,0
5258,583,367,4525,6,,,1.0,1.0,,,,,1.5842391304347827,486.0,10.818930041152264,1,8,0.0,0,0
88,8,48,0,0,,,,1.0,,,,,0.1632653061224489,76.0,1.1578947368421053,0,12,0.0,0,1
1104,150,284,248,0,,,1.0,1.0,-18000.0,,,,0.5263157894736842,1419.0,0.7780126849894292,1,6,0.0,0,0
45,5,38,0,0,,,,1.0,,,,,0.1282051282051282,53.0,0.8490566037735849,0,10,0.0,0,1
45,2,28,0,1,,,,1.0,,,,,0.0689655172413793,53.0,0.8490566037735849,0,14,0.0,0,1
74,4,34,0,0,,,,1.0,,,,,0.1142857142857142,73.0,1.0136986301369864,0,10,0.0,0,1
370,4887,5250,0,2,,,,1.0,10800.0,,,,0.930679870500857,718.0,0.5153203342618384,1,13,0.1818181818181818,1,1
9983,920,1840,1,5,,,,1.0,-14400.0,,,,0.4997284084736556,785.0,12.7171974522293,1,15,0.0,0,1
2939,222,155,888,0,1.0,,1.0,1.0,,,,,1.4230769230769231,295.0,9.96271186440678,1,6,0.0,0,0
9374,338,149,996,1,,,1.0,1.0,32400.0,,,,2.2533333333333334,1916.0,4.892484342379959,1,9,0.0,0,0
61,3,37,0,0,,,,1.0,,,,,0.0789473684210526,71.0,0.8591549295774648,0,14,0.0,0,1
53,7,41,0,0,,,,1.0,,,,,0.1666666666666666,69.0,0.7681159420289855,0,11,0.0,0,1
540,933,539,0,47,,,1.0,1.0,-14400.0,,,,1.727777777777778,2505.0,0.2155688622754491,1,15,0.0,0,1
129650,1808,858,19629,45,,,1.0,1.0,-14400.0,,,,2.104772991850989,1536.0,84.40755208333333,1,16,0.0,0,0
12159,711,1744,0,3,,,,1.0,-18000.0,,,,0.4074498567335243,986.0,12.331643002028397,1,15,0.0666666666666666,1,1
4321,525,561,2193,3,,,,1.0,-18000.0,,,,0.9341637010676156,1618.0,2.670580964153276,1,12,0.0,0,0
40,725,533,0,43,,,1.0,1.0,-14400.0,,,,1.357677902621723,2505.0,0.0159680638722554,1,12,0.0,0,1
57,8,40,0,0,,,,1.0,,,,,0.1951219512195122,62.0,0.9193548387096774,0,14,0.0,0,1
45,6,41,0,0,,,,1.0,,,,,0.1428571428571428,59.0,0.7627118644067796,0,16,0.0,0,1
41,5,42,0,0,,,,1.0,,,,,0.1162790697674418,56.0,0.7321428571428571,0,15,0.0,0,1
128,298,1105,0,9,,,,,,,,,0.2694394213381555,,,1,9,0.0666666666666666,1,1
11079,1276,337,2852,53,,,,,-25200.0,,,,3.775147928994083,2338.0,4.738665526090676,1,14,0.0,0,0
46377,645,706,0,3,,,,1.0,,,,,0.9123055162659124,601.0,77.16638935108153,1,13,0.0,0,1
26443,3218,1943,10545,10,,,1.0,1.0,10800.0,,,,1.6553497942386832,1046.0,25.280114722753343,1,5,0.0,0,0
1890,252,889,345,3,,,,1.0,-18000.0,,,,0.2831460674157303,1753.0,1.0781517398745009,1,11,0.0,0,0
34655,999,908,928,4,,,1.0,1.0,-25200.0,,,,1.099009900990099,1226.0,28.26672104404568,1,5,0.0,0,0
58,0,42,0,0,,,,1.0,,,,,0.0,74.0,0.7837837837837838,0,14,0.0,0,1
2317,151,472,1048,5,,,,1.0,7200.0,,,,0.3192389006342495,1434.0,1.6157601115760112,1,7,0.0,0,0
43,7,41,0,0,,,,1.0,,,,,0.1666666666666666,68.0,0.6323529411764706,0,13,0.0,0,1
97,2097,1436,0,12,,,,,,,,,1.4592901878914406,,,1,14,0.0,0,1
70,3,40,0,0,,,,1.0,,,,,0.073170731707317,71.0,0.9859154929577464,0,16,0.0,0,1
16534,1158,1999,10911,25,,,,1.0,-18000.0,,,,0.579,1774.0,9.320180383314543,1,14,0.0,0,0
249,943,2001,0,3,,,,,,,,,0.471028971028971,,,0,16,0.0,0,1
87,5,44,0,0,,,,1.0,,,,,0.1111111111111111,74.0,1.1756756756756757,0,10,0.0,0,1
16484,282,306,2791,2,,,1.0,1.0,28800.0,,1.0,,0.9185667752442996,2287.0,7.2076956711849585,0,13,0.0,0,0
75,4,33,0,0,,,,1.0,,,,,0.1176470588235294,73.0,1.0273972602739727,0,16,0.0,0,1
1752,4371,4503,0,16,1.0,,,1.0,10800.0,,,,0.9704706927175843,761.0,2.302233902759527,1,9,0.0,0,1
45,1,41,0,0,,,,1.0,,,,,0.0238095238095238,58.0,0.7758620689655172,0,12,0.0,0,1
125,312,249,0,20,,,1.0,1.0,-14400.0,,,,1.248,2557.0,0.0488854125928822,1,18,0.0,0,1
45,2,38,0,0,,,,1.0,,,,,0.0512820512820512,55.0,0.8181818181818182,0,13,0.0,0,1
7453,261,354,6643,0,,,1.0,1.0,-25200.0,,,,0.7352112676056338,1386.0,5.3773448773448775,1,6,0.0,0,0
78,5,34,0,1,,,,1.0,,,,,0.1428571428571428,73.0,1.0684931506849316,0,13,0.0,0,1
5,353,295,0,10,,,1.0,1.0,-14400.0,,,,1.1925675675675675,2579.0,0.0019387359441644,1,19,0.0,0,1
10485,678,550,1510,5,,,,1.0,32400.0,,,,1.2304900181488203,1462.0,7.171682626538988,1,4,0.0,0,0
1307,118,399,241,1,,,1.0,1.0,,,,,0.295,2348.0,0.5566439522998297,1,15,0.2857142857142857,1,0
23645,1008,1756,897,66,1.0,,1.0,1.0,-18000.0,,,,0.5737051792828686,2341.0,10.100384451089278,1,13,0.0,0,0
15871,1145,897,7538,7,,,1.0,1.0,7200.0,,,,1.2750556792873051,634.0,25.033123028391167,1,11,0.0,0,0
72,8,48,0,0,,,,1.0,,,,,0.1632653061224489,73.0,0.9863013698630136,0,16,0.0,0,1
1340,399,258,0,96,,,1.0,1.0,-14400.0,,,,1.5405405405405406,2567.0,0.5220101285547332,1,15,0.0,0,1
35,4,39,0,0,,,,1.0,,,,,0.1,58.0,0.603448275862069,0,14,0.0,0,1
27,321,254,0,14,,,1.0,1.0,-14400.0,,,,1.258823529411765,2457.0,0.0109890109890109,1,18,0.0,0,1
28,436,192,0,113,,,1.0,1.0,-18000.0,,,,2.2590673575129534,2560.0,0.0109375,1,20,0.0833333333333333,1,1
7,286,278,0,3,,,1.0,1.0,-25200.0,,,,1.025089605734767,1742.0,0.0040183696900114,1,19,0.0,0,1
64,3,35,0,0,,,,1.0,,,,,0.0833333333333333,68.0,0.9411764705882352,0,16,0.0,0,1
80,10,38,0,0,,,,1.0,,,,,0.2564102564102564,75.0,1.0666666666666669,0,13,0.0,0,1
79,31,61,232,0,1.0,,,1.0,,,,,0.5,366.0,0.2158469945355191,1,3,0.0714285714285714,1,0
1041,78,204,125,0,1.0,,1.0,1.0,,,,,0.3804878048780488,382.0,2.725130890052356,0,8,0.1666666666666666,1,0
44,2,28,0,0,,,,1.0,,,,,0.0689655172413793,57.0,0.7719298245614035,0,14,0.0,0,1
48,3,35,0,0,,,,1.0,,,,,0.0833333333333333,62.0,0.7741935483870968,0,16,0.0,0,1
44,4,35,0,0,,,,1.0,,,,,0.1111111111111111,58.0,0.7586206896551724,0,12,0.0,0,1
15921,213,212,3681,1,,,1.0,1.0,28800.0,,,,1.0,1130.0,14.089380530973452,1,12,0.0,0,0
128568,2431,1652,120,6,,,1.0,1.0,-18000.0,,,,1.470659407138536,2074.0,61.990356798457086,0,3,0.1111111111111111,1,0
56,0,0,0,0,,,,1.0,10800.0,,,,0.0,874.0,0.0640732265446224,1,15,0.0,0,1
11,323,1655,0,4,,,,,,,,,0.1950483091787439,,,0,14,0.1333333333333333,1,1
24875,1639,1997,8372,39,,,,1.0,-18000.0,,,,0.8203203203203203,1410.0,17.641843971631207,1,11,0.0,0,0
3207,460,121,547,10,1.0,,1.0,1.0,,,,,3.7704918032786887,52.0,61.67307692307692,1,7,0.0,0,0
40,5,37,0,0,,,,1.0,,,,,0.131578947368421,57.0,0.7017543859649122,0,13,0.0,0,1
9601,982,1026,7344,1,,,1.0,1.0,28800.0,,,,0.9561830574488802,1067.0,8.998125585754451,1,7,0.0,0,0
3,316,305,0,3,,,1.0,1.0,-14400.0,,,,1.0326797385620916,2549.0,0.0011769321302471,1,19,0.0,0,1
101,434,1842,0,0,,,,,,,,,0.235485621269669,,,1,11,0.0,0,1
78,4,32,0,0,,,,1.0,,,,,0.1212121212121212,71.0,1.0985915492957747,0,15,0.0,0,1
1162,1012,1305,0,3,1.0,,,1.0,10800.0,,,,0.774885145482389,446.0,2.6053811659192827,1,9,0.0,0,1
49,10,47,0,0,,,,1.0,,,,,0.2083333333333333,63.0,0.7777777777777778,0,13,0.0,0,1
40,0,17,0,0,,,,1.0,,,,,0.0,68.0,0.5882352941176471,0,14,0.0,0,1
1889,123,340,873,0,,,1.0,,3600.0,,,,0.3607038123167155,996.0,1.8965863453815264,1,15,0.0,0,0
72,4,41,0,0,,,,1.0,,,,,0.0952380952380952,74.0,0.972972972972973,0,13,0.0,0,1
45,168,737,0,0,,,,,,,,,0.2276422764227642,,,0,15,0.0,0,1
1475,1382,1467,0,2,1.0,,,1.0,10800.0,,,,0.94141689373297,450.0,3.2777777777777777,1,17,0.0,0,1
1082,88,210,684,0,,,1.0,,,,,,0.4170616113744075,365.0,2.964383561643836,1,9,0.2666666666666666,1,0
1,176,579,0,3,,,,,,,,,0.3034482758620689,,,0,7,0.1818181818181818,1,1
121,1,0,0,0,,,,1.0,10800.0,,,,1.0,874.0,0.1384439359267734,1,11,0.0,0,1
1,111,530,0,0,,,,,,,,,0.2090395480225988,,,0,6,0.2,1,1
39,5,37,0,0,,,,1.0,,,,,0.131578947368421,58.0,0.6724137931034483,0,13,0.0,0,1
10208,910,1869,1,3,1.0,,,1.0,,,,,0.4866310160427807,776.0,13.154639175257731,1,16,0.0,0,1
4,284,277,0,2,,,1.0,1.0,-25200.0,,,,1.0215827338129495,1691.0,0.0023654642223536,1,20,0.0,0,1
43,5,41,0,0,,,,1.0,,,,,0.119047619047619,60.0,0.7166666666666667,0,11,0.0,0,1
63,0,0,0,0,,,,1.0,10800.0,,,,0.0,803.0,0.0784557907845579,1,15,0.0,0,1
1,215,184,0,14,,,1.0,1.0,-14400.0,,,,1.162162162162162,2545.0,0.0003929273084479,1,20,0.0,0,1
60,6,41,0,0,,,,1.0,,,,,0.1428571428571428,66.0,0.9090909090909092,0,14,0.0,0,1
8401,366,304,2298,2,,,1.0,1.0,,,,,1.2,542.0,15.5,1,6,0.0,0,0
3,105,1687,0,0,,,,,,,,,0.0622037914691943,,,0,12,0.3333333333333333,1,1
60,3,38,0,0,,,,1.0,,,,,0.0769230769230769,62.0,0.967741935483871,0,14,0.0,0,1
1365,278,208,932,0,1.0,,1.0,1.0,,,,,1.3301435406698563,366.0,3.7295081967213113,1,5,0.0,0,0
2,10,196,0,0,,,,,,,,,0.0507614213197969,,,0,3,0.0,0,1
6506,254,214,5472,1,1.0,,1.0,1.0,-25200.0,,,,1.181395348837209,154.0,42.24675324675325,1,6,0.0,0,0
31,941,1975,0,1,,,,,,,,,0.4762145748987854,,,1,14,0.0,0,1
45091,87,74,41503,9,,,1.0,1.0,32400.0,,,,1.16,349.0,129.20057306590255,1,8,0.0,0,0
61,3,41,0,0,,1.0,,1.0,,,,,0.0714285714285714,69.0,0.8840579710144928,0,11,0.0,0,1
3085,183,221,3183,2,,,1.0,1.0,-14400.0,,,,0.8243243243243243,1228.0,2.512214983713355,1,20,0.0,0,0
60020,499,371,85654,7,,,,1.0,-25200.0,,,,1.3413978494623655,559.0,107.37030411449015,0,3,0.0,0,0
38,5,30,0,0,,,,1.0,,,,,0.1612903225806451,69.0,0.5507246376811594,0,13,0.0,0,1
1597,336,312,19,12,,,1.0,1.0,28800.0,,,,1.073482428115016,2243.0,0.7119928666963887,1,14,0.0,0,0
256,864,2001,4,4,,,,,,,,,0.4315684315684315,,,1,14,0.0,0,1
957,35,131,86,0,1.0,,,1.0,,,,,0.2651515151515151,359.0,2.6657381615598887,1,3,0.4444444444444444,1,0
46,5,45,0,0,,,,1.0,,,,,0.108695652173913,68.0,0.6764705882352942,0,11,0.0,0,1
2859,209,296,1395,1,1.0,,,1.0,,,,,0.7037037037037037,259.0,11.038610038610038,1,11,0.2857142857142857,1,0
349,5962,5977,0,5,,,,1.0,10800.0,,,,0.9973235195717632,874.0,0.3993135011441647,1,4,0.0,0,1
35047,15346,2904,1683,59,,,1.0,1.0,-18000.0,,,,5.282616179001721,2174.0,16.12097516099356,1,3,0.0,0,0
2844,656,386,4979,1,1.0,,,1.0,,,,,1.6950904392764858,886.0,3.2099322799097068,1,15,0.5333333333333333,1,0
1972,247,244,182,6,,,,1.0,,,,,1.0081632653061223,2181.0,0.9041723979825768,1,11,0.0,0,0
120,302,252,0,22,,,1.0,1.0,-14400.0,,,,1.1936758893280632,2558.0,0.0469116497263487,1,18,0.0,0,1
41546,3031,2485,2558,17,,,1.0,1.0,-25200.0,,,,1.2192276749798874,1341.0,30.981357196122296,1,3,0.0,0,0
75,5,40,0,1,,,,1.0,,,,,0.1219512195121951,74.0,1.0135135135135136,0,11,0.0,0,1
65,8,38,0,0,,,,1.0,,,,,0.2051282051282051,72.0,0.9027777777777778,0,15,0.0,0,1
4854,337,256,1407,4,1.0,,1.0,1.0,,,,,1.311284046692607,602.0,8.06312292358804,0,13,0.0769230769230769,1,0
11567,102,123,6072,0,,,,1.0,-14400.0,,,,0.8225806451612904,813.0,14.227552275522756,1,9,0.0,0,0
7511,113,97,196,6,,,,1.0,-25200.0,,,,1.153061224489796,1204.0,6.238372093023256,1,13,0.0,0,0
62597,10273,98,39633,77,,,1.0,1.0,28800.0,,,,103.76767676767676,1060.0,59.05377358490566,1,5,0.0,0,0
76,4,35,0,0,,,,1.0,,,,,0.1111111111111111,74.0,1.027027027027027,0,14,0.0,0,1
18,239,185,0,15,,,1.0,1.0,-14400.0,,,,1.2849462365591398,2564.0,0.0070202808112324,1,20,0.0,0,1
73,12,15,15,1,,,,1.0,28800.0,,,,0.75,114.0,0.6403508771929824,1,7,0.0,0,0
2,113,580,0,2,,,,,,,,,0.1944922547332186,,,0,7,0.25,1,1
2,55,1546,0,1,,,,,,,,,0.0355526826115061,,,0,11,0.2307692307692307,1,1
1486,1391,1473,4817,6,1.0,,,1.0,,,,,0.9436906377204884,110.0,13.50909090909091,1,11,0.0,0,0
46,3,37,0,0,,,,1.0,,,,,0.0789473684210526,58.0,0.7931034482758621,0,13,0.0,0,1
27226,3420,1519,8380,181,,,1.0,1.0,28800.0,,,,2.25,2915.0,9.339965694682675,1,11,0.0,0,0
67,9,48,0,0,,,,1.0,,,,,0.1836734693877551,62.0,1.0806451612903225,0,13,0.0,0,1
46,3,40,0,0,,,,1.0,,,,,0.073170731707317,68.0,0.6764705882352942,0,15,0.0,0,1
227,687,564,0,18,,,1.0,1.0,-14400.0,,,,1.215929203539823,2489.0,0.0912012856568903,1,17,0.0,0,1
2045,252,438,378,4,1.0,,1.0,1.0,,,,,0.5740318906605922,2243.0,0.9117253678109676,1,11,0.0,0,0
33,1,39,0,0,,,,1.0,,,,,0.025,57.0,0.5789473684210527,0,15,0.0,0,1
61,2,20,9,0,1.0,1.0,,1.0,,,,,0.0952380952380952,858.0,0.071095571095571,0,13,0.0769230769230769,1,0
59,7,36,0,0,,,,1.0,,,,,0.1891891891891892,70.0,0.8428571428571429,0,11,0.0,0,1
250,426,1833,0,3,,,,,,,,,0.2322791712104689,,,0,16,0.2727272727272727,1,1
44,5,40,0,0,,,,1.0,,,,,0.1219512195121951,68.0,0.6470588235294118,0,13,0.0,0,1
28,246,1952,0,3,,,,,,,,,0.1259600614439324,,,0,8,0.0,0,1
98,14,51,580,0,1.0,,1.0,1.0,,,,,0.2692307692307692,202.0,0.4851485148514851,1,1,0.6666666666666666,1,0
18295,146,80,5781,4,,,1.0,1.0,-25200.0,,,,1.8024691358024687,490.0,37.33673469387755,1,6,0.0,0,0
15488,1022,271,16773,22,1.0,,1.0,1.0,,,,,3.757352941176471,289.0,53.5916955017301,1,4,0.0,0,0
41,4,40,0,0,,,,1.0,,,,,0.0975609756097561,54.0,0.7592592592592593,0,13,0.0,0,1
43,3,41,0,0,,,,1.0,,,,,0.0714285714285714,55.0,0.7818181818181819,0,11,0.0,0,1
43,6,42,0,0,,,,1.0,,,,,0.1395348837209302,56.0,0.7678571428571429,0,14,0.0,0,1
452,992,1791,2,13,,,,,,,,,0.5535714285714286,,,1,22,0.0,0,1
59,10,37,0,1,,,,1.0,,,,,0.2631578947368421,67.0,0.8805970149253731,0,15,0.0,0,1
85,3,41,0,0,,,,1.0,,,,,0.0714285714285714,74.0,1.148648648648649,0,16,0.0,0,1
507,4772,5167,0,5,,,,1.0,,,,,0.923374613003096,1244.0,0.407556270096463,1,11,0.2222222222222222,1,1
25177,351,135,24,1,,,1.0,1.0,-18000.0,,,,2.5808823529411766,1359.0,18.526122148638706,1,3,0.0,0,0
1,56,211,0,1,,,,,,,,,0.2641509433962264,,,0,6,0.2,1,1
48,4,35,0,0,,,,1.0,,,,,0.1111111111111111,55.0,0.8727272727272727,0,15,0.0,0,1
213,31,85,0,0,,,,1.0,,,,,0.3604651162790697,161.0,1.3229813664596273,1,14,0.0,0,1
59,14,38,0,1,,,,1.0,,,,,0.358974358974359,73.0,0.8082191780821918,0,13,0.0,0,1
62,7,38,0,0,,,,1.0,,,,,0.1794871794871795,65.0,0.953846153846154,0,10,0.0,0,1
75,276,262,0,12,,,1.0,1.0,-14400.0,,,,1.049429657794677,2381.0,0.0314993700125997,1,19,0.0,0,1
6634,1944,2133,1,3,1.0,,,1.0,10800.0,,,,0.9109653233364574,764.0,8.68324607329843,1,16,0.0,0,1
80,2,43,0,1,,,,1.0,,,,,0.0454545454545454,74.0,1.0810810810810811,0,12,0.0,0,1
32686,290,444,15580,13,,,,1.0,-18000.0,,,,0.651685393258427,441.0,74.11791383219955,1,4,0.0,0,0
25281,48489,46310,251,6166,,,1.0,1.0,19800.0,,,,1.047029863315411,1884.0,13.418789808917197,1,5,0.25,1,0
10942,768,1802,1,2,,,,1.0,-18000.0,,,,0.4259567387687188,1032.0,10.602713178294572,1,19,0.0,0,1
42,6,42,0,0,,,,1.0,,,,,0.1395348837209302,52.0,0.8076923076923077,0,13,0.0,0,1
63,0,47,0,0,,,,1.0,,,,,0.0,66.0,0.9545454545454546,0,14,0.0,0,1
67,4,37,0,0,,,,1.0,,,,,0.1052631578947368,70.0,0.9571428571428572,0,12,0.0,0,1
334,6193,6432,1,7,,,,1.0,10800.0,,,,0.9626923674801804,872.0,0.3830275229357798,1,8,0.0,0,1
43671,5363,667,6682,88,,,1.0,1.0,-10800.0,,,,8.028443113772456,483.0,90.41614906832298,1,5,0.0,0,0
2203,48787,45690,3,104,,,,1.0,7200.0,,,,1.0677595150029546,748.0,2.945187165775401,1,14,0.0,0,1
3190,512,277,7302,7,1.0,,1.0,1.0,-25200.0,,,,1.841726618705036,347.0,9.193083573487032,1,1,0.2857142857142857,1,0
10370,127,209,111,4,,,1.0,1.0,-28800.0,,,,0.6047619047619047,1277.0,8.12059514487079,1,20,0.0,0,0
24581,335,276,10570,4,,,,,-39600.0,,,,1.2093862815884475,1313.0,18.72124904798172,1,13,0.1333333333333333,1,0
40,6,45,0,0,,,,1.0,,,,,0.1304347826086956,53.0,0.7547169811320755,0,9,0.0,0,1
7,63,135,0,12,,,1.0,1.0,-25200.0,,,,0.4632352941176471,1281.0,0.0054644808743169,1,18,0.0,0,1
56,6,40,0,1,,,,1.0,,,,,0.1463414634146341,70.0,0.8,0,16,0.0,0,1
53,2,38,0,2,,1.0,,1.0,,,,,0.0512820512820512,68.0,0.7794117647058824,0,11,0.0,0,1
59,8,37,0,0,,,,1.0,,,,,0.2105263157894736,63.0,0.9365079365079364,0,15,0.0,0,1
80,5,39,0,0,,,,1.0,,,,,0.125,73.0,1.095890410958904,0,10,0.0,0,1
51,592,528,0,7,,,1.0,1.0,-14400.0,,,,1.119092627599244,2489.0,0.0204901566894335,1,15,0.0,0,1
13900,7184,1649,696,314,,,1.0,1.0,,,,,4.3539393939393936,2332.0,5.960548885077187,1,10,0.0,0,0
69,0,0,0,0,,,,1.0,10800.0,,,,0.0,870.0,0.0793103448275862,1,15,0.0,0,1
613,12307,2498,10,13,,,,1.0,,,,,4.924769907963185,1544.0,0.397020725388601,1,17,0.0,0,0
25574,628,364,7561,0,,,1.0,1.0,-18000.0,,,,1.7205479452054795,1310.0,19.522137404580157,1,7,0.1818181818181818,1,0
1429,351,360,5263,4,1.0,,,1.0,,,,,0.9722991689750692,104.0,13.740384615384617,1,7,0.3076923076923077,1,0
202,864,1947,0,36,,,,,,,,,0.4435318275154004,,,0,17,0.0,0,1
376,257,276,571,0,1.0,,,1.0,43200.0,,,,0.927797833935018,69.0,5.449275362318841,1,17,0.0,0,0
73,5,47,0,0,,,,1.0,,,,,0.1041666666666666,74.0,0.9864864864864864,0,14,0.0,0,1
4494,667,1120,778,24,1.0,,1.0,1.0,,,,,0.5950044603033007,320.0,14.04375,1,14,0.0,0,0
61,4,36,0,0,,,,1.0,,,,,0.1081081081081081,70.0,0.8714285714285714,0,13,0.0,0,1
20,273,271,0,4,,,1.0,1.0,-14400.0,,,,1.0036764705882353,2381.0,0.0083998320033599,1,18,0.0,0,1
3852,219,391,1986,0,1.0,,1.0,1.0,,,1.0,,0.5586734693877551,858.0,4.489510489510489,1,5,0.0,0,0
69,516,1576,0,4,,,,,,,,,0.3272035510462904,,,0,9,0.0,0,1
11,514,494,0,17,,,1.0,1.0,-14400.0,,,,1.0383838383838384,2411.0,0.0045624222314392,1,12,0.0,0,1
61,5,37,0,0,,,,1.0,,,,,0.131578947368421,66.0,0.9242424242424242,0,10,0.0,0,1
284,382,284,0,42,,,1.0,1.0,-14400.0,,,,1.3403508771929824,2383.0,0.1191775073436844,1,19,0.0,0,1
4247,339,320,2625,0,1.0,,1.0,1.0,-14400.0,,,,1.0560747663551402,1172.0,3.623720136518772,1,13,0.0769230769230769,1,0
3551,156,200,3908,0,1.0,,1.0,1.0,,,,,0.7761194029850746,248.0,14.318548387096774,1,2,0.0,0,0
13,43,155,3,0,1.0,,,1.0,,,,,0.2756410256410256,2239.0,0.0058061634658329,0,11,0.0,0,0
64,2,42,0,0,,,,1.0,,,,,0.0465116279069767,69.0,0.927536231884058,0,9,0.0,0,1
26112,262,1442,61,4,,,,1.0,-25200.0,,,,0.1815661815661815,1678.0,15.561382598331347,1,9,0.0,0,0
59,5,41,0,0,,,,1.0,,,,,0.119047619047619,63.0,0.9365079365079364,0,9,0.0,0,1
60,3,30,0,1,,,,1.0,,,,,0.0967741935483871,63.0,0.9523809523809524,0,14,0.0,0,1
38420,2293,2198,1987,2,,,,1.0,-14400.0,,,,1.0427467030468394,903.0,42.547065337763016,1,7,0.0,0,0
67,4,40,0,0,,,,1.0,,,,,0.0975609756097561,70.0,0.9571428571428572,0,12,0.0,0,1
66,2,42,0,0,,,,1.0,,,,,0.0465116279069767,71.0,0.9295774647887324,0,13,0.0,0,1
78953,37667,16289,14214,91,,,1.0,1.0,-14400.0,,,,2.3122774708410065,1451.0,54.41281874569263,1,15,0.0,0,1
99,303,271,0,20,,,1.0,1.0,-14400.0,,,,1.1139705882352942,2382.0,0.0415617128463476,1,18,0.0,0,1
19688,1509,805,13140,3,1.0,,1.0,1.0,,,,,1.8722084367245655,459.0,42.89324618736384,1,6,0.0,0,0
2824,81,228,121,1,,,,,18000.0,,,,0.3537117903930131,753.0,3.750332005312085,1,12,0.2142857142857142,1,0
38,5,26,0,0,,,,1.0,,,,,0.1851851851851851,57.0,0.6666666666666666,0,14,0.0,0,1
1,143,568,0,0,,,,,,,,,0.2513181019332162,,,0,5,0.2222222222222222,1,1
7201,442,177,489,37,,,,1.0,36000.0,,,,2.4831460674157304,2222.0,3.2407740774077407,1,5,0.0,0,0
62901,12143,166,13747,136,,,,,-36000.0,,,,72.7125748502994,1310.0,48.016030534351145,1,5,0.0,0,0
11352,342,545,6,16,,,1.0,1.0,-14400.0,,,,0.6263736263736264,2164.0,5.245841035120148,1,13,0.0,0,0
2648,230,501,86,4,,,1.0,1.0,19800.0,,,,0.4581673306772908,1384.0,1.9132947976878611,1,11,0.0909090909090909,1,0
173,753,1900,0,2,,,,,,,,,0.3961073119410836,,,0,5,0.0,0,1
80,3,39,0,0,,,,1.0,,,,,0.075,74.0,1.0810810810810811,0,14,0.0,0,1
10304,127,225,216,2,,,1.0,,-18000.0,,,,0.5619469026548672,2411.0,4.273745333886354,1,7,0.0,0,0
29670,191,194,18372,1,,,,1.0,7200.0,,,,0.9794871794871794,1066.0,27.833020637898688,0,4,0.3333333333333333,1,0
33,5,40,0,1,,,,1.0,,,,,0.1219512195121951,55.0,0.6,0,16,0.0,0,1
44,7,36,0,0,,,,1.0,,,,,0.1891891891891892,59.0,0.7457627118644068,0,11,0.0,0,1
13989,1515,1084,1,14,,,,1.0,-14400.0,,,,1.3963133640552996,1404.0,9.963675213675211,1,14,0.1333333333333333,1,1
670,79,261,459,3,,,,1.0,-14400.0,,,,0.3015267175572519,740.0,0.9054054054054054,1,15,0.0,0,0
1242,248,194,527,2,,,,1.0,28800.0,,,,1.2717948717948715,1307.0,0.9502677888293802,1,8,0.0,0,0
800,712,256,0,88,,,1.0,1.0,-14400.0,,,,2.7704280155642023,2558.0,0.3127443315089914,1,18,0.0,0,1
12154,623,1558,0,3,,,,1.0,-18000.0,,,,0.3996151379089159,1032.0,11.777131782945736,1,10,0.1111111111111111,1,1
76,7,33,0,0,,,,1.0,,,,,0.2058823529411764,74.0,1.027027027027027,0,14,0.0,0,1
145,10,30,116,0,1.0,,,1.0,,,,,0.3225806451612903,534.0,0.2715355805243445,1,4,0.0,0,0
74003,8588,6724,4529,41,,,1.0,1.0,28800.0,,,,1.2770260223048326,1525.0,48.52655737704918,1,18,0.0,0,0
2,320,827,0,1,,,,,,,,,0.3864734299516908,,,0,6,0.2,1,1
108403,3225,2429,1424,262,,,,,-18000.0,,,,1.3271604938271604,1965.0,55.16692111959288,1,9,0.0,0,0
2,247,202,0,1,,,1.0,1.0,-25200.0,,,,1.2167487684729064,1251.0,0.0015987210231814,1,16,0.0,0,1
35,7,37,0,0,,,,1.0,,,,,0.1842105263157894,53.0,0.660377358490566,0,13,0.0,0,1
2081,910,1401,0,3,1.0,,,1.0,10800.0,,,,0.6490727532097005,447.0,4.655480984340045,1,5,0.0,0,1
12412,856,593,0,4,1.0,,,1.0,,,,,1.4410774410774412,776.0,15.994845360824742,1,15,0.0,0,1
84,11,41,0,0,,,,1.0,,,,,0.2619047619047619,74.0,1.135135135135135,0,15,0.0,0,1
14,560,498,0,8,,,1.0,1.0,-14400.0,,,,1.122244488977956,2489.0,0.0056247488951386,1,11,0.0,0,1
15398,193,78,498,2,,,,1.0,3600.0,,,,2.4430379746835444,2214.0,6.95483288166215,1,6,0.0,0,0
504,223,223,95,7,,,1.0,,7200.0,,,,0.9955357142857144,1888.0,0.2669491525423729,1,14,0.0,0,0
4,302,289,0,3,,,1.0,1.0,-14400.0,,,,1.0413793103448277,2568.0,0.0015576323987538,1,18,0.0,0,1
10,262,249,0,1,,,1.0,1.0,-14400.0,,,,1.048,2557.0,0.0039108330074305,1,18,0.0,0,1
745,171,100,1457,0,,,1.0,,,,,,1.693069306930693,413.0,1.8038740920096847,1,14,0.1333333333333333,1,0
11633,730,1453,1,8,,,,1.0,-18000.0,,,,0.5020632737276479,850.0,13.685882352941176,1,11,0.0,0,1
59,2,32,0,0,,,,1.0,,,,,0.0606060606060606,70.0,0.8428571428571429,0,14,0.0,0,1
69,2,52,0,0,,,,1.0,,,,,0.0377358490566037,76.0,0.9078947368421052,0,15,0.0,0,1
786,93,371,1782,3,1.0,,1.0,1.0,,,,,0.25,185.0,4.248648648648649,1,15,0.0,0,0
2011,124,112,4349,0,,,,1.0,,,,,1.0973451327433628,457.0,4.400437636761488,1,5,0.0,0,0
70,10,34,0,0,,,,1.0,,,,,0.2857142857142857,73.0,0.958904109589041,0,12,0.0,0,1
1,93,600,0,1,,,,,,,,,0.1547420965058236,,,0,7,0.1818181818181818,1,1
12633,768,1690,1,2,,,,1.0,-18000.0,,,,0.4541691306918983,1073.0,11.773532152842495,1,8,0.0,0,1
2235,187,248,668,0,1.0,,,1.0,,,,,0.751004016064257,160.0,13.96875,0,6,0.1818181818181818,1,0
14211,507,238,4823,2,1.0,,1.0,1.0,,,,,2.1213389121338917,1500.0,9.474,1,2,0.0,0,0
46,2,42,0,0,,,,1.0,,,,,0.0465116279069767,67.0,0.6865671641791045,0,15,0.0,0,1
10,6727,7518,0,20,,,,,,,,,0.8946668439952121,,,1,15,0.0,0,1
1026,205,529,365,0,1.0,,,1.0,,,,,0.3867924528301887,371.0,2.765498652291105,1,2,0.0769230769230769,1,0
108,612,503,0,53,,,1.0,1.0,-14400.0,,,,1.2142857142857142,2489.0,0.0433909200482121,1,11,0.0,0,1
82,2,25,0,1,,,,1.0,,,,,0.0769230769230769,74.0,1.108108108108108,0,11,0.0,0,1
119,2,0,0,0,,,,1.0,10800.0,,,,2.0,873.0,0.13631156930126,1,12,0.0,0,1
48,4,40,0,0,,,,1.0,,,,,0.0975609756097561,62.0,0.7741935483870968,0,10,0.0,0,1
58,8,40,0,2,,,,1.0,,,,,0.1951219512195122,64.0,0.90625,0,13,0.0,0,1
6,1,21,7,0,1.0,,1.0,1.0,,,,,0.0454545454545454,794.0,0.0075566750629722,0,14,0.0,0,0
3,63,1507,0,0,,,,,,,,,0.0417771883289124,,,0,7,0.0,0,1
32143,574,631,31826,2,,,,,,,,,0.9082278481012658,411.0,78.20681265206812,0,2,0.0,0,0
4,651,494,0,21,,,1.0,1.0,-14400.0,,,,1.3151515151515152,2371.0,0.0016870518768452,1,17,0.0,0,1
16439,691,458,11204,12,,,1.0,1.0,-18000.0,,,,1.5054466230936818,986.0,16.67241379310345,1,14,0.0,0,0
81,5,40,0,1,,,,1.0,,,,,0.1219512195121951,73.0,1.1095890410958904,0,13,0.0,0,1
62,3,33,0,0,,,,1.0,,,,,0.088235294117647,70.0,0.8857142857142857,0,13,0.0,0,1
70,0,0,0,0,,,,1.0,10800.0,,,,0.0,872.0,0.0802752293577981,1,15,0.0,0,1
421,147,466,701,0,,,,,-25200.0,,,,0.3147751605995717,332.0,1.2680722891566265,1,14,0.0,0,0
56,7,43,0,0,,,,1.0,,,,,0.1590909090909091,61.0,0.918032786885246,0,11,0.0,0,1
59,4,46,0,0,,,,1.0,,,,,0.0851063829787234,73.0,0.8082191780821918,0,9,0.0,0,1
5210,641,426,1678,1,,,1.0,1.0,-18000.0,,,,1.5011709601873535,1540.0,3.383116883116883,1,13,0.0,0,0
791,626,308,0,105,,,1.0,1.0,-14400.0,,,,2.0258899676375406,2558.0,0.3092259577795152,1,19,0.0,0,1
1861,241,197,222,1,1.0,,1.0,1.0,,,,,1.2171717171717171,832.0,2.2367788461538463,1,9,0.0,0,0
118,352,254,0,18,,,1.0,1.0,-14400.0,,,,1.380392156862745,2558.0,0.0461297888975762,1,18,0.0,0,1
562,891,1643,1,1,,,,,,,,,0.541970802919708,,,1,12,0.0,0,1
62,5,36,0,0,,,,1.0,,,,,0.1351351351351351,68.0,0.9117647058823528,0,9,0.0,0,1
48,685,600,0,3,,,,,,,,,1.139767054908486,,,0,9,0.1111111111111111,1,1
12274,720,1943,1,2,1.0,,,1.0,,,,,0.3703703703703703,776.0,15.81701030927835,1,15,0.0,0,1
596,97,125,3779,0,1.0,,1.0,1.0,,,,,0.7698412698412699,149.0,4.0,1,20,0.0,0,0
63,2,35,0,0,,,,1.0,,,,,0.0555555555555555,70.0,0.9,0,14,0.0,0,1
12,167,746,0,1,,,,,,,,,0.2235609103078982,,,0,14,0.0,0,1
10,219,596,0,3,,,,,,,,,0.3668341708542713,,,0,15,0.0666666666666666,1,1
21,240,953,0,2,,,,,,,,,0.2515723270440251,,,1,14,0.0,0,1
18685,32089,18275,2,144,,,,1.0,-18000.0,,,,1.7557999562267457,1886.0,9.907211028632023,1,14,0.0,0,1
42,6,38,0,0,,,,1.0,,,,,0.1538461538461538,56.0,0.75,0,15,0.0,0,1
96,332,278,0,25,,,1.0,1.0,-18000.0,,,,1.189964157706093,2382.0,0.0403022670025188,1,19,0.0,0,1
158,462,664,0,0,,,,1.0,10800.0,,,,0.6947368421052632,874.0,0.1807780320366132,1,15,0.0,0,1
677,8020,8714,2,22,,,,,,,,,0.9202524383247276,,,1,17,0.0,0,1
69,5,37,0,0,,,,1.0,,,,,0.131578947368421,74.0,0.9324324324324323,0,11,0.0,0,1
69,7,38,0,0,,,,1.0,,,,,0.1794871794871795,70.0,0.9857142857142858,0,16,0.0,0,1
71,7,47,0,0,,,,1.0,,,,,0.1458333333333333,72.0,0.9861111111111112,0,11,0.0,0,1
190,1991,2102,0,0,,,,1.0,10800.0,,,,0.9467427484545888,874.0,0.217391304347826,1,4,0.0,0,1
65,5,28,0,0,,,,1.0,,,,,0.1724137931034483,73.0,0.8904109589041096,0,13,0.0,0,1
54639,1307,319,6893,12,,,,1.0,-18000.0,,,,4.084375,1311.0,41.67734553775744,1,14,0.0,0,0
530,72,81,168,0,,,1.0,1.0,-28800.0,,,,0.8780487804878049,2111.0,0.2510658455708195,0,18,0.0,0,0
32704,4432,2672,2715,161,,,,1.0,-18000.0,,,1.0,1.658062102506547,2541.0,12.870523415977962,1,13,0.0,0,0
552,116,379,621,3,,,,1.0,-25200.0,,,,0.3052631578947368,2172.0,0.2541436464088398,1,12,0.4545454545454545,1,0
78,6,47,0,0,,,,1.0,,,,,0.125,73.0,1.0684931506849316,0,13,0.0,0,1
78,450,1671,0,0,,,,,,,,,0.2691387559808612,,,1,14,0.0,0,1
44,1,37,0,0,,,,1.0,,,,,0.0263157894736842,65.0,0.676923076923077,0,14,0.0,0,1
1649,86,210,2085,4,1.0,,,1.0,,,,,0.4075829383886256,95.0,17.357894736842105,1,13,0.4,1,0
65,4,40,0,0,,,,1.0,,,,,0.0975609756097561,73.0,0.8904109589041096,0,11,0.0,0,1
3849,217,2001,2734,9,1.0,,,1.0,,,,,0.1083916083916083,555.0,6.935135135135135,1,4,0.0,0,0
527,2164,2164,0,3,,,,1.0,10800.0,,,,0.9995381062355658,155.0,3.4,1,11,0.0,0,1
57,0,0,0,0,,,,1.0,10800.0,,,,0.0,874.0,0.0652173913043478,1,15,0.0,0,1
48,2,31,0,1,,,,1.0,,,,,0.0625,68.0,0.7058823529411765,0,13,0.0,0,1
398,5502,5923,0,5,1.0,,,1.0,10800.0,,,,0.9287643484132344,718.0,0.5543175487465181,1,4,0.0,0,1
769,1123,1884,0,4,,,,,,,,,0.5957559681697613,,,1,5,0.0,0,1
44,5,31,0,0,,,,1.0,,,,,0.15625,53.0,0.8301886792452831,0,14,0.0,0,1
1,600,503,0,4,,,,1.0,-14400.0,,,,1.1904761904761905,2397.0,0.0004171881518564,1,19,0.0769230769230769,1,1
5524,2727,3014,3,2,1.0,,,1.0,,,,,0.9044776119402984,781.0,7.072983354673496,1,17,0.4285714285714285,1,1
44,0,0,0,0,,,,1.0,10800.0,,,,0.0,799.0,0.0550688360450563,1,14,0.0,0,1
1,114,609,0,1,,,,,,,,,0.1868852459016393,,,0,7,0.25,1,1
37,318,185,0,29,,,1.0,1.0,-14400.0,,,,1.7096774193548387,2564.0,0.0144305772230889,1,20,0.0,0,1
5297,1331,1943,63,44,,,1.0,1.0,-21600.0,,,,0.6846707818930041,2280.0,2.323245614035088,1,15,0.0,0,0
141,200,659,1529,4,,,1.0,1.0,-25200.0,,,,0.303030303030303,149.0,0.9463087248322148,1,20,0.0,0,0
11770,1577,678,634,47,,,1.0,1.0,-25200.0,,,,2.322533136966127,3014.0,3.905109489051095,1,12,0.0,0,0
398,144,387,18,9,,,1.0,1.0,-25200.0,,,,0.3711340206185567,1451.0,0.2742935906271537,1,12,0.0,0,0
232,3901,4291,0,6,,,,1.0,10800.0,,,,0.9089002795899348,873.0,0.265750286368843,1,8,0.0,0,1
14086,180,152,4629,2,1.0,,1.0,1.0,28800.0,,,,1.1764705882352942,1138.0,12.377855887521967,1,20,0.0,0,0
1,45,283,0,0,,,,,,,,,0.1584507042253521,,,0,14,0.3333333333333333,1,1
241,4648,4559,0,3,,,,1.0,10800.0,,,,1.0192982456140351,874.0,0.2757437070938215,1,4,0.0,0,1
51,8,37,0,0,,,,1.0,,,,,0.2105263157894736,68.0,0.75,0,13,0.0,0,1
55,4,38,0,0,,,,1.0,,,,,0.1025641025641025,67.0,0.8208955223880597,0,12,0.0,0,1
70,2,38,0,0,,,,1.0,,,,,0.0512820512820512,72.0,0.9722222222222222,0,12,0.0,0,1
54,3,41,0,0,,,,1.0,,,,,0.0714285714285714,67.0,0.8059701492537313,0,14,0.0,0,1
250,4780,5240,0,4,,,,1.0,10800.0,,,,0.9120396870826178,874.0,0.2860411899313501,1,3,0.0,0,1
112,1,0,0,0,,,,1.0,10800.0,,,,1.0,873.0,0.1282932416953035,1,14,0.0,0,1
3755,279,1078,6041,3,,,1.0,1.0,-18000.0,,,,0.2585727525486561,1302.0,2.8840245775729647,1,15,0.1666666666666666,1,0
82,282,271,0,14,,,1.0,1.0,-14400.0,,,,1.036764705882353,2382.0,0.0344248530646515,1,18,0.0,0,1
31248,3205,2377,3650,282,,,1.0,1.0,-28800.0,,,,1.347771236333053,2014.0,15.515392254220457,1,12,0.0,0,0
9522,1219,1981,1,5,1.0,,,1.0,,,,,0.6150353178607467,776.0,12.27061855670103,1,12,0.0,0,1
1403,4406,655,14,25,1.0,,,1.0,10800.0,,,,6.716463414634147,1495.0,0.9384615384615383,1,20,0.0,0,0
2,62,405,0,0,,,,,,,,,0.1527093596059113,,,0,8,0.2307692307692307,1,1
1,113,685,0,0,,,,,,,,,0.1647230320699708,,,0,7,0.2727272727272727,1,1
43,6,35,0,0,,,,1.0,,,,,0.1666666666666666,66.0,0.6515151515151515,0,13,0.0,0,1
53,2,37,0,0,,,,1.0,,,,,0.0526315789473684,60.0,0.8833333333333333,0,13,0.0,0,1
52000,465,272,4079,1,,,1.0,1.0,-25200.0,,,,1.7032967032967032,879.0,59.15813424345848,1,11,0.0,0,0
3049,400,363,7295,0,1.0,,,1.0,,,,,1.098901098901099,789.0,3.864385297845374,1,5,0.0,0,0
110,24,38,32,0,1.0,,,1.0,,,,,0.6153846153846154,1510.0,0.0728476821192053,1,9,0.0,0,0
5146,500,477,719,15,,,,,-25200.0,,,,1.0460251046025104,1522.0,3.38107752956636,1,14,0.0,0,0
44,3,37,0,0,,,,1.0,,,,,0.0789473684210526,68.0,0.6470588235294118,0,15,0.0,0,1
62,14,41,0,0,,,,1.0,,,,,0.3333333333333333,68.0,0.9117647058823528,0,15,0.0,0,1
1,288,282,0,2,,,1.0,1.0,-25200.0,,,,1.017667844522968,1742.0,0.0005740528128587,1,15,0.0,0,1
9766,714,1907,1,9,1.0,,,1.0,,,,,0.3742138364779874,776.0,12.585051546391751,1,13,0.0,0,1
6,330,289,0,8,,,1.0,1.0,-14400.0,,,,1.137931034482759,2560.0,0.00234375,1,18,0.0714285714285714,1,1
2995,94,334,83,3,,,,,-25200.0,,,,0.2805970149253731,1561.0,1.9186418962203715,1,4,0.2857142857142857,1,0
1335,892,544,0,88,,,1.0,1.0,-14400.0,,,,1.636697247706422,2489.0,0.5363599839292889,1,17,0.0,0,1
641,11,69,1,0,,,,1.0,,,,,0.1571428571428571,800.0,0.80125,0,13,0.0,0,0
56,3,41,0,0,,,,1.0,,,,,0.0714285714285714,62.0,0.9032258064516128,0,13,0.0,0,1
63,3,38,0,0,,,,1.0,,,,,0.0769230769230769,62.0,1.0161290322580645,0,12,0.0,0,1
2418,1190,355,1092,11,,,,1.0,28800.0,,,,3.342696629213483,951.0,2.542586750788644,1,6,0.25,1,0
1,149,554,0,0,,,,,,,,,0.2684684684684684,,,0,5,0.2222222222222222,1,1
59,6,42,0,0,,,,1.0,,,,,0.1395348837209302,62.0,0.9516129032258064,0,13,0.0,0,1
45,3,40,0,0,,,,1.0,,,,,0.073170731707317,67.0,0.6716417910447762,0,12,0.0,0,1
336,832,542,0,46,,,1.0,1.0,-14400.0,,,,1.5322283609576428,2505.0,0.1341317365269461,1,15,0.0,0,1
211,335,283,0,38,,,1.0,1.0,-14400.0,,,,1.1795774647887325,2383.0,0.0885438522870331,1,19,0.0,0,1
2308,479,652,390,21,,,1.0,1.0,19800.0,,,,0.7335375191424196,723.0,3.19225449515906,1,15,0.3636363636363636,1,0
296,5108,5553,0,2,,,,1.0,10800.0,,,,0.9196975153042852,803.0,0.3686176836861768,1,14,0.0,0,1
3754,136,262,676,13,,,1.0,1.0,7200.0,,,,0.5171102661596958,1722.0,2.1800232288037167,1,13,0.0,0,0
60,8,35,0,0,,,,1.0,,,,,0.2222222222222222,66.0,0.9090909090909092,0,13,0.0,0,1
3138,371,314,4326,0,1.0,,1.0,1.0,,,,,1.1777777777777778,1089.0,2.881542699724518,1,5,0.0,0,0
19934,482,479,4878,5,,,,1.0,28800.0,,,,1.0041666666666669,2192.0,9.093978102189782,1,11,0.0,0,0
1128,382,393,1643,4,1.0,,,1.0,,,,,0.9695431472081218,394.0,2.8629441624365484,1,5,0.0,0,0
3145,278,257,701,1,1.0,,,1.0,,,,,1.0775193798449612,738.0,4.261517615176151,1,3,0.375,1,0
8316,392,261,168,2,,,1.0,1.0,28800.0,,,,1.4961832061068705,1861.0,4.46856528747985,1,15,0.0,0,0
3139,1668,57,1527,3,,,1.0,1.0,28800.0,,,,28.75862068965517,964.0,3.256224066390041,1,13,0.0,0,0
39,6,34,0,0,,,,1.0,,,,,0.1714285714285714,54.0,0.7222222222222222,0,15,0.0,0,1
378,173,312,27,0,,,,1.0,-25200.0,,,,0.5527156549520766,503.0,0.7514910536779325,1,3,0.1666666666666666,1,0
54,7,42,0,0,,,,1.0,,,,,0.1627906976744186,62.0,0.8709677419354839,0,16,0.0,0,1
32,48,593,0,0,,,,,,,,,0.0808080808080808,,,0,13,0.2857142857142857,1,1
15,183,158,0,10,,,1.0,1.0,-25200.0,,,,1.150943396226415,1281.0,0.0117096018735363,1,18,0.0,0,1
45,8,43,0,0,,,,1.0,,,,,0.1818181818181818,56.0,0.8035714285714286,0,15,0.0,0,1
72,3,40,0,0,,,,1.0,,,,,0.073170731707317,74.0,0.972972972972973,0,13,0.0,0,1
42,52,170,0,0,,,,1.0,10800.0,,,,0.3040935672514619,873.0,0.0481099656357388,1,13,0.0,0,1
243,609,538,0,31,,,1.0,1.0,-14400.0,,,,1.12987012987013,2505.0,0.097005988023952,1,12,0.0,0,1
46,4,36,0,0,,,,1.0,,,,,0.1081081081081081,68.0,0.6764705882352942,0,14,0.0,0,1
56,6,34,0,0,,,,1.0,,,,,0.1714285714285714,73.0,0.7671232876712328,0,13,0.0,0,1
11400,1048,1655,1,6,1.0,,,1.0,,,,,0.6328502415458938,776.0,14.690721649484535,1,13,0.0,0,1
1224,1494,1956,0,50,,,,,,,,,0.7634133878385284,,,1,16,0.0,0,1
881,67,53,454,1,1.0,,1.0,1.0,,,,,1.2407407407407407,318.0,2.770440251572327,0,7,0.2222222222222222,1,0
45,4,41,0,0,,,,1.0,,,,,0.0952380952380952,56.0,0.8035714285714286,0,14,0.0,0,1
78,5,38,0,0,,,,1.0,,,,,0.1282051282051282,73.0,1.0684931506849316,0,12,0.0,0,1
3484,408,244,174,0,,,1.0,1.0,7200.0,,,,1.6653061224489796,1137.0,3.064204045734389,1,14,0.0,0,0
2,60,1475,0,1,,,,,,,,,0.040650406504065,,,0,15,0.0769230769230769,1,1
5,299,292,0,3,,,1.0,1.0,-14400.0,,,,1.0204778156996588,2576.0,0.0019409937888198,1,19,0.0,0,1
14987,253,373,1114,0,,,1.0,1.0,28800.0,,,,0.6764705882352942,1866.0,8.031618435155412,1,18,0.0,0,0
3423,620,468,984,1,,,1.0,,,,,,1.3219616204690832,1276.0,2.6826018808777428,1,14,0.0,0,0
71,0,0,0,0,,,,1.0,10800.0,,,,0.0,875.0,0.0811428571428571,1,16,0.0,0,1
20,1118,1888,0,10,,,,,,,,,0.5918475383800953,,,1,13,0.1428571428571428,1,1
57,2,37,0,1,,,,1.0,,,,,0.0526315789473684,67.0,0.8507462686567164,0,8,0.0,0,1
81,3,49,0,1,,,,1.0,,,,,0.06,73.0,1.1095890410958904,0,13,0.0,0,1
57,2,39,0,0,,,,1.0,,,,,0.05,64.0,0.890625,0,11,0.0,0,1
11981,156,178,708,8,,,,1.0,,,,,0.8715083798882681,1212.0,9.885313531353136,1,13,0.0,0,0
49,6,34,0,0,,,,1.0,,,,,0.1714285714285714,61.0,0.8032786885245902,0,13,0.0,0,1
38,2,36,0,0,,,,1.0,,,,,0.054054054054054,59.0,0.6440677966101694,0,13,0.0,0,1
17113,407,376,21692,1,1.0,,1.0,1.0,-18000.0,,,,1.0795755968169762,1714.0,9.984247374562427,1,14,0.0,0,0
71,6,40,0,0,,,,1.0,,,,,0.1463414634146341,72.0,0.9861111111111112,0,13,0.0,0,1
19286,731,426,4704,0,,,1.0,1.0,-14400.0,,,,1.711943793911007,1025.0,18.81560975609756,1,4,0.0,0,0
385,488,315,0,54,,,1.0,1.0,-14400.0,,,,1.5443037974683544,2538.0,0.1516942474389283,1,19,0.0,0,1
17,166,824,0,1,,,,,,,,,0.2012121212121212,,,0,17,0.0,0,1
6250,227,453,1993,1,,,1.0,1.0,-21600.0,,,,0.5,2063.0,3.029568589432865,1,15,0.4444444444444444,1,0
1,40,1472,0,1,,,,,,,,,0.0271554650373387,,,0,12,0.0,0,1
15840,1532,517,983,9,,,,1.0,,,,,2.9575289575289574,518.0,30.57915057915058,1,6,0.0,0,0
58,6,43,0,0,,,,1.0,,,,,0.1363636363636363,62.0,0.935483870967742,0,11,0.0,0,1
48,1,33,0,0,,,,1.0,,,,,0.0294117647058823,67.0,0.7164179104477612,0,12,0.0,0,1
56,3,35,0,0,,,,1.0,,,,,0.0833333333333333,71.0,0.7887323943661971,0,14,0.0,0,1
58,6,45,0,1,,1.0,,1.0,,,,,0.1304347826086956,69.0,0.8405797101449275,0,12,0.0,0,1
2,57,334,0,1,,,,,,,,,0.1701492537313433,,,0,5,0.2,1,1
1,307,290,0,7,,,1.0,1.0,-14400.0,,,,1.0549828178694158,2557.0,0.000391083300743,1,17,0.0,0,1
1937,887,743,51,1,,,,1.0,43200.0,,,,1.1922043010752688,85.0,22.788235294117648,1,20,0.0,0,0
45,2,39,0,0,,,,1.0,,,,,0.05,54.0,0.8333333333333334,0,13,0.0,0,1
2671,397,496,2820,0,1.0,,,1.0,,,,,0.7987927565392354,379.0,7.047493403693931,1,17,0.3333333333333333,1,0
16031,2674,2841,550,17,,,,,-14400.0,,,,0.9408866995073892,1895.0,8.459630606860157,1,5,0.0,0,0
41,8,34,0,0,,,,1.0,,,,,0.2285714285714285,58.0,0.7068965517241379,0,15,0.0,0,1
571,142,93,50,3,1.0,,1.0,1.0,,,,,1.5106382978723405,1099.0,0.5195632393084623,1,14,0.0,0,0
32797,414,173,11581,2,,,1.0,1.0,-10800.0,,,,2.3793103448275863,1024.0,32.0283203125,1,6,0.0,0,0
41,3,39,0,0,,,,1.0,,,,,0.075,55.0,0.7454545454545455,0,13,0.0,0,1
77,8,39,0,0,,,,1.0,,,,,0.2,74.0,1.0405405405405406,0,13,0.0,0,1
1550,67,88,79,0,,,,1.0,28800.0,,,,0.7528089887640449,2076.0,0.7466281310211946,1,19,0.0,0,0
176,325,269,0,33,,,1.0,1.0,-14400.0,,,,1.2037037037037035,2381.0,0.0739185216295674,1,18,0.0,0,1
33724,580,677,9874,0,,,1.0,1.0,-14400.0,,,,0.855457227138643,1198.0,28.15025041736227,1,9,0.0714285714285714,1,0
63,9,40,0,0,,,,1.0,,,,,0.2195121951219512,69.0,0.9130434782608696,0,12,0.0,0,1
6942,289,333,1348,3,,,1.0,1.0,-18000.0,,,,0.8652694610778443,1668.0,4.161870503597123,1,7,0.0,0,0
22,265,250,0,7,,,1.0,1.0,-14400.0,,,,1.0557768924302788,2557.0,0.0086038326163472,1,18,0.0,0,1
141,13,22,0,0,,,,1.0,10800.0,,,,0.5652173913043478,873.0,0.1615120274914089,1,12,0.1538461538461538,1,1
44,5,43,0,0,,,,1.0,,,,,0.1136363636363636,68.0,0.6470588235294118,0,14,0.0,0,1
1305,285,286,10,9,1.0,,,1.0,,,,,0.9930313588850174,1272.0,1.025943396226415,1,14,0.0,0,0
36,0,0,0,0,,,,1.0,10800.0,,,,0.0,873.0,0.0412371134020618,1,13,0.0,0,1
60,5,37,0,0,,,,1.0,,,,,0.131578947368421,65.0,0.9230769230769232,0,13,0.0,0,1
50,2,44,0,0,,,,1.0,,,,,0.0444444444444444,74.0,0.6756756756756757,0,12,0.0,0,1
44,4,36,0,0,,,,1.0,,,,,0.1081081081081081,53.0,0.8301886792452831,0,14,0.0,0,1
3556,852,1754,266,16,,,1.0,1.0,,,,,0.4854700854700854,2373.0,1.4985250737463127,1,7,0.0,0,0
1814,221,78,147,2,1.0,,1.0,1.0,,,,,2.79746835443038,691.0,2.625180897250362,1,16,0.0,0,0
44,7,48,0,0,,,,1.0,,,,,0.1428571428571428,67.0,0.6567164179104478,0,11,0.0,0,1
48449,4825,4572,309,30,,,,1.0,0.0,,,,1.0551060572928057,616.0,78.65097402597402,1,10,0.1111111111111111,1,0
193,117,129,110,0,1.0,,,1.0,36000.0,,,,0.9,712.0,0.2710674157303371,1,6,0.0,0,0
46,4,42,0,0,,,,1.0,,,,,0.0930232558139534,66.0,0.696969696969697,0,15,0.0,0,1
64,4,36,0,0,,,,1.0,,,,,0.1081081081081081,71.0,0.9014084507042254,0,16,0.0,0,1
22,342,1282,0,4,,,,,,,,,0.2665627435697584,,,0,10,0.0,0,1
44,7,42,0,0,,,,1.0,,,,,0.1627906976744186,53.0,0.8301886792452831,0,15,0.0,0,1
19263,2042,508,12514,11,,,1.0,,7200.0,,,,4.011787819253438,389.0,49.51928020565553,1,9,0.0,0,0
3517,274,635,1126,7,1.0,,,1.0,,,,,0.4308176100628931,77.0,45.675324675324674,0,20,0.0,0,0
67,11,43,0,0,,,,1.0,,,,,0.25,74.0,0.9054054054054054,0,16,0.0,0,1
15,258,1981,0,4,,,,,,,,,0.1301715438950555,,,0,4,0.0,0,1
1,123,409,0,0,,,,,,,,,0.3,,,0,5,0.2222222222222222,1,1
7368,332,419,5261,4,1.0,,1.0,1.0,,,,,0.7904761904761904,1245.0,5.918072289156626,1,7,0.0,0,0
56,4,40,0,0,,,,1.0,,,,,0.0975609756097561,66.0,0.8484848484848485,0,14,0.0,0,1
13117,795,1993,1,2,,,,1.0,-18000.0,,,,0.3986960882647943,1206.0,10.876451077943615,1,14,0.0,0,1
257,57,224,26,0,,,1.0,1.0,-28800.0,,,,0.2533333333333333,1215.0,0.2115226337448559,1,14,0.0,0,0
42,2,39,0,0,,1.0,,1.0,,,,,0.05,57.0,0.7368421052631579,0,13,0.0,0,1
64920,1185,96,62249,14,1.0,,1.0,1.0,,,,,12.216494845360824,1026.0,63.27485380116959,1,4,0.0,0,0
5223,271,738,2809,3,,,,1.0,-25200.0,,,,0.3667117726657645,1615.0,3.23405572755418,1,5,0.0,0,0
13676,1042,2000,19012,7,1.0,,1.0,1.0,,,,,0.5207396301849075,569.0,24.035149384885763,1,9,0.0666666666666666,1,0
3,45,1242,0,0,,,,,,,,,0.0362027353177795,,,0,15,0.0769230769230769,1,1
81,5,41,0,1,,,,1.0,,,,,0.119047619047619,74.0,1.0945945945945943,0,15,0.0,0,1
1266,183,188,1085,2,,,1.0,1.0,,,,,0.9682539682539684,452.0,2.8008849557522124,1,20,0.0,0,0
16957,1192,113,11172,8,,,1.0,,-14400.0,,,,10.456140350877194,1097.0,15.457611668185962,0,4,0.0,0,0
46,9,44,0,0,,,,1.0,,,,,0.2,68.0,0.6764705882352942,0,13,0.0,0,1
414,1371,1465,0,2,,,,1.0,,,,,0.9351978171896316,142.0,2.915492957746479,1,12,0.0,0,1
2682,107,210,2204,5,,,,1.0,36000.0,,,,0.5071090047393365,1728.0,1.5520833333333333,1,4,0.0,0,0
131,1,0,0,0,,,,1.0,10800.0,,,,1.0,875.0,0.1497142857142857,1,15,0.0,0,1
4,324,267,0,12,,,1.0,1.0,-14400.0,,,,1.208955223880597,2558.0,0.0015637216575449,1,18,0.0,0,1
751,76,85,162,0,,,1.0,1.0,-18000.0,,,,0.8837209302325582,1749.0,0.429388221841052,1,8,0.0,0,0
4120,267,241,896,2,,,1.0,1.0,,,,,1.103305785123967,597.0,6.901172529313233,1,13,0.0,0,0
500,28,196,868,1,1.0,,,1.0,3600.0,,,,0.1421319796954314,1250.0,0.4,0,12,0.0,0,0
14140,1101,1135,1064,36,,,1.0,1.0,-18000.0,,,,0.9691901408450704,2444.0,5.785597381342062,1,12,0.1428571428571428,1,0
42,6,39,0,0,,,,1.0,,,,,0.15,53.0,0.7924528301886793,0,15,0.0,0,1
2,278,271,0,3,,,1.0,1.0,-14400.0,,,,1.0220588235294117,2380.0,0.0008403361344537,1,19,0.0,0,1
60,2,38,0,0,,,,1.0,,,,,0.0512820512820512,62.0,0.967741935483871,0,14,0.0,0,1
42,4,38,0,0,,,,1.0,,,,,0.1025641025641025,55.0,0.7636363636363637,0,14,0.0,0,1
47,4,43,0,1,,,,1.0,,,,,0.0909090909090909,60.0,0.7833333333333333,0,9,0.0,0,1
62,0,39,0,0,,,,1.0,,,,,0.0,68.0,0.9117647058823528,0,12,0.0,0,1
233,517,326,0,64,,,1.0,1.0,-14400.0,,,,1.581039755351682,2573.0,0.0905557714729887,1,18,0.0,0,1
282,93,103,4215,1,1.0,,,1.0,,,1.0,,0.8942307692307693,437.0,0.6453089244851259,0,14,0.1333333333333333,1,0
83,8,41,0,0,,,,1.0,,,,,0.1904761904761904,73.0,1.1369863013698631,0,14,0.0,0,1
12208,812,848,7127,0,,,1.0,1.0,7200.0,,,,0.9564193168433452,1013.0,12.051332675222111,1,1,0.0,0,0
59918,1377,209,3997,10,,,1.0,1.0,19800.0,,,,6.557142857142857,1663.0,36.03006614552015,1,18,0.0,0,0
31414,344,318,123,6,,,,1.0,-25200.0,,,,1.078369905956113,1981.0,15.857647652700656,1,11,0.0,0,0
11898,827,1399,0,4,,,,1.0,-18000.0,,,,0.5907142857142857,1275.0,9.331764705882351,1,13,0.0,0,1
87493,1604,141,21397,20,,,1.0,1.0,-25200.0,,,,11.295774647887324,662.0,132.16465256797582,1,20,0.0,0,0
19289,359,229,9247,0,,,1.0,1.0,-25200.0,,,,1.5608695652173914,809.0,23.84301606922126,1,2,0.1538461538461538,1,0
301,60,727,0,0,,,,1.0,,,,,0.0824175824175824,157.0,1.9171974522292996,0,15,0.0,0,1
64,4,34,0,0,,,,1.0,,,,,0.1142857142857142,72.0,0.8888888888888888,0,16,0.0,0,1
16975,183,300,30,1,1.0,,1.0,1.0,14400.0,,,,0.6079734219269103,1087.0,15.6163753449862,1,1,0.0,0,0
11,272,270,0,7,,,1.0,1.0,-14400.0,,,,1.003690036900369,2381.0,0.0046199076018479,1,18,0.0,0,1
14374,1175,851,7304,4,1.0,,1.0,1.0,,,,,1.3791079812206573,611.0,23.525368248772505,1,15,0.0714285714285714,1,0
13209,204,115,3414,4,,,1.0,1.0,-18000.0,,,,1.7586206896551724,1280.0,10.31953125,1,13,0.0,0,0
43,5,39,0,0,,,,1.0,,,,,0.125,58.0,0.7413793103448276,0,15,0.0,0,1
32685,566,358,10413,2,,,1.0,,-28800.0,,,,1.5766016713091922,1274.0,25.65541601255887,0,12,0.0,0,0
7849,742,462,3553,1,,,1.0,1.0,,,,,1.6025917926565876,683.0,11.49194729136164,1,15,0.0,0,0
195,605,494,0,127,,,1.0,1.0,-14400.0,,,,1.2222222222222223,2487.0,0.0784077201447527,1,12,0.0,0,1
2,210,183,0,13,,,,1.0,-14400.0,,,,1.141304347826087,2564.0,0.000780031201248,1,20,0.0,0,1
5,20,41,0,0,1.0,,,1.0,,,,,0.4761904761904761,84.0,0.0595238095238095,1,13,0.0,0,0
103,0,0,0,0,,,,1.0,10800.0,,,,0.0,871.0,0.1182548794489093,1,13,0.0,0,1
3184,428,467,2865,0,,,,1.0,,,,,0.9145299145299144,1046.0,3.043977055449331,1,8,0.1818181818181818,1,0
45,5,40,0,0,,,,1.0,,,,,0.1219512195121951,54.0,0.8333333333333334,0,14,0.0,0,1
16,0,0,0,0,,,,1.0,10800.0,,,,0.0,864.0,0.0185185185185185,1,16,0.0,0,1
1,262,258,0,2,,,1.0,1.0,-18000.0,,,,1.0115830115830116,1827.0,0.0005473453749315,1,15,0.0,0,1
813,113,252,98,16,,,1.0,1.0,-25200.0,,,,0.4466403162055335,760.0,1.069736842105263,1,11,0.0,0,0
406,380,279,0,89,,,1.0,1.0,-14400.0,,,,1.3571428571428572,2382.0,0.1704450041981528,1,18,0.0,0,1
18782,563,639,0,8,,,,1.0,,,,,0.8796875,532.0,35.30451127819549,1,9,0.0,0,1
5,551,494,0,15,,,1.0,1.0,-14400.0,,,,1.1131313131313132,2370.0,0.0021097046413502,1,15,0.0,0,1
18477,380,365,3985,3,,,,1.0,,,,,1.0382513661202186,1174.0,15.738500851788755,1,15,0.0,0,0
73,8,42,0,0,,,,1.0,,,,,0.1860465116279069,71.0,1.028169014084507,0,14,0.0,0,1
12448,1346,1278,1,18,,,,1.0,-18000.0,,,,1.0523846755277562,1201.0,10.364696086594504,1,13,0.0,0,1
117,1,0,0,0,,,,1.0,10800.0,,,,1.0,874.0,0.1338672768878718,1,15,0.0,0,1
4,134,1731,0,1,,,,,,,,,0.0773672055427251,,,0,16,0.3333333333333333,1,1
10205,1238,1902,1,3,1.0,,,1.0,-14400.0,,,,0.6505517603783499,1027.0,9.936708860759492,1,12,0.0833333333333333,1,1
2,203,180,0,8,,,1.0,1.0,-14400.0,,,,1.1215469613259668,2553.0,0.0007833920877399,1,20,0.0,0,1
43,6,35,0,0,,,,1.0,,,,,0.1666666666666666,54.0,0.7962962962962963,0,16,0.0,0,1
43,11,37,0,0,,,,1.0,,,,,0.2894736842105263,70.0,0.6142857142857143,0,12,0.0,0,1
45,0,0,0,0,,,,1.0,10800.0,,,,0.0,873.0,0.0515463917525773,1,13,0.0,0,1
291,4487,4934,0,7,,,,1.0,10800.0,,,,0.9092198581560283,872.0,0.3337155963302752,0,16,0.0,0,1
37,439,238,0,36,,,1.0,1.0,-14400.0,,,,1.8368200836820083,2564.0,0.0144305772230889,1,20,0.0,0,1
31,259,242,0,5,,,1.0,1.0,-18000.0,,,,1.0658436213991769,2399.0,0.0129220508545227,1,17,0.0,0,1
12865,1504,1314,6309,14,,,,1.0,19800.0,,,,1.1437262357414448,207.0,62.14975845410628,1,9,0.0,0,0
14,610,519,0,5,,,1.0,1.0,-14400.0,,,,1.1730769230769231,2492.0,0.0056179775280898,1,12,0.0,0,1
319,334,279,0,57,,,1.0,1.0,-14400.0,,,,1.1928571428571428,2382.0,0.13392107472712,1,18,0.0,0,1
3187,139,204,1832,2,,,,,-25200.0,,,,0.6780487804878049,2140.0,1.489252336448598,1,14,0.0,0,0
66,7,43,0,0,,,,1.0,,,,,0.1590909090909091,71.0,0.9295774647887324,0,14,0.0,0,1
10523,670,1259,0,12,,,,1.0,-14400.0,,,,0.5317460317460317,784.0,13.42219387755102,1,14,0.0,0,1
439,62,71,83,0,,,,,,,,,0.8611111111111112,190.0,2.310526315789473,1,9,0.0,0,0
71,6,42,0,0,,,,1.0,,,,,0.1395348837209302,67.0,1.0597014925373134,0,12,0.0,0,1
56,4,37,0,0,,,,1.0,,,,,0.1052631578947368,63.0,0.8888888888888888,0,11,0.0,0,1
65,4,41,0,0,,,,1.0,,,,,0.0952380952380952,74.0,0.8783783783783784,0,16,0.0,0,1
5232,359,409,291,0,1.0,,1.0,1.0,28800.0,,,,0.875609756097561,882.0,5.931972789115647,1,12,0.0,0,0
74,3,46,0,0,,,,1.0,,,,,0.0638297872340425,72.0,1.0277777777777777,0,12,0.0,0,1
3692,489,1999,3629,3,1.0,,1.0,1.0,-14400.0,,,,0.2445,425.0,8.687058823529412,1,8,0.0,0,0
9721,301,1431,0,0,1.0,,,1.0,,,,,0.210195530726257,421.0,23.09026128266033,1,13,0.0,0,1
64,4,36,0,0,,,,1.0,,,,,0.1081081081081081,66.0,0.9696969696969696,0,13,0.0,0,1
46,2,33,0,0,,,,1.0,,,,,0.0588235294117647,57.0,0.8070175438596491,0,12,0.0,0,1
3427,174,47,29,5,,,,1.0,-18000.0,,,,3.625,1629.0,2.103744628606507,1,11,0.0,0,0
1133,254,89,2645,1,1.0,,1.0,1.0,3600.0,,,,2.8222222222222224,1183.0,0.9577345731191884,0,17,0.0,0,0
59,5,37,0,1,,,,1.0,,,,,0.131578947368421,68.0,0.8676470588235294,0,16,0.0,0,1
43,6,40,0,0,,,,1.0,,,,,0.1463414634146341,68.0,0.6323529411764706,0,12,0.0,0,1
45063,1096,844,256,32,,,1.0,1.0,19800.0,,,,1.2970414201183431,2346.0,19.20843989769821,1,11,0.0,0,0
45,2,36,0,0,,,,1.0,,,,,0.054054054054054,59.0,0.7627118644067796,0,14,0.0,0,1
51,282,275,0,11,,,1.0,1.0,-14400.0,,,,1.0217391304347827,2382.0,0.0214105793450881,1,19,0.0,0,1
36,579,519,0,8,,,1.0,1.0,-14400.0,,,,1.1134615384615385,2504.0,0.0143769968051118,1,12,0.0,0,1
41,0,0,0,0,,,,1.0,10800.0,,,,0.0,803.0,0.0510585305105853,1,15,0.0,0,1
197,607,537,0,12,,,1.0,1.0,-14400.0,,,,1.1282527881040891,2505.0,0.0786427145708582,1,12,0.0,0,1
1,153,487,0,0,,,,,,,,,0.3135245901639344,,,0,5,0.2222222222222222,1,1
73,8,41,0,0,,,,1.0,,,,,0.1904761904761904,72.0,1.0138888888888888,0,11,0.0,0,1
64,6,37,0,0,,,,1.0,,,,,0.1578947368421052,70.0,0.9142857142857144,0,12,0.0,0,1
6073,221,308,471,1,,,,1.0,-18000.0,,,,0.7152103559870551,2068.0,2.936653771760154,1,14,0.0,0,0
10187,456,75,9015,0,,,,1.0,,,,,6.0,416.0,24.48798076923077,1,13,0.0,0,1
65,5,42,0,0,,,,1.0,,,,,0.1162790697674418,73.0,0.8904109589041096,0,14,0.0,0,1
6,1081,561,0,9,,,,,,,,,1.9234875444839856,,,1,19,0.0,0,1
11835,877,1995,1,6,,,,1.0,-14400.0,,,,0.4393787575150301,1027.0,11.523855890944498,1,12,0.0909090909090909,1,1
44,10,32,0,0,,,,1.0,,,,,0.303030303030303,69.0,0.6376811594202898,0,10,0.0,0,1
50,0,0,0,0,,,,1.0,10800.0,,,,0.0,874.0,0.05720823798627,1,14,0.0,0,1
1,333,312,0,4,,,1.0,1.0,-25200.0,,,,1.0638977635782747,1482.0,0.0006747638326585,1,16,0.0,0,1
629,1346,2001,0,3,,,,,,,,,0.6723276723276723,,,0,13,0.0,0,1
1952,154,234,3704,1,1.0,,1.0,1.0,,,1.0,,0.6553191489361702,77.0,25.350649350649352,1,5,0.1,1,0
56,6,38,0,0,,,,1.0,,,,,0.1538461538461538,70.0,0.8,0,16,0.0,0,1
77,6,35,0,0,,,,1.0,,,,,0.1666666666666666,71.0,1.0845070422535212,0,14,0.0,0,1
1,147,639,0,0,,,,,,,,,0.2296875,,,0,5,0.2222222222222222,1,1
94,0,0,0,0,,,,1.0,10800.0,,,,0.0,867.0,0.1084198385236447,1,15,0.0,0,1
2287,189,187,1454,0,1.0,,,1.0,,,,,1.00531914893617,420.0,5.445238095238095,1,14,0.0,0,0
1089,192,521,2598,0,1.0,,,1.0,,,,,0.367816091954023,1063.0,1.024459078080903,1,17,0.2727272727272727,1,0
46,4,41,0,0,,,,1.0,,,,,0.0952380952380952,69.0,0.6666666666666666,0,14,0.0,0,1
52,1,38,0,0,,,,1.0,,,,,0.0256410256410256,62.0,0.8387096774193549,0,12,0.0,0,1
42,302,815,0,4,,,1.0,,,,,,0.3700980392156863,,,1,13,0.0,0,1
74,8,39,0,0,,,,1.0,,,,,0.2,71.0,1.0422535211267605,0,12,0.0,0,1
43,2,38,0,0,,,,1.0,,,,,0.0512820512820512,54.0,0.7962962962962963,0,12,0.0,0,1
3,353,322,0,16,,,1.0,1.0,-14400.0,,,,1.0928792569659442,2579.0,0.0011632415664986,1,19,0.0,0,1
81091,2199,465,4639,44,,,,1.0,-36000.0,,,,4.718884120171674,1666.0,48.67406962785114,1,1,0.0,0,0
57,1,41,0,1,,,,1.0,,,,,0.0238095238095238,67.0,0.8507462686567164,0,16,0.0,0,1
25,101,433,0,1,,,,,,,,,0.2327188940092165,,,0,16,0.0,0,1
3737,295,286,214,3,1.0,,1.0,1.0,,,,,1.0278745644599303,86.0,43.45348837209303,1,9,0.0,0,0
45,5,38,0,0,,,,1.0,,,,,0.1282051282051282,67.0,0.6716417910447762,0,11,0.0,0,1
149,234,331,0,0,,,,1.0,10800.0,,,,0.7048192771084337,874.0,0.1704805491990846,1,12,0.0,0,1
1000,108,155,1326,0,1.0,,,1.0,,,,,0.6923076923076923,131.0,7.633587786259542,1,20,0.2,1,0
149,232,341,0,0,,,,1.0,10800.0,,,,0.6783625730994152,875.0,0.1702857142857143,1,15,0.0,0,1
118,601,538,0,13,,,1.0,1.0,-14400.0,,,,1.1150278293135436,2505.0,0.0471057884231536,1,12,0.0,0,1
3,659,494,0,7,,,1.0,1.0,-14400.0,,,,1.3313131313131312,2367.0,0.0012674271229404,1,17,0.0,0,1
5414,486,305,2526,1,1.0,,1.0,1.0,,,,,1.588235294117647,1199.0,4.515429524603837,1,12,0.0,0,0
3647,183,170,824,1,,,1.0,1.0,3600.0,,,,1.0701754385964912,1951.0,1.8692977960020505,1,17,0.2,1,0
406,24,28,240,0,1.0,,,1.0,,,,,0.8275862068965517,17.0,23.88235294117647,1,13,0.0,0,0
42,6,40,0,0,,,,1.0,,,,,0.1463414634146341,57.0,0.7368421052631579,0,13,0.0,0,1
59,3,35,0,0,,,,1.0,,,,,0.0833333333333333,64.0,0.921875,0,14,0.0,0,1
62,8,34,0,0,,,,1.0,,,,,0.2285714285714285,67.0,0.9253731343283582,0,14,0.0,0,1
4260,6077,6504,9,15,1.0,,,1.0,10800.0,,,,0.9342044581091468,768.0,5.546875,1,13,0.0,0,1
9207,389,107,453,2,,,1.0,,-25200.0,,,,3.601851851851852,1538.0,5.986345903771132,0,13,0.0,0,0
37,5,41,0,0,,,,1.0,,,,,0.119047619047619,68.0,0.5441176470588235,0,13,0.0,0,1
61,2,37,0,2,,,,1.0,,,,,0.0526315789473684,62.0,0.9838709677419356,0,14,0.0,0,1
48,8,47,0,1,,,,1.0,,,,,0.1666666666666666,69.0,0.6956521739130435,0,13,0.0,0,1
10,87,802,0,2,,,,,,,,,0.1083437110834371,,,0,12,0.25,1,1
1468,132,221,1466,0,,,,1.0,-14400.0,,,,0.5945945945945946,1154.0,1.2720970537261698,1,11,0.2222222222222222,1,0
1217,1774,1994,0,0,1.0,,,1.0,10800.0,,,,0.8892230576441102,448.0,2.716517857142857,0,6,0.0,0,1
13634,697,103,5258,30,,,1.0,1.0,19800.0,,,,6.701923076923077,1909.0,7.141959140911472,1,12,0.25,1,0
764,91,125,244,1,,,1.0,1.0,-25200.0,,,,0.7222222222222222,913.0,0.836801752464403,1,5,0.0,0,0
85,3,37,0,0,,,,1.0,,,,,0.0789473684210526,69.0,1.2318840579710144,0,13,0.0,0,1
54,6,42,0,1,,,,1.0,,,,,0.1395348837209302,67.0,0.8059701492537313,0,10,0.0,0,1
12704,634,1284,1,2,,,,1.0,-18000.0,,,,0.4933852140077821,1318.0,9.638846737481032,1,15,0.0,0,1
201,4161,4443,0,4,,,,1.0,10800.0,,,,0.9363186318631864,873.0,0.2302405498281786,1,4,0.0,0,1
1,149,475,0,0,,,,,,,,,0.3130252100840336,,,0,5,0.2222222222222222,1,1
61,2,39,0,0,,,,1.0,,,,,0.05,70.0,0.8714285714285714,0,15,0.0,0,1
41,3,42,0,0,,,,1.0,,,,,0.0697674418604651,58.0,0.7068965517241379,0,16,0.0,0,1
9484,1100,880,6211,1,,,1.0,,,,,,1.2485811577752557,698.0,13.587392550143267,1,5,0.1,1,0
47,4,42,0,0,,,,1.0,,,,,0.0930232558139534,61.0,0.7704918032786885,0,10,0.0,0,1
44,7,35,0,0,,,,1.0,,,,,0.1944444444444444,59.0,0.7457627118644068,0,13,0.0,0,1
60,3,42,0,0,,,,1.0,,,,,0.0697674418604651,62.0,0.967741935483871,0,15,0.0,0,1
65,4,35,0,0,,,,1.0,,,,,0.1111111111111111,69.0,0.9420289855072465,0,14,0.0,0,1
22,264,1176,0,1,,,,,,,,,0.2242990654205607,,,0,13,0.0,0,1
146442,2282,1787,10527,4,,,1.0,1.0,-18000.0,,,,1.2762863534675617,1478.0,99.08119079837618,1,10,0.0,0,0
472,788,535,0,57,,,1.0,1.0,-14400.0,,,,1.4701492537313432,2489.0,0.189634391321816,1,17,0.0,0,1
1,94,597,0,0,,,,,,,,,0.157190635451505,,,0,5,0.2222222222222222,1,1
2,53,375,0,0,,,,,,,,,0.1409574468085106,,,0,8,0.2307692307692307,1,1
16,3305,3294,0,30,,,,,,,,,1.0030349013657056,,,1,20,0.0,0,1
100,0,0,0,0,,,,1.0,10800.0,,,,0.0,874.0,0.11441647597254,1,16,0.0,0,1
32717,2052,2246,4803,17,,,1.0,1.0,-10800.0,,,,0.9132176234979972,852.0,38.40023474178404,1,3,0.0,0,0
36,4,37,0,0,,,,1.0,,,,,0.1052631578947368,55.0,0.6545454545454545,0,15,0.0,0,1
237,50,589,0,0,,,,1.0,,,,,0.0847457627118644,75.0,3.16,0,14,0.0,0,1
6,593,537,0,3,,,1.0,1.0,-14400.0,,,,1.1022304832713754,2505.0,0.0023952095808383,1,12,0.0,0,1
36,1092,1891,0,5,,,,,,,,,0.5771670190274841,,,0,13,0.1428571428571428,1,1
64,3,38,0,0,,,,1.0,,,,,0.0769230769230769,71.0,0.9014084507042254,0,11,0.0,0,1
47,6,41,0,0,,,,1.0,,,,,0.1428571428571428,67.0,0.7014925373134329,0,11,0.0,0,1
73,5,42,0,0,,,,1.0,,,,,0.1162790697674418,72.0,1.0138888888888888,0,15,0.0,0,1
9019,354,216,8603,0,,,1.0,1.0,-18000.0,,,,1.631336405529954,1376.0,6.554505813953488,0,18,0.0,0,0
9067,66,94,2612,0,,,,1.0,,,,,0.6947368421052632,641.0,14.145085803432137,1,3,0.0,0,0
51,547,494,0,31,,,1.0,1.0,-14400.0,,,,1.105050505050505,2371.0,0.0215099114297764,1,17,0.0,0,1
21805,453,302,4093,3,,,,1.0,28800.0,,,,1.495049504950495,1111.0,19.626462646264628,1,10,0.0,0,0
58,0,0,0,0,,,,1.0,10800.0,,,,0.0,868.0,0.0668202764976958,1,15,0.0,0,1
72102,726,28,165,23,,,1.0,1.0,-14400.0,,,,25.03448275862069,1171.0,61.57301451750641,1,20,0.0,0,0
1,205,200,0,6,,,1.0,1.0,-18000.0,,,,1.0199004975124375,2126.0,0.0004703668861712,1,20,0.0,0,1
73,5,42,0,1,,,,1.0,,,,,0.1162790697674418,72.0,1.0138888888888888,0,14,0.0,0,1
70,7,39,0,0,,,,1.0,,,,,0.175,72.0,0.9722222222222222,0,13,0.0,0,1
3,633,494,0,22,,,,1.0,-14400.0,,,,1.2787878787878788,2398.0,0.0012510425354462,1,16,0.0769230769230769,1,1
1,91,593,0,2,,,,,,,,,0.1531986531986532,,,0,5,0.2222222222222222,1,1
15926,794,645,182,5,,,1.0,1.0,-36000.0,,,,1.2291021671826623,1737.0,9.168681635002878,1,13,0.0,0,0
12238,1065,1903,1,1,1.0,,,1.0,,,,,0.5593487394957983,776.0,15.77061855670103,1,15,0.0,0,1
68,3,40,0,0,,,,1.0,,,,,0.073170731707317,67.0,1.0149253731343284,0,12,0.0,0,1
3,112,1077,0,0,,,,,,,,,0.1038961038961039,,,0,6,0.3333333333333333,1,1
16755,723,446,21680,5,,,1.0,1.0,-28800.0,,,,1.6174496644295302,1658.0,10.105548854041013,1,6,0.1666666666666666,1,0
56,2,42,0,0,,,,1.0,,,,,0.0465116279069767,70.0,0.8,0,13,0.0,0,1
49,6,37,0,0,,,,1.0,,,,,0.1578947368421052,67.0,0.7313432835820896,0,13,0.0,0,1
3028,1915,1804,1441,72,,,1.0,1.0,,,,,1.0609418282548475,802.0,3.775561097256858,1,13,0.0,0,0
50,10,44,0,1,,,,1.0,,,,,0.2222222222222222,70.0,0.7142857142857143,0,11,0.0,0,1
236,51,559,0,0,,,,1.0,,,,,0.0910714285714285,120.0,1.9666666666666663,0,14,0.0,0,1
130,253,333,0,0,,,,1.0,10800.0,,,,0.7574850299401198,874.0,0.148741418764302,1,15,0.0,0,1
16942,534,860,41,22,,,1.0,1.0,-25200.0,,,,0.6202090592334495,2513.0,6.741742936729009,1,10,0.0,0,0
47,12,40,0,0,,,,1.0,,,,,0.2926829268292683,68.0,0.6911764705882353,0,15,0.0,0,1
1503,241,856,60,2,,,1.0,1.0,-36000.0,,,,0.2812135355892649,838.0,1.7935560859188544,1,14,0.0,0,0
22139,449,298,2386,3,,,,1.0,-10800.0,,,,1.5016722408026757,242.0,91.48347107438016,1,4,0.0,0,0
14328,277,422,3814,9,,,1.0,1.0,,,,,0.6548463356973995,1055.0,13.581042654028437,1,15,0.0,0,0
35,964,560,0,5,,,1.0,1.0,-14400.0,,,,1.7183600713012477,2532.0,0.013823064770932,1,9,0.0,0,1
61,2,36,0,0,,,,1.0,,,,,0.054054054054054,69.0,0.8840579710144928,0,9,0.0,0,1
2304,143,569,507,1,,,,1.0,10800.0,,,,0.2508771929824561,2253.0,1.022636484687084,1,9,0.1666666666666666,1,0
44,4,37,0,0,,,,1.0,,,,,0.1052631578947368,54.0,0.8148148148148148,0,12,0.0,0,1
80,3,38,0,0,,,,1.0,,,,,0.0769230769230769,71.0,1.1267605633802815,0,14,0.0,0,1
53,11,42,0,0,,,,1.0,,,,,0.2558139534883721,68.0,0.7794117647058824,0,12,0.0,0,1
5,24,34,9,0,1.0,,1.0,1.0,,,,,0.6857142857142857,424.0,0.0117924528301886,0,11,0.0,0,0
36,8,35,0,1,,,,1.0,,,,,0.2222222222222222,67.0,0.5373134328358209,0,16,0.0,0,1
5,340,316,0,4,,,1.0,1.0,-14400.0,,,,1.0725552050473186,2568.0,0.0019470404984423,1,17,0.0,0,1
72495,4745,2404,2868,220,,,,1.0,28800.0,,,,1.972972972972973,2568.0,28.23014018691589,1,14,0.0714285714285714,1,0
3126,376,318,1565,3,,,,1.0,7200.0,,,,1.1786833855799372,1105.0,2.8289592760181,1,11,0.0,0,0
1562,995,1071,0,2,1.0,,,1.0,10800.0,,,,0.9281716417910448,450.0,3.471111111111111,1,15,0.0,0,1
58,11,40,0,0,,,,1.0,,,,,0.2682926829268293,70.0,0.8285714285714286,0,15,0.0,0,1
1767,98,154,14,6,1.0,,1.0,1.0,-14400.0,,,,0.632258064516129,1775.0,0.9954929577464788,1,15,0.4,1,0
67,8,40,0,1,,,,1.0,,,,,0.1951219512195122,71.0,0.943661971830986,0,12,0.0,0,1
129,3,0,0,0,,,,1.0,10800.0,,,,3.0,874.0,0.1475972540045766,1,6,0.0,0,1
15,20,508,0,1,,,,,,,,,0.0392927308447937,,,0,5,0.0,0,1
60,4,36,0,0,,,,1.0,,,,,0.1081081081081081,70.0,0.8571428571428571,0,12,0.0,0,1
77,1226,1959,0,5,,,,,,,,,0.6255102040816326,,,0,10,0.0,0,1
11310,791,194,6212,4,,,,1.0,-14400.0,,,,4.056410256410256,589.0,19.202037351443124,1,12,0.0,0,0
42346,1248,584,457,29,,,1.0,1.0,-25200.0,,,,2.1333333333333333,2229.0,18.99775684163302,1,12,0.0,0,0
13276,248,201,297,13,,,1.0,1.0,-25200.0,,,,1.2277227722772277,2080.0,6.382692307692308,1,5,0.0,0,0
31,0,0,0,0,,,,1.0,10800.0,,,,0.0,873.0,0.0355097365406643,1,14,0.0,0,1
114,0,0,0,0,,,,1.0,10800.0,,,,0.0,873.0,0.1305841924398625,1,15,0.0,0,1
1041,1086,256,132,4,,,1.0,1.0,-14400.0,,,,4.22568093385214,888.0,1.1722972972972974,1,7,0.1428571428571428,1,0
48,0,0,0,0,,,,1.0,10800.0,,,,0.0,872.0,0.055045871559633,1,13,0.0,0,1
1,61,382,0,0,,,,,,,,,0.1592689295039164,,,0,7,0.0833333333333333,1,1
55,5,31,0,1,,,,1.0,,,,,0.15625,65.0,0.8461538461538461,0,12,0.0,0,1
33,0,0,0,0,,,,1.0,10800.0,,,,0.0,873.0,0.0378006872852233,1,16,0.0,0,1
633,39,71,1846,2,,,,1.0,-25200.0,,,,0.5416666666666666,256.0,2.47265625,1,14,0.0,0,0
3,605,495,0,5,,,1.0,1.0,-14400.0,,,,1.219758064516129,2395.0,0.0012526096033402,1,16,0.0,0,1
13,268,261,0,8,,,1.0,1.0,-14400.0,,,,1.0229007633587786,2381.0,0.0054598908021839,1,19,0.0,0,1
26,0,0,0,0,,,,1.0,10800.0,,,,0.0,795.0,0.0327044025157232,1,15,0.0,0,1
67875,649,297,863,2,,,1.0,1.0,10800.0,,,,2.1778523489932886,1538.0,44.131989596879066,1,6,0.0,0,0
1826,227,123,4913,0,1.0,,,1.0,-25200.0,,,,1.8306451612903225,992.0,1.840725806451613,1,4,0.0,0,0
42,4,38,0,0,,,,1.0,,,,,0.1025641025641025,56.0,0.75,0,13,0.0,0,1
55,13,35,0,0,,,,1.0,,,,,0.3611111111111111,61.0,0.9016393442622952,0,15,0.0,0,1
66,4,36,0,0,,,,1.0,,,,,0.1081081081081081,64.0,1.03125,0,12,0.0,0,1
11490,182,345,20088,2,,,1.0,1.0,-21600.0,,,,0.5260115606936416,1993.0,5.765178123432012,0,12,0.2857142857142857,1,0
10161,132,621,1037,1,,,1.0,1.0,-18000.0,,,,0.2122186495176848,1628.0,6.241400491400492,1,13,0.0,0,0
8310,1192,709,2335,1,,,1.0,1.0,,,,,1.6788732394366197,1403.0,5.923022095509622,1,15,0.2222222222222222,1,0
10221,458,395,1813,3,,,,1.0,28800.0,,,,1.1565656565656566,1916.0,5.3345511482254695,1,10,0.0,0,0
987,570,854,0,1,1.0,,,1.0,10800.0,,,,0.6666666666666666,450.0,2.1933333333333334,1,7,0.0,0,1
38,4,38,0,0,,,,1.0,,,,,0.1025641025641025,58.0,0.6551724137931034,0,12,0.0,0,1
64,14,46,0,0,,,,1.0,,,,,0.2978723404255319,70.0,0.9142857142857144,0,15,0.0,0,1
373,91,150,9,0,,,,1.0,25200.0,,,,0.6026490066225165,984.0,0.3790650406504065,1,11,0.0,0,0
47,133,88,15,7,,,1.0,,,,,,1.4943820224719102,,,1,17,0.0,0,1
56,4,43,0,0,,,,1.0,,,,,0.0909090909090909,73.0,0.7671232876712328,0,14,0.0,0,1
1,34,631,0,0,,,,,,,,,0.0537974683544303,,,0,8,0.2727272727272727,1,1
63,7,41,0,0,,,,1.0,,,,,0.1666666666666666,67.0,0.9402985074626866,0,11,0.0,0,1
383,28,374,25,2,,,1.0,1.0,-25200.0,,,,0.0746666666666666,2218.0,0.172678088367899,1,13,0.0,0,0
62,6,43,0,0,,,,1.0,,,,,0.1363636363636363,76.0,0.8157894736842105,0,12,0.0,0,1
36161,2044,1740,2447,56,,,1.0,1.0,19800.0,,,,1.1740379092475588,2343.0,15.433632095603926,1,14,0.0,0,0
48,4,46,0,0,,,,1.0,,,,,0.0851063829787234,54.0,0.8888888888888888,0,13,0.0,0,1
80,9,41,0,0,,,,1.0,,,,,0.2142857142857142,74.0,1.0810810810810811,0,16,0.0,0,1
12338,703,1643,27,20,,,,,3600.0,,,,0.4276155717761557,1840.0,6.705434782608696,1,11,0.0,0,0
9,4,109,15,0,,,1.0,1.0,19800.0,,,,0.0363636363636363,964.0,0.0093360995850622,1,15,0.0,0,0
2334,172,357,89,3,1.0,,,1.0,19800.0,,,,0.4804469273743016,1370.0,1.7036496350364962,1,14,0.0,0,0
3,709,1981,0,2,,,,,,,,,0.3577194752774975,,,0,4,0.0,0,1
52,6,36,0,0,,,,1.0,,,,,0.1621621621621621,66.0,0.7878787878787878,0,13,0.0,0,1
55,3,33,0,0,,,,1.0,,,,,0.088235294117647,66.0,0.8333333333333334,0,16,0.0,0,1
44,7,46,0,0,,,,1.0,,,,,0.1489361702127659,54.0,0.8148148148148148,0,12,0.0,0,1
1,285,268,0,1,,,1.0,1.0,-25200.0,,,,1.0594795539033457,1704.0,0.0005868544600938,1,18,0.0,0,1
35,3,41,0,0,,,,1.0,,,,,0.0714285714285714,53.0,0.660377358490566,0,12,0.0,0,1
57,5,40,0,0,,,,1.0,,,,,0.1219512195121951,64.0,0.890625,0,14,0.0,0,1
4146,424,273,1944,2,,,1.0,1.0,-14400.0,,,,1.5474452554744529,110.0,37.69090909090909,1,5,0.0,0,0
477,4316,4716,0,5,,,,1.0,,,,,0.9149883400466398,1244.0,0.3834405144694534,1,14,0.1818181818181818,1,1
3014,1284,878,2381,23,,,1.0,1.0,3600.0,,,,1.4607508532423208,1134.0,2.6578483245149918,1,20,0.0,0,0
8763,660,157,581,22,,,1.0,,28800.0,,,,4.177215189873418,1364.0,6.424486803519062,1,11,0.0,0,0
81,3,43,0,0,,,,1.0,,,,,0.0681818181818181,73.0,1.1095890410958904,0,14,0.0,0,1
3,197,181,0,2,,,1.0,1.0,-14400.0,,,,1.0824175824175823,2564.0,0.001170046801872,1,20,0.0,0,1
18636,361,82,4192,2,,,1.0,1.0,-28800.0,,,,4.349397590361446,1301.0,14.324365872405842,1,17,0.0,0,0
43,6,40,0,0,,,,1.0,,,,,0.1463414634146341,57.0,0.7543859649122807,0,15,0.0,0,1
45,1,0,0,0,,,,1.0,10800.0,,,,1.0,803.0,0.0560398505603985,1,15,0.0666666666666666,1,1
1,279,270,0,1,,,1.0,1.0,-25200.0,,,,1.029520295202952,1736.0,0.0005760368663594,1,18,0.0,0,1
2725,667,1666,732,2,,,,,-28800.0,,,,0.400119976004799,1441.0,1.891047883414296,1,10,0.0,0,0
34,4,37,0,1,,1.0,,1.0,,,,,0.1052631578947368,60.0,0.5666666666666667,0,13,0.0,0,1
58,7,40,0,0,,,,1.0,,,,,0.1707317073170731,69.0,0.8405797101449275,0,11,0.0,0,1
82,447,1871,0,0,,,,,,,,,0.2387820512820513,,,1,11,0.0,0,1
55,6,33,0,0,,,,1.0,,,,,0.1764705882352941,67.0,0.8208955223880597,0,12,0.0,0,1
51359,3226,284,250,51,,,1.0,1.0,19800.0,,,,11.319298245614036,1343.0,38.24199553239017,0,2,0.0,0,0
6796,6512,5450,5,7,1.0,,,1.0,10800.0,,,,1.1946431847367456,750.0,9.061333333333334,1,6,0.0,0,1
1603,424,491,1720,0,,,,1.0,-18000.0,,,,0.8617886178861789,990.0,1.6191919191919193,1,12,0.3,1,0
61,4,44,0,1,,,,1.0,,,,,0.0888888888888888,61.0,1.0,0,10,0.0,0,1
46,1,35,0,0,,,,1.0,,,,,0.0277777777777777,54.0,0.8518518518518519,0,15,0.0,0,1
71,12,45,0,0,,,,1.0,,,,,0.2608695652173913,72.0,0.9861111111111112,0,11,0.0,0,1
323,137,1898,3629,1,1.0,,,1.0,,,,,0.072143233280674,310.0,1.0419354838709678,0,18,0.0,0,0
59,7,41,0,0,,,,1.0,,,,,0.1666666666666666,68.0,0.8676470588235294,0,12,0.0,0,1
34,244,197,0,3,,,1.0,1.0,-14400.0,,,,1.2323232323232325,2554.0,0.0133124510571652,1,18,0.0,0,1
131,8,9,3,0,1.0,,1.0,1.0,-36000.0,,,,0.8,1422.0,0.0921237693389592,1,4,0.0,0,0
55,10,39,0,0,,,,1.0,,,,,0.25,67.0,0.8208955223880597,0,10,0.0,0,1
1,65,439,0,0,,,,,,,,,0.1477272727272727,,,0,5,0.2222222222222222,1,1
57,4,42,0,0,,,,1.0,,,,,0.0930232558139534,66.0,0.8636363636363636,0,15,0.0,0,1
3,253,223,0,8,,,1.0,1.0,-14400.0,,,,1.1294642857142858,2527.0,0.001187178472497,1,20,0.0,0,1
1,39,339,0,0,,,,,,,,,0.1147058823529411,,,0,6,0.1818181818181818,1,1
114,36,138,0,0,,,,1.0,10800.0,,,,0.2589928057553957,873.0,0.1305841924398625,1,15,0.0,0,1
99,693,530,0,15,,,1.0,1.0,-14400.0,,,,1.305084745762712,2489.0,0.0397750100441944,1,15,0.0,0,1
136,71,202,4,0,,,,1.0,,,,,0.3497536945812808,160.0,0.85,0,14,0.0,0,1
10757,840,1433,407,18,1.0,,1.0,1.0,-18000.0,,,,0.5857740585774058,1829.0,5.88135593220339,1,17,0.0,0,0
287,5188,5705,0,6,,,,1.0,10800.0,,,,0.9092183666316158,874.0,0.3283752860411899,1,5,0.0,0,1
326,106,0,0,0,,,,1.0,10800.0,,,,106.0,874.0,0.3729977116704805,1,5,0.0,0,1
11143,551,1268,0,3,1.0,,,1.0,,,,,0.4342001576044129,776.0,14.359536082474229,1,11,0.0,0,1
3,1,7,1,0,1.0,,,1.0,-36000.0,,,,0.125,1153.0,0.002601908065915,0,9,0.6153846153846154,1,0
81,3,42,0,2,,,,1.0,,,,,0.0697674418604651,72.0,1.125,0,9,0.0,0,1
12897,1552,1733,1,17,1.0,,,1.0,-14400.0,,,,0.895040369088812,1323.0,9.748299319727892,1,13,0.1428571428571428,1,1
51,273,261,0,11,,,1.0,1.0,-14400.0,,,,1.0419847328244274,2381.0,0.0214195716085678,1,19,0.0,0,1
59,6,43,0,0,,,,1.0,,,,,0.1363636363636363,71.0,0.8309859154929577,0,11,0.0,0,1
706,773,1996,259,0,1.0,,1.0,1.0,,,,,0.3870806209313971,145.0,4.86896551724138,1,10,0.0,0,0
24,263,244,0,3,,,1.0,1.0,-14400.0,,,,1.073469387755102,2575.0,0.0093203883495145,1,17,0.0,0,1
9457,46,163,486,1,,,,1.0,-25200.0,,,,0.2804878048780488,760.0,12.44342105263158,1,10,0.0,0,0
140,237,324,0,0,,,,1.0,10800.0,,,,0.7292307692307692,872.0,0.1605504587155963,1,12,0.0,0,1
11750,1357,1247,1,7,,,,1.0,-18000.0,,,,1.0873397435897436,1006.0,11.679920477137175,1,10,0.0,0,1
51,4,43,0,0,,,,1.0,,,,,0.0909090909090909,68.0,0.75,0,12,0.0,0,1
13334,194,132,2231,0,,,1.0,1.0,-18000.0,,,,1.4586466165413534,836.0,15.94976076555024,1,2,0.0,0,0
78,6,41,0,0,,,,1.0,,,,,0.1428571428571428,75.0,1.04,0,14,0.0,0,1
101,210,333,0,0,1.0,,,1.0,10800.0,,,,0.6287425149700598,874.0,0.1155606407322654,1,12,0.0,0,1
56,0,37,0,0,,,,1.0,,,,,0.0,70.0,0.8,0,14,0.0,0,1
588,2630,3855,0,14,,,,,,,,,0.6820539419087137,,,0,6,0.0,0,1
1,109,628,0,0,,,,,,,,,0.1732909379968203,,,0,6,0.2,1,1
309,4803,5272,0,5,,,,1.0,10800.0,,,,0.9108666793096908,873.0,0.3539518900343643,1,5,0.0,0,1
6,296,290,0,3,,,1.0,1.0,-14400.0,,,,1.0171821305841924,2576.0,0.0023291925465838,1,19,0.0,0,1
73,8,43,0,0,,,,1.0,,,,,0.1818181818181818,73.0,1.0,0,14,0.0,0,1
2040,953,1248,2,28,,,1.0,1.0,-18000.0,,,,0.7630104083266613,1005.0,2.029850746268657,1,12,0.0,0,1
72,0,0,0,0,,,,1.0,10800.0,,,,0.0,872.0,0.0825688073394495,1,15,0.0,0,1
6381,222,1725,0,8,,,,1.0,-14400.0,,,,0.1286210892236384,1006.0,6.342942345924453,1,11,0.0,0,1
29146,1347,736,2728,15,,,1.0,1.0,-28800.0,,,,1.8276797829036635,1797.0,16.219254312743463,1,11,0.0,0,0
1380,563,1670,2664,4,,,,1.0,-18000.0,,,,0.3369239976062238,1540.0,0.8961038961038961,1,5,0.0,0,0
2499,103,460,26,9,,,,1.0,43200.0,,,,0.2234273318872017,2215.0,1.128216704288939,1,13,0.0,0,0
72,12,46,0,0,,,,1.0,,,,,0.2553191489361702,74.0,0.972972972972973,0,16,0.0,0,1
57,299,254,0,7,,,1.0,1.0,-14400.0,,,,1.1725490196078432,2545.0,0.0223968565815324,1,18,0.0,0,1
68,4,38,0,0,,,,1.0,,,,,0.1025641025641025,75.0,0.9066666666666666,0,15,0.0,0,1
3,49,1468,0,0,,,,,,,,,0.0333560245064669,,,0,17,0.1538461538461538,1,1
5042,331,261,1303,1,,,1.0,1.0,-25200.0,,,,1.263358778625954,1263.0,3.9920823436262864,1,14,0.0,0,0
9,654,494,0,29,,,1.0,1.0,-14400.0,,,,1.3212121212121213,2357.0,0.0038184132371658,1,18,0.0,0,1
128,222,294,0,0,,,,1.0,10800.0,,,,0.752542372881356,872.0,0.146788990825688,1,16,0.0,0,1
34,5,44,0,0,,,,1.0,,,,,0.1111111111111111,68.0,0.5,0,14,0.0,0,1
12822,168,403,524,5,,,1.0,1.0,28800.0,,,,0.4158415841584158,1584.0,8.094696969696969,1,3,0.0,0,0
3150,413,412,23829,3,1.0,,1.0,1.0,-14400.0,,,,1.0,1002.0,3.143712574850299,1,14,0.4,1,0
68,5,45,0,0,,,,1.0,,,,,0.108695652173913,72.0,0.9444444444444444,0,12,0.0,0,1
65,2,46,0,0,,1.0,,1.0,,,,,0.0425531914893617,67.0,0.9701492537313432,0,13,0.0,0,1
54,6,37,0,0,,,,1.0,,,,,0.1578947368421052,68.0,0.7941176470588235,0,14,0.0,0,1
4153,1581,1000,864,66,,,1.0,1.0,43200.0,,,,1.5794205794205791,1692.0,2.4544917257683214,1,17,0.0,0,0
10772,830,1048,6816,31,,,1.0,1.0,3600.0,,,,0.7912297426120114,2092.0,5.149139579349904,1,11,0.0,0,0
60,6,36,0,0,,,,1.0,,,,,0.1621621621621621,70.0,0.8571428571428571,0,15,0.0,0,1
31737,1641,1692,28,9,,,1.0,1.0,-14400.0,,,,0.96928529238039,1823.0,17.409215578716402,1,13,0.0,0,0
55465,2462,2599,0,14,,,,1.0,,,,,0.946923076923077,776.0,71.47551546391753,1,19,0.0,0,1
18570,367,632,22797,3,,,1.0,1.0,-25200.0,,,,0.5797788309636651,605.0,30.694214876033055,1,18,0.0,0,0
50540,3491,3296,19086,72,,,1.0,1.0,10800.0,,,,1.0588413709432818,936.0,53.995726495726494,1,15,0.0,0,0
93,37,224,1,0,,,,1.0,7200.0,,,,0.1644444444444444,608.0,0.1529605263157894,1,17,0.0,0,1
11,59,152,0,11,,,1.0,1.0,-25200.0,,,,0.3856209150326797,1281.0,0.0085870413739266,1,19,0.0,0,1
24063,662,208,56035,19,,,,1.0,,,,,3.167464114832536,291.0,82.69072164948453,1,14,0.0,0,0
81,5,43,0,0,,,,1.0,,,,,0.1136363636363636,71.0,1.1408450704225352,0,15,0.0,0,1
50,3,41,0,0,,,,1.0,,,,,0.0714285714285714,68.0,0.7352941176470589,0,15,0.0,0,1
51,6,42,0,1,,,,1.0,,,,,0.1395348837209302,68.0,0.75,0,13,0.0,0,1
30131,671,469,165,4,,,1.0,1.0,-21600.0,,,,1.4276595744680851,2011.0,14.983092988562904,1,15,0.1111111111111111,1,0
41,3,36,0,0,,,,1.0,,,,,0.081081081081081,56.0,0.7321428571428571,0,10,0.0,0,1
6876,191,267,2284,1,,,1.0,1.0,,,,,0.7126865671641791,426.0,16.140845070422536,1,19,0.0,0,0
9024,581,667,1,4,1.0,,,1.0,,,,,0.8697604790419161,776.0,11.628865979381445,1,12,0.0,0,1
27,572,521,0,9,,,1.0,1.0,-14400.0,,,,1.0957854406130267,2504.0,0.0107827476038338,1,12,0.0,0,1
14,11,417,0,0,,,,,,,,,0.0263157894736842,,,0,8,0.0833333333333333,1,1
239,634,540,0,24,,,1.0,1.0,-14400.0,,,,1.1719038817005545,2505.0,0.0954091816367265,1,12,0.0,0,1
6705,341,185,1012,4,,,,,-14400.0,,,,1.8333333333333333,624.0,10.745192307692308,1,5,0.0,0,0
247,51,382,50,4,,,,,43200.0,,,,0.1331592689295039,220.0,1.1227272727272728,1,17,0.0,0,0
2042,123,320,1426,0,,,1.0,1.0,,,,,0.3831775700934579,1071.0,1.9066293183940244,1,13,0.0,0,0
10259,1070,357,4409,12,,,1.0,1.0,-18000.0,,,,2.988826815642458,1571.0,6.5302355187778485,1,12,0.0,0,0
184661,5795,186,57,182,,,,1.0,-18000.0,,,,30.989304812834224,2063.0,89.51090644692196,1,12,0.0,0,1
372,326,273,0,32,,,1.0,1.0,-14400.0,,,,1.1897810218978102,2382.0,0.1561712846347607,1,18,0.0,0,1
63,4,33,0,0,,,,1.0,,,,,0.1176470588235294,62.0,1.0161290322580645,0,13,0.0,0,1
41,8,38,0,0,,,,1.0,,,,,0.2051282051282051,54.0,0.7592592592592593,0,15,0.0,0,1
31,205,835,0,5,,,,,,,,,0.2452153110047847,,,0,6,0.0,0,1
71433,927,862,12433,46,,,,,7200.0,,,,1.0741599073001158,1431.0,49.918238993710695,1,18,0.0,0,0
811,118,113,3328,1,1.0,,1.0,1.0,,,,,1.0350877192982455,425.0,1.908235294117647,0,15,0.1818181818181818,1,0
4596,325,180,2791,3,,,1.0,1.0,,,,,1.7955801104972375,2021.0,2.2741217219198417,1,13,0.0,0,0
1,28,786,0,0,,,,,,,,,0.0355781448538754,,,0,20,0.0769230769230769,1,1
11747,774,1991,1,2,,,,1.0,-14400.0,,,,0.3885542168674699,1028.0,11.42704280155642,1,7,0.3333333333333333,1,1
5124,290,200,109,2,,,,1.0,18000.0,,,,1.4427860696517414,2131.0,2.4045049272641954,1,20,0.0,0,0
4602,520,243,2185,2,,,1.0,1.0,28800.0,,,,2.1311475409836067,2111.0,2.180009474182852,1,2,0.0,0,0
11524,829,1695,0,8,1.0,,,1.0,,,,,0.4887971698113207,776.0,14.850515463917526,1,12,0.0,0,1
12228,254,333,15813,2,1.0,,1.0,1.0,,,,,0.7604790419161677,787.0,15.537484116899618,0,3,0.0,0,0
125,2425,2613,0,4,,,,1.0,10800.0,,,,0.9276970160673298,797.0,0.1568381430363864,1,4,0.0,0,1
35,5,38,0,0,,,,1.0,,,,,0.1282051282051282,59.0,0.5932203389830508,0,15,0.0,0,1
3626,101,125,2130,0,,,,1.0,21600.0,,,,0.8015873015873016,1902.0,1.9064143007360672,1,14,0.0,0,0
2,285,277,0,1,,,1.0,1.0,-25200.0,,,,1.025179856115108,1742.0,0.0011481056257175,1,17,0.0,0,1
1315,372,1032,104,2,1.0,,1.0,1.0,,,,,0.3601161665053243,2118.0,0.6208687440982058,1,9,0.0,0,0
1,37,383,0,1,,,,,,,,,0.0963541666666666,,,0,16,0.0,0,1
1,106,714,0,0,,,,,,,,,0.1482517482517482,,,0,7,0.1818181818181818,1,1
21611,3535,2689,5201,16,,,1.0,1.0,7200.0,,,,1.314126394052045,1183.0,18.267962806424343,1,4,0.0,0,0
145,479,1124,0,1,,,,,,,,,0.4257777777777777,,,0,12,0.0,0,1
90,3,39,0,0,,,,1.0,,,,,0.075,74.0,1.2162162162162162,0,13,0.0,0,1
12515,787,1947,1,0,1.0,,,1.0,,,,,0.4040041067761807,776.0,16.12757731958763,1,17,0.0,0,1
82,0,0,0,0,,,,1.0,10800.0,,,,0.0,872.0,0.0940366972477064,1,11,0.0,0,1
45,3,38,0,1,,,,1.0,,,,,0.0769230769230769,54.0,0.8333333333333334,0,14,0.0,0,1
79,2,43,0,0,,,,1.0,,,,,0.0454545454545454,74.0,1.0675675675675675,0,14,0.0,0,1
23261,589,396,52,0,,,,1.0,-28800.0,,,,1.4836272040302267,1540.0,15.104545454545455,1,19,0.0,0,0
78,7,41,0,0,,,,1.0,,,,,0.1666666666666666,73.0,1.0684931506849316,0,13,0.0,0,1
1952,1745,1997,777,30,1.0,,1.0,1.0,,,,,0.8733733733733734,915.0,2.1333333333333333,1,11,0.0,0,0
12448,951,1785,1,11,,,,1.0,-18000.0,,,,0.5324748040313549,1200.0,10.373333333333331,1,12,0.0,0,1
10808,910,1889,1,10,,,,1.0,-18000.0,,,,0.4814814814814814,1088.0,9.933823529411764,1,20,0.0,0,1
67,7,35,0,0,,,,1.0,,,,,0.1944444444444444,70.0,0.9571428571428572,0,12,0.0,0,1
5332,449,369,234,7,,,,,-16200.0,,,,1.2135135135135136,2148.0,2.4823091247672253,1,13,0.0714285714285714,1,0
18306,339,124,1,6,,,1.0,,-7200.0,,,,2.712,2155.0,8.494663573085846,1,16,0.0,0,0
39968,939,753,625,22,,,1.0,1.0,19800.0,,,,1.2453580901856764,2214.0,18.052393857271905,1,17,0.0,0,0
1,219,633,0,3,,,,,,,,,0.3454258675078864,,,0,7,0.1818181818181818,1,1
142,80,163,3,0,,,,1.0,,,,,0.4878048780487805,161.0,0.8819875776397516,0,15,0.0,0,1
47,234,200,0,10,,,1.0,1.0,-14400.0,,,,1.164179104477612,2554.0,0.0184025058731401,1,20,0.0,0,1
333504,986837,1111,1937,4840,,,1.0,1.0,28800.0,,,1.0,887.443345323741,2480.0,134.4774193548387,1,14,0.0,0,0
12615,703,1591,1,0,,,,1.0,-18000.0,,,,0.4415829145728643,1032.0,12.223837209302326,1,12,0.1111111111111111,1,1
612,103,196,1648,0,,,1.0,,-25200.0,,,,0.5228426395939086,192.0,3.1875,1,12,0.0,0,0
79,4,35,0,0,,,,1.0,,,,,0.1111111111111111,71.0,1.1126760563380282,0,11,0.0,0,1
64,36,452,24,0,1.0,,1.0,1.0,,,,,0.0794701986754966,1342.0,0.0476900149031296,0,11,0.0,0,0
130,0,0,0,0,,,,1.0,10800.0,,,,0.0,875.0,0.1485714285714285,1,14,0.1333333333333333,1,1
75,7,43,0,0,,,,1.0,,,,,0.1590909090909091,71.0,1.056338028169014,0,13,0.0,0,1
257,5130,5623,0,9,,,,1.0,10800.0,,,,0.9121621621621622,872.0,0.2947247706422018,1,5,0.0,0,1
16833,664,419,8100,0,,,1.0,1.0,-25200.0,,,,1.5809523809523809,1759.0,9.569641841955656,1,9,0.1,1,0
1,84,789,0,0,,,,,,,,,0.1063291139240506,,,0,10,0.2307692307692307,1,1
100,345,248,0,15,,,1.0,1.0,-14400.0,,,,1.3855421686746987,2399.0,0.0416840350145894,1,17,0.0,0,1
42,4,36,0,0,,,,1.0,,,,,0.1081081081081081,57.0,0.7368421052631579,0,13,0.0,0,1
48,2,44,0,0,,,,1.0,,,,,0.0444444444444444,67.0,0.7164179104477612,0,11,0.0,0,1
11820,715,1858,1,2,,,,1.0,-18000.0,,,,0.3846153846153846,1393.0,8.485283560660445,1,16,0.0,0,1
59,4,42,0,0,,,,1.0,,,,,0.0930232558139534,70.0,0.8428571428571429,0,12,0.0,0,1
221,4264,4467,0,6,,,,1.0,10800.0,,,,0.954341987466428,803.0,0.2752179327521793,1,6,0.0,0,1
12428,1085,1715,1,31,,,,1.0,-18000.0,,,,0.6322843822843823,1203.0,10.3308395677473,1,13,0.0,0,1
3,1344,1577,0,2,,,,,,,,,0.8517110266159695,,,1,10,0.0,0,1
10924,578,185,13651,13,,,,1.0,,,,,3.10752688172043,674.0,16.207715133531156,1,4,0.0,0,0
52,6,37,0,0,,,,1.0,,,,,0.1578947368421052,64.0,0.8125,0,13,0.0,0,1
65,6,41,0,0,,,,1.0,,,,,0.1428571428571428,63.0,1.031746031746032,0,13,0.0,0,1
6540,448,409,298,0,,,,1.0,28800.0,,,,1.0926829268292684,951.0,6.876971608832808,1,12,0.0,0,0
1,197,577,0,0,,,,,,,,,0.3408304498269896,,,0,4,0.375,1,1
60,8,44,0,0,,,,1.0,,,,,0.1777777777777777,64.0,0.9375,0,15,0.0,0,1
252,56,140,426,0,1.0,,,1.0,,,,,0.3971631205673759,258.0,0.9767441860465116,1,11,0.0,0,0
7832,1273,1898,3326,4,,,1.0,1.0,28800.0,,,,0.6703528172722486,1126.0,6.9555950266429845,1,7,0.0,0,0
1960,3793,4085,0,25,1.0,,,1.0,10800.0,,,,0.9282917278511992,777.0,2.5225225225225225,1,10,0.0,0,1
122,0,0,0,0,,,,1.0,10800.0,,,,0.0,873.0,0.1397479954180985,1,16,0.0,0,1
701,252,376,1781,0,1.0,,1.0,1.0,,,,,0.6684350132625995,403.0,1.739454094292804,1,18,0.0,0,0
43,4,39,0,0,,,,1.0,,,,,0.1,67.0,0.6417910447761194,0,12,0.0,0,1
48,0,0,0,0,,,,1.0,10800.0,,,,0.0,874.0,0.0549199084668192,1,13,0.0,0,1
23704,1112,1549,53,25,,,,1.0,-25200.0,,,,0.7174193548387097,2074.0,11.429122468659594,1,12,0.1666666666666666,1,0
11845,1123,1115,2997,1,,,1.0,1.0,-14400.0,,,,1.0062724014336917,1236.0,9.583333333333334,1,10,0.0,0,0
74,42,88,0,0,,,,1.0,10800.0,,,,0.4719101123595505,872.0,0.0848623853211009,1,13,0.0,0,1
2289,280,327,11406,6,1.0,,1.0,1.0,,,,,0.8536585365853658,1397.0,1.6385110952040085,1,13,0.0,0,0
3263,77,72,183,1,1.0,,,1.0,,,,,1.0547945205479452,288.0,11.32986111111111,1,18,0.0,0,0
74,3,39,0,0,,,,1.0,,,,,0.075,74.0,1.0,0,11,0.0,0,1
45,5,38,0,0,,,,1.0,,,,,0.1282051282051282,56.0,0.8035714285714286,0,11,0.0,0,1
10788,4685,4647,1816,118,,,,1.0,-36000.0,,,,1.007960413080895,1407.0,7.667377398720682,1,6,0.25,1,0
1,45,311,0,0,,,,,,,,,0.1442307692307692,,,0,9,0.2857142857142857,1,1
60,5,36,0,0,,,,1.0,,,,,0.1351351351351351,62.0,0.967741935483871,0,12,0.0,0,1
6,70,446,0,7,,,,,,,,,0.1565995525727069,,,0,14,0.2727272727272727,1,1
55052,1978,197,7274,7,1.0,,1.0,1.0,-28800.0,,,,9.98989898989899,1322.0,41.642965204236006,1,16,0.3076923076923077,1,0
3,277,269,0,1,,,1.0,1.0,-25200.0,,,,1.025925925925926,1669.0,0.0017974835230677,1,17,0.0,0,1
38,8,39,0,0,,,,1.0,,,,,0.2,67.0,0.5671641791044776,0,11,0.0,0,1
112,0,0,0,0,,,,1.0,10800.0,,,,0.0,803.0,0.1394769613947696,1,12,0.0,0,1
1679,79,262,254,3,,,1.0,1.0,-25200.0,,,,0.3003802281368821,1729.0,0.9710815500289184,1,2,0.0,0,0
66,2,0,0,0,,,,1.0,10800.0,,,,2.0,874.0,0.0755148741418764,1,15,0.0,0,1
55,315,234,0,29,,,1.0,1.0,-14400.0,,,,1.3404255319148937,2573.0,0.0213758258841818,1,19,0.0,0,1
41550,6050,2914,32113,93,,,1.0,1.0,-25200.0,,,,2.0754716981132075,907.0,45.8103638368247,1,4,0.0,0,0
74,1173,995,0,1,,,,,,,,,1.177710843373494,,,0,7,0.0,0,1
4629,489,102,10957,0,,,1.0,1.0,-25200.0,,,,4.747572815533981,418.0,11.074162679425838,1,3,0.0,0,0
305,55,51,89,0,,,1.0,1.0,-14400.0,,,,1.0576923076923077,2224.0,0.1371402877697841,0,16,0.0,0,0
57,3,37,0,0,,,,1.0,,,,,0.0789473684210526,62.0,0.9193548387096774,0,15,0.0,0,1
44,5,37,0,0,,,,1.0,,,,,0.131578947368421,55.0,0.8,0,15,0.0,0,1
1080,131,519,1058,2,1.0,,,1.0,,,,,0.2519230769230769,311.0,3.472668810289389,1,20,0.0,0,0
43,9,39,0,0,,,,1.0,,,,,0.225,69.0,0.6231884057971014,0,13,0.0,0,1
422,2069,2083,0,4,,,,,,,,,0.9928023032629558,,,1,19,0.0,0,1
395,84,998,0,0,,,,1.0,,,,,0.084084084084084,75.0,5.266666666666667,0,15,0.0,0,1
9,134,734,0,0,,,,,,,,,0.182312925170068,,,0,3,0.0,0,1
306,330,336,43,7,,,,1.0,,,,,0.9792284866468842,245.0,1.2489795918367348,1,13,0.0,0,0
1,112,563,0,1,,,,,,,,,0.1985815602836879,,,0,6,0.2,1,1
11313,1203,975,0,9,1.0,,,1.0,-18000.0,,,,1.2325819672131149,776.0,14.57860824742268,1,11,0.0,0,1
1141,270,171,40,12,,,,1.0,,,,,1.569767441860465,702.0,1.6253561253561253,1,15,0.0,0,0
121,0,0,0,0,,,,1.0,10800.0,,,,0.0,875.0,0.1382857142857143,1,14,0.0,0,1
12167,1464,1801,0,18,,,,1.0,-14400.0,,,,0.8124306326304107,1391.0,8.746944644140905,1,14,0.1333333333333333,1,1
11328,837,1800,1,3,1.0,,,1.0,,,,,0.4647418101054969,776.0,14.597938144329897,1,13,0.0,0,1
2,605,518,0,2,,,1.0,1.0,-25200.0,,,,1.165703275529865,1711.0,0.0011689070718877,1,20,0.0,0,1
25831,743,628,17264,0,,,1.0,1.0,-25200.0,,,,1.1812400635930047,1058.0,24.41493383742911,1,2,0.0,0,0
77,3,38,0,0,,,,1.0,,,,,0.0769230769230769,73.0,1.0547945205479452,0,10,0.0,0,1
64,7,44,0,0,,,,1.0,,,,,0.1555555555555555,71.0,0.9014084507042254,0,11,0.0,0,1
117,2,7,0,0,,,,1.0,10800.0,,,,0.25,873.0,0.134020618556701,1,14,0.0,0,1
65,3,34,0,0,,,,1.0,,,,,0.0857142857142857,72.0,0.9027777777777778,0,16,0.0,0,1
2467,57,55,1606,2,,,,1.0,-14400.0,,,,1.0178571428571428,1618.0,1.5247218788627936,1,13,0.1111111111111111,1,0
57,6,40,0,0,,,,1.0,,,,,0.1463414634146341,70.0,0.8142857142857143,0,11,0.0,0,1
54,5,39,0,1,,,,1.0,,,,,0.125,66.0,0.8181818181818182,0,12,0.0,0,1
159,20,267,104,0,1.0,1.0,,1.0,,,,,0.0746268656716417,187.0,0.8502673796791443,0,15,0.0,0,0
40968,1957,1286,1949,1,,,1.0,1.0,-21600.0,,,,1.5205905205905206,1402.0,29.22111269614836,1,5,0.0,0,0
73,5,35,0,0,,,,1.0,,,,,0.1388888888888889,73.0,1.0,0,11,0.0,0,1
23564,567,478,1860,5,,,,1.0,-28800.0,,,,1.1837160751565765,2234.0,10.547896150402863,1,7,0.0,0,0
134,785,1876,0,3,,,,,,,,,0.4182205647309536,,,0,17,0.0,0,1
10,292,243,0,10,,,1.0,1.0,-14400.0,,,,1.1967213114754098,2520.0,0.0039682539682539,1,18,0.0,0,1
266,311,269,0,35,,,1.0,1.0,-14400.0,,,,1.151851851851852,2382.0,0.1116708648194794,1,18,0.0,0,1
5899,311,381,196,1,,,1.0,1.0,28800.0,,,,0.8141361256544503,1569.0,3.759719566602932,1,7,0.0,0,0
9927,312,235,5340,5,,,1.0,1.0,,,,,1.3220338983050848,699.0,14.201716738197424,1,8,0.0,0,0
43,4,38,0,0,,,,1.0,,,,,0.1025641025641025,58.0,0.7413793103448276,0,12,0.0,0,1
258,4466,4759,0,3,,,,1.0,10800.0,,,,0.9382352941176472,803.0,0.3212951432129514,1,6,0.0,0,1
70,4,31,0,0,,,,1.0,,,,,0.125,73.0,0.958904109589041,0,14,0.0,0,1
300,43,657,0,0,,,,1.0,,,,,0.0653495440729483,73.0,4.109589041095891,0,14,0.0,0,1
67,1,38,0,0,,,,1.0,,,,,0.0256410256410256,62.0,1.0806451612903225,0,12,0.0,0,1
45,4,34,0,0,,,,1.0,,,,,0.1142857142857142,55.0,0.8181818181818182,0,12,0.0,0,1
63,28,172,8,0,,,,,,,,,0.1618497109826589,54.0,1.1666666666666667,1,14,0.1333333333333333,1,0
5343,159,273,10225,1,1.0,,1.0,1.0,,,,,0.5802919708029197,573.0,9.324607329842932,1,4,0.0,0,0
10288,240,270,5920,1,1.0,,1.0,1.0,,,,,0.8856088560885609,679.0,15.151693667157584,1,9,0.0,0,0
415,93,1038,0,0,,,,1.0,,,,,0.0895091434071222,127.0,3.267716535433071,0,16,0.0,0,1
44,3,40,0,0,,,,1.0,,,,,0.073170731707317,68.0,0.6470588235294118,0,16,0.0,0,1
3,193,176,0,9,,,1.0,1.0,-14400.0,,,,1.0903954802259888,2554.0,0.0011746280344557,1,18,0.0,0,1
7863,106,70,3771,0,,,1.0,1.0,-25200.0,,,,1.4929577464788732,1443.0,5.449064449064449,0,13,0.0,0,0
37,4,36,0,0,,,,1.0,,,,,0.1081081081081081,55.0,0.6727272727272727,0,12,0.0,0,1
46,5,32,0,0,,1.0,,1.0,,,,,0.1515151515151515,70.0,0.6571428571428571,0,14,0.0,0,1
12803,1236,1130,1,19,,,,1.0,-14400.0,,,,1.0928381962864722,1074.0,11.920856610800746,1,12,0.1428571428571428,1,1
56,3,32,0,0,,,,1.0,,,,,0.0909090909090909,63.0,0.8888888888888888,0,11,0.0,0,1
34060,840,1242,26235,19,,,1.0,1.0,36000.0,,,,0.6757843925985519,1333.0,25.55138784696174,1,20,0.0,0,0
1,195,180,0,7,,,1.0,1.0,-18000.0,,,,1.0773480662983426,2564.0,0.000390015600624,1,20,0.0,0,1
2586,86,92,87,1,1.0,,1.0,1.0,32400.0,,,,0.9247311827956988,482.0,5.365145228215767,1,6,0.0,0,0
11750,931,1804,1,2,1.0,,,1.0,,,,,0.5157894736842106,776.0,15.141752577319588,1,13,0.0,0,1
527,441,285,0,84,,,1.0,1.0,-14400.0,,,,1.541958041958042,2382.0,0.2212426532325776,1,18,0.0,0,1
50,5,38,0,0,,,,1.0,,,,,0.1282051282051282,68.0,0.7352941176470589,0,14,0.0,0,1
13,628,494,0,18,,,,1.0,-14400.0,,,,1.2686868686868686,2397.0,0.0054234459741343,1,19,0.0769230769230769,1,1
55,4,40,0,0,,1.0,,1.0,,,,,0.0975609756097561,67.0,0.8208955223880597,0,11,0.0,0,1
2785,435,684,11141,0,,,1.0,1.0,-25200.0,,,,0.635036496350365,1502.0,1.8541944074567245,1,4,0.1333333333333333,1,0
1,560,494,0,7,,,1.0,1.0,-14400.0,,,,1.1313131313131313,2357.0,0.0004242681374628,1,19,0.0,0,1
9374,317,1563,0,1,1.0,,,1.0,,,,,0.2026854219948849,442.0,21.20814479638009,1,11,0.0,0,1
67,6,50,0,0,,,,1.0,,,,,0.1176470588235294,62.0,1.0806451612903225,0,14,0.0,0,1
6497,351,264,5209,0,1.0,,1.0,1.0,,,,,1.3245283018867924,1300.0,4.997692307692308,1,11,0.0,0,0
40,1,37,0,0,,,,1.0,,,,,0.0263157894736842,60.0,0.6666666666666666,0,13,0.0,0,1
1684,155,195,1034,1,,,,1.0,20700.0,,,,0.7908163265306123,1147.0,1.4681778552746294,1,12,0.0,0,0
1529,305,764,1045,1,,,1.0,1.0,,,,,0.3986928104575163,336.0,4.550595238095238,1,4,0.1428571428571428,1,0
7102,2077,197,920,13,1.0,,1.0,1.0,-36000.0,,,,10.48989898989899,1049.0,6.77025738798856,1,5,0.0,0,0
50,7,43,0,0,,,,1.0,,,,,0.1590909090909091,69.0,0.7246376811594203,0,10,0.0,0,1
72,6,35,0,0,,,,1.0,,,,,0.1666666666666666,73.0,0.9863013698630136,0,14,0.0,0,1
171,10,60,0,0,,,,1.0,-25200.0,,,,0.1639344262295081,50.0,3.42,1,20,0.0,0,1
1249,139,466,38,0,,,1.0,1.0,43200.0,,,,0.297644539614561,1311.0,0.9527078565980168,1,18,0.1666666666666666,1,0
42,8,37,0,0,,,,1.0,,,,,0.2105263157894736,56.0,0.75,0,14,0.0,0,1
25739,188,180,28,0,,,1.0,,28800.0,,,,1.0386740331491713,1557.0,16.53114964675658,1,19,0.0,0,0
16023,285,210,324,1,,,,1.0,10800.0,,,,1.3507109004739335,787.0,20.35959339263024,1,6,0.0,0,1
85,74,121,307,0,1.0,,,1.0,,,,,0.6065573770491803,74.0,1.148648648648649,1,11,0.25,1,0
323,1142,496,0,172,,,1.0,1.0,-14400.0,,,,2.297786720321932,2482.0,0.1301369863013698,1,12,0.0769230769230769,1,1
11749,822,1907,1,2,1.0,,,1.0,,,,,0.4308176100628931,776.0,15.140463917525771,1,13,0.0,0,1
1,67,481,0,0,,,,,,,,,0.1390041493775933,,,0,8,0.25,1,1
43,1,41,0,0,,,,1.0,,,,,0.0238095238095238,67.0,0.6417910447761194,0,12,0.0,0,1
520,798,494,0,160,,,1.0,1.0,-18000.0,,,,1.612121212121212,2077.0,0.2503610977371208,1,19,0.0,0,1
48285,938,771,66,15,,,,,-21600.0,,,,1.2150259067357514,1680.0,28.741071428571427,1,14,0.0,0,0
12494,648,1946,0,2,1.0,,,1.0,,,,,0.3328197226502311,776.0,16.100515463917525,1,11,0.0,0,1
124,40,159,388,0,1.0,,,1.0,,,,,0.25,143.0,0.8671328671328671,0,13,0.0,0,0
70,1,45,0,0,,,,1.0,,,,,0.0217391304347826,74.0,0.945945945945946,0,16,0.0,0,1
19764,777,587,4043,1,,,1.0,,-25200.0,,,,1.3214285714285714,1543.0,12.808813998703824,1,6,0.0,0,0
37,5,44,0,0,,,,1.0,,,,,0.1111111111111111,68.0,0.5441176470588235,0,14,0.0,0,1
3,51,1497,0,0,,,,,,,,,0.0340453938584779,,,0,17,0.0,0,1
2,66,703,0,0,,,,,,,,,0.09375,,,0,13,0.3333333333333333,1,1
3278,204,459,396,11,,,,1.0,43200.0,,,,0.4434782608695652,1745.0,1.8785100286532952,1,13,0.0,0,0
1992,72,142,1808,0,,,,1.0,-25200.0,,,,0.5034965034965035,2157.0,0.9235048678720446,1,11,0.0,0,0
431,5690,6419,0,33,,,,,,,,,0.8862928348909658,,,1,10,0.0,0,1
11762,1270,1745,1,5,,,,1.0,-14400.0,,,,0.7273768613974799,1071.0,10.982259570494865,1,16,0.0,0,1
7,93,345,0,0,,,,,,,,,0.26878612716763,,,0,13,0.1818181818181818,1,1
857,54,157,465,0,,,1.0,1.0,-25200.0,,,,0.3417721518987341,1232.0,0.6956168831168831,1,16,0.0,0,0
3014,307,218,11,15,,,,,-25200.0,,,,1.4018264840182648,2263.0,1.3318603623508616,1,11,0.0,0,0
42,12,42,0,0,,,,1.0,,,,,0.2790697674418604,69.0,0.6086956521739131,0,15,0.0,0,1
70,268,242,0,14,,,1.0,1.0,-14400.0,,,,1.102880658436214,2570.0,0.0272373540856031,1,17,0.0,0,1
63,8,38,0,0,,,,1.0,,,,,0.2051282051282051,69.0,0.9130434782608696,0,14,0.0,0,1
415,6997,6942,0,10,,,,1.0,10800.0,,,,1.0077776177444908,718.0,0.5779944289693594,1,6,0.0,0,1
11325,953,1846,1,2,1.0,,,1.0,,,,,0.5159718462371413,776.0,14.594072164948454,1,9,0.0,0,1
43,4,43,0,0,,,,1.0,,,,,0.0909090909090909,54.0,0.7962962962962963,0,16,0.0,0,1
19804,409,236,92966,0,,,,1.0,-25200.0,,,,1.7257383966244726,1456.0,13.601648351648352,1,14,0.0,0,0
11749,687,1999,0,3,1.0,,,1.0,,,,,0.3435,776.0,15.140463917525771,1,11,0.0,0,1
20,1077,2002,0,2,,,,,,,,,0.5376934598102846,,,0,20,0.0,0,1
45,5,35,0,0,,,,1.0,,,,,0.1388888888888889,53.0,0.8490566037735849,0,10,0.0,0,1
43,4,36,0,0,,,,1.0,,,,,0.1081081081081081,60.0,0.7166666666666667,0,11,0.0,0,1
44,5,36,0,1,,,,1.0,,,,,0.1351351351351351,70.0,0.6285714285714286,0,15,0.0,0,1
52,2,40,0,0,,,,1.0,,,,,0.048780487804878,69.0,0.7536231884057971,0,13,0.0,0,1
45,2,42,0,0,,,,1.0,,,,,0.0465116279069767,67.0,0.6716417910447762,0,14,0.0,0,1
275,756,1885,4,9,,,,,,,,,0.40084835630965,103.0,2.66990291262136,1,15,0.0,0,0
9898,109,111,7922,2,1.0,,1.0,1.0,,,,,0.9732142857142856,595.0,16.63529411764706,1,6,0.0833333333333333,1,0
2766,79,196,587,0,,,,1.0,-25200.0,,,,0.4010152284263959,1396.0,1.981375358166189,1,11,0.0,0,0
17775,858,624,365,3,,,1.0,1.0,-21600.0,,,,1.3728,1235.0,14.392712550607287,1,10,0.0,0,0
46,4,36,0,0,,,,1.0,,,,,0.1081081081081081,68.0,0.6764705882352942,0,16,0.0,0,1
3,100,1420,0,0,,,,,,,,,0.0703729767769176,,,0,15,0.2857142857142857,1,1
543,29,46,336,0,1.0,,,1.0,-18000.0,,,,0.6170212765957447,2014.0,0.2696127110228401,1,3,0.0,0,0
70,6,36,0,0,,,,1.0,,,,,0.1621621621621621,73.0,0.958904109589041,0,8,0.0,0,1
12915,1215,733,0,7,,,,1.0,-14400.0,,,,1.6553133514986376,1028.0,12.563229571984436,1,15,0.0,0,1
1186,144,193,1206,0,,,,1.0,28800.0,,1.0,,0.7422680412371134,546.0,2.172161172161172,0,11,0.0,0,0
75,382,1738,0,5,,,1.0,,,,,,0.2196664749856239,,,1,12,0.0,0,1
249449,5169,3418,14341,218,,,,1.0,3600.0,,,,1.5118455688797894,2244.0,111.1626559714795,1,18,0.0,0,0
16,125,687,0,0,,,,,,,,,0.1816860465116279,,,0,6,0.0,0,1
70,1,37,0,1,,,,1.0,,,,,0.0263157894736842,74.0,0.945945945945946,0,12,0.0,0,1
239,699,781,0,1,,,,1.0,10800.0,,,,0.8938618925831202,873.0,0.2737686139747995,1,6,0.0,0,1
46,5,43,0,0,,,,1.0,,,,,0.1136363636363636,59.0,0.7796610169491526,0,13,0.0,0,1
25,303,1271,0,3,,,,,,,,,0.2382075471698113,,,0,16,0.0,0,1
44,5,37,0,0,,,,1.0,,,,,0.131578947368421,53.0,0.8301886792452831,0,15,0.0,0,1
73,3,48,0,0,,,,1.0,,,,,0.0612244897959183,74.0,0.9864864864864864,0,12,0.0,0,1
1984,88,124,856,3,,,1.0,1.0,-14400.0,,,,0.704,854.0,2.323185011709602,1,11,0.2,1,0
41,4,32,0,0,,,,1.0,,,,,0.1212121212121212,53.0,0.7735849056603774,0,15,0.0,0,1
80,390,1715,0,0,,,,,,,,,0.2272727272727272,,,1,14,0.0,0,1
10905,1222,843,1,9,,,,1.0,-14400.0,,,,1.447867298578199,784.0,13.909438775510203,1,9,0.0,0,1
27,0,0,0,0,,,,1.0,10800.0,,,,0.0,872.0,0.0309633027522935,1,13,0.0,0,1
9209,439,564,1187,23,,,1.0,1.0,-25200.0,,,,0.7769911504424779,1741.0,5.289488799540494,1,19,0.0,0,0
15325,92,84,344,0,,,,1.0,-25200.0,,,,1.0823529411764703,1445.0,10.60553633217993,0,15,0.0,0,0
1018,225,301,3,6,1.0,,,1.0,-14400.0,,,,0.7450331125827815,825.0,1.233939393939394,1,10,0.0,0,1
55,5,39,0,0,,,,1.0,,,,,0.125,61.0,0.9016393442622952,0,14,0.0,0,1
85,573,522,0,17,,,1.0,1.0,-14400.0,,,,1.095602294455067,2504.0,0.0339456869009584,1,12,0.0,0,1
1,180,590,0,1,,,,,,,,,0.3045685279187817,,,0,7,0.1818181818181818,1,1
7849,189,231,237,3,,,1.0,1.0,-18000.0,,,,0.8146551724137931,2114.0,3.7128666035950806,1,14,0.0,0,0
439,4514,4730,0,6,,,,1.0,7200.0,,,,0.9541323187486788,910.0,0.4824175824175824,1,4,0.0,0,1
29,1,0,0,0,,,,1.0,10800.0,,,,1.0,872.0,0.0332568807339449,1,14,0.0,0,1
311,136,156,603,0,1.0,,,1.0,,,,,0.8662420382165605,73.0,4.260273972602739,1,12,0.0,0,0
49,4,42,0,0,,,,1.0,,,,,0.0930232558139534,61.0,0.8032786885245902,0,15,0.0,0,1
2612,177,442,3031,0,,,,,-14400.0,,,,0.3995485327313769,1704.0,1.5328638497652582,1,6,0.0,0,0
20326,199,67,12821,1,,,1.0,,7200.0,,,,2.926470588235294,325.0,62.54153846153846,1,5,0.0,0,0
3,71,379,0,0,,,,,,,,,0.1868421052631579,,,0,7,0.0833333333333333,1,1
35,573,529,0,2,,,1.0,1.0,-14400.0,,,,1.0811320754716982,2489.0,0.0140618722378465,1,15,0.0,0,1
67,7,39,0,0,1.0,1.0,,1.0,,,,,0.175,65.0,1.0307692307692309,0,14,0.0,0,1
6964,897,633,638,30,,,1.0,1.0,-18000.0,,,,1.414826498422713,2403.0,2.8980441115272577,1,20,0.0,0,0
2,189,182,0,1,,,1.0,1.0,-14400.0,,,,1.0327868852459017,2554.0,0.0007830853563038,1,20,0.0,0,1
8759,424,463,3387,3,1.0,,1.0,1.0,,,,,0.913793103448276,816.0,10.73406862745098,1,11,0.1,1,0
42,4,36,0,0,,,,1.0,,,,,0.1081081081081081,54.0,0.7777777777777778,0,16,0.0,0,1
10964,656,575,1861,53,,,1.0,1.0,,,,,1.1388888888888888,1950.0,5.622564102564103,1,19,0.3636363636363636,1,0
60463,568,387,15599,1,,,1.0,1.0,28800.0,,,,1.4639175257731958,1176.0,51.4141156462585,0,4,0.0,0,0
11708,1520,1168,1,18,,,,1.0,-14400.0,,,,1.300256629597947,1397.0,8.380816034359341,1,12,0.0,0,1
750,445,278,0,89,,,1.0,1.0,-14400.0,,,,1.5949820788530469,2480.0,0.3024193548387097,1,18,0.0,0,1
1284,260,100,142,1,1.0,,,1.0,,,,,2.5742574257425743,34.0,37.76470588235294,1,6,0.0,0,0
965,216,1094,0,1,,,,1.0,-25200.0,,,,0.1972602739726027,235.0,4.1063829787234045,1,15,0.0,0,1
76,5,45,0,1,,,,1.0,,,,,0.108695652173913,72.0,1.0555555555555556,0,15,0.0,0,1
1,83,534,0,1,,,,,,,,,0.1551401869158878,,,0,6,0.2,1,1
3401,5488,5321,21,25,,,,,,,,,1.0311912814731303,,,1,9,0.0,0,1
692,2833,3425,19,7,,,,,,,,,0.8269118505545826,,,0,4,0.0,0,1
30,1098,1916,0,5,,,,,,,,,0.5727699530516432,,,0,11,0.2307692307692307,1,1
75,7,39,0,0,,,,1.0,,,,,0.175,73.0,1.0273972602739727,0,16,0.0,0,1
48011,20004,2301,15958,315,,,1.0,1.0,7200.0,,,,8.689834926151173,1128.0,42.56294326241135,1,6,0.0,0,0
12328,1102,2001,2,5,,,,1.0,-18000.0,,,,0.5504495504495505,794.0,15.526448362720403,1,9,0.1111111111111111,1,1
14018,1155,809,4376,3,,,1.0,1.0,28800.0,,,,1.4259259259259258,1804.0,7.770509977827051,1,15,0.0,0,0
54,8,40,0,0,,,,1.0,,,,,0.1951219512195122,70.0,0.7714285714285715,0,12,0.0,0,1
5482,436,428,4465,2,1.0,,,1.0,,,,,1.0163170163170163,869.0,6.308400460299194,1,13,0.2857142857142857,1,0
7656,77,107,28,1,,,1.0,1.0,28800.0,,1.0,,0.7129629629629629,1519.0,5.040157998683345,1,11,0.0,0,0
37018,512,641,1586,8,,,1.0,,-25200.0,,,,0.7975077881619937,2292.0,16.150959860383946,1,17,0.0,0,0
105,407,253,0,20,,,1.0,1.0,-14400.0,,,,1.6023622047244095,2557.0,0.0410637465780211,1,17,0.0,0,1
72,4,40,0,0,,1.0,,1.0,,,,,0.0975609756097561,72.0,1.0,0,14,0.0,0,1
44,5,39,0,0,,1.0,,1.0,,,,,0.125,53.0,0.8301886792452831,0,15,0.0,0,1
8185,277,36,0,0,1.0,,,1.0,,,,,7.486486486486487,477.0,17.159329140461217,1,20,0.0,0,1
12489,800,702,14956,7,1.0,,1.0,1.0,-18000.0,,,,1.1379800853485065,410.0,30.460975609756098,1,12,0.0,0,0
11242,333,379,969,9,,,1.0,1.0,-14400.0,,,,0.8763157894736842,2331.0,4.822822822822823,1,9,0.0,0,0
1240,315,322,0,0,1.0,,,1.0,10800.0,,,,0.9752321981424148,768.0,1.6145833333333333,0,13,0.0,0,1
5918,268,160,3334,0,1.0,,1.0,1.0,,,,,1.6645962732919255,945.0,6.262433862433863,1,13,0.0,0,0
42,7,43,0,0,,,,1.0,,,,,0.1590909090909091,54.0,0.7777777777777778,0,13,0.0,0,1
82,7,39,0,0,,,,1.0,,,,,0.175,74.0,1.108108108108108,0,16,0.0,0,1
50,8,40,0,0,,,,1.0,,,,,0.1951219512195122,67.0,0.746268656716418,0,11,0.0,0,1
202968,2248,981,60304,101,,,1.0,1.0,-7200.0,,,,2.2892057026476578,1686.0,120.38434163701068,1,17,0.0,0,0
60,6,40,0,1,,,,1.0,,,,,0.1463414634146341,69.0,0.8695652173913043,0,15,0.0,0,1
1784,140,159,971,0,,,1.0,1.0,-14400.0,,,,0.875,1615.0,1.1046439628482971,1,7,0.0,0,0
9496,134,425,3895,1,,,,,-25200.0,,,,0.3145539906103286,835.0,11.37245508982036,1,16,0.0833333333333333,1,0
45,5,37,0,0,,,,1.0,,,,,0.131578947368421,55.0,0.8181818181818182,0,14,0.0,0,1
133,35,118,36,5,1.0,,,1.0,,,,,0.2941176470588235,290.0,0.4586206896551724,1,8,0.0,0,0
81,4,48,0,0,,,,1.0,,,,,0.0816326530612244,72.0,1.125,0,15,0.0,0,1
72,3,39,0,0,,,,1.0,,,,,0.075,71.0,1.0140845070422535,0,14,0.0,0,1
55,4,34,0,0,,,,1.0,,,,,0.1142857142857142,71.0,0.7746478873239436,0,12,0.0,0,1
2383,155,80,1743,2,,,,,-14400.0,,,,1.9135802469135803,573.0,4.158813263525305,1,9,0.0,0,0
66,11,41,0,0,,,,1.0,,,,,0.2619047619047619,71.0,0.9295774647887324,0,14,0.0,0,1
1811,416,139,370,0,1.0,,1.0,1.0,,,,,2.9714285714285715,169.0,10.715976331360949,1,9,0.0,0,0
43,6,43,0,0,,,,1.0,,,,,0.1363636363636363,54.0,0.7962962962962963,0,16,0.0,0,1
45,311,256,0,9,,,1.0,1.0,-14400.0,,,,1.2101167315175096,2525.0,0.0178217821782178,1,18,0.0,0,1
71,218,975,0,5,,,,,,,,,0.2233606557377049,,,0,16,0.0,0,1
117,0,0,0,0,,,,1.0,10800.0,,,,0.0,870.0,0.1344827586206896,1,13,0.0,0,1
4523,150,1291,0,5,,,,,,,,,0.1160990712074303,,,0,9,0.2222222222222222,1,1
81,2,43,0,0,,,,1.0,,,,,0.0454545454545454,70.0,1.1571428571428573,0,12,0.0,0,1
118,0,0,0,0,,,,1.0,10800.0,,,,0.0,871.0,0.1354764638346728,1,15,0.0,0,1
63,7,40,0,0,,,,1.0,,,,,0.1707317073170731,75.0,0.84,0,13,0.0,0,1
63,8,46,0,1,,,,1.0,,,,,0.1702127659574468,72.0,0.875,0,16,0.0,0,1
70,3,41,0,0,,,,1.0,,,,,0.0714285714285714,74.0,0.945945945945946,0,15,0.0,0,1
3108,233,1534,701,2,,,,1.0,-14400.0,,,,0.1517915309446254,1858.0,1.6727664155005382,1,8,0.0,0,0
770,3274,3595,8,22,,,,,,,,,0.9104560622914348,,,1,13,0.0,0,1
3,82,1023,0,1,,,,,,,,,0.080078125,,,0,13,0.3333333333333333,1,1
232,228,198,0,0,,,,1.0,,,,,1.1457286432160805,155.0,1.4967741935483871,1,14,0.0,0,1
211,65,221,830,0,1.0,,,1.0,,,,,0.2927927927927928,335.0,0.6298507462686567,0,13,0.0,0,0
1,151,765,0,0,,,,,,,,,0.1971279373368146,,,0,7,0.1818181818181818,1,1
327,280,242,0,23,,,1.0,1.0,-14400.0,,,,1.1522633744855968,2570.0,0.1272373540856031,1,17,0.0,0,1
40,310,290,0,11,,,1.0,1.0,-14400.0,,,,1.0652920962199313,2567.0,0.0155823918971562,1,18,0.0,0,1
126,304,1020,0,3,,,,,,,,,0.2977473065621939,,,0,14,0.0,0,1
56,232,952,1,3,,,1.0,,,,,,0.2434417628541448,,,1,9,0.0,0,1
43,310,236,0,15,,,1.0,1.0,-14400.0,,,,1.3080168776371308,2558.0,0.0168100078186082,1,18,0.0,0,1
104,32,123,39,0,1.0,,,1.0,,,,,0.2580645161290322,780.0,0.1333333333333333,0,14,0.0,0,0
3443,93,113,434,0,1.0,,,1.0,-25200.0,,,,0.8157894736842105,156.0,22.07051282051282,1,7,0.0,0,0
388,25,66,216,3,1.0,,,1.0,,,,,0.373134328358209,76.0,5.105263157894737,1,3,0.1333333333333333,1,0
1,59,332,0,0,,,,,,,,,0.1771771771771771,,,0,11,0.3333333333333333,1,1
11751,784,1946,0,10,,,,1.0,-14400.0,,,,0.4026707755521315,784.0,14.988520408163266,1,14,0.0,0,1
6074,196,369,731,3,,,,1.0,3600.0,,,,0.5297297297297298,2232.0,2.721326164874552,1,12,0.0,0,0
42,5,36,0,0,,,,1.0,,,,,0.1351351351351351,59.0,0.711864406779661,0,11,0.0,0,1
142,492,680,0,1,,,,1.0,10800.0,,,,0.7224669603524229,803.0,0.1768368617683686,1,12,0.1538461538461538,1,1
64,10,35,0,0,,,,1.0,,,,,0.2777777777777778,69.0,0.927536231884058,0,8,0.0,0,1
59,4,46,0,0,,,,1.0,,,,,0.0851063829787234,66.0,0.8939393939393939,0,15,0.0,0,1
87,365,1936,0,7,,,,,,,,,0.188435725348477,,,1,9,0.1111111111111111,1,1
9710,808,1975,1,7,1.0,,,1.0,,,,,0.4089068825910931,776.0,12.512886597938143,1,15,0.0,0,1
45,5,37,0,0,,,,1.0,,,,,0.131578947368421,54.0,0.8333333333333334,0,12,0.0,0,1
46,6,35,0,0,,,,1.0,,,,,0.1666666666666666,69.0,0.6666666666666666,0,16,0.0,0,1
11560,834,1897,1,5,1.0,,,1.0,,,,,0.4394099051633298,776.0,14.896907216494846,1,12,0.0,0,1
48,4,39,0,0,,,,1.0,,,,,0.1,56.0,0.8571428571428571,0,12,0.0,0,1
58,0,0,0,0,,,,1.0,10800.0,,,,0.0,874.0,0.0663615560640732,1,14,0.0,0,1
9292,553,359,2279,4,1.0,,1.0,1.0,,,,,1.5361111111111112,161.0,57.71428571428572,1,9,0.0666666666666666,1,0
11819,1155,875,1,1,,,,1.0,-14400.0,,,,1.3184931506849316,1027.0,11.508276533592989,1,14,0.0,0,1
146,2666,2930,0,1,,,,1.0,10800.0,,,,0.9095871716137836,874.0,0.1670480549199084,1,6,0.0,0,1
3,295,290,0,5,,,1.0,1.0,-14400.0,,,,1.013745704467354,2576.0,0.0011645962732919,1,19,0.0,0,1
10840,540,1404,2,10,,,,1.0,-14400.0,,,,0.3843416370106761,783.0,13.84418901660281,1,7,0.0,0,1
12259,1010,1266,1,2,1.0,,,1.0,-18000.0,,,,0.7971586424625099,776.0,15.797680412371134,1,14,0.0,0,1
254,20,91,25,0,1.0,,,1.0,,,,,0.217391304347826,401.0,0.6334164588528678,1,13,0.0,0,0
202416,12802,13173,55350,88,,,,1.0,32400.0,,,,0.971762562623349,1923.0,105.26053042121684,1,5,0.0,0,0
55,5,46,0,0,,,,1.0,,,,,0.1063829787234042,66.0,0.8333333333333334,0,13,0.0,0,1
14,4213,4710,0,32,,,,,,,,,0.8942899596688602,,,1,25,0.0,0,1
2895,245,95,4624,0,,,,,-25200.0,,,,2.552083333333333,375.0,7.72,1,19,0.0,0,0
47,3,43,0,0,,,,1.0,,,,,0.0681818181818181,68.0,0.6911764705882353,0,15,0.0,0,1
35,4,38,0,0,,,,1.0,,,,,0.1025641025641025,59.0,0.5932203389830508,0,15,0.0,0,1
67,7,39,0,0,,,,1.0,,,,,0.175,70.0,0.9571428571428572,0,15,0.0,0,1
45,564,528,0,4,,,1.0,1.0,-14400.0,,,,1.0661625708884688,2489.0,0.0180795500200883,1,15,0.0,0,1
3621,370,266,5596,1,1.0,,1.0,1.0,-18000.0,,,,1.3857677902621723,576.0,6.286458333333333,1,8,0.0,0,0
3895,341,329,43,7,,,1.0,1.0,-18000.0,,,,1.0333333333333334,2131.0,1.8277803847958705,1,12,0.0,0,0
41,4,39,0,0,,,,1.0,,,,,0.1,56.0,0.7321428571428571,0,13,0.0,0,1
31,286,280,0,14,,,1.0,1.0,-14400.0,,,,1.01779359430605,2381.0,0.0130197396052078,1,19,0.0,0,1
43,4,35,0,0,,,,1.0,,,,,0.1111111111111111,53.0,0.8113207547169812,0,14,0.0,0,1
642,495,574,8219,2,1.0,,1.0,1.0,-25200.0,,,,0.8608695652173913,634.0,1.0126182965299684,1,9,0.1818181818181818,1,0
66,11,41,0,1,,,,1.0,,,,,0.2619047619047619,70.0,0.9428571428571428,0,14,0.0,0,1
1,51,341,0,0,,,,,,,,,0.1491228070175438,,,0,4,0.3333333333333333,1,1
21,295,1181,0,1,,,,,,,,,0.2495769881556683,,,0,12,0.0,0,1
43,4,41,0,0,,,,1.0,,,,,0.0952380952380952,54.0,0.7962962962962963,0,12,0.0,0,1
95069,1045,350,49312,20,,,1.0,1.0,7200.0,,,,2.977207977207977,1585.0,59.98044164037855,1,16,0.0,0,0
2910,56,68,2445,2,,,1.0,,,,,,0.8115942028985508,1011.0,2.878338278931751,0,7,0.0,0,0
402,356,1017,0,5,,,,1.0,-18000.0,,,,0.349705304518664,349.0,1.151862464183381,1,18,0.0,0,1
33,3,24,0,0,,,,1.0,,,,,0.12,53.0,0.6226415094339622,0,13,0.0,0,1
145,174,536,181,1,,,1.0,1.0,,,,,0.3240223463687151,361.0,0.4016620498614958,1,14,0.0,0,0
489,1087,1537,0,0,,,,1.0,,,,,0.7067620286085826,152.0,3.2171052631578947,1,8,0.0,0,1
117,0,0,0,0,,,,1.0,10800.0,,,,0.0,870.0,0.1344827586206896,1,13,0.0,0,1
124,78,211,118,2,1.0,,,1.0,-25200.0,,,,0.3679245283018867,149.0,0.8322147651006712,1,10,0.1538461538461538,1,0
53520,1092,983,1881,74,,,,1.0,-25200.0,,,,1.1097560975609757,2079.0,25.743145743145742,1,11,0.0,0,0
32,747,1738,0,3,,,,,,,,,0.4295572167912593,,,0,5,0.0,0,1
67458,2146,1321,19,39,,,,1.0,-14400.0,,,,1.6232980332829048,1851.0,36.44408427876823,1,19,0.0,0,1
13224,881,547,22520,2,,,1.0,1.0,,,,,1.6076642335766422,634.0,20.858044164037857,1,15,0.0,0,0
63,2,42,0,0,,,,1.0,,,,,0.0465116279069767,60.0,1.05,0,14,0.0,0,1
12478,1488,1902,1,13,,,,1.0,-25200.0,,,,0.7819232790331057,1405.0,8.881138790035587,1,14,0.1333333333333333,1,1
43,9,39,0,0,,,,1.0,,,,,0.225,53.0,0.8113207547169812,0,12,0.0,0,1
237,3047,2914,0,2,,,,1.0,10800.0,,,,1.0452830188679243,873.0,0.2714776632302405,1,5,0.0,0,1
54,3,35,0,0,,,,1.0,,,,,0.0833333333333333,63.0,0.8571428571428571,0,14,0.0,0,1
11415,785,871,0,2,1.0,,,1.0,,,,,0.9002293577981652,529.0,21.57844990548204,1,9,0.0,0,1
5051,218,950,311,3,1.0,,,1.0,,,,,0.2292323869610935,733.0,6.890859481582537,1,18,0.3076923076923077,1,0
45,7,44,0,0,,,,1.0,,,,,0.1555555555555555,54.0,0.8333333333333334,0,13,0.0,0,1
21581,654,544,12277,0,1.0,,1.0,1.0,,,,,1.2,394.0,54.7741116751269,1,5,0.4444444444444444,1,0
45,428,1472,0,8,,,,,,,,,0.2905634758995248,,,0,14,0.0,0,1
77,453,1833,0,0,,,,,,,,,0.2470010905125409,,,1,14,0.0,0,1
12778,696,2000,94,5,,,1.0,1.0,32400.0,,,,0.3478260869565217,2074.0,6.161041465766634,1,7,0.0,0,0
3683,566,542,1416,0,,,,1.0,-18000.0,,,,1.0423572744014733,2236.0,1.6471377459749552,1,10,0.25,1,0
47,0,27,0,0,,,,1.0,,,,,0.0,58.0,0.8103448275862069,0,14,0.0,0,1
37989,451,268,3140,9,,,1.0,1.0,-14400.0,,,,1.6765799256505576,2110.0,18.0042654028436,1,6,0.0,0,0
190,86,224,97,1,,,,,,,,,0.3822222222222222,337.0,0.5637982195845698,1,5,0.0,0,0
12171,436,773,56528,3,,,1.0,1.0,-28800.0,,,,0.5633074935400517,2070.0,5.879710144927536,0,13,0.3333333333333333,1,0
50,6,40,0,0,,,,1.0,,,,,0.1463414634146341,66.0,0.7575757575757576,0,15,0.0,0,1
13827,974,1428,161,94,,,1.0,1.0,32400.0,,,,0.6815955213435969,2590.0,5.338610038610039,1,9,0.0,0,0
3621,73,71,156,0,,,,1.0,-25200.0,,,,1.0138888888888888,1112.0,3.256294964028777,1,5,0.0,0,0
70,5,37,0,0,,,,1.0,,,,,0.131578947368421,72.0,0.9722222222222222,0,12,0.0,0,1
1095,92,127,373,0,1.0,,,1.0,-14400.0,,,,0.71875,661.0,1.6565809379727685,1,16,0.0,0,0
8302,818,1279,2,1,1.0,,,1.0,-14400.0,,,,0.6390625,776.0,10.698453608247425,1,12,0.0,0,1
556,142,277,400,0,1.0,,,1.0,,,,,0.5107913669064749,53.0,10.49056603773585,1,3,0.0,0,0
123,1,0,0,0,,,,1.0,10800.0,,,,1.0,871.0,0.1412169919632606,1,16,0.0,0,1
114851,4382,864,21076,51,,,1.0,,-7200.0,,,,5.0658959537572255,1669.0,68.81426003594967,1,6,0.0,0,0
144,534,653,0,1,,,,1.0,10800.0,,,,0.8165137614678899,875.0,0.1645714285714285,1,18,0.0,0,1
64,5,41,0,0,,,,1.0,,,,,0.119047619047619,62.0,1.032258064516129,0,10,0.0,0,1
9990,484,1977,5302,3,,,,1.0,-25200.0,,,,0.2446916076845298,1930.0,5.176165803108808,1,12,0.2857142857142857,1,0
1296,351,422,682,0,1.0,,,1.0,,,,,0.8297872340425532,838.0,1.5465393794749402,1,7,0.1333333333333333,1,0
71,13,43,0,0,,,,1.0,,,,,0.2954545454545454,71.0,1.0,0,16,0.0,0,1
9505,1519,462,2777,4,,,1.0,1.0,25200.0,,,,3.2807775377969763,1099.0,8.64877161055505,1,11,0.0,0,0
466,206,414,532,2,1.0,,,1.0,,,,,0.4963855421686747,152.0,3.0657894736842106,1,12,0.0833333333333333,1,0
54,4,45,0,0,,,,1.0,,,,,0.0869565217391304,65.0,0.8307692307692308,0,15,0.0,0,1
51,5,37,0,0,,,,1.0,,,,,0.131578947368421,70.0,0.7285714285714285,0,10,0.0,0,1
11446,738,1420,1,4,,,,1.0,,,,,0.5193525686136523,1027.0,11.14508276533593,1,16,0.0,0,1
13,250,1151,0,0,,,,,,,,,0.2170138888888889,,,0,1,0.2,1,1
409,71,66,3,4,1.0,,,1.0,7200.0,,,,1.0597014925373134,1392.0,0.2938218390804598,1,19,0.0,0,0
3547,1651,1754,1607,4,,,1.0,1.0,,,,,0.9407407407407408,406.0,8.736453201970443,1,13,0.0,0,0
13352,295,1216,1278,4,,,,1.0,-25200.0,,,,0.2423993426458504,1341.0,9.956748695003728,1,12,0.0,0,0
69,8,41,0,0,,,,1.0,,,,,0.1904761904761904,69.0,1.0,0,12,0.0,0,1
12277,797,1935,1,6,,,,1.0,-18000.0,,,,0.4116735537190082,1318.0,9.314871016691958,1,10,0.0,0,1
17447,1953,1199,16715,15,,,1.0,1.0,-25200.0,,,,1.6275,780.0,22.36794871794872,1,4,0.0,0,0
15613,467,338,15361,0,,,,1.0,,,,,1.3775811209439528,848.0,18.411556603773583,1,5,0.0,0,0
12037,358,225,5742,0,1.0,,1.0,1.0,,,,,1.584070796460177,1226.0,9.81810766721044,0,10,0.0,0,0
22,622,2001,0,2,,,,,,,,,0.3106893106893107,,,0,16,0.0,0,1
63,5,38,0,0,,,,1.0,,,,,0.1282051282051282,61.0,1.0327868852459017,0,11,0.0,0,1
25,1441,1912,0,4,,,,,,,,,0.7532671197072661,,,0,13,0.2857142857142857,1,1
19,263,262,0,7,,,1.0,1.0,-14400.0,,,,1.0,2380.0,0.0079831932773109,1,19,0.0,0,1
38,282,279,0,13,,,1.0,1.0,-14400.0,,,,1.0071428571428571,2382.0,0.015952980688497,1,18,0.0,0,1
283536,7785,424,1157,217,,,1.0,1.0,19800.0,,,,18.31764705882353,2189.0,129.52763819095478,1,15,0.2857142857142857,1,0
80,30,351,21,0,1.0,,,1.0,,,,,0.0852272727272727,247.0,0.3238866396761133,0,5,0.0,0,0
139,97,287,6,0,,,,1.0,,,,,0.3368055555555556,161.0,0.8633540372670807,0,12,0.0,0,1
36,1,41,0,0,,,,1.0,,,,,0.0238095238095238,53.0,0.6792452830188679,0,15,0.0,0,1
51,9,46,0,0,,,,1.0,,,,,0.1914893617021276,67.0,0.7611940298507462,0,14,0.0,0,1
103,5,13,0,0,,,,1.0,10800.0,,,,0.3571428571428571,872.0,0.1181192660550458,1,13,0.0,0,1
1471,171,212,1066,1,,,1.0,1.0,3600.0,,,,0.8028169014084507,1037.0,1.4185149469623914,1,5,0.1111111111111111,1,0
37291,864,360,10959,6,1.0,,1.0,1.0,,,,,2.3933518005540164,751.0,49.655126498002666,1,12,0.0,0,0
47,10,36,0,0,,,,1.0,,,,,0.2702702702702703,68.0,0.6911764705882353,0,13,0.0,0,1
45,6,32,0,0,,,,1.0,,,,,0.1818181818181818,57.0,0.7894736842105263,0,12,0.0,0,1
10548,561,1994,0,17,1.0,,,1.0,-18000.0,,,,0.281203007518797,653.0,16.1531393568147,1,12,0.0,0,1
44,2,38,0,0,,,,1.0,,,,,0.0512820512820512,58.0,0.7586206896551724,0,13,0.0,0,1
56,6,41,0,0,,,,1.0,,,,,0.1428571428571428,68.0,0.8235294117647058,0,11,0.0,0,1
20853,541,477,90,6,,,1.0,1.0,7200.0,,,,1.1317991631799162,1966.0,10.606815869786368,1,14,0.4285714285714285,1,0
50,1,39,0,0,,,,1.0,,,,,0.025,64.0,0.78125,0,13,0.0,0,1
218,4394,4352,0,5,,,,1.0,10800.0,,,,1.009418791637951,870.0,0.2505747126436781,1,9,0.0,0,1
3104,168,220,1466,0,1.0,,1.0,1.0,-25200.0,,,,0.7601809954751131,876.0,3.5433789954337898,0,4,0.4444444444444444,1,0
56,0,0,0,0,,,,1.0,10800.0,,,,0.0,874.0,0.0640732265446224,1,13,0.1428571428571428,1,1
48,5,45,0,0,,,,1.0,,,,,0.108695652173913,59.0,0.8135593220338984,0,15,0.0,0,1
40,3,43,0,0,,,,1.0,,,,,0.0681818181818181,59.0,0.6779661016949152,0,11,0.0,0,1
34,610,494,0,52,,,1.0,1.0,-14400.0,,,,1.2323232323232325,2482.0,0.0136986301369863,1,12,0.0,0,1
50,3,34,0,0,,,,1.0,,,,,0.0857142857142857,67.0,0.746268656716418,0,11,0.0,0,1
240,4539,4991,0,6,,,,1.0,10800.0,,,,0.9092548076923076,873.0,0.274914089347079,1,4,0.0,0,1
10,230,219,0,7,,,1.0,1.0,-14400.0,,,,1.0454545454545454,2570.0,0.0038910505836575,1,18,0.0,0,1
6752,211,959,139,12,,,1.0,1.0,-21600.0,,,,0.2197916666666666,1982.0,3.406659939455096,1,14,0.0,0,0
37,0,0,0,0,,,,1.0,10800.0,,,,0.0,872.0,0.0424311926605504,1,15,0.0,0,1
81,2,52,0,0,,,,1.0,,,,,0.0377358490566037,76.0,1.0657894736842106,0,13,0.0,0,1
58,4,38,0,0,,,,1.0,,,,,0.1025641025641025,64.0,0.90625,0,13,0.0,0,1
233,622,537,0,24,,,1.0,1.0,-14400.0,,,,1.1561338289962826,2505.0,0.0930139720558882,1,12,0.0,0,1
2,287,249,0,2,,,1.0,1.0,-14400.0,,,,1.148,2558.0,0.0007818608287724,1,18,0.0,0,1
2,64,406,0,0,,,,,,,,,0.1572481572481572,,,0,6,0.2727272727272727,1,1
16,263,260,0,9,,,1.0,1.0,-14400.0,,,,1.0076628352490422,2380.0,0.0067226890756302,1,19,0.0,0,1
204,3577,3939,0,4,,,,1.0,10800.0,,,,0.9078680203045684,803.0,0.2540473225404732,1,2,0.0,0,1
60,3,45,0,0,,,,1.0,,,,,0.0652173913043478,69.0,0.8695652173913043,0,16,0.0,0,1
78,3,40,0,0,,,,1.0,,,,,0.073170731707317,74.0,1.054054054054054,0,15,0.0,0,1
46,6,42,0,0,,,,1.0,,,,,0.1395348837209302,68.0,0.6764705882352942,0,15,0.0,0,1
16747,330,312,8720,0,,,1.0,,-14400.0,,,,1.0543130990415337,371.0,45.14016172506739,1,3,0.0,0,0
47,4,38,0,0,,,,1.0,,,,,0.1025641025641025,69.0,0.6811594202898551,0,13,0.0,0,1
41,2,35,0,0,,,,1.0,,,,,0.0555555555555555,56.0,0.7321428571428571,0,15,0.0,0,1
59,1,39,0,0,,,,1.0,,,,,0.025,61.0,0.9672131147540984,0,12,0.0,0,1
2208,455,393,10609,1,,,1.0,1.0,-25200.0,,,,1.1548223350253808,1141.0,1.935144609991236,1,8,0.0,0,0
44,4,34,0,0,,,,1.0,,,,,0.1142857142857142,54.0,0.8148148148148148,0,13,0.0,0,1
1,102,385,0,0,,,,,,,,,0.2642487046632124,,,0,5,0.2222222222222222,1,1
305,39,826,0,1,,,,1.0,,,,,0.0471584038694075,72.0,4.236111111111111,0,9,0.0,0,1
65,475,1877,0,1,,,,,,,,,0.2529286474973375,,,1,11,0.0,0,1
2515,2018,2159,0,4,1.0,,,1.0,7200.0,,,,0.9342592592592592,777.0,3.236808236808237,0,13,0.0,0,1
282,378,253,0,29,,,1.0,1.0,-14400.0,,,,1.4881889763779528,2557.0,0.1102854908095424,1,18,0.0,0,1
11462,1048,1872,1,5,,,,1.0,-14400.0,,,,0.5595301655098772,785.0,14.601273885350318,1,13,0.0,0,1
3078,309,421,13980,0,,,1.0,1.0,,,,,0.7322274881516587,1349.0,2.2816901408450705,1,13,0.2222222222222222,1,0
9735,401,165,438,6,,,1.0,1.0,,,,,2.415662650602409,484.0,20.113636363636363,1,20,0.0,0,0
42,7,41,0,0,,,,1.0,,,,,0.1666666666666666,54.0,0.7777777777777778,0,15,0.0,0,1
4364,291,295,2275,1,,,1.0,1.0,-25200.0,,,,0.983108108108108,1061.0,4.113100848256362,1,12,0.0,0,0
83,10,41,0,0,,,,1.0,,,,,0.238095238095238,72.0,1.1527777777777777,0,14,0.0,0,1
1,253,244,0,3,,,1.0,1.0,-18000.0,,,,1.0326530612244895,2078.0,0.0004812319538017,1,20,0.0,0,1
2325,247,980,1740,3,1.0,,1.0,1.0,,,,,0.2517838939857288,497.0,4.678068410462776,0,7,0.0,0,0
1,100,515,0,1,,,,,,,,,0.1937984496124031,,,0,7,0.1818181818181818,1,1
11560,598,398,12992,3,,,1.0,1.0,,,,,1.4987468671679198,1969.0,5.871000507872016,1,4,0.3333333333333333,1,0
2675,309,470,5447,0,,,1.0,1.0,,,,,0.6560509554140127,781.0,3.4250960307298337,1,13,0.0,0,0
413,327,246,0,33,,,1.0,1.0,-14400.0,,,,1.3238866396761133,2567.0,0.1608881963381379,1,17,0.0,0,1
75,0,0,0,0,,,,1.0,10800.0,,,,0.0,874.0,0.085812356979405,1,15,0.0,0,1
59,11,46,0,0,,,,1.0,,,,,0.2340425531914893,68.0,0.8676470588235294,0,15,0.0,0,1
304,4641,5104,0,4,,,,1.0,10800.0,,,,0.9091087169441724,874.0,0.3478260869565217,1,6,0.0,0,1
2963,332,479,2456,1,1.0,,,1.0,,,,,0.6916666666666667,651.0,4.551459293394777,1,5,0.0,0,0
46,2,35,0,0,,,,1.0,,,,,0.0555555555555555,52.0,0.8846153846153846,0,11,0.0,0,1
67,7,46,0,0,,,,1.0,,,,,0.1489361702127659,70.0,0.9571428571428572,0,13,0.0,0,1
1749,101,438,309,2,,,1.0,1.0,,,,,0.2300683371298405,1943.0,0.9001544004117344,1,18,0.0,0,0
9374,169,188,3883,3,1.0,,,1.0,,,,,0.8941798941798942,755.0,12.4158940397351,1,6,0.5714285714285714,1,0
24,358,1449,0,2,,,,,,,,,0.2468965517241379,,,0,16,0.0,0,1
20897,295,270,384,1,,,,1.0,-25200.0,,1.0,,1.088560885608856,2084.0,10.027351247600768,1,18,0.0,0,0
507,4032,4414,0,5,,,,1.0,,,,,0.9132502831257078,910.0,0.5571428571428572,0,15,0.0,0,1
12957,2360,2145,586,0,,,1.0,1.0,-36000.0,,,,1.0997204100652376,2163.0,5.990291262135922,1,12,0.0,0,0
62,5,45,0,0,,,,1.0,,,,,0.108695652173913,71.0,0.8732394366197183,0,11,0.0,0,1
12532,1675,1186,1,24,,,,1.0,-14400.0,,,,1.4111204717775905,1402.0,8.938659058487875,1,13,0.0,0,1
65,2,46,0,0,,,,1.0,,,,,0.0425531914893617,71.0,0.9154929577464788,0,14,0.0,0,1
369,427,282,0,43,,,1.0,1.0,-14400.0,,,,1.5088339222614842,2383.0,0.1548468317247167,1,19,0.0,0,1
68,7,43,0,1,,,,1.0,,,,,0.1590909090909091,68.0,1.0,0,14,0.0,0,1
21351,411,375,9746,3,,,1.0,1.0,-18000.0,,,,1.0930851063829787,361.0,59.14404432132964,1,15,0.0,0,0
164,933,1191,2,1,,,,,,,,,0.7827181208053692,,,1,16,0.0,0,1
54,1,37,0,0,,,,1.0,,,,,0.0263157894736842,70.0,0.7714285714285715,0,13,0.0,0,1
47,5,42,0,0,,,,1.0,,,,,0.1162790697674418,58.0,0.8103448275862069,0,13,0.0,0,1
237,364,247,0,39,,,1.0,1.0,-14400.0,,,,1.467741935483871,2520.0,0.094047619047619,1,18,0.0,0,1
42,6,34,0,0,,,,1.0,,,,,0.1714285714285714,57.0,0.7368421052631579,0,13,0.0,0,1
549,551,811,379,0,1.0,,,1.0,-25200.0,,,,0.6785714285714286,52.0,10.557692307692308,1,4,0.0,0,0
59,1,0,0,0,,,,1.0,10800.0,,,,1.0,803.0,0.0734744707347447,1,15,0.0,0,1
12828,390,487,7295,6,,,1.0,1.0,,,,,0.7991803278688525,1332.0,9.63063063063063,1,14,0.0,0,0
3287,2035,1957,95,0,,,,1.0,,,,,1.0393258426966292,257.0,12.789883268482493,1,9,0.4285714285714285,1,0
22103,314,248,17569,3,,,,1.0,-14400.0,,,,1.2610441767068272,852.0,25.9424882629108,1,6,0.0,0,0
169,366,313,0,27,,,1.0,1.0,-14400.0,,,,1.1656050955414012,2569.0,0.0657843518878941,1,17,0.0,0,1
36,3,39,0,0,,,,1.0,,,,,0.075,56.0,0.6428571428571429,0,14,0.0,0,1
16425,550,377,12316,14,,,1.0,1.0,-14400.0,,,,1.4550264550264551,1210.0,13.574380165289256,1,7,0.0,0,0
65,6,42,0,0,,,,1.0,,,,,0.1395348837209302,70.0,0.9285714285714286,0,14,0.0,0,1
31000,594,1460,391,41,,,,1.0,-18000.0,,,,0.406570841889117,2167.0,14.305491462851869,1,6,0.0,0,0
55,6,39,0,0,,,,1.0,,,,,0.15,62.0,0.8870967741935484,0,13,0.0,0,1
334636,490,262,0,9,1.0,,,1.0,32400.0,,,,1.8631178707224332,276.0,1212.4492753623188,0,5,0.1111111111111111,1,0
40,6,41,0,0,,,,1.0,,,,,0.1428571428571428,53.0,0.7547169811320755,0,14,0.0,0,1
106335,720,530,12004,65,,,1.0,1.0,32400.0,,,,1.3559322033898304,2944.0,36.11922554347826,1,14,0.0,0,0
34,6,41,0,0,,1.0,,1.0,,,,,0.1428571428571428,54.0,0.6296296296296297,0,13,0.0,0,1
12659,592,694,7351,1,,,1.0,1.0,-14400.0,,,,0.8517985611510791,971.0,13.037075180226571,1,7,0.1428571428571428,1,0
245,6656,7469,1,72,,,,1.0,-14400.0,,,,0.8910307898259705,1901.0,0.1288795370857443,1,13,0.0,0,1
89,29,69,73,0,1.0,,1.0,1.0,,,,,0.4142857142857143,1045.0,0.0851674641148325,1,15,0.0666666666666666,1,0
35,3,44,0,1,,,,1.0,,,,,0.0666666666666666,55.0,0.6363636363636364,0,15,0.0,0,1
80,10,46,0,0,,,,1.0,,,,,0.2127659574468085,74.0,1.0810810810810811,0,15,0.0,0,1
13340,244,415,2,4,,,1.0,1.0,-18000.0,,,,0.5865384615384616,2061.0,6.472586123241145,1,17,0.2857142857142857,1,0
615,2544,262,979,4,,,1.0,1.0,7200.0,,,,9.673003802281368,803.0,0.7658779576587795,1,19,0.0,0,0
41,0,34,0,0,,,,1.0,,,,,0.0,52.0,0.7884615384615384,0,11,0.0,0,1
14654,1639,1793,2766,4,1.0,,1.0,1.0,,,,,0.9136008918617614,248.0,59.08870967741935,1,18,0.0833333333333333,1,0
33,2,35,0,0,,,,1.0,,,,,0.0555555555555555,54.0,0.6111111111111112,0,13,0.0,0,1
147109,1986,1064,10351,5,,,1.0,1.0,-18000.0,,,,1.8647887323943664,1670.0,88.08922155688623,1,10,0.0,0,0
2305,1837,2019,0,8,1.0,,,1.0,10800.0,,,,0.9094059405940594,749.0,3.07743658210948,1,13,0.0,0,1
5497,372,260,3921,1,1.0,,,1.0,,,,,1.4252873563218391,724.0,7.592541436464089,1,14,0.0,0,0
437,226,187,2672,0,1.0,,1.0,1.0,,,,,1.202127659574468,1294.0,0.3377125193199382,1,9,0.0,0,0
1557,1262,1234,0,3,1.0,,,1.0,10800.0,,,,1.0218623481781377,450.0,3.46,1,19,0.0,0,1
2,112,586,0,2,,,,,,,,,0.1908006814310051,,,0,6,0.3,1,1
44,6,38,0,0,,,,1.0,,,,,0.1538461538461538,53.0,0.8301886792452831,0,15,0.0,0,1
38224,10588,6651,119160,538,,,,1.0,-25200.0,,,,1.5917017438364405,1316.0,29.045592705167174,1,4,0.0,0,0
47489,1502,1504,4631,9,,,1.0,1.0,-25200.0,,,,0.9980066445182724,2165.0,21.93487297921478,1,13,0.3333333333333333,1,0
44,4,38,0,0,,,,1.0,,,,,0.1025641025641025,56.0,0.7857142857142857,0,12,0.0,0,1
25815,526,296,145,0,,,,1.0,-21600.0,,,,1.771043771043771,1229.0,21.004882017900734,0,11,0.0,0,1
47,0,0,0,0,,,,1.0,10800.0,,,,0.0,868.0,0.054147465437788,1,12,0.0833333333333333,1,1
210,4061,4434,0,3,,,,1.0,10800.0,,,,0.9156708004509584,800.0,0.2625,1,6,0.0,0,1
126,1,0,0,0,,,,1.0,10800.0,,,,1.0,874.0,0.1441647597254004,1,12,0.1538461538461538,1,1
68,4,39,0,0,,,,1.0,,,,,0.1,70.0,0.9714285714285714,0,11,0.0,0,1
4984,240,127,1192,3,,,1.0,1.0,-18000.0,,,,1.875,954.0,5.2243186582809225,1,7,0.2,1,0
4547,403,383,2352,0,,,1.0,1.0,-18000.0,,,,1.0494791666666667,1636.0,2.7793398533007334,1,12,0.1538461538461538,1,0
1,57,213,0,0,,,,,,,,,0.2663551401869158,,,0,5,0.2222222222222222,1,1
31,0,0,0,0,,,,1.0,10800.0,,,,0.0,799.0,0.0387984981226533,1,15,0.0,0,1
1890,46,165,102,0,1.0,,1.0,1.0,,,,,0.2771084337349397,900.0,2.1,1,14,0.0,0,0
1303,147,138,71,4,,,1.0,1.0,28800.0,,,,1.0575539568345325,1646.0,0.7916160388821385,1,14,0.0,0,0
1,287,284,0,0,,,1.0,1.0,-14400.0,,,,1.0070175438596491,2521.0,0.0003966679888932,1,17,0.0,0,1
63,5,44,0,0,,,,1.0,,,,,0.1111111111111111,73.0,0.863013698630137,0,10,0.0,0,1
62,7,38,0,0,,,,1.0,,,,,0.1794871794871795,70.0,0.8857142857142857,0,11,0.0,0,1
2167,36,125,70,0,,,1.0,1.0,28800.0,,,,0.2857142857142857,1743.0,1.2432587492828455,1,8,0.0,0,0
950,34,73,82,1,1.0,,1.0,1.0,,,,,0.4594594594594595,446.0,2.1300448430493275,0,6,0.0,0,0
59,1,31,0,1,,,,1.0,,,,,0.03125,65.0,0.9076923076923076,0,14,0.0,0,1
59,7,40,0,0,,,,1.0,,,,,0.1707317073170731,70.0,0.8428571428571429,0,13,0.0,0,1
73,6,41,0,0,,,,1.0,,,,,0.1428571428571428,72.0,1.0138888888888888,0,15,0.0,0,1
73,7,47,0,0,,,,1.0,,,,,0.1458333333333333,71.0,1.028169014084507,0,13,0.0,0,1
40,10,42,0,0,,,,1.0,,,,,0.2325581395348837,53.0,0.7547169811320755,0,11,0.0,0,1
410,126,876,26,6,,,1.0,1.0,-21600.0,,,,0.1436716077537058,1925.0,0.2129870129870129,1,11,0.2857142857142857,1,0
17126,400,192,4980,1,,,1.0,,-28800.0,,,,2.0725388601036268,2069.0,8.277428709521509,1,3,0.0,0,0
5825,3842,1926,1424,8,,,1.0,1.0,-16200.0,,,,1.993772703684484,2176.0,2.676930147058824,1,15,0.0,0,0
235,120,544,1,0,,,,,,,,,0.2201834862385321,,,0,17,0.0,0,1
215,1158,1545,0,21,,,,,,,,,0.7490297542043984,,,1,8,0.0,0,1
60,1,38,0,0,,,,1.0,,,,,0.0256410256410256,60.0,1.0,0,15,0.0,0,1
29,43,46,49,0,1.0,,,1.0,,,,,0.9148936170212766,190.0,0.1526315789473684,1,14,0.0,0,0
83,582,528,0,13,,,1.0,1.0,-14400.0,,,,1.1001890359168245,2489.0,0.0333467255926074,1,15,0.0,0,1
12,501,494,0,2,,,1.0,1.0,-14400.0,,,,1.0121212121212122,2466.0,0.0048661800486618,1,13,0.0,0,1
10779,980,1793,1,9,,,,1.0,-14400.0,,,,0.5462653288740246,783.0,13.766283524904214,1,14,0.0,0,1
96569,1109,1977,73630,77,,,,1.0,,,,,0.5606673407482305,954.0,101.22536687631028,1,15,0.4,1,0
1272,123,473,389,4,,,1.0,1.0,,,1.0,,0.2594936708860759,1416.0,0.8983050847457628,1,15,0.0,0,0
253,144,185,1030,0,1.0,,,1.0,,,,,0.7741935483870968,491.0,0.515274949083503,1,16,0.0,0,0
25819,493,595,34,10,,,1.0,1.0,-18000.0,,,,0.8271812080536913,1958.0,13.18641470888662,1,4,0.25,1,0
2509,465,235,2493,0,,,1.0,1.0,-25200.0,,,,1.9703389830508475,561.0,4.472370766488414,1,9,0.0,0,0
69,2,43,0,0,,,,1.0,,,,,0.0454545454545454,69.0,1.0,0,12,0.0,0,1
251,114,164,185,0,,,1.0,1.0,46800.0,,,,0.6909090909090909,339.0,0.7404129793510325,1,13,0.0,0,0
23381,864,1122,12734,14,,,,,3600.0,,,,0.7693677649154052,898.0,26.036748329621386,0,3,0.0,0,0
8153,705,580,2561,3,,,1.0,1.0,-14400.0,,,,1.2134251290877798,1170.0,6.9683760683760685,1,8,0.2222222222222222,1,0
327,5039,5321,0,10,,,,1.0,10800.0,,,,0.9468245020668922,872.0,0.375,1,5,0.1428571428571428,1,1
69,6,40,0,0,,,,1.0,,,,,0.1463414634146341,74.0,0.9324324324324323,0,15,0.0,0,1
67,7,37,0,0,,,,1.0,,,,,0.1842105263157894,73.0,0.9178082191780822,0,10,0.0,0,1
44,2,40,0,0,,,,1.0,,,,,0.048780487804878,56.0,0.7857142857142857,0,13,0.0,0,1
4986,152,294,9,0,,,1.0,1.0,,,,,0.5152542372881356,887.0,5.62119503945885,1,14,0.0769230769230769,1,1
3,47,1467,0,0,,,,,,,,,0.0320163487738419,,,0,11,0.2307692307692307,1,1
9053,243,965,272,0,,,1.0,1.0,-7200.0,,,,0.2515527950310559,1068.0,8.476591760299625,1,5,0.0,0,1
170,738,1868,0,1,,,,,,,,,0.3948635634028892,,,0,9,0.0,0,1
48,616,536,0,4,,,1.0,1.0,-14400.0,,,,1.1471135940409682,2505.0,0.0191616766467065,1,12,0.0,0,1
13241,151,132,4828,1,,,1.0,1.0,-18000.0,,,,1.1353383458646618,992.0,13.347782258064516,1,4,0.0,0,0
9890,308,555,404,3,1.0,,1.0,1.0,28800.0,,,,0.5539568345323741,682.0,14.501466275659824,1,12,0.1428571428571428,1,0
8632,123,36,707,4,1.0,,1.0,1.0,,,,,3.324324324324324,889.0,9.70978627671541,1,13,0.2222222222222222,1,0
76,5,39,0,0,,,,1.0,,,,,0.125,72.0,1.0555555555555556,0,12,0.0,0,1
4317,205,42,1253,1,1.0,,1.0,1.0,28800.0,,,,4.767441860465116,1067.0,4.045923149015932,1,12,0.0,0,0
11303,866,1584,0,4,,,,1.0,-18000.0,,,,0.546372239747634,1067.0,10.593252108716026,1,18,0.0,0,1
10444,324,1854,1,2,,,,1.0,-14400.0,,,,0.1746630727762803,785.0,13.304458598726114,1,13,0.0769230769230769,1,1
49,0,0,0,0,,,,1.0,10800.0,,,,0.0,872.0,0.0561926605504587,1,12,0.1538461538461538,1,1
132,234,329,0,0,,,,1.0,10800.0,,,,0.7090909090909091,873.0,0.1512027491408934,1,13,0.0,0,1
69,6,36,0,0,,,,1.0,,,,,0.1621621621621621,71.0,0.971830985915493,0,13,0.0,0,1
15753,12739,12697,12887,21,,,1.0,1.0,-18000.0,,,,1.0032288549377857,1886.0,8.352598091198303,1,20,0.0,0,0
59,8,40,0,0,,,,1.0,,,,,0.1951219512195122,70.0,0.8428571428571429,0,13,0.0,0,1
451,97,296,747,1,,,,1.0,28800.0,,,,0.3265993265993266,552.0,0.8170289855072463,1,15,0.0,0,0
5095,189,178,2207,5,,,,,-10800.0,,,,1.0558659217877095,289.0,17.629757785467127,1,13,0.0,0,0
62,4,35,0,0,,,,1.0,,,,,0.1111111111111111,64.0,0.96875,0,14,0.0,0,1
42,7,37,0,0,,,,1.0,,,,,0.1842105263157894,54.0,0.7777777777777778,0,14,0.0,0,1
116,1,0,0,0,,,,1.0,10800.0,,,,1.0,873.0,0.1328751431844215,1,16,0.0,0,1
19546,806,738,1555,42,1.0,,1.0,1.0,28800.0,,,,1.090663058186739,2518.0,7.762509928514694,1,18,0.0,0,0
95364,8304,100,34966,146,,,,1.0,-10800.0,,,,82.21782178217822,635.0,150.17952755905512,1,3,0.0,0,0
35,4,36,0,0,,,,1.0,,,,,0.1081081081081081,57.0,0.6140350877192983,0,16,0.0,0,1
58,8,42,0,0,,,,1.0,,,,,0.1860465116279069,74.0,0.7837837837837838,0,13,0.0,0,1
3,95,719,0,1,,,,,,,,,0.1319444444444444,,,0,7,0.2727272727272727,1,1
44,0,39,0,0,,,,1.0,,,,,0.0,57.0,0.7719298245614035,0,14,0.0,0,1
193,337,281,0,36,,,1.0,1.0,-14400.0,,,,1.1950354609929077,2382.0,0.081024349286314,1,19,0.0,0,1
45,2,33,0,0,,,,1.0,,,,,0.0588235294117647,59.0,0.7627118644067796,0,16,0.0,0,1
657,377,248,0,50,,,1.0,1.0,-14400.0,,,,1.5140562248995983,2573.0,0.2553439564710454,1,17,0.0,0,1
9710,826,850,1,4,1.0,,,1.0,,,,,0.9706227967097532,776.0,12.512886597938143,1,9,0.0,0,1
26,184,802,0,1,,,,,,,,,0.2291407222914072,,,0,21,0.0,0,1
206,164,226,3,0,,,,,,,,,0.7224669603524229,,,0,15,0.2857142857142857,1,1
270,5537,6062,0,11,,,,1.0,10800.0,,,,0.913244268513937,875.0,0.3085714285714285,1,6,0.0,0,1
784,571,1991,14,11,,,1.0,1.0,-21600.0,,,,0.2866465863453815,2325.0,0.3372043010752688,1,8,0.0,0,0
9904,652,1198,0,2,1.0,,,1.0,,,,,0.5437864887406172,776.0,12.762886597938143,1,13,0.0,0,1
6,588,497,0,2,,,1.0,1.0,-14400.0,,,,1.180722891566265,2489.0,0.0024106066693451,1,15,0.0,0,1
1764,87,228,2351,0,,,1.0,1.0,28800.0,,,,0.3799126637554585,1016.0,1.736220472440945,1,12,0.2222222222222222,1,0
70,6,38,0,0,,,,1.0,,,,,0.1538461538461538,71.0,0.9859154929577464,0,11,0.0,0,1
192832,3062,381,603,63,,,,1.0,-25200.0,,,,8.015706806282722,2231.0,86.43298969072166,1,17,0.0,0,0
44,292,278,0,16,,,1.0,1.0,-14400.0,,,,1.0465949820788532,2382.0,0.0184718723761544,1,19,0.0,0,1
44,8,34,0,0,,,,1.0,,,,,0.2285714285714285,69.0,0.6376811594202898,0,13,0.0,0,1
2,60,388,0,1,,,,,,,,,0.1542416452442159,,,0,5,0.1,1,1
40,4,33,0,0,,1.0,,1.0,,,,,0.1176470588235294,52.0,0.7692307692307693,0,12,0.0,0,1
3,60,1510,0,0,,,,,,,,,0.0397088021178027,,,0,15,0.0,0,1
12,293,256,0,2,,,1.0,1.0,-14400.0,,,,1.140077821011673,2511.0,0.004778972520908,1,18,0.0,0,1
12029,866,1509,1,3,,,,1.0,-18000.0,,,,0.5735099337748344,1036.0,11.61100386100386,1,14,0.0,0,1
3559,99,105,663,0,,,1.0,1.0,19800.0,,,,0.9339622641509434,1964.0,1.8121181262729125,1,12,0.2222222222222222,1,0
38,5,36,0,0,,,,1.0,,,,,0.1351351351351351,67.0,0.5671641791044776,0,13,0.0,0,1
59,13,36,0,0,,,,1.0,,,,,0.3513513513513513,65.0,0.9076923076923076,0,14,0.0,0,1
13,280,274,0,6,,,1.0,1.0,-14400.0,,,,1.018181818181818,2383.0,0.0054553084347461,1,19,0.0,0,1
93,34,41,0,0,,,,1.0,10800.0,,,,0.8095238095238095,874.0,0.1064073226544622,1,14,0.0,0,1
12301,880,1641,1,3,,,,1.0,-14400.0,,,,0.535931790499391,1028.0,11.965953307392995,1,11,0.1,1,1
20,643,566,0,6,,,1.0,1.0,-18000.0,,,,1.1340388007054674,2175.0,0.0091954022988505,1,12,0.0,0,1
62899,321,231,144,4,,,,1.0,43200.0,,,,1.3836206896551724,1578.0,39.85994930291508,1,14,0.0,0,0
45,1,37,0,0,,,,1.0,,,,,0.0263157894736842,67.0,0.6716417910447762,0,11,0.0,0,1
4558,973,1165,2042,41,,,,1.0,-28800.0,,,,0.8344768439108061,2380.0,1.915126050420168,1,15,0.0,0,0
100,268,225,0,26,,,1.0,1.0,-25200.0,,,,1.1858407079646018,1341.0,0.0745712155108128,1,17,0.0,0,1
19036,423,427,1558,21,,,1.0,,43200.0,,,,0.9883177570093458,2309.0,8.244261585101775,1,13,0.0,0,0
126,410,253,0,21,,,1.0,1.0,-14400.0,,,,1.6141732283464567,2558.0,0.0492572322126661,1,18,0.0,0,1
81,359,242,0,7,,,1.0,1.0,-14400.0,,,,1.477366255144033,2573.0,0.0314807617567042,1,17,0.0,0,1
4,311,294,0,7,,,1.0,1.0,-14400.0,,,,1.0542372881355933,2576.0,0.0015527950310559,1,19,0.0,0,1
78,10,38,0,0,,,,1.0,,,,,0.2564102564102564,72.0,1.0833333333333333,0,14,0.0,0,1
4252,295,427,114,22,,,1.0,1.0,19800.0,,,,0.6892523364485982,1158.0,3.6718480138169256,1,12,0.0,0,0
2165,799,1452,0,0,1.0,,,1.0,10800.0,,,,0.5498967653131452,771.0,2.808041504539559,1,5,0.2727272727272727,1,1
59,4,42,0,0,,,,1.0,,,,,0.0930232558139534,63.0,0.9365079365079364,0,16,0.0,0,1
1797,82,579,57,2,,,,1.0,-18000.0,,,,0.1413793103448276,1765.0,1.0181303116147309,1,10,0.0,0,0
19086,371,86,11209,3,,,1.0,1.0,28800.0,,,,4.264367816091954,1013.0,18.84106614017769,1,13,0.0,0,0
158,565,506,0,0,,,1.0,1.0,-14400.0,,,,1.1143984220907297,2489.0,0.0634793089594214,1,11,0.0,0,1
32341,857,130,1452,10,,,1.0,1.0,19800.0,,,,6.541984732824427,1309.0,24.70664629488159,0,8,0.0,0,0
34,9,37,0,0,,,,1.0,,,,,0.2368421052631578,53.0,0.6415094339622641,0,13,0.0,0,1
6313,4214,4343,3,7,1.0,,,1.0,10800.0,,,,0.970073664825046,767.0,8.23076923076923,1,18,0.0,0,1
76,4,36,0,0,,,,1.0,,,,,0.1081081081081081,72.0,1.0555555555555556,0,14,0.0,0,1
76,8,39,0,0,,,,1.0,,,,,0.2,74.0,1.027027027027027,0,11,0.0,0,1
8,262,236,0,1,,,1.0,1.0,-14400.0,,,,1.1054852320675106,2533.0,0.0031583103039873,1,18,0.0,0,1
46294,187,366,875,6,,,1.0,1.0,-25200.0,,,,0.5095367847411444,1522.0,30.416557161629434,1,12,0.0,0,0
72,9,40,0,0,,,,1.0,,,,,0.2195121951219512,70.0,1.0285714285714285,0,11,0.0,0,1
57,7,44,0,0,,,,1.0,,,,,0.1555555555555555,69.0,0.8260869565217391,0,15,0.0,0,1
56,4,35,0,0,,,,1.0,,,,,0.1111111111111111,71.0,0.7887323943661971,0,13,0.0,0,1
2020,494,254,2025,1,,,1.0,1.0,-28800.0,,,,1.9372549019607843,1391.0,1.4521926671459382,1,12,0.0,0,0
22251,347,433,495,3,,,,1.0,-18000.0,,,,0.7995391705069125,2220.0,10.022972972972973,1,8,0.0,0,0
54,4,33,0,1,,,,1.0,,,,,0.1176470588235294,62.0,0.8709677419354839,0,16,0.0,0,1
371,5392,5925,0,6,,,,1.0,10800.0,,,,0.90988862639217,713.0,0.520336605890603,1,6,0.0,0,1
1329,45,56,416,0,,,,1.0,,,,,0.7894736842105263,331.0,4.015105740181269,1,17,0.0,0,0
10081,384,1456,0,6,1.0,,,1.0,-18000.0,,,,0.2635552505147563,653.0,15.437978560490048,1,13,0.0,0,1
53,2,37,0,0,,,,1.0,,,,,0.0526315789473684,68.0,0.7794117647058824,0,13,0.0,0,1
62,7,35,0,0,,,,1.0,,,,,0.1944444444444444,74.0,0.8378378378378378,0,15,0.0,0,1
11492,889,1506,1,0,,,,1.0,-18000.0,,,,0.5899137358991373,986.0,11.655172413793103,1,19,0.0666666666666666,1,1
58,2,37,0,0,,,,1.0,,,,,0.0526315789473684,62.0,0.935483870967742,0,13,0.0,0,1
6904,561,598,0,17,,,1.0,1.0,3600.0,,,,0.9365609348914858,1492.0,4.627345844504021,1,16,0.4444444444444444,1,1
7198,274,481,36,10,1.0,,1.0,1.0,28800.0,,,,0.5684647302904564,2254.0,3.1934338952972494,1,16,0.0,0,0
307,45,252,1,1,,,,,,,,,0.1778656126482213,,,0,18,0.0,0,1
11159,695,1839,1,0,1.0,,,1.0,,,,,0.3777173913043478,776.0,14.380154639175258,1,13,0.0,0,1
22746,3656,1110,2474,74,,,,,-18000.0,,,,3.2907290729072907,668.0,34.050898203592816,1,18,0.0,0,0
1,204,632,0,0,,,,,,,,,0.3222748815165877,,,0,8,0.1666666666666666,1,1
5081,749,779,5753,4,1.0,,1.0,1.0,-25200.0,,,,0.9602564102564104,148.0,34.33108108108108,1,9,0.0,0,0
42332,699,473,10222,0,,,,1.0,28800.0,,1.0,,1.4746835443037976,985.0,42.97664974619289,1,6,0.0,0,0
25279,495,628,432,16,,,1.0,1.0,43200.0,,,,0.7869634340222575,1878.0,13.46059637912673,1,4,0.0,0,0
17,182,884,0,0,,,,,,,,,0.2056497175141242,,,1,17,0.0,0,1
2156,285,225,1086,13,1.0,,1.0,1.0,,,,,1.261061946902655,611.0,3.5286415711947625,1,7,0.0,0,0
64,8,39,0,0,,,,1.0,,,,,0.2,63.0,1.0158730158730158,0,14,0.0,0,1
58627,6584,907,11,424,,,1.0,1.0,-25200.0,,,,7.251101321585903,2338.0,25.075705731394358,1,7,0.0,0,0
10253,2951,2145,1054,26,,,1.0,1.0,-10800.0,,,,1.375116495806151,438.0,23.40867579908676,1,7,0.0,0,0
76,7,43,0,0,,,,1.0,,,,,0.1590909090909091,73.0,1.0410958904109588,0,14,0.0,0,1
10893,920,1764,1,2,,,,1.0,-18000.0,,,,0.5212464589235127,785.0,13.876433121019108,1,16,0.0666666666666666,1,1
1,130,773,0,0,,,,,,,,,0.1679586563307493,,,0,5,0.2222222222222222,1,1
24,749,1970,0,1,,,,,,,,,0.3800101471334348,,,0,14,0.25,1,1
6622,102,325,214,9,,,1.0,1.0,-14400.0,,,,0.3128834355828221,1022.0,6.47945205479452,1,12,0.3,1,0
40,2,38,0,0,,,,1.0,,,,,0.0512820512820512,53.0,0.7547169811320755,0,10,0.0,0,1
106283,3307,934,34156,88,,,1.0,1.0,-7200.0,,,,3.5368983957219253,1041.0,102.09702209414024,1,14,0.0,0,1
4483,281,651,2324,3,,,1.0,,-18000.0,,,,0.4309815950920245,1986.0,2.25730110775428,1,15,0.3333333333333333,1,0
4772,3759,4019,4,8,1.0,,,1.0,10800.0,,,,0.9350746268656716,755.0,6.320529801324503,0,10,0.1,1,1
90,22,277,0,0,,,,1.0,,,,,0.079136690647482,74.0,1.2162162162162162,0,11,0.0,0,1
4737,234,333,5511,2,1.0,,1.0,1.0,,,,,0.7005988023952096,1011.0,4.685459940652819,0,11,0.0,0,0
1,137,679,0,0,,,,,,,,,0.2014705882352941,,,0,6,0.2,1,1
2,104,1387,0,0,,,,,,,,,0.0749279538904899,,,0,15,0.3333333333333333,1,1
62,6,39,0,0,,,,1.0,,,,,0.15,68.0,0.9117647058823528,0,16,0.0,0,1
17229,271,418,1965,7,,,1.0,1.0,28800.0,,,,0.6467780429594272,2105.0,8.184798099762471,1,11,0.2,1,0
1,175,589,0,1,,,,,,,,,0.2966101694915254,,,0,8,0.1666666666666666,1,1
1014,54,52,523,1,,,1.0,1.0,28800.0,,1.0,,1.018867924528302,1885.0,0.5379310344827586,1,2,0.0,0,0
58,3,37,0,0,,,,1.0,,,,,0.0789473684210526,67.0,0.8656716417910447,0,12,0.0,0,1
43,3,39,0,0,,,,1.0,,,,,0.075,70.0,0.6142857142857143,0,13,0.0,0,1
512,3035,3108,0,4,,,,1.0,,,,,0.9761981344483756,156.0,3.282051282051282,1,14,0.0,0,1
145,89,263,3,0,,,,1.0,,,,,0.3371212121212121,161.0,0.9006211180124224,0,14,0.0,0,1
122,263,348,0,0,,,,1.0,10800.0,,,,0.7535816618911175,874.0,0.1395881006864988,1,15,0.0,0,1
692,100,100,1285,0,,,1.0,1.0,,,,,0.99009900990099,88.0,7.863636363636363,1,16,0.0,0,0
74,9,49,0,0,,,,1.0,,,,,0.18,74.0,1.0,0,12,0.0,0,1
31,1,0,0,0,,,,1.0,10800.0,,,,1.0,799.0,0.0387984981226533,1,13,0.0,0,1
134,210,313,0,0,1.0,,,1.0,10800.0,,,,0.6687898089171974,873.0,0.1534936998854524,1,13,0.0,0,1
1,197,521,0,1,,,,,,,,,0.3773946360153257,,,0,4,0.25,1,1
57,0,0,0,0,,,,1.0,10800.0,,,,0.0,874.0,0.0652173913043478,1,14,0.0,0,1
50,245,200,0,7,,,1.0,1.0,-14400.0,,,,1.2189054726368158,2566.0,0.0194855806703039,1,20,0.0,0,1
57,10,39,0,0,,,,1.0,,,,,0.25,68.0,0.8382352941176471,0,10,0.0,0,1
41,9,38,0,0,,,,1.0,,,,,0.2307692307692307,55.0,0.7454545454545455,0,11,0.0,0,1
71,1,40,0,0,,,,1.0,,,,,0.024390243902439,72.0,0.9861111111111112,0,11,0.0,0,1
112,1,0,0,0,,,,1.0,10800.0,,,,1.0,874.0,0.1281464530892448,1,17,0.0,0,1
550,540,213,0,0,,,,1.0,10800.0,,,,2.5233644859813085,159.0,3.459119496855346,1,12,0.0,0,1
1,199,539,0,1,,,,,,,,,0.3685185185185185,,,0,5,0.2222222222222222,1,1
382,353,291,0,43,,,1.0,1.0,-14400.0,,,,1.2089041095890412,2568.0,0.1487538940809968,1,17,0.0,0,1
122,0,0,0,0,,,,1.0,10800.0,,,,0.0,871.0,0.140068886337543,1,15,0.0,0,1
41,3,40,0,0,,,,1.0,,,,,0.073170731707317,55.0,0.7454545454545455,0,13,0.0,0,1
76,4,40,0,0,,,,1.0,,,,,0.0975609756097561,71.0,1.0704225352112675,0,11,0.0,0,1
60,2,41,0,0,,,,1.0,,,,,0.0476190476190476,71.0,0.8450704225352113,0,16,0.0,0,1
46,2,39,0,0,,,,1.0,,,,,0.05,53.0,0.8679245283018868,0,12,0.0,0,1
59,1,40,0,0,,,,1.0,,,,,0.024390243902439,70.0,0.8428571428571429,0,15,0.0,0,1
38,556,494,0,7,,,1.0,1.0,-14400.0,,,,1.1232323232323231,2487.0,0.0152794531564133,1,12,0.0,0,1
32217,387,948,435,7,,,1.0,1.0,28800.0,,,,0.4077976817702845,1952.0,16.504610655737704,1,14,0.0,0,0
563,9361,9921,0,9,,,,1.0,,,,,0.943458980044346,157.0,3.5859872611464967,1,16,0.0,0,1
22317,491,226,7338,6,,,1.0,1.0,-25200.0,,,,2.1629955947136565,1083.0,20.606648199445985,1,6,0.0,0,0
81,912,1174,0,3,,,,,,,,,0.7761702127659574,,,1,12,0.0769230769230769,1,1
54,7,36,0,0,,,,1.0,,,,,0.1891891891891892,64.0,0.84375,0,15,0.0,0,1
79,2,38,0,0,,,,1.0,,,,,0.0512820512820512,73.0,1.082191780821918,0,16,0.0,0,1
10632,616,1429,1,4,1.0,,,1.0,,,,,0.4307692307692308,776.0,13.70103092783505,1,13,0.0,0,1
53,5,40,0,0,,,,1.0,,,,,0.1219512195121951,62.0,0.8548387096774194,0,15,0.0,0,1
24475,933,1972,4642,40,,,1.0,1.0,19800.0,,,,0.4728839330968069,2040.0,11.997549019607844,1,18,0.0,0,0
59,8,40,0,1,,,,1.0,,,,,0.1951219512195122,67.0,0.8805970149253731,0,15,0.0,0,1
34,5,42,0,0,,,,1.0,,,,,0.1162790697674418,57.0,0.5964912280701754,0,12,0.0,0,1
283,29,81,376,2,1.0,,1.0,1.0,,,,,0.3536585365853658,573.0,0.493891797556719,0,5,0.2857142857142857,1,0
1,262,259,0,2,,,1.0,1.0,-18000.0,,,,1.0076923076923077,1832.0,0.0005458515283842,1,19,0.0,0,1
4159,253,148,484,3,,,,1.0,3600.0,,,,1.6979865771812082,1125.0,3.6968888888888887,1,10,0.0,0,0
72807,555,419,71,2,,,1.0,1.0,-14400.0,,,,1.3214285714285714,2021.0,36.02523503216229,1,6,0.0,0,0
61932,12466,122,14412,148,,,1.0,1.0,-14400.0,,,,101.34959349593495,360.0,172.03333333333333,1,4,0.0,0,0
12833,852,216,1003,1,1.0,,1.0,1.0,28800.0,,,,3.926267281105991,2002.0,6.41008991008991,1,10,0.0,0,0
45,0,38,0,0,,,,1.0,,,,,0.0,58.0,0.7758620689655172,0,11,0.0,0,1
145,228,381,0,0,,,,1.0,10800.0,,,,0.5968586387434555,874.0,0.165903890160183,1,10,0.0,0,1
117,646,538,0,14,,,1.0,1.0,-14400.0,,,,1.1985157699443414,2505.0,0.0467065868263473,1,12,0.0,0,1
4,320,292,0,5,,,1.0,1.0,-14400.0,,,,1.0921501706484642,2560.0,0.0015625,1,19,0.0769230769230769,1,1
254,332,252,0,49,,,1.0,1.0,-14400.0,,,,1.3122529644268774,2400.0,0.1058333333333333,1,17,0.0,0,1
49,4,37,0,1,,,,1.0,,,,,0.1052631578947368,67.0,0.7313432835820896,0,15,0.0,0,1
2514,967,1003,276,49,,,1.0,1.0,-25200.0,,,,0.9631474103585658,2201.0,1.1422080872330758,1,6,0.0,0,0
12942,881,1685,1,6,,,,1.0,-14400.0,,,,0.5225385527876631,1027.0,12.601752677702043,1,19,0.0,0,1
75,5,41,0,0,,,,1.0,,,,,0.119047619047619,71.0,1.056338028169014,0,14,0.0,0,1
520,886,2001,2,21,,,,,,,,,0.4425574425574425,,,1,10,0.0,0,1
50,6,39,0,0,,,,1.0,,,,,0.15,62.0,0.8064516129032258,0,9,0.0,0,1
78,7,43,0,0,,,,1.0,,,,,0.1590909090909091,74.0,1.054054054054054,0,12,0.0,0,1
49,4,39,0,0,,,,1.0,,,,,0.1,65.0,0.7538461538461538,0,15,0.0,0,1
10218,3152,2522,339,86,,,,1.0,-18000.0,,,,1.2493063812921126,2352.0,4.344387755102041,1,8,0.0,0,0
4932,246,498,799,12,1.0,,1.0,1.0,,,,,0.4929859719438877,2105.0,2.342992874109264,0,14,0.0,0,0
3446,79,116,555,0,,,,1.0,-25200.0,,,,0.6752136752136753,2054.0,1.6777020447906523,1,14,0.0,0,0
43,4,34,0,1,,,,1.0,,,,,0.1142857142857142,55.0,0.7818181818181819,0,13,0.0,0,1
45,3,40,0,0,,,,1.0,,,,,0.073170731707317,56.0,0.8035714285714286,0,16,0.0,0,1
27233,614,551,25886,2,,,1.0,1.0,-14400.0,,,,1.1123188405797102,1264.0,21.54509493670886,1,6,0.0,0,0
365,150,77,114,1,1.0,,,1.0,-18000.0,,,,1.9230769230769231,966.0,0.3778467908902691,1,13,0.0769230769230769,1,0
37,8,44,0,0,,,,1.0,,,,,0.1777777777777777,53.0,0.6981132075471698,0,14,0.0,0,1
18,155,563,0,2,,,,,,,,,0.274822695035461,,,1,48,0.0,0,1
14376,363,306,1753,1,1.0,,,1.0,-36000.0,,,,1.1824104234527688,1477.0,9.733243060257278,1,13,0.125,1,0
384,324,270,0,46,,,1.0,1.0,-18000.0,,,,1.1955719557195572,2382.0,0.1612090680100755,1,18,0.0,0,1
129,250,328,0,0,,,,1.0,10800.0,,,,0.7598784194528876,874.0,0.1475972540045766,1,13,0.0,0,1
8058,672,717,610,4,1.0,,1.0,1.0,-18000.0,,,,0.935933147632312,2000.0,4.029,1,18,0.0,0,0
59,8,40,0,0,,,,1.0,,,,,0.1951219512195122,70.0,0.8428571428571429,0,15,0.0,0,1
58,3,44,0,1,,,,1.0,,,,,0.0666666666666666,69.0,0.8405797101449275,0,15,0.0,0,1
2454,340,797,96,1,,,1.0,1.0,,,,,0.4260651629072681,1322.0,1.8562783661119515,1,20,0.0,0,0
62,0,25,0,0,,,,1.0,,,,,0.0,74.0,0.8378378378378378,0,15,0.0,0,1
61,642,538,0,12,,,1.0,1.0,-14400.0,,,,1.191094619666048,2505.0,0.0243512974051896,1,12,0.0,0,1
26476,971,857,23474,6,,,1.0,1.0,28800.0,,,,1.1317016317016315,409.0,64.73349633251834,1,18,0.0,0,0
60,2,38,0,0,,,,1.0,,,,,0.0512820512820512,62.0,0.967741935483871,0,11,0.0,0,1
36730,261,305,332,2,,,1.0,1.0,-10800.0,,,,0.8529411764705882,1459.0,25.174777244688144,1,4,0.0,0,0
69,100,214,170,1,,,1.0,,-28800.0,,,,0.4651162790697674,25.0,2.76,1,14,0.0,0,0
58,4,37,0,0,,,,1.0,,,,,0.1052631578947368,63.0,0.9206349206349206,0,13,0.0,0,1
6287,481,470,11023,1,,,1.0,1.0,-14400.0,,,,1.021231422505308,1117.0,5.628469113697403,1,9,0.0,0,0
3,316,298,0,5,,,1.0,1.0,-14400.0,,,,1.05685618729097,2579.0,0.0011632415664986,1,19,0.0,0,1
43,5,44,0,0,,,,1.0,,,,,0.1111111111111111,59.0,0.7288135593220338,0,13,0.0,0,1
14009,159,182,341,4,,,1.0,1.0,28800.0,,,,0.8688524590163934,2029.0,6.90438639724002,1,9,0.0,0,0
128,297,332,0,0,,,,1.0,10800.0,,,,0.8918918918918919,874.0,0.1464530892448512,1,16,0.0,0,1
85,47,133,0,0,,,,1.0,10800.0,,,,0.3507462686567164,870.0,0.0977011494252873,1,12,0.1538461538461538,1,1
45,7,42,0,0,,,,1.0,,,,,0.1627906976744186,55.0,0.8181818181818182,0,12,0.0,0,1
3806,2746,2547,2901,14,,,1.0,1.0,46800.0,,,,1.0777080062794349,1037.0,3.670202507232401,1,10,0.0,0,0
12725,1308,926,1,7,1.0,,,1.0,,,,,1.4110032362459546,776.0,16.39819587628866,1,16,0.0,0,1
17939,377,367,5895,1,,,1.0,1.0,-18000.0,,,,1.0244565217391304,1419.0,12.642001409443267,1,8,0.0,0,0
68,1,37,0,0,,,,1.0,,,,,0.0263157894736842,72.0,0.9444444444444444,0,12,0.0,0,1
198,7,86,0,0,,,,1.0,,,,,0.0804597701149425,465.0,0.4258064516129032,0,15,0.0,0,1
45,8,40,0,0,,,,1.0,,,,,0.1951219512195122,60.0,0.75,0,13,0.0,0,1
65,3,43,0,1,,,,1.0,,,,,0.0681818181818181,70.0,0.9285714285714286,0,13,0.0,0,1
1198,80,357,280,0,,,,,28800.0,,,,0.2234636871508379,71.0,16.87323943661972,1,11,0.0,0,0
136,1,0,0,0,,,,1.0,10800.0,,,,1.0,830.0,0.163855421686747,1,15,0.0,0,1
1318,166,233,615,0,1.0,,,1.0,-18000.0,,,,0.7094017094017094,234.0,5.632478632478633,1,15,0.0,0,0
80,8,39,0,0,,,,1.0,,,,,0.2,74.0,1.0810810810810811,0,15,0.0,0,1
2223,856,1984,0,4,,,1.0,,,,,,0.4312342569269521,,,1,8,0.0,0,1
44,2,37,0,0,,,,1.0,,,,,0.0526315789473684,56.0,0.7857142857142857,0,15,0.0,0,1
74,1,0,0,0,,,,1.0,10800.0,,,,1.0,801.0,0.0923845193508114,1,13,0.0,0,1
5838,274,1150,639,7,,,1.0,1.0,-25200.0,,,,0.2380538662033015,1801.0,3.241532481954469,1,12,0.2,1,0
525,635,497,0,199,,,1.0,1.0,-14400.0,,,,1.2751004016064258,2505.0,0.2095808383233532,1,12,0.0,0,1
103,26,189,40,1,1.0,,,1.0,,,,,0.1368421052631579,1043.0,0.0987535953978907,0,2,0.2222222222222222,1,0
45,8,36,0,0,,,,1.0,,,,,0.2162162162162162,54.0,0.8333333333333334,0,14,0.0,0,1
43,1,39,0,0,,,,1.0,,,,,0.025,68.0,0.6323529411764706,0,14,0.0,0,1
15542,858,638,5473,6,,,1.0,1.0,,,,,1.3427230046948355,775.0,20.054193548387097,1,19,0.0,0,0
47,6,32,0,0,,,,1.0,,,,,0.1818181818181818,53.0,0.8867924528301887,0,16,0.0,0,1
21936,1532,187,14874,4,,,,1.0,,,,,8.148936170212766,234.0,93.74358974358974,1,8,0.0,0,0
1323,333,272,4063,0,1.0,,,1.0,,,,,1.21978021978022,1438.0,0.9200278164116829,1,4,0.0,0,0
1,67,229,0,0,,,,,,,,,0.2913043478260869,,,0,7,0.1818181818181818,1,1
54,10,34,0,0,,,,1.0,,,,,0.2857142857142857,73.0,0.7397260273972602,0,15,0.0,0,1
36,16,23,101,0,1.0,,,1.0,,,,,0.6666666666666666,749.0,0.048064085447263,1,13,0.1428571428571428,1,0
318,84,876,0,0,,,,1.0,,,,,0.0957810718358038,75.0,4.24,0,15,0.0,0,1
53,7,40,0,0,,,,1.0,,,,,0.1707317073170731,70.0,0.7571428571428571,0,15,0.0,0,1
35,7,46,0,0,,,,1.0,,,,,0.1489361702127659,55.0,0.6363636363636364,0,15,0.0,0,1
309,65,749,0,0,,,,1.0,,,,,0.0866666666666666,127.0,2.4330708661417324,0,15,0.0,0,1
499,320,272,0,39,,,1.0,1.0,-14400.0,,,,1.1721611721611722,2381.0,0.2095758084838303,1,18,0.0,0,1
24,1077,1971,0,1,,,,,,,,,0.5461460446247465,,,0,11,0.0,0,1
68,6,35,0,0,,,,1.0,,,,,0.1666666666666666,74.0,0.918918918918919,0,13,0.0,0,1
50,5,33,0,1,,,,1.0,,,,,0.1470588235294117,54.0,0.925925925925926,0,12,0.0,0,1
2885,304,189,3,0,1.0,,1.0,1.0,,,,,1.6,842.0,3.426365795724465,1,18,0.0,0,0
124,0,0,0,0,,,,1.0,10800.0,,,,0.0,874.0,0.1418764302059496,1,16,0.0,0,1
58,6,34,0,0,,,,1.0,,,,,0.1714285714285714,69.0,0.8405797101449275,0,13,0.0,0,1
147,282,357,0,1,,,,1.0,10800.0,,,,0.7877094972067039,875.0,0.168,1,12,0.0,0,1
61,1,34,0,0,,,,1.0,,,,,0.0285714285714285,71.0,0.8591549295774648,0,15,0.0,0,1
4,40,1424,0,2,,,,,,,,,0.0280701754385964,,,0,10,0.0,0,1
80,7,38,0,0,,,,1.0,,,,,0.1794871794871795,74.0,1.0810810810810811,0,16,0.0,0,1
78397,1712,1009,4558,10,,,1.0,,-28800.0,,,,1.695049504950495,1373.0,57.09905316824472,1,19,0.0,0,0
5458,141,209,218,11,,,1.0,1.0,-36000.0,,,,0.6714285714285714,1811.0,3.013804527885146,1,12,0.0,0,0
32,269,263,0,12,,,1.0,1.0,-14400.0,,,,1.018939393939394,2239.0,0.0142920946851272,1,19,0.0,0,1
43,8,42,0,0,,,,1.0,,,,,0.1860465116279069,55.0,0.7818181818181819,0,13,0.0,0,1
109,11,31,0,0,,,,1.0,10800.0,,,,0.34375,874.0,0.1247139588100686,1,15,0.0,0,1
73940,1432,592,887,71,,,1.0,1.0,-25200.0,,,,2.414839797639123,2355.0,31.397027600849256,1,16,0.0,0,0
41,8,34,0,0,,,,1.0,,,,,0.2285714285714285,58.0,0.7068965517241379,0,9,0.0,0,1
3060,1293,1977,7,1,1.0,,1.0,1.0,10800.0,,,,0.653690596562184,440.0,6.954545454545454,1,7,0.0,0,1
63,7,34,0,0,,,,1.0,,,,,0.2,70.0,0.9,0,11,0.0,0,1
33,0,0,0,0,,,,1.0,10800.0,,,,0.0,865.0,0.038150289017341,1,15,0.0,0,1
47,4,36,0,0,,,,1.0,,,,,0.1081081081081081,70.0,0.6714285714285714,0,11,0.0,0,1
5697,264,120,4234,0,,,1.0,1.0,,,,,2.1818181818181817,488.0,11.674180327868852,1,5,0.0,0,0
65,135,998,0,0,,,,1.0,-25200.0,,,,0.1351351351351351,24.0,2.708333333333333,1,16,0.0,0,1
67,7,41,0,0,,,,1.0,,,,,0.1666666666666666,66.0,1.0151515151515151,0,11,0.0,0,1
66,8,42,0,0,,,,1.0,,,,,0.1860465116279069,66.0,1.0,0,11,0.0,0,1
45,10,7,19,0,1.0,,,1.0,,,,,1.25,51.0,0.8823529411764706,1,20,0.0,0,0
47,1,36,0,0,,,,1.0,,,,,0.027027027027027,54.0,0.8703703703703703,0,10,0.0,0,1
133,0,0,0,0,,,,1.0,10800.0,,,,0.0,873.0,0.1523482245131729,1,16,0.0,0,1
63,3,39,0,0,,,,1.0,,,,,0.075,71.0,0.8873239436619719,0,14,0.0,0,1
12561,787,1007,5967,7,,,,1.0,-21600.0,,,,0.7807539682539683,1563.0,8.036468330134356,1,20,0.0,0,0
65,3,43,0,0,,,,1.0,,,,,0.0681818181818181,69.0,0.9420289855072465,0,15,0.0,0,1
49,1,45,0,0,,,,1.0,,,,,0.0217391304347826,69.0,0.7101449275362319,0,13,0.0,0,1
63,0,37,0,1,,,,1.0,,,,,0.0,66.0,0.9545454545454546,0,13,0.0,0,1
71,9,36,0,0,,,,1.0,,,,,0.2432432432432432,73.0,0.9726027397260274,0,12,0.0,0,1
13101,1469,1152,8414,78,,,1.0,1.0,-18000.0,,,,1.274067649609714,2229.0,5.877523553162853,1,9,0.0,0,0
59,5,40,0,1,,,,1.0,,,,,0.1219512195121951,62.0,0.9516129032258064,0,16,0.0,0,1
37,8,34,0,0,,,,1.0,,,,,0.2285714285714285,53.0,0.6981132075471698,0,13,0.0,0,1
278,613,303,0,58,,,1.0,1.0,-14400.0,,,,2.0164473684210527,2573.0,0.1080450835600466,1,19,0.0,0,1
60,4,46,0,0,,,,1.0,,,,,0.0851063829787234,62.0,0.967741935483871,0,11,0.0,0,1
341,26,16,44,0,1.0,,,1.0,-18000.0,,,,1.5294117647058822,82.0,4.158536585365853,1,4,0.2,1,0
33,634,525,0,20,,,1.0,1.0,-14400.0,,,,1.2053231939163498,2505.0,0.0131736526946107,1,12,0.0,0,1
46,4,33,0,0,,,,1.0,,,,,0.1176470588235294,70.0,0.6571428571428571,0,14,0.0,0,1
2,58,107,0,9,,,1.0,1.0,-36000.0,,,,0.5370370370370371,1280.0,0.0015625,1,19,0.0,0,1
12496,980,1844,1,13,,,,1.0,-18000.0,,,,0.5311653116531165,1196.0,10.448160535117056,1,17,0.0,0,1
65,4,46,0,0,,,,1.0,,,,,0.0851063829787234,73.0,0.8904109589041096,0,13,0.0,0,1
36,7,41,0,0,,,,1.0,,,,,0.1666666666666666,52.0,0.6923076923076923,0,13,0.0,0,1
6882,69,35,35,3,,,,1.0,28800.0,,,,1.9166666666666667,2156.0,3.192022263450835,0,8,0.0,0,0
419,5232,5454,0,8,1.0,,,1.0,10800.0,,,,0.9591200733272228,714.0,0.5868347338935574,1,4,0.0,0,1
2,281,269,0,1,,,1.0,1.0,-25200.0,,,,1.0407407407407407,1734.0,0.0011534025374855,1,20,0.0,0,1
54,5,43,0,1,,,,1.0,,,,,0.1136363636363636,66.0,0.8181818181818182,0,14,0.0,0,1
61,5,42,0,0,,,,1.0,,,,,0.1162790697674418,74.0,0.8243243243243243,0,12,0.0,0,1
12235,337,389,6056,2,1.0,,1.0,1.0,28800.0,,,,0.8641025641025641,229.0,53.42794759825328,1,15,0.0,0,0
58,0,0,0,0,,,,1.0,10800.0,,,,0.0,873.0,0.0664375715922107,1,13,0.0,0,1
43,3,45,0,0,,,,1.0,,,,,0.0652173913043478,57.0,0.7543859649122807,0,14,0.0,0,1
36,2,38,0,0,,,,1.0,,,,,0.0512820512820512,53.0,0.6792452830188679,0,14,0.0,0,1
82,8,44,0,0,,,,1.0,,,,,0.1777777777777777,74.0,1.108108108108108,0,14,0.0,0,1
3,77,1545,0,0,,,,,,,,,0.0498059508408796,,,0,17,0.0,0,1
43,2,39,0,0,,,,1.0,,,,,0.05,59.0,0.7288135593220338,0,13,0.0,0,1
11333,1040,1623,1,6,,,,1.0,-18000.0,,,,0.6403940886699507,1268.0,8.93769716088328,1,10,0.0,0,1
34430,2313,77,16435,48,,,1.0,1.0,7200.0,,,,29.653846153846157,487.0,70.69815195071868,1,6,0.0,0,0
142,41,58,3,0,,,,1.0,,,,,0.6949152542372882,69.0,2.057971014492753,1,4,0.0,0,1
44,3,37,0,0,,,,1.0,,,,,0.0789473684210526,58.0,0.7586206896551724,0,15,0.0,0,1
1267,77,94,965,1,1.0,,,1.0,,,1.0,,0.8105263157894737,160.0,7.91875,0,3,0.0,0,0
5021,700,596,8775,0,,,,,-18000.0,,,,1.1725293132328307,407.0,12.336609336609335,1,6,0.0,0,0
1,220,583,0,0,,,,,,,,,0.3767123287671233,,,0,5,0.2222222222222222,1,1
9,29,581,0,0,,,,,,,,,0.049828178694158,,,0,11,0.3,1,1
81,62,81,43,0,,,1.0,,,,,,0.7560975609756098,58.0,1.396551724137931,0,17,0.0833333333333333,1,0
45,5,41,0,1,,,,1.0,,,,,0.119047619047619,70.0,0.6428571428571429,0,16,0.0,0,1
3259,175,116,1297,0,,,,1.0,,,,,1.4957264957264955,146.0,22.32191780821918,1,6,0.0,0,0
11,268,259,0,6,,,1.0,1.0,-18000.0,,,,1.0307692307692309,1921.0,0.0057261842790213,1,20,0.0,0,1
37,1,33,0,0,,,,1.0,,,,,0.0294117647058823,52.0,0.7115384615384616,0,14,0.0,0,1
751,215,231,1589,0,1.0,,1.0,1.0,,,,,0.9267241379310344,632.0,1.1882911392405062,0,11,0.0,0,0
11981,1345,1863,1,4,,,,1.0,-18000.0,,,,0.7215665236051502,1034.0,11.587040618955513,1,12,0.0833333333333333,1,1
45,14,38,0,0,,,,1.0,,,,,0.358974358974359,57.0,0.7894736842105263,0,13,0.0,0,1
4796,1408,1533,3171,4,,,1.0,1.0,,,,,0.9178617992177314,987.0,4.859169199594732,1,10,0.0,0,0
59,3,42,0,0,,,,1.0,,,,,0.0697674418604651,71.0,0.8309859154929577,0,12,0.0,0,1
11471,502,1082,1,14,,,,1.0,-14400.0,,,,0.4635272391505078,783.0,14.650063856960408,1,14,0.0,0,1
71,582,538,0,5,,,1.0,1.0,-14400.0,,,,1.0797773654916512,2505.0,0.0283433133732534,1,12,0.0,0,1
78,307,245,0,27,,,,1.0,-14400.0,,,,1.2479674796747968,2521.0,0.0309401031336771,1,18,0.0,0,1
2330,84,57,3631,1,1.0,,1.0,1.0,,,,,1.4482758620689655,637.0,3.657770800627944,1,7,0.1538461538461538,1,0
326,4813,5125,0,8,,,,1.0,10800.0,,,,0.9389387436597736,873.0,0.3734249713631157,1,15,0.0,0,1
2173,394,1012,2072,5,,,1.0,1.0,,,,,0.3889437314906219,1139.0,1.907813871817384,1,12,0.0,0,0
1518,270,264,2163,6,1.0,,,1.0,-28800.0,,,,1.018867924528302,2317.0,0.6551575312904618,0,15,0.0,0,0
10302,555,1386,1,5,,,,1.0,-18000.0,,,,0.4001441961067051,881.0,11.693530079455163,1,10,0.0,0,1
8622,292,634,2503,1,,,1.0,1.0,-25200.0,,,,0.4598425196850393,1737.0,4.963730569948186,1,3,0.0,0,0
62631,52287,209,19,1342,,,,1.0,-18000.0,,,,248.9857142857143,1744.0,35.91227064220183,1,14,0.0,0,0
57528,286,47,57,2,,,1.0,1.0,-18000.0,,,,5.958333333333333,2215.0,25.97200902934537,1,10,0.0,0,0
33,2,45,0,0,,,,1.0,,,,,0.0434782608695652,53.0,0.6226415094339622,0,16,0.0,0,1
9801,1979,2023,60,46,,,1.0,1.0,-14400.0,,,,0.9777667984189724,1238.0,7.916801292407108,1,10,0.0,0,1
41094,476,308,7,4,,,,1.0,-10800.0,,,,1.5404530744336569,307.0,133.85667752442995,1,19,0.0,0,0
9417,1017,1904,97934,22,1.0,,1.0,1.0,-14400.0,,,,0.5338582677165354,1317.0,7.150341685649202,1,11,0.0,0,0
48,2,36,0,0,,,,1.0,,,,,0.054054054054054,60.0,0.8,0,14,0.0,0,1
16600,15936,2786,455,2,,,1.0,1.0,-18000.0,,,,5.717976318622174,1318.0,12.5948406676783,1,9,0.0,0,0
64276,1853,636,23768,35,,,,1.0,-25200.0,,,,2.9089481946624804,524.0,122.66412213740458,1,6,0.0,0,0
72773,2629,319,26616,40,,,1.0,1.0,10800.0,,,,8.215625,1349.0,53.945885841363975,1,6,0.0,0,0
32,3,26,0,0,,,,1.0,,,,,0.1111111111111111,55.0,0.5818181818181818,0,12,0.0,0,1
74,5,38,0,0,,,,1.0,,,,,0.1282051282051282,74.0,1.0,0,15,0.0,0,1
54,7,39,0,0,,,,1.0,,,,,0.175,68.0,0.7941176470588235,0,15,0.0,0,1
242,61,640,0,0,,,,1.0,,,,,0.095163806552262,153.0,1.5816993464052287,0,10,0.0,0,1
3,331,280,0,5,,,1.0,1.0,-14400.0,,,,1.1779359430604983,2573.0,0.0011659541391371,1,19,0.0,0,1
42,5,39,0,0,,,,1.0,,,,,0.125,54.0,0.7777777777777778,0,14,0.0,0,1
437,4159,4483,0,3,,,,1.0,10800.0,,,,0.9275200713648528,904.0,0.4834070796460177,1,15,0.0,0,1
119,297,244,0,9,,,1.0,1.0,-14400.0,,,,1.2122448979591838,2518.0,0.0472597299444003,1,17,0.0,0,1
10155,307,395,880,1,,,1.0,1.0,,,,,0.7752525252525253,1787.0,5.682708449916061,1,13,0.3333333333333333,1,0
35802,480,369,10964,3,,,,1.0,,,,,1.2972972972972974,895.0,40.00223463687151,1,8,0.0,0,0
41,6,41,0,0,,,,1.0,,,,,0.1428571428571428,55.0,0.7454545454545455,0,12,0.0,0,1
16,820,495,0,33,,,,1.0,-14400.0,,,,1.653225806451613,2398.0,0.006672226855713,1,17,0.0769230769230769,1,1
1,226,598,0,1,,,,,,,,,0.3772954924874791,,,0,6,0.3,1,1
61,9,42,0,0,,,,1.0,,,,,0.2093023255813953,69.0,0.8840579710144928,0,10,0.0,0,1
82,7,44,0,0,,,,1.0,,,,,0.1555555555555555,73.0,1.1232876712328768,0,12,0.0,0,1
138,688,1720,1,15,,,,,,,,,0.399767576990122,,,1,15,0.0,0,1
3,66,1428,0,0,,,,,,,,,0.0461861441567529,,,0,18,0.0769230769230769,1,1
105,0,0,0,1,,,,1.0,10800.0,,,,0.0,874.0,0.120137299771167,1,16,0.0,0,1
53,6,36,0,0,,,,1.0,,,,,0.1621621621621621,67.0,0.7910447761194029,0,11,0.0,0,1
1076,139,118,5776,2,,,,,,,,,1.1680672268907564,374.0,2.877005347593583,1,13,0.0,0,0
40,5,40,0,0,,,,1.0,,,,,0.1219512195121951,55.0,0.7272727272727273,0,12,0.0,0,1
472,160,723,533,1,1.0,,,1.0,,,,,0.2209944751381215,1283.0,0.367887763055339,0,12,0.2222222222222222,1,0
36,3,34,0,0,,,,1.0,,,,,0.0857142857142857,57.0,0.631578947368421,0,11,0.0,0,1
8,1961,1943,0,20,,,,,,,,,1.0087448559670782,,,1,14,0.0,0,1
108,0,0,0,0,,,,1.0,10800.0,,,,0.0,873.0,0.1237113402061855,1,14,0.0,0,1
60,7,39,0,0,,,,1.0,,,,,0.175,62.0,0.967741935483871,0,15,0.0,0,1
57,5,44,0,0,,,,1.0,,,,,0.1111111111111111,69.0,0.8260869565217391,0,13,0.0,0,1
53,8,35,0,1,,,,1.0,,,,,0.2222222222222222,72.0,0.7361111111111112,0,15,0.0,0,1
5,49,1499,0,1,,,,,,,,,0.0326666666666666,,,0,13,0.0769230769230769,1,1
11176,1361,1946,1,16,,,,1.0,-18000.0,,,,0.6990241397021058,1318.0,8.479514415781487,1,13,0.0,0,1
24572,211,327,1358,4,,,1.0,1.0,-28800.0,,,,0.6432926829268293,1483.0,16.569116655428186,1,8,0.0,0,0
3706,876,592,3192,6,1.0,,1.0,1.0,,,,,1.4772344013490726,750.0,4.941333333333334,1,5,0.75,1,0
2321,318,486,288,3,,,1.0,1.0,19800.0,,,,0.6529774127310062,1306.0,1.7771822358346094,1,12,0.0,0,0
63,2,38,0,0,,1.0,,1.0,,,,,0.0512820512820512,65.0,0.9692307692307692,0,11,0.0,0,1
8054,189,619,1432,2,,,,1.0,19800.0,,,,0.3048387096774193,1756.0,4.586560364464693,1,12,0.0,0,0
63,8,34,0,0,,,,1.0,,,,,0.2285714285714285,71.0,0.8873239436619719,0,15,0.0,0,1
982,68,265,360,0,,,,,21600.0,,,,0.2556390977443609,507.0,1.9368836291913212,1,9,0.0,0,0
77,2,38,0,0,,,,1.0,,,,,0.0512820512820512,73.0,1.0547945205479452,0,15,0.0,0,1
61,7,35,0,1,,,,1.0,,,,,0.1944444444444444,62.0,0.9838709677419356,0,14,0.0,0,1
204,2705,2972,0,3,,,,1.0,10800.0,,,,0.9098553649512278,874.0,0.2334096109839817,1,5,0.0,0,1
40,1,30,0,0,,,,1.0,,,,,0.032258064516129,58.0,0.6896551724137931,0,14,0.0,0,1
61,0,0,0,0,,,,1.0,10800.0,,,,0.0,872.0,0.0699541284403669,1,16,0.0,0,1
2541,302,366,1035,2,,,1.0,1.0,19800.0,,,,0.8228882833787466,690.0,3.6826086956521737,1,12,0.0,0,0
82,1,0,0,0,,,,1.0,10800.0,,,,1.0,874.0,0.0938215102974828,1,14,0.0,0,1
150680,1035,84,16174,5,,,,1.0,-25200.0,,,,12.176470588235292,1374.0,109.66521106259096,1,7,0.0,0,0
258,4622,4905,0,9,,,,1.0,10800.0,,,,0.9421116999592336,875.0,0.2948571428571429,1,13,0.0,0,1
63,7,41,0,0,,,,1.0,,,,,0.1666666666666666,70.0,0.9,0,9,0.0,0,1
36513,2166,1627,2977,0,,,1.0,1.0,-18000.0,,,,1.3304668304668306,1374.0,26.574235807860266,1,13,0.0,0,0
6307,490,555,5073,2,,,1.0,1.0,-18000.0,,,,0.8812949640287769,1560.0,4.042948717948718,1,13,0.0,0,0
35,3,39,0,0,,,,1.0,,,,,0.075,53.0,0.660377358490566,0,11,0.0,0,1
16,167,1395,0,2,,,,,,,,,0.1196275071633237,,,0,6,0.0,0,1
7,547,513,0,4,,,1.0,1.0,-14400.0,,,,1.0642023346303502,2504.0,0.0027955271565495,1,12,0.0,0,1
537,92,19,7502,1,,,1.0,1.0,-14400.0,,1.0,,4.6,417.0,1.287769784172662,0,5,0.0,0,0
42,2,38,0,0,,,,1.0,,,,,0.0512820512820512,53.0,0.7924528301886793,0,16,0.0,0,1
14460,633,387,7786,1,1.0,,1.0,1.0,-25200.0,,,,1.631443298969072,844.0,17.13270142180095,1,8,0.0,0,0
6440,1487,2001,938,7,,,,1.0,,,,,0.7427572427572428,807.0,7.980173482032218,1,20,0.0,0,1
270,64,642,0,0,,,,1.0,,,,,0.0995334370139968,76.0,3.5526315789473686,0,12,0.0,0,1
6,192,176,0,18,,,1.0,1.0,-14400.0,,,,1.0847457627118644,2520.0,0.0023809523809523,1,20,0.0,0,1
20230,914,405,8495,1,,,1.0,,-21600.0,,,,2.251231527093596,1247.0,16.222935044105853,1,1,0.0,0,0
3299,177,641,232,7,1.0,,1.0,1.0,28800.0,,,,0.2757009345794392,2262.0,1.4584438549955792,1,13,0.0,0,0
77,8,34,0,0,,,,1.0,,,,,0.2285714285714285,74.0,1.0405405405405406,0,14,0.0,0,1
446,4897,5367,0,2,,,,1.0,7200.0,,,,0.91225782414307,153.0,2.915032679738562,1,12,0.0,0,1
32,0,0,0,0,,,,1.0,10800.0,,,,0.0,872.0,0.036697247706422,1,13,0.0,0,1
4332,1715,1803,15,6,,,1.0,1.0,-14400.0,,,,0.9506651884700664,1631.0,2.656039239730227,1,20,0.1428571428571428,1,1
7936,645,224,3769,0,1.0,,1.0,1.0,-25200.0,,,,2.8666666666666667,2167.0,3.662205814490079,1,3,0.0,0,0
1,41,766,0,0,,,,,,,,,0.0534550195567144,,,0,12,0.4444444444444444,1,1
50,6,34,0,0,,,,1.0,,,,,0.1714285714285714,68.0,0.7352941176470589,0,14,0.0,0,1
262,351,276,0,51,,,1.0,1.0,-14400.0,,,,1.2671480144404332,2382.0,0.1099916036943744,1,18,0.0,0,1
32885,672,665,15423,3,,,1.0,1.0,-25200.0,,,,1.009009009009009,867.0,37.92964244521338,1,19,0.0,0,0
51961,1401,1335,48065,9,,,1.0,1.0,-18000.0,,,,1.0486526946107784,2008.0,25.87699203187251,1,16,0.3,1,0
34,4,37,0,0,,,,1.0,,,,,0.1052631578947368,53.0,0.6415094339622641,0,12,0.0,0,1
77,89,187,113,0,1.0,,,1.0,-18000.0,,,,0.4734042553191489,52.0,1.4807692307692308,1,6,0.0,0,0
49,4,37,0,0,,,,1.0,,,,,0.1052631578947368,53.0,0.9245283018867924,0,12,0.0,0,1
5529,315,319,595,2,,,1.0,1.0,-14400.0,,,,0.984375,2291.0,2.413356612832824,1,9,0.0,0,0
35,8,40,0,0,,,,1.0,,,,,0.1951219512195122,57.0,0.6140350877192983,0,15,0.0,0,1
59,2,40,0,0,,,,1.0,,,,,0.048780487804878,68.0,0.8676470588235294,0,14,0.0,0,1
2,510,494,0,3,,,1.0,1.0,-14400.0,,,,1.0303030303030305,2361.0,0.000847098686997,1,13,0.0,0,1
62,1,36,0,0,,,,1.0,,,,,0.027027027027027,66.0,0.9393939393939394,0,9,0.0,0,1
107367,2856,265,14885,24,,,1.0,,-25200.0,,,,10.736842105263158,1179.0,91.06615776081424,0,1,0.0,0,0
11239,639,559,4,22,,,,1.0,-18000.0,,,,1.1410714285714283,2225.0,5.05123595505618,1,12,0.0,0,0
1,117,435,0,0,,,,,,,,,0.268348623853211,,,0,6,0.2,1,1
1,89,610,0,0,,,,,,,,,0.1456628477905073,,,0,5,0.2222222222222222,1,1
25,51,97,5,3,1.0,,,1.0,,,,,0.5204081632653061,1883.0,0.0132766861391396,0,11,0.0,0,0
4099,5378,1238,471,6,,,1.0,1.0,,,,,4.340597255851493,189.0,21.687830687830687,1,15,0.0,0,0
122,0,0,0,0,,,,1.0,10800.0,,,,0.0,796.0,0.1532663316582914,1,14,0.0,0,1
1,65,384,0,0,,,,,,,,,0.1688311688311688,,,0,4,0.25,1,1
214,325,279,0,33,,,1.0,1.0,-14400.0,,,,1.1607142857142858,2382.0,0.089840470193115,1,19,0.0,0,1
44627,5051,454,19312,99,,,1.0,1.0,19800.0,,,,11.1010989010989,1756.0,25.41400911161731,1,7,0.0,0,0
47,2,35,0,1,,,,1.0,,,,,0.0555555555555555,54.0,0.8703703703703703,0,12,0.0,0,1
8,218,184,0,17,,,1.0,1.0,-14400.0,,,,1.1783783783783783,2564.0,0.0031201248049922,1,20,0.0,0,1
34,3,36,0,0,,,,1.0,,,,,0.081081081081081,57.0,0.5964912280701754,0,13,0.0,0,1
45,2,34,0,1,,,,1.0,,,,,0.0571428571428571,54.0,0.8333333333333334,0,13,0.0,0,1
19,266,217,0,18,,,1.0,1.0,-25200.0,,,,1.220183486238532,1328.0,0.0143072289156626,1,20,0.0,0,1
1,50,291,0,0,,,,,,,,,0.1712328767123287,,,0,7,0.3333333333333333,1,1
75,8,43,0,0,,,,1.0,,,,,0.1818181818181818,71.0,1.056338028169014,0,15,0.0,0,1
13186,183,222,5726,2,,,,,28800.0,,,,0.820627802690583,2182.0,6.0430797433547205,1,15,0.0,0,0
43,2,36,0,0,,,,1.0,,,,,0.054054054054054,60.0,0.7166666666666667,0,11,0.0,0,1
2810,341,103,6928,5,,,1.0,1.0,-25200.0,,,,3.2788461538461537,2000.0,1.405,1,6,0.0,0,0
5937,148,203,3411,3,,,,1.0,,,,,0.7254901960784313,1529.0,3.8829300196206673,1,18,0.0,0,0
36,3,47,0,0,,,,1.0,,,,,0.0625,53.0,0.6792452830188679,0,11,0.0,0,1
2543,126,321,177,1,,,,1.0,-18000.0,,,,0.391304347826087,1463.0,1.7382091592617908,1,8,0.0,0,0
78,7,42,0,0,,,,1.0,,,,,0.1627906976744186,74.0,1.054054054054054,0,13,0.0,0,1
165,305,278,0,25,,,1.0,1.0,-14400.0,,,,1.093189964157706,2381.0,0.0692986140277194,1,18,0.0,0,1
49,6,43,0,0,,,,1.0,,,,,0.1363636363636363,62.0,0.7903225806451613,0,11,0.0,0,1
69,1,41,0,0,,,,1.0,,,,,0.0238095238095238,74.0,0.9324324324324323,0,15,0.0,0,1
77,6,45,0,0,,,,1.0,,,,,0.1304347826086956,74.0,1.0405405405405406,0,16,0.0,0,1
43,1,40,0,0,,,,1.0,,,,,0.024390243902439,54.0,0.7962962962962963,0,12,0.0,0,1
59,197,887,0,0,,,,,,,,,0.2218468468468468,,,1,8,0.0,0,1
20405,156,144,813,10,,,1.0,1.0,32400.0,,,,1.0758620689655172,1946.0,10.485611510791369,1,4,0.0,0,0
2609,41,263,121,0,,,,1.0,7200.0,,,,0.1553030303030303,1880.0,1.3877659574468084,1,7,0.0,0,0
38,1098,1893,0,4,,,,,,,,,0.5797254487856388,,,0,11,0.0909090909090909,1,1
57,6,38,0,0,,,,1.0,,,,,0.1538461538461538,67.0,0.8507462686567164,0,14,0.0,0,1
4353,157,168,2083,0,,,,,,,,,0.9289940828402368,625.0,6.9648,1,4,0.0,0,0
3856,242,233,1416,0,1.0,,1.0,1.0,-28800.0,,,,1.0341880341880345,1625.0,2.372923076923077,1,1,0.0,0,0
43,3,35,0,0,,,,1.0,,,,,0.0833333333333333,53.0,0.8113207547169812,0,13,0.0,0,1
12688,393,202,221,1,,,1.0,1.0,28800.0,,1.0,,1.935960591133005,1132.0,11.208480565371024,1,14,0.0,0,0
64,6,39,0,0,,,,1.0,,,,,0.15,73.0,0.8767123287671232,0,14,0.0,0,1
45,0,40,0,0,,,,1.0,,,,,0.0,59.0,0.7627118644067796,0,15,0.0,0,1
6497,5902,5496,0,82,,,,,,,,,1.0736765508459158,,,1,12,0.0,0,1
60,4,45,0,1,,,,1.0,,,,,0.0869565217391304,69.0,0.8695652173913043,0,15,0.0,0,1
2,605,518,0,6,,,1.0,1.0,-25200.0,,,,1.165703275529865,2029.0,0.0009857072449482,1,16,0.0,0,1
62,4,38,0,0,,,,1.0,,,,,0.1025641025641025,66.0,0.9393939393939394,0,14,0.0,0,1
1,316,306,0,8,,,1.0,1.0,-14400.0,,,,1.029315960912052,2549.0,0.0003923107100823,1,19,0.0,0,1
75,9,37,0,0,,,,1.0,,,,,0.2368421052631578,72.0,1.0416666666666667,0,12,0.0,0,1
4,223,221,0,1,,,1.0,1.0,-14400.0,,,,1.0045045045045045,2463.0,0.001624035728786,1,18,0.0,0,1
68,8,44,0,0,,,,1.0,,,,,0.1777777777777777,71.0,0.9577464788732394,0,13,0.0,0,1
71,7,36,0,1,,,,1.0,,,,,0.1891891891891892,71.0,1.0,0,11,0.0,0,1
55,3,26,0,1,,,,1.0,,,,,0.1111111111111111,65.0,0.8461538461538461,0,14,0.0,0,1
2,61,1477,0,0,,,,,,,,,0.0412719891745602,,,0,11,0.4615384615384615,1,1
37955,465,538,2763,1,,,,1.0,,,,,0.862708719851577,1278.0,29.698748043818465,1,16,0.3333333333333333,1,0
256,668,540,0,19,,,1.0,1.0,-14400.0,,,,1.234750462107209,2505.0,0.1021956087824351,1,12,0.0,0,1
1,288,283,0,2,,,1.0,1.0,-14400.0,,,,1.0140845070422535,2579.0,0.0003877471888328,1,19,0.0,0,1
10266,2181,1051,3808,3,,,1.0,1.0,32400.0,,,,2.07319391634981,1147.0,8.95030514385353,1,7,0.0,0,0
48,2,38,0,0,,,,1.0,,,,,0.0512820512820512,59.0,0.8135593220338984,0,9,0.0,0,1
3978,4886,5218,1,4,1.0,,,1.0,10800.0,,,,0.936194673309063,766.0,5.193211488250653,1,14,0.0,0,1
63,2,34,0,0,,,,1.0,,,,,0.0571428571428571,66.0,0.9545454545454546,0,12,0.0,0,1
57,5,42,0,0,,,,1.0,,,,,0.1162790697674418,67.0,0.8507462686567164,0,13,0.0,0,1
905,428,1293,1484,10,,,,,-14400.0,,,,0.3307573415765069,119.0,7.605042016806722,1,13,0.0,0,0
21182,1540,674,18436,6,,,1.0,1.0,-25200.0,,,,2.2814814814814817,953.0,22.22665267576076,1,16,0.0,0,0
11452,389,297,5456,0,1.0,,1.0,1.0,,,,,1.3053691275167785,1293.0,8.856921887084301,1,15,0.1538461538461538,1,0
9979,416,469,1159,6,,,1.0,1.0,-28800.0,,,,0.8851063829787233,1945.0,5.130591259640103,1,10,0.0,0,0
3492,78,102,914,2,1.0,,1.0,1.0,,,,,0.7572815533980582,318.0,10.9811320754717,1,9,0.0,0,0
558,41,275,761,1,1.0,,,1.0,,,,,0.1485507246376811,1429.0,0.390482855143457,1,8,0.0,0,0
28772,317,281,761,2,,,1.0,1.0,28800.0,,,,1.124113475177305,807.0,35.653035935563814,1,3,0.0,0,0
3201,609,1493,2189,11,1.0,,1.0,1.0,-10800.0,,,,0.4076305220883534,773.0,4.141009055627426,1,4,0.0,0,0
2,263,259,0,5,,,1.0,1.0,-25200.0,,,,1.0115384615384615,1669.0,0.0011983223487118,1,20,0.0,0,1
21,264,263,0,5,,,1.0,1.0,-14400.0,,,,1.0,2370.0,0.0088607594936708,1,19,0.0,0,1
25,652,2001,0,7,,,,,,,,,0.3256743256743257,,,1,9,0.0,0,1
43857,1495,1019,15647,5,,,1.0,1.0,-25200.0,,,,1.4656862745098038,1696.0,25.859080188679247,1,9,0.2857142857142857,1,0
8303,535,375,1596,11,,,1.0,1.0,-25200.0,,,,1.422872340425532,2562.0,3.2408274785323967,1,14,0.0,0,0
348,22,50,29,0,1.0,,,1.0,,,,,0.4313725490196078,622.0,0.5594855305466238,0,11,0.0,0,0
74015,917,425,6980,52,,,1.0,1.0,28800.0,,,,2.152582159624413,2429.0,30.471387402223137,1,5,0.0,0,0
24,594,529,0,3,,,1.0,1.0,-14400.0,,,,1.120754716981132,2489.0,0.0096424266773804,1,15,0.0,0,1
24163,435,320,676,1,,,,1.0,7200.0,,,,1.355140186915888,1075.0,22.47720930232558,1,3,0.1666666666666666,1,0
63,20,41,0,0,,,,1.0,,,,,0.4761904761904761,68.0,0.9264705882352942,0,14,0.0,0,1
42,9,34,0,0,,,,1.0,,,,,0.2571428571428571,52.0,0.8076923076923077,0,15,0.0,0,1
1114,120,177,1962,0,,,1.0,,,,,,0.6741573033707865,260.0,4.2846153846153845,0,4,0.0,0,0
68,7,39,0,0,,,,1.0,,,,,0.175,74.0,0.918918918918919,0,12,0.0,0,1
87311,1878,1882,330,17,,,1.0,1.0,25200.0,,,,0.997344662772172,2111.0,41.360018948365706,1,16,0.0,0,0
44,0,0,0,0,,,,1.0,10800.0,,,,0.0,872.0,0.0504587155963302,1,16,0.0,0,1
63,306,254,0,7,,,1.0,1.0,-14400.0,,,,1.2,2556.0,0.0246478873239436,1,18,0.0,0,1
35,1,33,0,0,,,,1.0,,,,,0.0294117647058823,53.0,0.660377358490566,0,12,0.0,0,1
3841,1702,227,333,6,,,1.0,1.0,28800.0,,,,7.464912280701754,1207.0,3.1822700911350457,1,13,0.0,0,0
7103,267,308,1416,14,1.0,,1.0,1.0,7200.0,,,,0.8640776699029126,2229.0,3.186630776132795,1,7,0.0,0,0
2763,1383,387,1053,8,,,1.0,,-25200.0,,,,3.564432989690722,117.0,23.615384615384617,1,6,0.0,0,0
25930,10854,10606,418,66,1.0,,,1.0,,,,,1.023286508909211,1032.0,25.125968992248065,1,15,0.0,0,1
3024,123,168,729,0,,,1.0,1.0,-25200.0,,,,0.727810650887574,737.0,4.103120759837178,1,9,0.0,0,0
41,564,530,0,9,,,1.0,1.0,-14400.0,,,,1.0621468926553672,2489.0,0.0164724789071916,1,15,0.0,0,1
3030,248,352,1399,1,,,1.0,,3600.0,,,,0.7025495750708215,409.0,7.408312958435208,1,4,0.0,0,0
20027,1497,2004,32479,3,,,1.0,1.0,10800.0,,,,0.7466334164588528,1107.0,18.091237579042456,1,8,0.0,0,0
58,7,39,0,0,,,,1.0,,,,,0.175,70.0,0.8285714285714286,0,14,0.0,0,1
25130,1327,739,1497,5,,,1.0,1.0,-18000.0,,,,1.7932432432432432,864.0,29.08564814814815,1,1,0.0,0,0
11708,818,1542,1,5,,,,1.0,-18000.0,,,,0.5301360985093972,1414.0,8.28005657708628,1,12,0.0,0,1
59,9,37,0,0,,,,1.0,,,,,0.2368421052631578,73.0,0.8082191780821918,0,12,0.0,0,1
143,599,538,0,7,,,1.0,1.0,-14400.0,,,,1.111317254174397,2505.0,0.0570858283433133,1,12,0.0,0,1
58,6,42,0,0,,,,1.0,,,,,0.1395348837209302,69.0,0.8405797101449275,0,14,0.0,0,1
74,3,41,0,0,,,,1.0,,,,,0.0714285714285714,73.0,1.0136986301369864,0,12,0.0,0,1
493,113,81,1065,0,,,1.0,1.0,-25200.0,,,,1.3780487804878048,1036.0,0.4758687258687258,1,5,0.0,0,0
17862,564,1085,66,21,,,1.0,,-18000.0,,,,0.5193370165745856,2088.0,8.554597701149426,1,13,0.0,0,0
43,4,37,0,0,,,,1.0,,,,,0.1052631578947368,59.0,0.7288135593220338,0,14,0.0,0,1
902,144,273,28,5,,,1.0,1.0,28800.0,,,,0.5255474452554745,2793.0,0.3229502327246688,0,8,0.0,0,0
12413,960,513,1258,6,,,1.0,1.0,10800.0,,,,1.867704280155642,1172.0,10.591296928327646,1,3,0.0,0,0
64,1,32,0,0,,,,1.0,,,,,0.0303030303030303,62.0,1.032258064516129,0,14,0.0,0,1
342,31,119,270,0,1.0,,1.0,1.0,,,,,0.2583333333333333,574.0,0.5958188153310104,0,16,0.0,0,0
42,12,49,0,0,,,,1.0,,,,,0.24,59.0,0.711864406779661,0,12,0.0,0,1
11907,490,510,36223,1,1.0,,,1.0,,,,,0.958904109589041,727.0,16.378266850068776,1,10,0.0,0,0
1,299,291,0,7,,,1.0,1.0,-14400.0,,,,1.023972602739726,2542.0,0.0003933910306845,1,17,0.0,0,1
71,11,39,0,0,,,,1.0,,,,,0.275,74.0,0.9594594594594594,0,11,0.0,0,1
43,7,35,0,0,,,,1.0,,,,,0.1944444444444444,53.0,0.8113207547169812,0,10,0.0,0,1
50655,161,236,469,8,,,,1.0,32400.0,,,,0.679324894514768,756.0,67.00396825396825,1,10,0.2,1,0
64168,393,195,34711,5,,,,1.0,-36000.0,,,,2.0051020408163267,1117.0,57.44673231871083,1,5,0.0,0,0
6127,1233,1166,97,10,,,,1.0,-14400.0,,,,1.056555269922879,2204.0,2.77994555353902,1,12,0.0,0,0
77,5,48,0,0,,,,1.0,,,,,0.1020408163265306,73.0,1.0547945205479452,0,16,0.0,0,1
41,9,36,0,0,,,,1.0,,,,,0.2432432432432432,55.0,0.7454545454545455,0,14,0.0,0,1
75,753,538,0,23,,,1.0,1.0,-14400.0,,,,1.3970315398886828,2505.0,0.029940119760479,1,12,0.0,0,1
235,52,548,0,2,,,,1.0,,,,,0.0947176684881603,126.0,1.865079365079365,0,11,0.0,0,1
16557,388,177,804,15,,,,1.0,-25200.0,,,,2.1797752808988764,2260.0,7.326106194690266,1,10,0.0,0,0
6685,234,1262,0,1,,,,1.0,,,,,0.1852731591448931,253.0,26.42292490118577,1,10,0.0,0,1
43,1,34,0,1,,,,1.0,,,,,0.0285714285714285,56.0,0.7678571428571429,0,12,0.0,0,1
8648,121,110,1185,0,,,,,,,,,1.09009009009009,139.0,62.21582733812949,1,4,0.0,0,0
3524,296,239,6175,0,,,,1.0,-25200.0,,,,1.2333333333333334,734.0,4.801089918256131,1,6,0.0,0,0
7406,769,469,1188,1,1.0,,,1.0,,,,,1.6361702127659574,530.0,13.973584905660378,0,2,0.0,0,0
12542,559,805,929,1,1.0,,1.0,1.0,,,,,0.6935483870967742,324.0,38.70987654320987,1,14,0.0,0,0
65,4,34,0,0,,,,1.0,,,,,0.1142857142857142,73.0,0.8904109589041096,0,13,0.0,0,1
8160,1030,87,1217,8,,,,1.0,3600.0,,,,11.704545454545457,644.0,12.670807453416147,1,6,0.0,0,0
53506,658,82,6305,5,,,,1.0,10800.0,,,,7.927710843373494,1153.0,46.40589765828274,1,7,0.0,0,0
102,578,533,0,5,,,1.0,1.0,-14400.0,,,,1.0823970037453183,2489.0,0.040980313378867,1,15,0.0,0,1
6176,127,166,158,3,,,,1.0,7200.0,,,,0.7604790419161677,1882.0,3.281615302869288,1,10,0.0,0,0
45,6,33,0,0,,,,1.0,,,,,0.1764705882352941,55.0,0.8181818181818182,0,16,0.0,0,1
80,262,244,0,9,,,1.0,1.0,-14400.0,,,,1.0693877551020408,2573.0,0.0310921103769918,1,17,0.0,0,1
1022,150,300,867,1,1.0,,,1.0,,,,,0.4983388704318937,264.0,3.871212121212121,0,1,0.0,0,0
60,4,40,0,0,,,,1.0,,,,,0.0975609756097561,70.0,0.8571428571428571,0,13,0.0,0,1
36869,7841,89,25542,9,,,,1.0,19800.0,,,,87.12222222222222,765.0,48.19477124183007,1,19,0.2,1,0
76,7,39,0,0,,,,1.0,,,,,0.175,76.0,1.0,0,11,0.0,0,1
45,3,41,0,0,,,,1.0,,,,,0.0714285714285714,68.0,0.6617647058823529,0,13,0.0,0,1
40,6,45,0,0,,,,1.0,,,,,0.1304347826086956,68.0,0.5882352941176471,0,12,0.0,0,1
17213,636,552,12140,1,1.0,,,1.0,,,,,1.1500904159132008,831.0,20.713598074608903,1,14,0.0,0,0
8631,657,555,0,4,1.0,,,1.0,,,,,1.1816546762589928,776.0,11.12242268041237,1,13,0.0,0,1
3849,257,240,7090,0,1.0,,,1.0,,,,,1.066390041493776,492.0,7.823170731707317,1,10,0.0,0,0
77,572,494,0,49,,,1.0,1.0,-14400.0,,,,1.1555555555555554,2486.0,0.0309734513274336,1,12,0.0,0,1
73,0,0,0,0,,,,1.0,10800.0,,,,0.0,873.0,0.0836197021764032,1,11,0.0,0,1
3189,219,309,238,3,,,,,,,,,0.7064516129032258,1142.0,2.7924693520140105,1,14,0.0,0,0
1976,364,500,7842,0,1.0,,1.0,1.0,,,,,0.7265469061876247,279.0,7.082437275985663,1,6,0.0,0,0
148,21,90,0,1,,,,1.0,-25200.0,,,,0.2307692307692307,151.0,0.9801324503311258,1,19,0.0,0,1
24,124,222,0,1,1.0,,,1.0,7200.0,,,,0.5560538116591929,149.0,0.1610738255033557,0,5,0.2307692307692307,1,0
67024,771,301,12040,3,,,1.0,1.0,-18000.0,,,,2.552980132450331,1585.0,42.28643533123029,1,12,0.0,0,0
3094,390,376,4138,1,,,1.0,1.0,-14400.0,,,,1.0344827586206895,1138.0,2.718804920913884,1,8,0.0666666666666666,1,0
2,61,1106,0,0,,,,,,,,,0.055103884372177,,,0,7,0.3333333333333333,1,1
56,6,39,0,0,,,,1.0,,,,,0.15,62.0,0.9032258064516128,0,12,0.0,0,1
133,0,0,0,0,,,,1.0,10800.0,,,,0.0,803.0,0.1656288916562889,1,14,0.0,0,1
58,4,41,0,1,,,,1.0,,,,,0.0952380952380952,61.0,0.9508196721311476,0,12,0.0,0,1
52,1,0,0,0,,,,1.0,10800.0,,,,1.0,803.0,0.0647571606475716,1,11,0.1666666666666666,1,1
66,9,43,0,0,,,,1.0,,,,,0.2045454545454545,73.0,0.9041095890410958,0,13,0.0,0,1
12950,842,1780,1,2,,,,1.0,-18000.0,,,,0.4727681078046041,1033.0,12.536302032913843,1,16,0.0,0,1
54,2,41,0,0,,,,1.0,,,,,0.0476190476190476,71.0,0.7605633802816901,0,14,0.0,0,1
53,10,46,0,0,,,,1.0,,,,,0.2127659574468085,61.0,0.8688524590163934,0,15,0.0,0,1
19,188,880,0,0,,,,,,,,,0.2133938706015891,,,1,12,0.0,0,1
10,533,518,0,2,,,1.0,1.0,-18000.0,,,,1.0269749518304432,2469.0,0.0040502227622519,1,12,0.0,0,1
132,335,275,0,19,,,1.0,1.0,-14400.0,,,,1.213768115942029,2382.0,0.0554156171284634,1,18,0.0,0,1
31954,3963,3639,21226,6,,,1.0,1.0,-14400.0,,,,1.0887362637362636,208.0,153.625,1,13,0.0,0,0
46,305,237,0,17,,,1.0,1.0,-14400.0,,,,1.281512605042017,2558.0,0.017982799061767,1,18,0.0,0,1
5961,326,303,182,9,,,,1.0,-25200.0,,,,1.0723684210526316,2212.0,2.6948462929475587,1,6,0.0,0,0
45,8,37,0,0,,,,1.0,,,,,0.2105263157894736,55.0,0.8181818181818182,0,13,0.0,0,1
1183,305,312,1112,0,1.0,,1.0,1.0,,,,,0.97444089456869,997.0,1.1865596790371111,0,13,0.0,0,0
6599,1670,1292,0,15,,,,,,,,,1.291569992266048,,,0,4,0.0,0,1
1217,170,271,107,4,,,1.0,,19800.0,,,,0.625,1137.0,1.0703605980650837,1,13,0.0,0,0
57,5,34,0,0,,,,1.0,,,,,0.1428571428571428,62.0,0.9193548387096774,0,12,0.0,0,1
613,86,197,648,0,1.0,,1.0,1.0,,,,,0.4343434343434343,220.0,2.786363636363636,1,4,0.125,1,0
54,4,38,0,0,,,,1.0,,,,,0.1025641025641025,61.0,0.8852459016393442,0,13,0.0,0,1
16948,244,246,5500,3,1.0,,1.0,1.0,,,,,0.9878542510121456,802.0,21.13216957605985,1,4,0.0,0,0
85,0,0,0,0,,,,1.0,10800.0,,,,0.0,873.0,0.0973654066437571,1,13,0.0,0,1
7411,628,604,3623,2,1.0,,1.0,1.0,,,,,1.0380165289256198,542.0,13.673431734317344,1,20,0.0,0,0
72,7,39,0,0,,,,1.0,,,,,0.175,74.0,0.972972972972973,0,16,0.0,0,1
49,356,322,0,0,,,,,,,,,1.1021671826625388,,,0,11,0.0909090909090909,1,1
29,232,1044,0,1,,,,,,,,,0.2220095693779904,,,1,10,0.0,0,1
5378,335,362,5424,0,,,1.0,1.0,-18000.0,,,,0.9228650137741048,1770.0,3.0384180790960453,1,4,0.2727272727272727,1,0
43,4,33,0,0,,,,1.0,,,,,0.1176470588235294,59.0,0.7288135593220338,0,13,0.0,0,1
17099,2256,447,2978,15,,,1.0,1.0,10800.0,,,,5.035714285714286,1548.0,11.045865633074936,1,12,0.0,0,0
42,14,44,0,0,,,,1.0,,,,,0.3111111111111111,54.0,0.7777777777777778,0,11,0.0,0,1
40,7,41,0,0,,,,1.0,,,,,0.1666666666666666,54.0,0.7407407407407407,0,12,0.0,0,1
1396,26,300,780,0,1.0,,,1.0,,,,,0.0863787375415282,175.0,7.977142857142857,1,3,0.0,0,0
60,5,34,0,0,,,,1.0,,,,,0.1428571428571428,72.0,0.8333333333333334,0,14,0.0,0,1
72,4,34,0,0,,,,1.0,,,,,0.1142857142857142,69.0,1.0434782608695652,0,13,0.0,0,1
239,32,514,0,0,,,,1.0,,,,,0.062135922330097,73.0,3.2739726027397262,0,13,0.0,0,1
228,603,537,0,22,,,1.0,1.0,-14400.0,,,,1.120817843866171,2505.0,0.0910179640718562,1,12,0.0,0,1
26,584,534,0,3,,,1.0,1.0,-14400.0,,,,1.091588785046729,2505.0,0.010379241516966,1,12,0.0,0,1
152,510,1338,1,0,,,,,,,,,0.3808812546676624,,,0,16,0.0,0,1
43,4,34,0,0,,,,1.0,,,,,0.1142857142857142,55.0,0.7818181818181819,0,11,0.0,0,1
70,7,38,0,0,,,,1.0,,,,,0.1794871794871795,72.0,0.9722222222222222,0,11,0.0,0,1
60,6,34,0,0,,,,1.0,,,,,0.1714285714285714,68.0,0.8823529411764706,0,14,0.0,0,1
60078,4073,142,13889,78,,,1.0,1.0,-14400.0,,,,28.482517482517483,363.0,165.50413223140495,1,8,0.0,0,0
28583,13095,7672,3568,664,,,,,-25200.0,,,,1.7066336504626614,2379.0,12.014712063892391,1,12,0.0,0,0
32334,557,349,318,14,,,1.0,1.0,19800.0,,,,1.5914285714285714,1800.0,17.963333333333335,1,3,0.0,0,0
82,3,31,0,0,,,,1.0,,,,,0.09375,73.0,1.1232876712328768,0,14,0.0,0,1
2581,406,401,8443,0,1.0,,1.0,1.0,,,,,1.0099502487562189,443.0,5.826185101580135,1,7,0.0,0,0
44,2,37,0,0,,,,1.0,,,,,0.0526315789473684,68.0,0.6470588235294118,0,12,0.0,0,1
11648,734,1486,0,5,,,,1.0,-14400.0,,,,0.4936112979152656,1026.0,11.352826510721249,1,9,0.1111111111111111,1,1
9369,17392,17414,61,131,,,,,28800.0,,,,0.9986792994544932,1560.0,6.005769230769231,1,10,0.0,0,0
7773,334,238,844,0,,,1.0,1.0,-14400.0,,,,1.397489539748954,1331.0,5.839969947407964,0,14,0.0,0,0
11711,344,383,10042,4,1.0,,1.0,1.0,-14400.0,,,,0.8958333333333334,1050.0,11.153333333333334,1,5,0.0,0,0
41,8,44,0,0,,,,1.0,,,,,0.1777777777777777,68.0,0.6029411764705882,0,11,0.0,0,1
42,6,41,0,0,,,,1.0,,,,,0.1428571428571428,53.0,0.7924528301886793,0,16,0.0,0,1
39,3,32,0,0,,,,1.0,,,,,0.0909090909090909,53.0,0.7358490566037735,0,14,0.0,0,1
71,3,41,0,0,,,,1.0,,,,,0.0714285714285714,74.0,0.9594594594594594,0,13,0.0,0,1
37,993,1943,0,4,,,,,,,,,0.5108024691358025,,,0,10,0.1,1,1
34,5,35,0,0,,,,1.0,,,,,0.1388888888888889,58.0,0.5862068965517241,0,13,0.0,0,1
37153,1908,1156,444,72,,,1.0,1.0,,,,,1.6490924805531546,2380.0,15.610504201680673,1,14,0.0,0,0
43,46,183,32,0,1.0,,,1.0,,,,,0.25,1014.0,0.0424063116370808,1,11,0.0,0,0
3,122,1509,0,1,,,,,,,,,0.0807947019867549,,,0,9,0.0,0,1
135,0,0,0,0,,,,1.0,10800.0,,,,0.0,875.0,0.1542857142857142,1,13,0.0,0,1
54,3,37,0,0,,,,1.0,,,,,0.0789473684210526,64.0,0.84375,0,15,0.0,0,1
56,6,37,0,0,,,,1.0,,,,,0.1578947368421052,71.0,0.7887323943661971,0,15,0.0,0,1
88,4,45,0,0,,,,1.0,,,,,0.0869565217391304,72.0,1.2222222222222223,0,13,0.0,0,1
73,5,40,0,0,,,,1.0,,,,,0.1219512195121951,73.0,1.0,0,14,0.0,0,1
48,224,185,0,36,,,1.0,1.0,-14400.0,,,,1.2043010752688172,2564.0,0.0187207488299532,1,20,0.0,0,1
1373,148,318,56,4,,,,1.0,-18000.0,,,,0.463949843260188,1461.0,0.9397672826830936,1,15,0.0,0,0
51,2,37,0,0,,,,1.0,,,,,0.0526315789473684,70.0,0.7285714285714285,0,14,0.0,0,1
1,304,287,0,5,,,1.0,1.0,-25200.0,,,,1.0555555555555556,1707.0,0.0005858230814294,1,17,0.0,0,1
26645,537,286,842,5,1.0,,1.0,1.0,-14400.0,,,,1.8710801393728225,874.0,30.486270022883296,0,4,0.0,0,0
18,639,553,0,6,,,1.0,1.0,-14400.0,,,,1.1534296028880866,2374.0,0.0075821398483572,1,12,0.0,0,1
59,10,47,0,0,,,,1.0,,,,,0.2083333333333333,69.0,0.855072463768116,0,14,0.0,0,1
11466,326,1389,0,3,,,,1.0,-18000.0,,,,0.2345323741007194,771.0,14.8715953307393,1,14,0.0,0,1
62,3,36,0,0,,,,1.0,,,,,0.081081081081081,61.0,1.0163934426229508,0,11,0.0,0,1
3496,321,95,441,0,1.0,,,1.0,-14400.0,,,,3.34375,1214.0,2.8797364085667216,0,16,0.0,0,0
316,67,59,340,0,1.0,,1.0,1.0,,,,,1.1166666666666667,257.0,1.2295719844357975,0,6,0.0,0,0
1,524,494,0,1,,,1.0,1.0,-14400.0,,,,1.0585858585858583,2358.0,0.0004240882103477,1,19,0.0,0,1
99,216,860,1,1,,,,,,,,,0.2508710801393728,,,0,8,0.0,0,1
282,655,539,0,31,,,1.0,1.0,-14400.0,,,,1.212962962962963,2505.0,0.1125748502994012,1,12,0.0,0,1
55,3,39,0,0,,,,1.0,,,,,0.075,62.0,0.8870967741935484,0,14,0.0,0,1
15258,1635,1610,2082,3,,,1.0,1.0,-18000.0,,,,1.0148975791433892,475.0,32.12210526315789,0,10,0.0,0,0
64,5,31,0,0,,,,1.0,,,,,0.15625,70.0,0.9142857142857144,0,14,0.0,0,1
12,330,166,0,9,,,1.0,1.0,-14400.0,,,,1.9760479041916168,2564.0,0.0046801872074883,1,20,0.0,0,1
22,258,474,0,1,,,,,,,,,0.5431578947368421,,,0,10,0.0,0,1
17,215,857,0,1,,,,,,,,,0.2505827505827506,,,0,10,0.0,0,1
2063,460,346,2921,0,1.0,,,1.0,,,,,1.3256484149855907,887.0,2.3258173618940248,1,6,0.0,0,0
2630,128,60,118,0,,,,1.0,14400.0,,,,2.098360655737705,1149.0,2.288946910356832,1,3,0.1818181818181818,1,0
99,583,538,0,11,,,1.0,1.0,-14400.0,,,,1.0816326530612246,2505.0,0.0395209580838323,1,12,0.0,0,1
2770,267,583,819,1,,,1.0,1.0,18000.0,,,,0.4571917808219178,1182.0,2.3434856175972927,1,12,0.0,0,0
7966,514,1313,4971,3,1.0,,1.0,1.0,,,,,0.3911719939117199,844.0,9.438388625592417,1,11,0.1538461538461538,1,0
12069,1149,1553,1,10,,,,1.0,-14400.0,,,,0.7393822393822393,1200.0,10.0575,1,13,0.0,0,1
48,9,36,0,0,,,,1.0,,,,,0.2432432432432432,70.0,0.6857142857142857,0,12,0.0,0,1
9,248,197,0,8,,,1.0,1.0,-14400.0,,,,1.2525252525252526,2570.0,0.0035019455252918,1,18,0.0,0,1
45,4,34,0,0,,,,1.0,,,,,0.1142857142857142,57.0,0.7894736842105263,0,10,0.0,0,1
62,1,42,0,1,,,,1.0,,,,,0.0232558139534883,67.0,0.9253731343283582,0,10,0.0,0,1
55,5,42,0,0,,,,1.0,,,,,0.1162790697674418,73.0,0.7534246575342466,0,13,0.0,0,1
8172,133,109,1729,16,1.0,,,1.0,,,,,1.209090909090909,1192.0,6.855704697986577,1,14,0.0,0,0
60,302,281,0,14,,,1.0,1.0,-14400.0,,,,1.070921985815603,2381.0,0.0251994960100798,1,18,0.0,0,1
12946,509,381,3624,0,1.0,,,1.0,-21600.0,,,,1.3324607329842932,1321.0,9.8001514004542,1,7,0.0,0,0
44,3,37,0,0,,,,1.0,,,,,0.0789473684210526,58.0,0.7586206896551724,0,14,0.0,0,1
5639,215,251,319,0,1.0,,1.0,1.0,28800.0,,,,0.8531746031746031,1924.0,2.930873180873181,0,9,0.0,0,0
8774,414,488,3678,6,,,1.0,1.0,28800.0,,,,0.8466257668711656,1198.0,7.323873121869783,1,3,0.0,0,0
69,2,47,0,0,,,,1.0,,,,,0.0416666666666666,74.0,0.9324324324324323,0,11,0.0,0,1
15529,354,290,1762,6,,,1.0,1.0,-25200.0,,,,1.2164948453608246,1977.0,7.854830551340415,1,16,0.0,0,0
53,240,971,0,1,,,,,,,,,0.2469135802469135,,,1,11,0.0,0,1
53,126,366,163,1,1.0,,1.0,1.0,10800.0,,,,0.3433242506811989,1038.0,0.0510597302504816,1,14,0.0,0,0
23246,1046,687,3825,2,,,1.0,1.0,-25200.0,,,,1.5203488372093024,644.0,36.09627329192546,1,7,0.0,0,0
127,0,0,0,0,,,,1.0,10800.0,,,,0.0,874.0,0.1453089244851258,1,13,0.1428571428571428,1,1
3,201,181,0,5,,,1.0,1.0,-14400.0,,,,1.1043956043956045,2564.0,0.001170046801872,1,20,0.0,0,1
31342,1247,731,23783,1,,,1.0,1.0,-25200.0,,,,1.703551912568306,1618.0,19.370828182941903,1,4,0.0,0,0
8718,233,739,2523,2,,,,1.0,-18000.0,,,,0.3148648648648648,759.0,11.48616600790514,1,9,0.0,0,0
9011,2488,82,4232,22,1.0,,,1.0,43200.0,,,,29.97590361445783,426.0,21.15258215962441,1,9,0.0,0,0
53591,6375,6995,24446,153,1.0,,1.0,1.0,,,,,0.9112349914236708,767.0,69.870925684485,1,14,0.4444444444444444,1,0
40639,1154,664,2069,21,,,1.0,,19800.0,,,,1.7353383458646616,2353.0,17.271143221419464,1,13,0.0,0,0
58,6,42,0,0,,,,1.0,,,,,0.1395348837209302,63.0,0.9206349206349206,0,9,0.0,0,1
6,230,181,0,8,,,1.0,1.0,-14400.0,,,,1.2637362637362637,2554.0,0.0023492560689115,1,20,0.0,0,1
2,202,764,0,0,,,,,,,,,0.2640522875816993,,,0,7,0.1818181818181818,1,1
11598,299,243,988,6,,,1.0,1.0,,,,,1.225409836065574,2120.0,5.470754716981132,1,13,0.0,0,0
41,4,38,0,0,,,,1.0,,,,,0.1025641025641025,57.0,0.7192982456140351,0,15,0.0,0,1
78147,1059,713,880,42,1.0,,1.0,1.0,3600.0,,,,1.4831932773109244,2407.0,32.46655587868716,1,11,0.0,0,0
10523,423,453,681,0,1.0,,1.0,1.0,,,,,0.9317180616740088,2231.0,4.716718960107575,1,4,0.1428571428571428,1,0
73,8,40,0,0,,,,1.0,,,,,0.1951219512195122,74.0,0.9864864864864864,0,15,0.0,0,1
244,3872,4259,0,2,,,,1.0,10800.0,,,,0.9089201877934272,874.0,0.2791762013729977,1,6,0.0,0,1
1,296,290,0,3,,,1.0,1.0,-14400.0,,,,1.0171821305841924,2576.0,0.0003881987577639,1,19,0.0,0,1
52736,1293,1226,13256,6,,,1.0,1.0,,,,,1.0537897310513449,952.0,55.39495798319328,1,7,0.0,0,0
183,617,537,0,22,,,1.0,1.0,-14400.0,,,,1.1468401486988848,2489.0,0.0735235034150261,1,15,0.0,0,1
70,1,0,0,0,,,,1.0,10800.0,,,,1.0,873.0,0.0801832760595647,1,15,0.0,0,1
55,4,36,0,0,,,,1.0,,,,,0.1081081081081081,70.0,0.7857142857142857,0,14,0.0,0,1
153,3,4,0,0,,,,1.0,,,,,0.6,732.0,0.2090163934426229,1,13,0.0,0,0
3090,48,103,519,1,1.0,,,1.0,,,,,0.4615384615384615,137.0,22.554744525547445,1,9,0.0,0,0
1,125,390,0,0,,,,,,,,,0.319693094629156,,,0,5,0.2222222222222222,1,1
195,142,391,7,4,,,,,19800.0,,,,0.3622448979591837,883.0,0.2208380520951302,1,11,0.0,0,0
284,4670,5107,0,7,,,,1.0,10800.0,,,,0.91425215348473,874.0,0.3249427917620137,1,5,0.0,0,1
69,0,0,0,0,,,,1.0,10800.0,,,,0.0,874.0,0.0789473684210526,1,14,0.0,0,1
70,3,42,0,1,,,,1.0,,,,,0.0697674418604651,69.0,1.0144927536231885,0,11,0.0,0,1
63,6,41,0,0,,,,1.0,,,,,0.1428571428571428,69.0,0.9130434782608696,0,12,0.0,0,1
70,32,137,0,0,,,,1.0,10800.0,,,,0.2318840579710145,872.0,0.0802752293577981,1,9,0.0,0,1
51,4,33,0,0,,,,1.0,,,,,0.1176470588235294,67.0,0.7611940298507462,0,11,0.0,0,1
67,3,46,0,0,,,,1.0,,,,,0.0638297872340425,73.0,0.9178082191780822,0,14,0.0,0,1
1096,71,187,533,0,1.0,,,1.0,,,,,0.3776595744680851,375.0,2.9226666666666667,1,8,0.0,0,0
11543,760,1586,0,5,1.0,,,1.0,-14400.0,,,,0.4788909892879647,776.0,14.875,1,18,0.0,0,1
37,4,37,0,0,,,,1.0,,,,,0.1052631578947368,52.0,0.7115384615384616,0,16,0.0,0,1
25,285,1205,0,5,,,,,,,,,0.236318407960199,,,0,11,0.0,0,1
9550,500,416,9175,4,,,1.0,1.0,28800.0,,,,1.1990407673860912,997.0,9.578736208625878,1,9,0.1333333333333333,1,0
15767,408,411,381,2,,,1.0,1.0,-25200.0,,,,0.9902912621359224,1160.0,13.592241379310344,0,12,0.0,0,0
46,5,31,0,0,,,,1.0,,,,,0.15625,55.0,0.8363636363636363,0,14,0.0,0,1
69,6,34,0,0,,,,1.0,,,,,0.1714285714285714,64.0,1.078125,0,16,0.0,0,1
3566,136,116,1330,0,,,1.0,1.0,7200.0,,,,1.1623931623931625,1690.0,2.110059171597633,1,15,0.0,0,0
9349,327,353,8754,1,,,1.0,1.0,36000.0,,,,0.923728813559322,2167.0,4.314259344716198,1,14,0.0,0,0
28275,1068,1883,689,29,,,1.0,1.0,-18000.0,,,,0.5668789808917197,1664.0,16.9921875,1,13,0.0,0,0
127,327,871,1,1,,,,,,,,,0.375,,,0,10,0.0,0,1
35,6,40,0,0,,,,1.0,,,,,0.1463414634146341,70.0,0.5,0,10,0.0,0,1
55,9,42,0,0,,,,1.0,,,,,0.2093023255813953,66.0,0.8333333333333334,0,11,0.0,0,1
11983,1286,1553,1,2,,,,1.0,-18000.0,,,,0.8275418275418276,1041.0,11.51104707012488,1,10,0.0,0,1
58,1,32,0,0,,,,1.0,,,,,0.0303030303030303,69.0,0.8405797101449275,0,14,0.0,0,1
97,189,264,0,0,,,,1.0,10800.0,,,,0.7132075471698113,868.0,0.1117511520737327,1,14,0.0,0,1
3308,105,86,470,2,,,1.0,1.0,7200.0,,,,1.206896551724138,1824.0,1.8135964912280704,1,13,0.0,0,0
34,3,39,0,0,,,,1.0,,,,,0.075,54.0,0.6296296296296297,0,11,0.0,0,1
46586,1187,2002,12271,39,1.0,,1.0,1.0,-14400.0,,,,0.5926110833749376,1286.0,36.22550544323484,1,13,0.0,0,0
34,3,43,0,0,,,,1.0,,,,,0.0681818181818181,60.0,0.5666666666666667,0,12,0.0,0,1
63,7,30,0,0,,,,1.0,,,,,0.2258064516129032,71.0,0.8873239436619719,0,12,0.0,0,1
241,1214,1825,262,9,,,,,,,,,0.664841182913472,,,1,8,0.0,0,1
2223,1903,2073,0,10,1.0,,,1.0,7200.0,,,,0.9175506268081004,770.0,2.887012987012987,1,4,0.0,0,1
1002,302,275,1075,2,1.0,,1.0,1.0,,,,,1.0942028985507246,1446.0,0.6929460580912863,1,11,0.0,0,0
231,34,219,41,0,,,,1.0,,,,,0.1545454545454545,1979.0,0.1167256189994947,0,14,0.1,1,0
72,268,260,0,13,,,1.0,1.0,-14400.0,,,,1.0268199233716475,2381.0,0.0302393952120957,1,19,0.0,0,1
16318,378,624,3248,4,,,1.0,1.0,28800.0,,,,0.6048,1628.0,10.023341523341523,1,9,0.0,0,0
64,0,0,0,0,,,,1.0,10800.0,,,,0.0,870.0,0.0735632183908046,1,14,0.1333333333333333,1,1
16677,1206,49,7008,6,1.0,,1.0,1.0,19800.0,,,,24.12,1402.0,11.89514978601997,1,16,0.4,1,0
57,4,32,0,0,,,,1.0,,,,,0.1212121212121212,65.0,0.8769230769230769,0,10,0.0,0,1
75,6,39,0,0,,,,1.0,,,,,0.15,73.0,1.0273972602739727,0,14,0.0,0,1
40,285,241,0,10,,,1.0,1.0,-14400.0,,,,1.177685950413223,2579.0,0.0155098875533152,1,17,0.0,0,1
76,6,47,0,0,,,,1.0,,,,,0.125,72.0,1.0555555555555556,0,11,0.0,0,1
2,61,1101,0,0,,,,,,,,,0.0553539019963702,,,0,20,0.3333333333333333,1,1
50,5,41,0,1,,,,1.0,,,,,0.119047619047619,63.0,0.7936507936507936,0,16,0.0,0,1
46,5,39,0,0,,1.0,,1.0,,,,,0.125,59.0,0.7796610169491526,0,10,0.0,0,1
4671,38877,25953,6,228,,,,1.0,-18000.0,,,,1.4979193958542036,2009.0,2.325037332005973,1,16,0.0,0,1
435,286,272,0,0,,,,1.0,,,,,1.0476190476190477,157.0,2.770700636942675,1,13,0.0,0,1
3822,577,582,2501,2,1.0,,1.0,1.0,-25200.0,,,,0.9897084048027444,1120.0,3.4125,1,8,0.0,0,0
79,11,47,0,1,,,,1.0,,,,,0.2291666666666666,73.0,1.082191780821918,0,11,0.0,0,1
70,5,42,0,0,,,,1.0,,,,,0.1162790697674418,70.0,1.0,0,12,0.0,0,1
61,1,42,0,0,,,,1.0,,,,,0.0232558139534883,62.0,0.9838709677419356,0,11,0.0,0,1
43,363,308,0,35,,,1.0,1.0,-14400.0,,,,1.174757281553398,2568.0,0.0167445482866043,1,18,0.0,0,1
268,5411,5577,0,9,,,,1.0,10800.0,,,,0.9700609537468626,873.0,0.3069873997709049,1,6,0.0,0,1
50,6,30,0,0,,,,1.0,,,,,0.1935483870967742,67.0,0.746268656716418,0,13,0.0,0,1
12502,478,353,28547,0,1.0,,1.0,1.0,,,,,1.3502824858757063,646.0,19.352941176470587,1,5,0.0,0,0
27401,307,281,2392,2,,,1.0,,-14400.0,,,,1.0886524822695036,1670.0,16.407784431137724,1,5,0.0,0,0
49,4,39,0,0,,,,1.0,,,,,0.1,67.0,0.7313432835820896,0,10,0.0,0,1
57,5,35,0,0,,,,1.0,,,,,0.1388888888888889,63.0,0.9047619047619048,0,12,0.0,0,1
8297,321,570,1063,5,,,1.0,1.0,7200.0,,,,0.5621716287215411,2112.0,3.928503787878788,1,16,0.0,0,0
70392,1035,1454,5965,8,,,,1.0,,,,,0.711340206185567,434.0,162.19354838709677,1,19,0.0,0,0
3482,232,236,957,1,,,1.0,1.0,-10800.0,,,,0.978902953586498,1602.0,2.1735330836454434,1,16,0.0,0,0
13,1009,1974,1,2,,,,,,,,,0.5108860759493671,,,0,16,0.0,0,1
3233,308,276,2277,3,,,1.0,,-25200.0,,,,1.111913357400722,1454.0,2.223521320495186,1,5,0.0,0,0
3,267,265,0,0,,,1.0,1.0,-18000.0,,,,1.0037593984962403,2054.0,0.0014605647517039,1,20,0.0,0,1
33,6,38,0,0,,,,1.0,,,,,0.1538461538461538,56.0,0.5892857142857143,0,11,0.0,0,1
10914,602,1116,1,6,,,,1.0,-14400.0,,,,0.5389435989256938,784.0,13.92091836734694,1,16,0.0,0,1
9,531,494,0,7,,,1.0,1.0,-14400.0,,,,1.0727272727272728,2370.0,0.0037974683544303,1,16,0.0,0,1
16600,604,1996,10824,38,1.0,,,1.0,,,,,0.3024536805207812,1826.0,9.090909090909092,1,6,0.0,0,0
155,267,930,0,3,,,,,,,,,0.2867883995703544,,,0,11,0.0,0,1
37,9,39,0,0,,,,1.0,,,,,0.225,58.0,0.6379310344827587,0,15,0.0,0,1
109,1,0,0,0,,,,1.0,10800.0,,,,1.0,874.0,0.1247139588100686,1,13,0.0,0,1
311,59,818,0,1,,,,1.0,,,,,0.072039072039072,123.0,2.5284552845528454,0,15,0.0,0,1
12136,1310,1801,0,5,,,,1.0,-14400.0,,,,0.7269700332963374,1026.0,11.828460038986355,1,20,0.0,0,1
2,125,933,0,0,,,,,,,,,0.1338329764453961,,,1,13,0.2857142857142857,1,1
63,3,43,0,0,,,,1.0,,,,,0.0681818181818181,69.0,0.9130434782608696,0,13,0.0,0,1
305,5665,6032,0,3,1.0,,,1.0,10800.0,,,,0.9390021548151832,803.0,0.3798256537982565,1,5,0.0,0,1
30,1076,1827,4,5,,,,,,,,,0.5886214442013129,,,0,16,0.0,0,1
48673,678,250,357,85,,,1.0,1.0,-18000.0,,,,2.701195219123506,2030.0,23.976847290640396,1,6,0.0,0,0
64,8,39,0,0,,,,1.0,,,,,0.2,67.0,0.9552238805970148,0,13,0.0,0,1
3647,1829,869,116,98,1.0,,,1.0,7200.0,,,,2.1022988505747127,1748.0,2.086384439359268,1,12,0.0,0,0
30,6,41,0,0,,,,1.0,,,,,0.1428571428571428,60.0,0.5,0,11,0.0,0,1
4893,3863,396,20,3,,,1.0,1.0,-16200.0,,,,9.730478589420654,1804.0,2.7123059866962307,1,20,0.0,0,0
78,8,44,0,0,,,,1.0,,,,,0.1777777777777777,73.0,1.0684931506849316,0,11,0.0,0,1
27,313,1195,0,2,,,,,,,,,0.2617056856187291,,,0,8,0.0,0,1
86,9,41,0,1,,,,1.0,,,,,0.2142857142857142,72.0,1.1944444444444444,0,14,0.0,0,1
37,558,537,0,6,,,1.0,1.0,-14400.0,,,,1.037174721189591,2505.0,0.0147704590818363,1,12,0.0,0,1
46,7,41,0,0,,,,1.0,,,,,0.1666666666666666,59.0,0.7796610169491526,0,11,0.0,0,1
562,41,128,333,0,,,,,-10800.0,,,,0.3178294573643411,832.0,0.6754807692307693,1,17,0.0,0,0
46,4,31,0,0,,,,1.0,,,,,0.125,53.0,0.8679245283018868,0,14,0.0,0,1
91,320,246,0,23,,,1.0,1.0,-14400.0,,,,1.2955465587044537,2558.0,0.0355746677091477,1,18,0.0,0,1
45741,782,1243,5357,2,,,,1.0,,,,,0.6286173633440515,1493.0,30.63697253851306,1,7,0.0,0,0
30949,7474,1181,23378,5,,,1.0,1.0,-25200.0,,,,6.323181049069374,986.0,31.38843813387424,1,6,0.0,0,0
48,0,0,0,0,,,,1.0,10800.0,,,,0.0,873.0,0.0549828178694158,1,10,0.0,0,1
49,582,494,0,53,,,,1.0,-14400.0,,,,1.1757575757575758,2397.0,0.0204422194409678,1,16,0.0769230769230769,1,1
8047,519,1784,0,1,1.0,,,1.0,,,,,0.2907563025210084,448.0,17.962053571428573,1,17,0.0,0,1
52,7,37,0,0,,,,1.0,,,,,0.1842105263157894,69.0,0.7536231884057971,0,14,0.0,0,1
16874,224,506,2758,1,,,1.0,1.0,28800.0,,,,0.4418145956607495,1762.0,9.576617480136209,1,6,0.0,0,0
62,6,35,0,0,,,,1.0,,,,,0.1666666666666666,74.0,0.8378378378378378,0,13,0.0,0,1
35,8,38,0,0,,,,1.0,,,,,0.2051282051282051,68.0,0.5147058823529411,0,14,0.0,0,1
7739,1667,1508,3590,40,,,1.0,,7200.0,,,,1.1047051027170312,1333.0,5.80570142535634,1,9,0.0,0,0
60,7,42,0,0,,,,1.0,,,,,0.1627906976744186,70.0,0.8571428571428571,0,13,0.0,0,1
58,2,34,0,0,,,,1.0,,,,,0.0571428571428571,66.0,0.8787878787878788,0,14,0.0,0,1
16,151,705,0,1,,,,,,,,,0.2138810198300283,,,0,7,0.0,0,1
1919,50,90,1015,0,1.0,,,1.0,,,1.0,,0.5494505494505495,272.0,7.055147058823529,1,5,0.0,0,0
1,215,633,0,0,,,,,,,,,0.3391167192429022,,,0,3,0.2857142857142857,1,1
12898,1194,1692,0,12,1.0,,,1.0,,,,,0.7052569403425871,776.0,16.621134020618555,1,16,0.0,0,1
46,5,42,0,0,,,,1.0,,,,,0.1162790697674418,55.0,0.8363636363636363,0,13,0.0,0,1
21288,2032,736,1077,4,,,,1.0,-25200.0,,,,2.757123473541384,1377.0,15.459694989106756,1,15,0.0,0,0
839,161,97,474,0,1.0,,,1.0,14400.0,,,,1.6428571428571428,762.0,1.101049868766404,0,12,0.0,0,0
56,2,44,0,0,,,,1.0,,,,,0.0444444444444444,68.0,0.8235294117647058,0,13,0.0,0,1
79,6,46,0,0,,,,1.0,,,,,0.1276595744680851,75.0,1.0533333333333332,0,12,0.0,0,1
498,235,570,9,6,,,,1.0,-18000.0,,,,0.4115586690017513,2011.0,0.2476379910492292,1,12,0.0,0,0
8017,328,330,958,1,,,,1.0,-18000.0,,,,0.9909365558912386,1562.0,5.132522407170295,1,11,0.0,0,0
55,15,35,0,0,,,,1.0,,,,,0.4166666666666667,68.0,0.8088235294117647,0,14,0.0,0,1
11986,1395,1650,0,14,,,,1.0,-18000.0,,,,0.8449424591156874,786.0,15.249363867684478,1,13,0.0,0,1
8337,60,250,2628,1,,,,1.0,-18000.0,,,,0.2390438247011952,1258.0,6.627186009538951,1,13,0.0,0,0
1,115,737,0,1,,,,,,,,,0.1558265582655826,,,0,7,0.2727272727272727,1,1
66,3,38,0,0,,,,1.0,,,,,0.0769230769230769,74.0,0.8918918918918919,0,11,0.0,0,1
65,6,32,0,1,,,,1.0,,,,,0.1818181818181818,71.0,0.9154929577464788,0,12,0.0,0,1
3719,220,198,255,0,1.0,,,1.0,,,,,1.105527638190955,553.0,6.725135623869801,1,8,0.0,0,0
70,1,30,0,0,,,,1.0,,,,,0.032258064516129,71.0,0.9859154929577464,0,12,0.0,0,1
1083,539,796,7,21,,,,1.0,-18000.0,,,,0.6762860727728983,2149.0,0.5039553280595626,1,17,0.2222222222222222,1,0
63,3,36,0,0,,,,1.0,,,,,0.081081081081081,73.0,0.863013698630137,0,16,0.0,0,1
75,600,494,0,12,,,1.0,1.0,-14400.0,,,,1.2121212121212122,2492.0,0.0300963081861958,1,12,0.0,0,1
131,0,0,0,0,,,,1.0,10800.0,,,,0.0,874.0,0.1498855835240274,1,16,0.0,0,1
1,83,671,0,0,,,,,,,,,0.1235119047619047,,,0,5,0.3333333333333333,1,1
10,216,184,0,17,,,1.0,1.0,-14400.0,,,,1.1675675675675676,2564.0,0.0039001560062402,1,20,0.0,0,1
7688,197,206,1056,1,1.0,,1.0,1.0,,,,,0.9516908212560388,1166.0,6.593481989708405,1,13,0.0,0,0
347,1451,1618,1,7,,,1.0,,,,,,0.8962322421247684,,,1,15,0.0,0,1
45,5,43,0,0,,,,1.0,,,,,0.1136363636363636,59.0,0.7627118644067796,0,15,0.0,0,1
64,9,43,0,0,,,,1.0,,,,,0.2045454545454545,69.0,0.927536231884058,0,14,0.0,0,1
361,4858,4967,0,2,,,,1.0,10800.0,,,,0.9778582930756844,873.0,0.413516609392898,1,5,0.0,0,1
5473,396,440,194,17,,,1.0,1.0,-14400.0,,,,0.8979591836734694,1868.0,2.9298715203426124,1,11,0.0,0,1
47,7,41,0,0,,,,1.0,,,,,0.1666666666666666,54.0,0.8703703703703703,0,10,0.0,0,1
226,578,494,0,105,,,1.0,1.0,-14400.0,,,,1.1676767676767676,2482.0,0.0910556003223207,1,12,0.0,0,1
46,5,39,0,0,,,,1.0,,,,,0.125,54.0,0.8518518518518519,0,13,0.0,0,1
72530,2075,489,53707,5,,,1.0,1.0,28800.0,,,,4.23469387755102,2069.0,35.055582406959886,1,14,0.0,0,0
215,1020,1999,0,8,,,,,,,,,0.51,,,0,12,0.0,0,1
1,181,591,0,0,,,,,,,,,0.3057432432432432,,,0,7,0.1818181818181818,1,1
1922,1206,909,362,20,,,1.0,1.0,19800.0,,,,1.3252747252747252,2142.0,0.8972922502334267,1,5,0.0,0,0
66,0,0,0,0,,,,1.0,10800.0,,,,0.0,874.0,0.0755148741418764,1,13,0.0,0,1
663,629,1423,51,0,1.0,,,1.0,,,,,0.4417134831460674,61.0,10.868852459016392,1,11,0.2857142857142857,1,0
117,0,0,0,0,,,,1.0,10800.0,,,,0.0,872.0,0.1341743119266055,1,16,0.0,0,1
51,2,36,0,0,,,,1.0,,,,,0.054054054054054,65.0,0.7846153846153846,0,11,0.0,0,1
56,2,0,0,0,,,,1.0,10800.0,,,,2.0,874.0,0.0640732265446224,1,15,0.0,0,1
567,196,298,128,4,,,1.0,1.0,-18000.0,,,,0.6555183946488294,2226.0,0.2547169811320754,1,18,0.0,0,0
2,79,431,0,1,,,,,,,,,0.1828703703703703,,,0,5,0.1,1,1
9124,874,1660,0,7,1.0,,,1.0,,,,,0.5261890427453342,776.0,11.757731958762887,1,13,0.0,0,1
9040,85,144,35,5,,,,1.0,-25200.0,,,,0.5862068965517241,1640.0,5.512195121951219,1,7,0.2222222222222222,1,0
319,699,528,0,38,,,1.0,1.0,-14400.0,,,,1.3213610586011342,2489.0,0.1281639212535154,1,15,0.0,0,1
32,369,1423,0,4,,,,,,,,,0.259129213483146,,,0,14,0.0,0,1
134,253,365,0,1,,,,1.0,10800.0,,,,0.6912568306010929,873.0,0.1534936998854524,1,11,0.0,0,1
2,618,513,0,12,,,1.0,1.0,-14400.0,,,,1.2023346303501945,2505.0,0.0007984031936127,1,12,0.0,0,1
236,657,534,0,44,,,1.0,1.0,-14400.0,,,,1.2280373831775702,2505.0,0.0942115768463073,1,12,0.0,0,1
36,9,40,0,0,,,,1.0,,,,,0.2195121951219512,57.0,0.631578947368421,0,13,0.0,0,1
77,3,39,0,0,,,,1.0,,,,,0.075,71.0,1.0845070422535212,0,14,0.0,0,1
65,5,41,0,0,,,,1.0,,,,,0.119047619047619,73.0,0.8904109589041096,0,11,0.0,0,1
37,6,35,0,0,,,,1.0,,,,,0.1666666666666666,54.0,0.6851851851851852,0,14,0.0,0,1
49779,2571,1094,703,26,,,1.0,,-18000.0,,,,2.347945205479452,1194.0,41.69095477386934,1,8,0.0,0,0
7878,1415,2036,336,125,,,1.0,1.0,-14400.0,,,1.0,0.6946489936180658,1777.0,4.433314575126618,1,10,0.0,0,0
3717,255,225,3432,1,1.0,,1.0,1.0,-25200.0,,,,1.1283185840707963,1114.0,3.336624775583483,1,14,0.0,0,0
5716,271,261,2452,6,,,1.0,1.0,-18000.0,,,,1.034351145038168,1642.0,3.4811205846528623,1,13,0.0,0,0
469,4098,4507,0,0,,,,1.0,7200.0,,,,0.90905057675244,152.0,3.085526315789474,1,5,0.0,0,1
56,7,35,0,0,,,,1.0,,,,,0.1944444444444444,71.0,0.7887323943661971,0,11,0.0,0,1
4,375,338,0,7,,,1.0,1.0,-14400.0,,,,1.106194690265487,2574.0,0.0015540015540015,1,17,0.0,0,1
8652,541,467,483,26,,,1.0,1.0,-25200.0,,,,1.155982905982906,2795.0,3.095527728085868,1,9,0.0,0,0
10706,582,447,3877,1,1.0,,1.0,1.0,-14400.0,,,,1.2991071428571428,95.0,112.69473684210526,1,10,0.2142857142857142,1,0
64,6,40,0,0,,,,1.0,,,,,0.1463414634146341,69.0,0.927536231884058,0,15,0.0,0,1
43738,1011,92,5727,14,,,,1.0,19800.0,,,,10.870967741935484,982.0,44.53971486761711,1,4,0.0,0,0
23729,606,270,231,39,,,1.0,1.0,-18000.0,,,,2.236162361623616,2764.0,8.585021707670043,1,15,0.0,0,0
2419,160,115,116,1,,,,1.0,-28800.0,,,,1.3793103448275863,1456.0,1.661401098901099,1,18,0.0,0,0
1398,61,287,0,4,,,,1.0,-14400.0,,,,0.2118055555555555,417.0,3.352517985611511,1,13,0.0,0,1
76,4,40,0,0,,,,1.0,,,,,0.0975609756097561,71.0,1.0704225352112675,0,16,0.0,0,1
654,234,190,416,0,,,1.0,1.0,-25200.0,,,,1.225130890052356,1295.0,0.505019305019305,1,14,0.25,1,0
758,184,154,1260,0,,,1.0,1.0,,,1.0,,1.1870967741935483,624.0,1.2147435897435896,1,20,0.0,0,0
8896,614,1170,275,13,,,1.0,1.0,-18000.0,,,,0.5243381725021349,1725.0,5.157101449275363,1,20,0.0,0,0
33,0,16,0,0,,,,1.0,,,,,0.0,58.0,0.5689655172413793,0,13,0.0,0,1
718,48,395,196,2,,,1.0,1.0,-28800.0,,,,0.1212121212121212,2116.0,0.3393194706994329,1,16,0.0,0,0
4121,97,172,1003,2,,,,1.0,43200.0,,,,0.5606936416184971,1745.0,2.3616045845272207,1,13,0.0,0,0
50,7,43,0,0,,,,1.0,,,,,0.1590909090909091,57.0,0.8771929824561403,0,12,0.0,0,1
485,456,256,0,68,,,1.0,1.0,-14400.0,,,,1.7743190661478598,2558.0,0.189601250977326,1,19,0.0,0,1
63,10,35,0,0,,,,1.0,,,,,0.2777777777777778,72.0,0.875,0,13,0.0,0,1
3912,482,439,9909,0,,,1.0,,-14400.0,,,,1.0954545454545457,710.0,5.509859154929577,1,9,0.0,0,0
676,248,855,104,0,,,,1.0,,,,,0.2897196261682243,584.0,1.1575342465753424,1,19,0.0,0,0
1051,244,800,58,12,,,1.0,1.0,-25200.0,,,,0.3046192259675406,2272.0,0.462588028169014,1,13,0.0,0,0
6,339,298,0,7,,,1.0,1.0,-14400.0,,,,1.1337792642140467,2579.0,0.0023264831329972,1,19,0.0,0,1
37,3,39,0,0,,,,1.0,,,,,0.075,52.0,0.7115384615384616,0,10,0.0,0,1
29129,354,243,11995,1,,,1.0,1.0,-25200.0,,,,1.4508196721311477,1147.0,25.39581517000872,1,12,0.0,0,0
52,6,36,0,0,,,,1.0,,,,,0.1621621621621621,67.0,0.7761194029850746,0,11,0.0,0,1
12915,641,1066,1568,7,,,,,-18000.0,,,,0.6007497656982193,549.0,23.524590163934427,1,2,0.3333333333333333,1,0
11796,1296,1327,0,9,1.0,,,1.0,,,,,0.9759036144578314,1042.0,11.320537428023032,1,11,0.0909090909090909,1,1
43,2,45,0,0,,,,1.0,,,,,0.0434782608695652,52.0,0.8269230769230769,0,11,0.0,0,1
5693,202,600,2688,3,,,1.0,1.0,-18000.0,,,,0.3361064891846921,1369.0,4.158509861212564,1,12,0.0,0,0
412,32,33,78,2,,,,1.0,,,,,0.9411764705882352,58.0,7.103448275862069,1,10,0.2727272727272727,1,0
45825,7065,1822,3804,596,,,,,-14400.0,,,,3.875479978058146,3021.0,15.168818272095333,1,12,0.0,0,0
24986,650,348,4907,1,1.0,,,1.0,-25200.0,,,,1.8624641833810889,1229.0,20.33034987794955,1,16,0.0,0,0
48,9,40,0,0,,,,1.0,,,,,0.2195121951219512,53.0,0.9056603773584906,0,15,0.0,0,1
74,2,37,0,0,,,,1.0,,,,,0.0526315789473684,73.0,1.0136986301369864,0,13,0.0,0,1
44,2,42,0,0,,,,1.0,,,,,0.0465116279069767,54.0,0.8148148148148148,0,11,0.0,0,1
2,273,264,0,0,,,1.0,1.0,-25200.0,,,,1.030188679245283,1683.0,0.0011883541295306,1,19,0.0,0,1
37,10,35,135,0,1.0,,,1.0,,,,,0.2777777777777778,368.0,0.1005434782608695,1,11,0.0,0,0
666,123,702,59,3,1.0,,1.0,1.0,28800.0,,,,0.1749644381223328,2254.0,0.29547471162378,1,8,0.0,0,0
50,798,1847,2,2,,,,,,,,,0.4318181818181818,,,0,11,0.0,0,1
4637,439,587,10270,0,1.0,,,1.0,,,,,0.7465986394557823,510.0,9.092156862745098,1,5,0.0,0,0
1,203,512,0,0,,,,,,,,,0.3957115009746588,,,0,5,0.2222222222222222,1,1
5142,205,397,2976,0,,,1.0,1.0,19800.0,,,,0.5150753768844221,805.0,6.3875776397515525,1,9,0.5,1,0
6939,435,296,12729,2,,,1.0,1.0,-25200.0,,,,1.4646464646464648,433.0,16.02540415704388,1,11,0.0,0,0
10887,346,319,3393,1,1.0,,1.0,1.0,,,,,1.08125,578.0,18.835640138408305,1,7,0.0,0,0
192,304,274,0,28,,,1.0,1.0,-14400.0,,,,1.1054545454545457,2382.0,0.0806045340050377,1,18,0.0,0,1
5326,169,847,3595,0,1.0,,1.0,1.0,-14400.0,,,,0.1992924528301886,2136.0,2.493445692883895,1,10,0.0,0,0
84194,17806,16707,22588,43,,,1.0,1.0,-10800.0,,,,1.0657170217859708,772.0,109.05958549222798,1,7,0.0,0,0
56,1,31,0,0,,,,1.0,,,,,0.03125,64.0,0.875,0,15,0.0,0,1
8179,138,276,179,3,,,1.0,1.0,-28800.0,,,,0.4981949458483754,2105.0,3.8855106888361046,1,20,0.0,0,0
9881,399,368,1900,0,,,1.0,1.0,28800.0,,,,1.08130081300813,932.0,10.601931330472103,1,5,0.0,0,0
20275,340,301,7793,1,1.0,,1.0,1.0,,,,,1.1258278145695364,828.0,24.48671497584541,1,12,0.25,1,0
15,732,1962,0,6,,,,,,,,,0.3728986245542537,,,0,8,0.0,0,1
9596,1375,1079,429,98,,,1.0,1.0,7200.0,,,,1.273148148148148,2363.0,4.060939483707152,1,20,0.0,0,0
12,274,260,0,7,,,1.0,1.0,-14400.0,,,,1.049808429118774,2380.0,0.0050420168067226,1,19,0.0,0,1
460,73,473,236,2,,,1.0,1.0,3600.0,,,,0.1540084388185654,1797.0,0.2559821925431274,0,11,0.0,0,0
75,4,36,0,0,,,,1.0,,,,,0.1081081081081081,71.0,1.056338028169014,0,13,0.0,0,1
48392,1824,499,36945,14,1.0,,1.0,1.0,-25200.0,,,,3.648,1613.0,30.001239925604462,1,10,0.0,0,0
22,638,2001,0,0,,,,,,,,,0.3186813186813186,,,0,6,0.0,0,1
2911,78,13,1062,4,,1.0,,,3600.0,,,,5.571428571428571,273.0,10.663003663003662,0,11,0.1428571428571428,1,0
36738,1137,282,21157,0,,,1.0,1.0,,,,,4.017667844522968,1795.0,20.466852367688023,1,3,0.0714285714285714,1,0
33605,653,303,29022,2,,,1.0,1.0,28800.0,,,,2.148026315789474,1367.0,24.58302852962692,1,3,0.0,0,0
43,6,36,0,0,,,,1.0,,,,,0.1621621621621621,57.0,0.7543859649122807,0,12,0.0,0,1
14046,1247,740,49185,2,,,1.0,,,,,,1.6828609986504723,604.0,23.25496688741722,1,7,0.0,0,0
46,8,39,0,0,,,,1.0,,,,,0.2,54.0,0.8518518518518519,0,13,0.0,0,1
1,137,559,0,2,,,,,,,,,0.2446428571428571,,,0,5,0.2222222222222222,1,1
66,5,43,0,0,,,,1.0,,,,,0.1136363636363636,72.0,0.9166666666666666,0,16,0.0,0,1
1288,346,316,2887,0,1.0,,,1.0,,,,,1.0914826498422714,554.0,2.324909747292419,1,2,0.0,0,0
101,196,191,8,9,,,,,32400.0,,,,1.0208333333333333,1898.0,0.0532139093782929,1,4,0.0,0,0
748,147,321,4218,0,,,1.0,1.0,-25200.0,,,,0.4565217391304347,2282.0,0.3277826468010517,1,14,0.2727272727272727,1,0
14256,243,97,3299,1,,,1.0,1.0,-18000.0,,,,2.479591836734694,1938.0,7.356037151702786,1,5,0.2857142857142857,1,0
58,5,37,0,0,,,,1.0,,,,,0.131578947368421,62.0,0.935483870967742,0,16,0.0,0,1
119,0,0,0,0,,,,1.0,10800.0,,,,0.0,874.0,0.1361556064073226,1,15,0.0666666666666666,1,1
406,5272,5629,0,3,1.0,,,1.0,10800.0,,,,0.9364120781527532,718.0,0.5654596100278552,1,5,0.0,0,1
9984,244,380,54,3,,,1.0,1.0,-10800.0,,,,0.6404199475065617,1314.0,7.598173515981735,0,15,0.0,0,0
40,4,35,0,0,,,,1.0,,,,,0.1111111111111111,55.0,0.7272727272727273,0,15,0.0,0,1
28337,992,1064,18896,1,,,1.0,1.0,-14400.0,,,,0.9314553990610328,902.0,31.415742793791573,1,20,0.0,0,0
11405,819,2000,0,19,1.0,,,1.0,-14400.0,,,,0.409295352323838,2059.0,5.539096648858669,1,13,0.0,0,1
35,4,37,0,1,,,,1.0,,,,,0.1052631578947368,55.0,0.6363636363636364,0,13,0.0,0,1
68,5,39,0,0,,,,1.0,,,,,0.125,70.0,0.9714285714285714,0,14,0.0,0,1
3141,399,99,31,3,,,1.0,1.0,18000.0,,,,3.99,2043.0,1.5374449339207048,1,12,0.0,0,0
9676,499,496,4152,2,,,1.0,1.0,28800.0,,,,1.004024144869215,784.0,12.341836734693878,1,6,0.0,0,0
18,171,787,0,2,,,,,,,,,0.217005076142132,,,0,15,0.0,0,1
47,0,0,0,0,1.0,,,1.0,10800.0,,,,0.0,803.0,0.0585305105853051,1,13,0.0,0,1
37,771,535,0,9,,,1.0,1.0,-14400.0,,,,1.4384328358208955,2492.0,0.0148475120385232,1,19,0.0,0,1
3,586,523,0,2,,,1.0,1.0,-18000.0,,,,1.118320610687023,2235.0,0.0013422818791946,1,12,0.0,0,1
61,6,36,0,0,,,,1.0,,,,,0.1621621621621621,64.0,0.953125,0,16,0.0,0,1
37856,376,327,6065,20,1.0,,,1.0,-18000.0,,,,1.146341463414634,1074.0,35.24767225325885,1,11,0.0,0,0
11433,1117,1997,1,6,,,,1.0,-18000.0,,,,0.5590590590590591,1006.0,11.364811133200796,1,15,0.0,0,1
77,6,51,0,0,,,,1.0,,,,,0.1153846153846153,76.0,1.013157894736842,0,14,0.0,0,1
16179,215,436,248,4,,,1.0,1.0,-25200.0,,,,0.4919908466819222,2219.0,7.291122127084272,0,13,0.0,0,0
44,5,39,0,0,,,,1.0,,,,,0.125,68.0,0.6470588235294118,0,11,0.0,0,1
6576,535,289,24072,0,,,1.0,1.0,-10800.0,,,,1.8448275862068968,673.0,9.771173848439824,0,13,0.0,0,0
61,10,44,0,1,,,,1.0,,,,,0.2222222222222222,68.0,0.8970588235294118,0,14,0.0,0,1
42,2,40,0,1,,,,1.0,,,,,0.048780487804878,59.0,0.711864406779661,0,16,0.0,0,1
42,2,35,0,0,,,,1.0,,,,,0.0555555555555555,57.0,0.7368421052631579,0,14,0.0,0,1
43,2,34,0,0,,,,1.0,,,,,0.0571428571428571,55.0,0.7818181818181819,0,14,0.0,0,1
19270,1170,1118,3606,1,,,1.0,1.0,-25200.0,,,,1.0455764075067024,1224.0,15.743464052287582,1,9,0.0,0,0
66,5,42,0,0,,,,1.0,,,,,0.1162790697674418,74.0,0.8918918918918919,0,14,0.0,0,1
1311,169,342,347,1,1.0,,,1.0,,,,,0.4927113702623906,725.0,1.8082758620689656,1,6,0.0,0,0
8353,149,211,310,4,,,,1.0,-25200.0,,,,0.7028301886792453,1815.0,4.602203856749311,1,17,0.4285714285714285,1,0
78,8,40,0,0,,,,1.0,,,,,0.1951219512195122,73.0,1.0684931506849316,0,13,0.0,0,1
16155,352,424,20656,3,1.0,,1.0,1.0,,,,,0.8282352941176471,1083.0,14.916897506925208,0,8,0.0,0,0
137,676,560,0,9,,,1.0,1.0,-25200.0,,,,1.2049910873440286,1483.0,0.0923803101820633,1,12,0.0,0,1
15449,572,481,4311,0,1.0,,1.0,1.0,-18000.0,,,,1.1867219917012448,877.0,17.615735461801595,1,5,0.1428571428571428,1,0
10088,638,1969,0,5,1.0,,,1.0,,,,,0.3238578680203046,776.0,13.0,1,17,0.0,0,1
77,1416,1887,1,16,,,,,,,,,0.75,,,0,20,0.0,0,1
210,50,86,320,0,1.0,,1.0,1.0,,,,,0.5747126436781609,483.0,0.4347826086956521,1,13,0.0,0,0
66,8,42,0,0,,,,1.0,,,,,0.1860465116279069,74.0,0.8918918918918919,0,15,0.0,0,1
41,4,39,0,0,,,,1.0,,,,,0.1,70.0,0.5857142857142857,0,14,0.0,0,1
50,863,713,0,1,,,,,,,,,1.2086834733893557,,,0,15,0.0666666666666666,1,1
54130,644,273,3239,11,,,1.0,1.0,7200.0,,,,2.3503649635036497,1815.0,29.823691460055095,1,7,0.0,0,0
47690,1685,1048,443,1,,,1.0,,-18000.0,,,,1.6062917063870352,1425.0,33.46666666666667,1,10,0.0,0,0
24,15,49,24,0,1.0,,,1.0,,,,,0.3,1171.0,0.0204953031596925,1,10,0.1818181818181818,1,0
849,13,12,47,0,1.0,,1.0,1.0,,,,,1.0,1040.0,0.8163461538461538,0,6,0.0,0,0
16780,296,408,1813,5,,,,1.0,-36000.0,,,,0.7237163814180929,2017.0,8.319286068418442,1,14,0.0,0,0
64,1,39,0,0,,,,1.0,,,,,0.025,71.0,0.9014084507042254,0,14,0.0,0,1
8316,2844,326,943,24,1.0,,1.0,1.0,16200.0,,,,8.697247706422019,1181.0,7.041490262489416,1,11,0.0,0,0
1,278,269,0,1,,,1.0,1.0,-25200.0,,,,1.0296296296296297,1740.0,0.0005747126436781,1,18,0.0,0,1
1290,1782,164,1057,16,,,,1.0,,,,,10.8,809.0,1.5945611866501854,1,20,0.0,0,0
1,128,386,0,0,,,,,,,,,0.330749354005168,,,0,5,0.2222222222222222,1,1
4860,924,1130,3376,1,1.0,,1.0,1.0,,,,,0.8169761273209549,1089.0,4.462809917355372,1,12,0.0,0,0
1258,359,321,0,0,1.0,,,1.0,10800.0,,,,1.1149068322981366,779.0,1.6148908857509627,0,10,0.0,0,1
54081,4143,2518,52212,3,,,1.0,1.0,-25200.0,,,,1.6447002778880508,1434.0,37.71338912133891,0,4,0.0,0,0
338,4771,5028,0,8,,,,1.0,10800.0,,,,0.9486975541857228,874.0,0.3867276887871853,1,5,0.0,0,1
47,1,35,0,0,,,,1.0,,,,,0.0277777777777777,57.0,0.8245614035087719,0,12,0.0,0,1
105,320,251,0,7,,,1.0,1.0,-14400.0,,,,1.2698412698412698,2557.0,0.0410637465780211,1,18,0.0,0,1
20,802,494,0,29,,,,1.0,-14400.0,,,,1.6202020202020202,2559.0,0.0078155529503712,1,16,0.0769230769230769,1,1
352,5217,4891,0,8,,,,1.0,10800.0,,,,1.0664349959116926,873.0,0.4032073310423826,1,6,0.0,0,1
46,5,34,0,0,,,,1.0,,,,,0.1428571428571428,54.0,0.8518518518518519,0,14,0.0,0,1
67,5,36,0,0,,,,1.0,,,,,0.1351351351351351,61.0,1.098360655737705,0,12,0.0,0,1
1,564,494,0,3,,,1.0,1.0,-14400.0,,,,1.1393939393939394,2357.0,0.0004242681374628,1,20,0.0,0,1
42,1,37,0,0,,,,1.0,,,,,0.0263157894736842,57.0,0.7368421052631579,0,8,0.0,0,1
22456,445,354,3265,2,,,1.0,1.0,-21600.0,,,,1.2535211267605637,1510.0,14.871523178807948,1,1,0.0,0,0
13768,250,188,3132,0,1.0,,1.0,1.0,-25200.0,,,,1.3227513227513228,1250.0,11.0144,1,6,0.0,0,0
68,8,44,0,0,,,,1.0,,,,,0.1777777777777777,72.0,0.9444444444444444,0,15,0.0,0,1
81721,231,92,287,1,,,1.0,1.0,25200.0,,,,2.4838709677419355,1836.0,44.510348583878,1,3,0.0,0,0
304,4292,4717,0,6,,,,1.0,10800.0,,,,0.9097075031793131,875.0,0.3474285714285714,1,6,0.0,0,1
299,21,683,4,0,,,1.0,1.0,-25200.0,,,,0.0307017543859649,1891.0,0.1581173982020095,1,7,0.0,0,0
57581,153,97,7254,8,,,,,-10800.0,,,,1.5612244897959184,830.0,69.37469879518072,1,6,0.0,0,0
56,282,459,0,2,,,,,,,,,0.6130434782608696,,,0,7,0.0,0,1
46,5,47,0,0,,,,1.0,,,,,0.1041666666666666,62.0,0.7419354838709677,0,13,0.0,0,1
1,182,653,0,3,,,,,,,,,0.2782874617737003,,,0,8,0.1666666666666666,1,1
19697,746,237,66,25,,,1.0,1.0,19800.0,,,,3.134453781512605,2679.0,7.35237028742068,1,16,0.0,0,0
13352,1216,1382,1,20,,,,1.0,-14400.0,,,,0.8792480115690527,1253.0,10.656025538707103,1,13,0.1428571428571428,1,1
63,10,44,0,2,,,,1.0,,,,,0.2222222222222222,70.0,0.9,0,13,0.0,0,1
63,5,42,0,0,,,,1.0,,,,,0.1162790697674418,74.0,0.8513513513513513,0,12,0.0,0,1
245,666,543,0,35,,,1.0,1.0,-14400.0,,,,1.224264705882353,2505.0,0.0978043912175648,1,12,0.0,0,1
559,79,292,178,0,,,1.0,1.0,28800.0,,,,0.2696245733788396,1467.0,0.3810497614178595,1,10,0.0,0,0
31,0,0,0,0,,,,1.0,10800.0,,,,0.0,870.0,0.0356321839080459,1,13,0.0,0,1
4652,232,174,2218,0,,,1.0,1.0,-18000.0,,,,1.3257142857142856,1095.0,4.248401826484018,1,4,0.0,0,0
225,338,254,0,28,,,1.0,1.0,-14400.0,,,,1.325490196078431,2558.0,0.0879593432369038,1,18,0.0,0,1
11738,1026,1927,1,4,,,,1.0,-18000.0,,,,0.5321576763485477,1193.0,9.839061190276611,1,11,0.0,0,1
79,8,39,0,1,,,,1.0,,,,,0.2,126.0,0.626984126984127,0,14,0.0,0,1
2622,191,189,554,0,,,,1.0,-14400.0,,,,1.0052631578947369,1391.0,1.8849748382458664,1,5,0.0,0,0
9,241,1040,0,1,,,,,,,,,0.2315081652257444,,,0,6,0.0,0,1
45,16,44,0,0,,,,1.0,,,,,0.3555555555555555,59.0,0.7627118644067796,0,15,0.0,0,1
2941,94,108,166,2,,,,1.0,-14400.0,,,,0.8623853211009175,760.0,3.869736842105264,1,7,0.0,0,0
62,3,39,0,0,,,,1.0,,,,,0.075,72.0,0.8611111111111112,0,14,0.0,0,1
38,4,37,0,0,,,,1.0,,,,,0.1052631578947368,57.0,0.6666666666666666,0,15,0.0,0,1
56,4,36,0,0,,,,1.0,,,,,0.1081081081081081,63.0,0.8888888888888888,0,10,0.0,0,1
83,7,42,0,0,,,,1.0,,,,,0.1627906976744186,127.0,0.6535433070866141,0,10,0.0,0,1
1,302,280,0,1,,,1.0,1.0,-25200.0,,,,1.0747330960854091,1699.0,0.0005885815185403,1,16,0.0,0,1
4554,500,495,0,2,,,,,,,,,1.0080645161290325,,,1,20,0.1666666666666666,1,1
7901,879,59,30730,3,,,,1.0,3600.0,,,,14.65,835.0,9.462275449101796,1,8,0.0,0,0
64,6,44,0,1,,,,1.0,,,,,0.1333333333333333,72.0,0.8888888888888888,0,11,0.0,0,1
35,7,37,0,0,,,,1.0,,,,,0.1842105263157894,58.0,0.603448275862069,0,14,0.0,0,1
67,8,33,0,0,,,,1.0,,,,,0.2352941176470588,69.0,0.9710144927536232,0,10,0.0,0,1
37,6,37,0,0,,,,1.0,,,,,0.1578947368421052,68.0,0.5441176470588235,0,12,0.0,0,1
22,203,1008,0,0,,,,,,,,,0.2011892963330029,,,0,9,0.4,1,1
10690,744,2001,1,4,1.0,,,1.0,,,,,0.3716283716283716,776.0,13.775773195876289,1,15,0.0,0,1
4830,707,604,2776,3,,,,1.0,28800.0,,,,1.168595041322314,862.0,5.603248259860789,1,16,0.0,0,0
11498,690,733,638,28,,,1.0,1.0,3600.0,,,,0.9400544959128064,2253.0,5.103417665335109,1,8,0.0,0,0
4352,5810,6381,0,4,1.0,,,1.0,10800.0,,,,0.9103729238483234,763.0,5.703800786369594,1,6,0.0,0,1
37,0,0,0,0,,,,1.0,10800.0,,,,0.0,872.0,0.0424311926605504,1,15,0.0,0,1
61,5,40,0,0,,,,1.0,,,,,0.1219512195121951,63.0,0.9682539682539684,0,12,0.0,0,1
88,402,1613,0,0,,,,,,,,,0.2490706319702602,,,1,14,0.0,0,1
76,453,1162,2,2,,,,,,,,,0.3895098882201204,,,0,6,0.0,0,1
218,332,245,0,31,,,1.0,1.0,-25200.0,,,,1.3495934959349594,1266.0,0.1721958925750395,1,16,0.0,0,1
3405,168,346,1135,0,1.0,,1.0,1.0,,,,,0.484149855907781,1149.0,2.9634464751958225,1,15,0.3636363636363636,1,0
43,9,42,0,0,,,,1.0,,,,,0.2093023255813953,55.0,0.7818181818181819,0,13,0.0,0,1
8485,15,9,28,2,1.0,,,1.0,-25200.0,,,,1.5,118.0,71.90677966101696,1,11,0.0,0,0
54,3,40,0,0,,,,1.0,,,,,0.073170731707317,67.0,0.8059701492537313,0,12,0.0,0,1
52,2,37,0,0,,,,1.0,,,,,0.0526315789473684,64.0,0.8125,0,15,0.0,0,1
42,4,43,0,0,,,,1.0,,,,,0.0909090909090909,56.0,0.75,0,15,0.0,0,1
49,12,43,0,0,,,,1.0,,,,,0.2727272727272727,66.0,0.7424242424242424,0,16,0.0,0,1
37,3,41,0,0,,,,1.0,,,,,0.0714285714285714,54.0,0.6851851851851852,0,13,0.0,0,1
12402,652,1313,1,3,,,,1.0,-18000.0,,,,0.4961948249619482,1194.0,10.386934673366834,1,14,0.0,0,1
44,6,42,0,0,,,,1.0,,,,,0.1395348837209302,68.0,0.6470588235294118,0,16,0.0,0,1
1107,157,171,418,0,,,,,,,,,0.9127906976744186,45.0,24.6,1,8,0.0,0,0
3896,152,117,8064,1,1.0,,,1.0,,,,,1.2881355932203389,585.0,6.65982905982906,1,17,0.1818181818181818,1,0
83,362,1670,0,0,,,,,,,,,0.2166367444643925,,,1,13,0.0,0,1
38,4,40,0,1,,,,1.0,,,,,0.0975609756097561,59.0,0.6440677966101694,0,15,0.0,0,1
12343,1047,1839,1,3,,,,1.0,-18000.0,,,,0.5690217391304347,986.0,12.518255578093306,1,11,0.0909090909090909,1,1
94383,2301,2196,4336,8,1.0,,1.0,1.0,-18000.0,,,,1.047337278106509,1558.0,60.5795892169448,1,10,0.0,0,0
11060,671,1902,1,2,1.0,,,1.0,-18000.0,,,,0.3526011560693641,776.0,14.25257731958763,1,13,0.0,0,1
56,0,37,0,0,,,,1.0,,,,,0.0,63.0,0.8888888888888888,0,15,0.0,0,1
1254,166,177,1185,0,,,,1.0,-14400.0,,,,0.9325842696629212,1457.0,0.8606726149622512,1,8,0.2222222222222222,1,0
321,775,1936,6,6,,,1.0,,,,,,0.4001032524522457,,,1,12,0.4,1,1
180,358,252,0,24,,,1.0,1.0,-14400.0,,,,1.4150197628458498,2576.0,0.0698757763975155,1,17,0.0,0,1
43,2,41,0,0,,,,1.0,,,,,0.0476190476190476,54.0,0.7962962962962963,0,15,0.0,0,1
78,4,42,0,0,,,,1.0,,,,,0.0930232558139534,72.0,1.0833333333333333,0,15,0.0,0,1
13384,1923,503,2940,3,,,1.0,,-28800.0,,,,3.815476190476191,1408.0,9.505681818181818,1,17,0.0,0,0
64,5,42,0,0,,,,1.0,,,,,0.1162790697674418,69.0,0.927536231884058,0,14,0.0,0,1
1,25,745,0,0,,,,,,,,,0.0335120643431635,,,0,14,0.0,0,1
30560,2495,2745,1321,57,,,,1.0,-25200.0,,,,0.9085943190094684,2239.0,13.648950424296562,1,10,0.0,0,0
35,2,37,0,0,,1.0,,1.0,,,,,0.0526315789473684,53.0,0.660377358490566,0,15,0.0,0,1
10212,193,184,7184,0,,,1.0,1.0,-14400.0,,,,1.0432432432432432,1900.0,5.374736842105263,1,12,0.2222222222222222,1,0
61,7,41,0,0,,,,1.0,,,,,0.1666666666666666,67.0,0.9104477611940298,0,13,0.0,0,1
53679,435,357,18242,3,,,1.0,1.0,-14400.0,,,,1.2150837988826817,1390.0,38.61798561151079,1,3,0.0,0,0
22942,436,1649,89,15,,,1.0,1.0,,,,,0.2642424242424242,1503.0,15.264138389886892,1,6,0.3333333333333333,1,0
1278,60,113,227,0,,,,1.0,-25200.0,,1.0,,0.5263157894736842,1004.0,1.2729083665338643,1,4,0.0,0,0
53,3,44,0,0,,,,1.0,,,,,0.0666666666666666,66.0,0.803030303030303,0,14,0.0,0,1
4,250,183,0,11,,,1.0,1.0,-14400.0,,,,1.358695652173913,2564.0,0.0015600624024961,1,20,0.0,0,1
62,8,45,0,0,,,,1.0,,,,,0.1739130434782608,64.0,0.96875,0,15,0.0,0,1
12639,865,1481,1,3,1.0,,,1.0,-14400.0,,,,0.5836707152496626,986.0,12.818458417849898,1,9,0.1818181818181818,1,1
23001,573,396,7878,0,,,,1.0,-18000.0,,,,1.4433249370277077,1303.0,17.652340752110515,1,11,0.0,0,0
80,11,43,0,0,,,,1.0,,,,,0.25,74.0,1.0810810810810811,0,13,0.0,0,1
400,5559,6103,0,7,,,,1.0,10800.0,,,,0.9107142857142856,718.0,0.5571030640668524,1,4,0.0,0,1
343,82,874,0,0,,,,1.0,,,,,0.0937142857142857,71.0,4.830985915492958,0,13,0.0,0,1
77,5,42,0,0,,,,1.0,,,,,0.1162790697674418,74.0,1.0405405405405406,0,14,0.0,0,1
42,1,37,0,0,,,,1.0,,,,,0.0263157894736842,57.0,0.7368421052631579,0,14,0.0,0,1
212,450,928,2,9,,,,,,,,,0.4843918191603875,,,1,14,0.0,0,1
1,54,202,0,0,,,,,,,,,0.2660098522167488,,,0,8,0.1666666666666666,1,1
81,3,39,0,0,,,,1.0,,,,,0.075,72.0,1.125,0,13,0.0,0,1
63,2,45,0,0,,,,1.0,,,,,0.0434782608695652,65.0,0.9692307692307692,0,13,0.0,0,1
233,4026,4208,0,3,,,,1.0,10800.0,,,,0.9565217391304348,874.0,0.2665903890160183,1,5,0.0,0,1
67,2,35,0,0,,,,1.0,,,,,0.0555555555555555,70.0,0.9571428571428572,0,10,0.0,0,1
1,82,500,0,0,,,,,,,,,0.1636726546906187,,,0,9,0.1538461538461538,1,1
36913,807,907,3262,9,,,1.0,1.0,43200.0,,,,0.8887665198237885,2223.0,16.605038236617183,1,4,0.0,0,0
131,20,40,0,0,,,,1.0,10800.0,,,,0.4878048780487805,874.0,0.1498855835240274,1,18,0.0,0,1
69,4,42,0,1,,,,1.0,,,,,0.0930232558139534,126.0,0.5476190476190477,0,15,0.0,0,1
53,5,46,0,0,,,,1.0,,,,,0.1063829787234042,62.0,0.8548387096774194,0,13,0.0,0,1
213,652,495,0,150,,,1.0,1.0,-14400.0,,,,1.314516129032258,2486.0,0.0856798069187449,1,12,0.0,0,1
4073,347,185,2352,0,,,1.0,1.0,-25200.0,,,,1.8655913978494625,1517.0,2.684904416611733,1,10,0.0,0,0
16599,1112,2000,18744,16,1.0,,,1.0,36000.0,,,,0.5557221389305347,263.0,63.11406844106464,1,12,0.0,0,0
63,17,105,20,2,,,,,,,,,0.160377358490566,403.0,0.1563275434243176,1,5,0.0909090909090909,1,0
856,252,271,2461,0,1.0,,,1.0,,,,,0.9264705882352942,149.0,5.74496644295302,1,14,0.1111111111111111,1,0
4477,113,173,1180,3,,,1.0,1.0,-25200.0,,,,0.6494252873563219,2262.0,1.9792219274977896,1,11,0.0,0,0
4894,136,77,608,0,1.0,,1.0,1.0,-14400.0,,,,1.7435897435897436,1556.0,3.145244215938303,0,3,0.0,0,0
68,5,47,0,0,,,,1.0,,,,,0.1041666666666666,62.0,1.096774193548387,0,16,0.0,0,1
1960,4910,1675,1043,22,,,1.0,1.0,-25200.0,,,,2.9295942720763724,786.0,2.493638676844784,1,12,0.0,0,0
6303,212,449,8849,4,,,1.0,1.0,-25200.0,,,,0.4711111111111111,1337.0,4.714285714285714,1,18,0.1818181818181818,1,0
122,320,251,0,10,,,1.0,1.0,-14400.0,,,,1.2698412698412698,2570.0,0.0474708171206225,1,17,0.0,0,1
68,7,40,0,0,,,,1.0,,,,,0.1707317073170731,70.0,0.9714285714285714,0,14,0.0,0,1
146971,276,412,4359,21,,,,1.0,-25200.0,,,,0.6682808716707022,2177.0,67.51079467156637,1,11,0.1428571428571428,1,0
42,5,39,0,0,,,,1.0,,,,,0.125,59.0,0.711864406779661,0,8,0.0,0,1
63,12,31,0,1,,,,1.0,,,,,0.375,71.0,0.8873239436619719,0,11,0.0,0,1
76,3,47,0,0,,,,1.0,,,,,0.0625,72.0,1.0555555555555556,0,13,0.0,0,1
52,759,1833,0,9,,,,,,,,,0.4138495092693566,,,0,19,0.0,0,1
261,210,693,2179,2,1.0,,1.0,1.0,,,,,0.3025936599423631,2205.0,0.1183673469387755,1,5,0.0,0,0
101806,910,127,239,6,,,1.0,1.0,-10800.0,,,,7.109375,1212.0,83.9983498349835,1,4,0.0,0,0
45,4,45,0,0,,,,1.0,,,,,0.0869565217391304,58.0,0.7758620689655172,0,14,0.0,0,1
45,0,38,0,0,,,,1.0,,,,,0.0,54.0,0.8333333333333334,0,14,0.0,0,1
6923,1884,2069,8391,28,,,1.0,1.0,-25200.0,,,,0.910144927536232,2251.0,3.075521990226566,1,11,0.5,1,0
37,4,36,0,0,,,,1.0,,,,,0.1081081081081081,52.0,0.7115384615384616,0,16,0.0,0,1
447,5505,5701,0,7,,,,1.0,,,,,0.9654507190459488,1244.0,0.3593247588424437,1,13,0.2,1,1
78,6,47,0,0,,,,1.0,,,,,0.125,73.0,1.0684931506849316,0,14,0.0,0,1
42,1,37,0,0,,1.0,,1.0,,,,,0.0263157894736842,56.0,0.75,0,12,0.0,0,1
68,4,42,0,0,,,,1.0,,,,,0.0930232558139534,70.0,0.9714285714285714,0,15,0.0,0,1
1660,121,105,596,1,,,,,,,1.0,,1.1415094339622642,1014.0,1.6370808678500983,1,14,0.0,0,0
79,7,39,0,0,,,,1.0,,,,,0.175,70.0,1.1285714285714286,0,12,0.0,0,1
27575,4960,4386,31200,97,,,1.0,1.0,-25200.0,,,,1.1306131752906314,291.0,94.7594501718213,1,13,0.0,0,0
851,374,322,25,4,,,,1.0,,,,,1.1578947368421053,592.0,1.4375,1,13,0.0,0,1
61,15,46,0,0,,,,1.0,,,,,0.3191489361702128,69.0,0.8840579710144928,0,14,0.0,0,1
294,616,527,0,30,,,,1.0,-14400.0,,,,1.1666666666666667,2489.0,0.1181197267979108,1,15,0.0,0,1
3493,308,649,2532,1,1.0,,1.0,1.0,,,,,0.4738461538461538,345.0,10.12463768115942,1,16,0.1333333333333333,1,0
2808,251,241,1640,0,,,1.0,1.0,10800.0,,,,1.037190082644628,678.0,4.141592920353983,1,13,0.0,0,1
57,4,38,0,0,,1.0,,1.0,,,,,0.1025641025641025,71.0,0.8028169014084507,0,11,0.0,0,1
43,6,45,0,0,,,,1.0,,,,,0.1304347826086956,54.0,0.7962962962962963,0,16,0.0,0,1
7199,395,71,270,0,,,,,28800.0,,,,5.486111111111111,1443.0,4.988911988911989,1,15,0.0,0,0
154,65,52,72,0,1.0,,,1.0,,,,,1.2264150943396226,22.0,7.0,1,4,0.0,0,0
1765,139,300,823,0,1.0,,,1.0,,,,,0.4617940199335548,1264.0,1.3963607594936709,0,5,0.0,0,0
73,5,46,0,0,,,,1.0,,,,,0.1063829787234042,73.0,1.0,0,13,0.0,0,1
2071,283,225,956,1,1.0,,1.0,1.0,,,,,1.252212389380531,1132.0,1.8295053003533568,1,11,0.1666666666666666,1,0
18,197,780,0,0,,,,,,,,,0.2522407170294494,,,0,11,0.0,0,1
2,577,522,0,0,,,1.0,1.0,-14400.0,,,,1.1032504780114722,2505.0,0.0007984031936127,1,12,0.0,0,1
84,5,42,0,0,,,,1.0,,,,,0.1162790697674418,73.0,1.1506849315068493,0,15,0.0,0,1
45,1,35,0,1,,1.0,,1.0,,,,,0.0277777777777777,58.0,0.7758620689655172,0,15,0.0,0,1
72,0,0,0,0,,,,1.0,10800.0,,,,0.0,875.0,0.0822857142857142,1,12,0.0,0,1
19532,483,241,3124,2,1.0,,,1.0,-25200.0,,,,1.9958677685950408,860.0,22.711627906976744,1,6,0.1428571428571428,1,0
107,209,1145,0,3,,,,,,,,,0.1823734729493892,,,0,8,0.0833333333333333,1,1
44,10,41,0,0,,,,1.0,,,,,0.238095238095238,54.0,0.8148148148148148,0,16,0.0,0,1
24134,295,224,22424,1,,,1.0,1.0,-25200.0,,,,1.3111111111111111,1742.0,13.85419058553387,1,9,0.0,0,0
40,4,42,0,0,,,,1.0,,,,,0.0930232558139534,68.0,0.5882352941176471,0,16,0.0,0,1
551,42,231,227,1,,,,1.0,,,,,0.1810344827586207,2136.0,0.2579588014981273,1,12,0.375,1,0
7485,666,1886,1,4,1.0,,,1.0,,,,,0.3529411764705882,776.0,9.64561855670103,1,8,0.0,0,1
462,654,495,0,141,,,1.0,1.0,-14400.0,,,,1.3185483870967742,2486.0,0.1858407079646017,1,12,0.0,0,1
22977,180,336,24675,7,,,1.0,1.0,-28800.0,,,,0.5341246290801187,1534.0,14.978487614080834,1,12,0.25,1,0
180,637,535,0,8,,,1.0,1.0,-14400.0,,,,1.1884328358208955,2505.0,0.0718562874251497,1,12,0.0,0,1
150,376,291,0,36,,,1.0,1.0,-14400.0,,,,1.2876712328767124,2554.0,0.0587314017227877,1,17,0.0,0,1
77,6,43,0,0,,,,1.0,,,,,0.1363636363636363,73.0,1.0547945205479452,0,14,0.0,0,1
51,0,0,0,0,,,,1.0,10800.0,,,,0.0,803.0,0.0635118306351183,1,14,0.0,0,1
314,51,95,389,0,1.0,,,1.0,,,,,0.53125,208.0,1.5096153846153846,0,8,0.0909090909090909,1,0
98,315,279,0,20,,,1.0,1.0,-14400.0,,,,1.125,2382.0,0.0411418975650713,1,19,0.0,0,1
43,6,50,0,0,,,,1.0,,,,,0.1176470588235294,59.0,0.7288135593220338,0,14,0.0,0,1
151,303,252,0,12,,,1.0,1.0,-14400.0,,,,1.1976284584980237,2557.0,0.0590535784122017,1,18,0.0,0,1
46,3,40,0,0,,,,1.0,,,,,0.073170731707317,52.0,0.8846153846153846,0,13,0.0,0,1
3252,61,138,309,1,,,,1.0,-25200.0,,,,0.4388489208633093,1651.0,1.9697153240460328,1,5,0.1666666666666666,1,0
67,7,42,0,1,,,,1.0,,,,,0.1627906976744186,74.0,0.9054054054054054,0,10,0.0,0,1
36,952,494,0,67,,,,1.0,-14400.0,,,,1.9232323232323232,2573.0,0.0139914496696463,1,14,0.0769230769230769,1,1
2,276,265,0,1,,,1.0,1.0,-25200.0,,,,1.037593984962406,1602.0,0.0012484394506866,1,16,0.0,0,1
62,5,35,0,0,,,,1.0,,,,,0.1388888888888889,74.0,0.8378378378378378,0,8,0.0,0,1
36,3,42,0,0,,,,1.0,,,,,0.0697674418604651,56.0,0.6428571428571429,0,15,0.0,0,1
83,6,43,0,0,,,,1.0,,,,,0.1363636363636363,73.0,1.1369863013698631,0,11,0.0,0,1
4467,315,530,0,6,,,,,,,,,0.5932203389830508,,,0,11,0.0,0,1
2507,70,105,1645,0,,,1.0,1.0,28800.0,,1.0,,0.660377358490566,1851.0,1.35440302539168,1,14,0.0,0,0
35,460,824,0,2,,,,,,,,,0.5575757575757576,,,1,16,0.0,0,1
74,6,40,0,0,,,,1.0,,,,,0.1463414634146341,74.0,1.0,0,11,0.0,0,1
99,130,102,539,0,1.0,,,1.0,,,,,1.2621359223300972,244.0,0.4057377049180328,0,13,0.2,1,0
75,5,40,0,0,,,,1.0,,,,,0.1219512195121951,71.0,1.056338028169014,0,13,0.0,0,1
42,4,37,0,0,,,,1.0,,,,,0.1052631578947368,54.0,0.7777777777777778,0,13,0.0,0,1
1,169,636,0,1,,,,,,,,,0.2653061224489796,,,0,5,0.2222222222222222,1,1
86,0,0,0,0,,,,1.0,10800.0,,,,0.0,798.0,0.1077694235588972,1,12,0.0,0,1
12,295,1612,0,1,,,,,,,,,0.1828890266584004,,,0,5,0.0,0,1
10931,749,1923,1,8,1.0,,,1.0,,,,,0.3892931392931393,776.0,14.086340206185566,1,15,0.0,0,1
10,609,520,0,1,,,1.0,1.0,-14400.0,,,,1.168905950095969,2503.0,0.0039952057530962,1,12,0.0,0,1
4303,611,404,3812,0,,,1.0,1.0,-14400.0,,,,1.508641975308642,1036.0,4.153474903474904,1,12,0.0,0,0
5152,392,302,858,0,1.0,,,1.0,,,,,1.2937293729372936,575.0,8.96,1,14,0.0,0,0
64,3,38,0,0,,,,1.0,,,,,0.0769230769230769,63.0,1.0158730158730158,0,11,0.0,0,1
2568,1207,138,4243,9,1.0,,1.0,1.0,19800.0,,,,8.683453237410072,88.0,29.181818181818183,1,6,0.0,0,0
129,21,168,48,0,1.0,,,1.0,,,,,0.1242603550295858,1068.0,0.1207865168539325,0,17,0.1428571428571428,1,0
19390,385,252,11,1,1.0,,1.0,1.0,-14400.0,,,,1.5217391304347827,1366.0,14.194729136163982,0,16,0.0,0,0
2794,184,314,50,18,,,1.0,1.0,7200.0,,,,0.5841269841269842,2131.0,1.3111215391834818,1,12,0.0,0,0
46,586,522,0,35,,,1.0,1.0,-14400.0,,,,1.1204588910133844,2505.0,0.0183632734530938,1,12,0.0,0,1
291,388,256,0,37,,,1.0,1.0,-14400.0,,,,1.509727626459144,2558.0,0.1137607505863956,1,18,0.0,0,1
49,5,44,0,0,,,,1.0,,,,,0.1111111111111111,57.0,0.8596491228070176,0,15,0.0,0,1
9,160,171,0,5,,,,,,,,,0.9302325581395348,,,0,7,0.0,0,1
70,8,44,0,0,,,,1.0,,,,,0.1777777777777777,73.0,0.958904109589041,0,14,0.0,0,1
249,70,556,0,0,,,,1.0,,,,,0.1256732495511669,157.0,1.585987261146497,0,12,0.0,0,1
567,1177,1676,0,3,,,,1.0,,,,,0.7018485390578414,159.0,3.5660377358490565,1,12,0.0,0,1
195,479,302,0,29,,,1.0,1.0,-14400.0,,,,1.5808580858085808,2571.0,0.0758459743290548,1,20,0.0,0,1
905,258,206,517,0,1.0,,1.0,1.0,,,,,1.2463768115942029,80.0,11.3125,1,4,0.0,0,0
73,4,44,0,0,,,,1.0,,,,,0.0888888888888888,74.0,0.9864864864864864,0,14,0.0,0,1
43,4,39,0,0,,,,1.0,,,,,0.1,54.0,0.7962962962962963,0,12,0.0,0,1
790,457,284,0,96,,,1.0,1.0,-14400.0,,,,1.6035087719298249,2558.0,0.308835027365129,1,18,0.0,0,1
12,586,516,0,5,,,1.0,1.0,-14400.0,,,,1.1334622823984526,2505.0,0.0047904191616766,1,12,0.0,0,1
20133,763,436,955,1,,,1.0,1.0,-18000.0,,,,1.7459954233409611,1322.0,15.229198184568835,0,14,0.25,1,0
271,429,283,0,59,,,1.0,1.0,-14400.0,,,,1.5105633802816902,2383.0,0.1137221989089383,1,19,0.0,0,1
43,4,38,0,0,,,,1.0,,,,,0.1025641025641025,57.0,0.7543859649122807,0,14,0.0,0,1
16,260,243,0,3,,,1.0,1.0,-14400.0,,,,1.0655737704918034,2398.0,0.006672226855713,1,17,0.0,0,1
14879,1080,1996,10479,3,,,1.0,1.0,,,,,0.5408112168252378,1647.0,9.034001214329082,1,6,0.375,1,0
4025,1653,1879,28953,2,1.0,,1.0,1.0,,,,,0.8792553191489362,479.0,8.402922755741127,1,16,0.5333333333333333,1,0
40,1,0,0,0,,,,1.0,10800.0,,,,1.0,874.0,0.045766590389016,1,15,0.0,0,1
43,10,43,0,0,,,,1.0,,,,,0.2272727272727272,54.0,0.7962962962962963,0,15,0.0,0,1
48,2,40,0,1,,,,1.0,,,,,0.048780487804878,66.0,0.7272727272727273,0,16,0.0,0,1
11551,34,0,110,3,,,,1.0,-36000.0,,,,34.0,2081.0,5.550696780394041,1,9,0.0,0,0
7,263,261,0,4,,,1.0,1.0,-14400.0,,,,1.0038167938931295,2380.0,0.0029411764705882,1,19,0.0,0,1
3807,2913,3186,8,7,1.0,,,1.0,7200.0,,,,0.9140257295262002,750.0,5.076,1,14,0.0,0,1
59,3,41,0,0,,,,1.0,,,,,0.0714285714285714,70.0,0.8428571428571429,0,15,0.0,0,1
37,9,39,0,0,,,,1.0,,,,,0.225,53.0,0.6981132075471698,0,15,0.0,0,1
32284,1638,661,28296,6,1.0,,,1.0,,,,,2.474320241691843,396.0,81.52525252525253,0,10,0.0,0,0
65499,961,1397,5685,21,,,,1.0,-18000.0,,,,0.6874105865522174,2109.0,31.056899004267425,1,7,0.1666666666666666,1,0
156,492,646,0,1,,,,1.0,10800.0,,,,0.7604327666151468,873.0,0.1786941580756013,1,14,0.1428571428571428,1,1
8,354,243,0,15,,,1.0,1.0,-14400.0,,,,1.4508196721311477,2564.0,0.0031201248049922,1,20,0.0,0,1
55,4,42,0,0,,,,1.0,,,,,0.0930232558139534,69.0,0.7971014492753623,0,11,0.0,0,1
631,12,9,1360,0,,1.0,,,32400.0,,1.0,,1.2,1814.0,0.3478500551267916,1,3,0.4285714285714285,1,0
12736,1229,1953,1,2,,,,1.0,-18000.0,,,,0.6289662231320369,793.0,16.060529634300128,1,10,0.0,0,1
43,0,14,0,0,,,,1.0,,,,,0.0,59.0,0.7288135593220338,0,11,0.0,0,1
36,5,48,0,0,,,,1.0,,,,,0.1020408163265306,68.0,0.5294117647058824,0,14,0.0,0,1
24365,661,439,6142,0,,,1.0,,-25200.0,,,,1.5022727272727272,1082.0,22.518484288354895,1,3,0.0,0,0
1253,1406,1996,1,2,1.0,,,1.0,10800.0,,,,0.7040560841261893,449.0,2.79064587973274,1,9,0.0,0,1
164,672,542,0,19,,,1.0,1.0,-14400.0,,,,1.2375690607734806,2489.0,0.0658899156287665,1,15,0.0,0,1
61,12,36,0,0,,,,1.0,,,,,0.3243243243243243,74.0,0.8243243243243243,0,11,0.0,0,1
327,120,124,1015,0,1.0,,,1.0,,,,,0.96,213.0,1.5352112676056338,0,5,0.0,0,0
1816,139,320,1529,0,1.0,,,1.0,3600.0,,,,0.4330218068535825,1261.0,1.4401268834258525,1,11,0.1538461538461538,1,0
11409,643,364,14401,2,,,1.0,,-25200.0,,,,1.7616438356164383,802.0,14.22568578553616,0,8,0.0,0,0
26504,584,329,10475,2,1.0,,1.0,1.0,-18000.0,,,,1.7696969696969698,1382.0,19.178002894356005,1,5,0.2,1,0
34,5,36,0,0,,,,1.0,,,,,0.1351351351351351,54.0,0.6296296296296297,0,13,0.0,0,1
24494,780,175,7978,0,,,,1.0,,,,,4.431818181818182,983.0,24.9175991861648,1,5,0.0,0,0
62,8,39,0,0,,,,1.0,,,,,0.2,68.0,0.9117647058823528,0,11,0.0,0,1
13575,561,458,8413,1,,,1.0,1.0,-10800.0,,,,1.2222222222222223,1084.0,12.523062730627306,1,8,0.0,0,0
52,1,42,0,0,,,,1.0,,,,,0.0232558139534883,66.0,0.7878787878787878,0,14,0.0,0,1
79,2,35,0,1,,,,1.0,,,,,0.0555555555555555,73.0,1.082191780821918,0,13,0.0,0,1
64,6,35,0,0,,,,1.0,,,,,0.1666666666666666,61.0,1.0491803278688523,0,12,0.0,0,1
25595,277,188,3148,11,,,,,-14400.0,,,,1.4656084656084656,353.0,72.5070821529745,1,11,0.0,0,0
273,5176,5692,0,7,,,,1.0,10800.0,,,,0.9091867205339892,874.0,0.3123569794050343,1,6,0.0,0,1
41,1,41,0,0,,1.0,,1.0,,,,,0.0238095238095238,54.0,0.7592592592592593,0,15,0.0,0,1
77,4,40,0,1,,,,1.0,,,,,0.0975609756097561,74.0,1.0405405405405406,0,14,0.0,0,1
54,9,39,0,0,,,,1.0,,,,,0.225,69.0,0.782608695652174,0,15,0.0,0,1
17093,371,238,46158,17,,,1.0,1.0,-18000.0,,,,1.5523012552301256,1361.0,12.55914768552535,1,11,0.0,0,0
48,3,35,0,0,,,,1.0,,,,,0.0833333333333333,59.0,0.8135593220338984,0,16,0.0,0,1
164,0,0,0,0,,,,1.0,10800.0,,,,0.0,872.0,0.1880733944954128,1,11,0.0,0,1
57,5,37,0,0,,,,1.0,,,,,0.131578947368421,60.0,0.95,0,15,0.0,0,1
85,4,45,0,0,,,,1.0,,,,,0.0869565217391304,73.0,1.1643835616438356,0,16,0.0,0,1
55,4,38,0,0,,,,1.0,,,,,0.1025641025641025,62.0,0.8870967741935484,0,12,0.0,0,1
55,6,34,0,0,,,,1.0,,,,,0.1714285714285714,69.0,0.7971014492753623,0,11,0.0,0,1
7165,375,368,6634,0,,,1.0,1.0,-21600.0,,,,1.016260162601626,1845.0,3.883468834688347,1,11,0.0,0,0
9,1406,1797,0,1,,,,,,,,,0.7819799777530589,,,1,12,0.0,0,1
41,2,39,0,0,,,,1.0,,,,,0.05,55.0,0.7454545454545455,0,15,0.0,0,1
134,17,39,23,0,1.0,,,1.0,,,,,0.425,142.0,0.943661971830986,0,10,0.0,0,0
43,3,38,0,0,,,,1.0,,,,,0.0769230769230769,59.0,0.7288135593220338,0,13,0.0,0,1
9293,443,471,14142,0,1.0,,,1.0,,,,,0.9385593220338984,227.0,40.93832599118943,1,13,0.0909090909090909,1,0
1127,352,994,1929,2,1.0,,,1.0,,,,,0.3537688442211055,537.0,2.0986964618249533,1,8,0.0,0,0
330,5046,5546,0,10,,,,1.0,10800.0,,,,0.9096809085992428,875.0,0.3771428571428571,1,6,0.0,0,1
65,8,37,0,0,,,,1.0,,,,,0.2105263157894736,70.0,0.9285714285714286,0,14,0.0,0,1
15,70,96,0,2,,,,,,,,,0.7216494845360825,,,1,18,0.0,0,1
75,1,41,0,0,,,,1.0,,,,,0.0238095238095238,70.0,1.0714285714285714,0,14,0.0,0,1
3439,3423,3580,1,6,1.0,,,1.0,7200.0,,,,0.9558782462999162,780.0,4.408974358974359,1,14,0.0,0,1
39,0,0,0,0,,,,1.0,10800.0,,,,0.0,803.0,0.0485678704856787,1,13,0.0,0,1
35,354,298,0,11,,,1.0,1.0,-14400.0,,,,1.1839464882943145,2577.0,0.0135816841288319,1,19,0.0,0,1
127,105,348,8,1,,,,,-25200.0,,,,0.3008595988538682,123.0,1.032520325203252,1,6,0.0,0,0
39,5,41,0,0,,,,1.0,,,,,0.119047619047619,68.0,0.5735294117647058,0,11,0.0,0,1
52,3727,4531,0,37,,,,,,,,,0.8223742277140336,,,0,13,0.0,0,1
222,329,279,0,22,,,1.0,1.0,-14400.0,,,,1.175,2382.0,0.0931989924433249,1,19,0.0,0,1
43,11,42,0,0,,,,1.0,,,,,0.2558139534883721,53.0,0.8113207547169812,0,16,0.0,0,1
23,49,571,0,0,,,,,,,,,0.0856643356643356,,,1,5,0.0,0,1
1,218,184,0,17,,,1.0,1.0,-14400.0,,,,1.1783783783783783,2543.0,0.0003932363350373,1,20,0.0,0,1
232,320,207,0,21,,,1.0,1.0,-14400.0,,,,1.5384615384615383,2480.0,0.0935483870967742,1,20,0.0,0,1
24,603,538,0,9,,,1.0,1.0,-14400.0,,,,1.1187384044526902,2505.0,0.0095808383233532,1,12,0.0,0,1
65,2,0,0,0,,,,1.0,10800.0,,,,2.0,874.0,0.074370709382151,1,13,0.0,0,1
2434,2498,2468,1136,90,1.0,,1.0,1.0,-25200.0,,,,1.0117456460105303,1346.0,1.808320950965825,1,10,0.0,0,0
71,5,35,0,0,,,,1.0,,,,,0.1388888888888889,71.0,1.0,0,15,0.0,0,1
2,97,677,0,0,,,,,,,,,0.1430678466076696,,,0,7,0.0833333333333333,1,1
118,2,0,0,0,,,,1.0,10800.0,,,,2.0,873.0,0.1351660939289805,1,11,0.0,0,1
135,88,210,3,0,,,,1.0,,,,,0.4170616113744075,161.0,0.8385093167701864,0,11,0.0,0,1
73,6,42,0,0,,,,1.0,,,,,0.1395348837209302,73.0,1.0,0,10,0.0,0,1
61,7,39,0,0,,,,1.0,,,,,0.175,71.0,0.8591549295774648,0,14,0.0,0,1
134,245,318,0,0,,,,1.0,10800.0,,,,0.768025078369906,874.0,0.1533180778032036,1,16,0.0,0,1
77,3,40,0,0,,,,1.0,,,,,0.073170731707317,127.0,0.6062992125984252,0,11,0.0,0,1
519,4019,4397,0,3,,,,1.0,,,,,0.913824465666212,156.0,3.326923076923077,1,14,0.0,0,1
131,0,0,0,0,,,,1.0,10800.0,,,,0.0,874.0,0.1498855835240274,1,15,0.0,0,1
2,43,1388,0,0,,,,,,,,,0.0309575233981281,,,0,15,0.0769230769230769,1,1
469,4822,5207,0,6,1.0,,,1.0,,,,,0.925883256528418,929.0,0.5048439181916039,1,8,0.0,0,1
12987,1470,1045,0,10,,,,1.0,,,,,1.4053537284894837,1318.0,9.853566009104703,1,19,0.0,0,1
42,5,35,0,1,,,,1.0,,,,,0.1388888888888889,53.0,0.7924528301886793,0,8,0.0,0,1
59,4,39,0,0,,,,1.0,,,,,0.1,67.0,0.8805970149253731,0,12,0.0,0,1
1474,110,98,185,0,,,1.0,1.0,3600.0,,,,1.1111111111111112,2222.0,0.6633663366336634,1,13,0.0,0,0
37548,719,626,1487,4,,,1.0,1.0,-10800.0,,,,1.1467304625199362,221.0,169.9004524886878,1,14,0.0,0,0
3494,146,300,272,11,,,1.0,1.0,-36000.0,,,,0.4850498338870432,2017.0,1.732275656916212,1,12,0.0,0,0
320,5585,6080,0,6,,,,1.0,10800.0,,,,0.9184344680151292,871.0,0.3673938002296211,1,9,0.0,0,1
17,609,494,0,40,,,,1.0,-14400.0,,,,1.2303030303030302,2573.0,0.0066070734551107,1,16,0.0769230769230769,1,1
38,7,40,0,0,,,,1.0,,,,,0.1707317073170731,56.0,0.6785714285714286,0,16,0.0,0,1
45,2,41,0,1,,,,1.0,,,,,0.0476190476190476,68.0,0.6617647058823529,0,13,0.0,0,1
39787,3408,167,25267,63,,,,1.0,7200.0,,,,20.285714285714285,465.0,85.56344086021505,1,4,0.0,0,0
23,553,536,0,2,,,1.0,1.0,-14400.0,,,,1.0297951582867784,2505.0,0.0091816367265469,1,12,0.0,0,1
753,443,308,669,0,1.0,,1.0,1.0,,,,,1.4336569579288023,1025.0,0.7346341463414634,1,12,0.1428571428571428,1,0
43,274,1961,0,2,,,,,,,,,0.1396534148827727,,,0,18,0.0,0,1
37,263,262,0,11,,,1.0,1.0,-14400.0,,,,1.0,2381.0,0.0155396892062158,1,18,0.0,0,1
37240,713,383,23404,4,,,1.0,1.0,-14400.0,,,,1.8567708333333333,1200.0,31.03333333333333,1,16,0.0,0,0
497,4420,4731,0,5,,,,1.0,,,,,0.934065934065934,1244.0,0.3995176848874598,1,13,0.2222222222222222,1,1
48,2,44,0,0,,,,1.0,,,,,0.0444444444444444,57.0,0.8421052631578947,0,16,0.0,0,1
26,0,0,0,0,,,,1.0,10800.0,,,,0.0,873.0,0.0297823596792668,1,13,0.0,0,1
80768,1280,984,537,13,,,1.0,1.0,32400.0,,,,1.299492385786802,2125.0,38.00847058823529,1,16,0.0,0,0
644,633,538,0,49,,,1.0,1.0,-14400.0,,,,1.1743970315398886,2505.0,0.2570858283433134,1,12,0.0,0,1
81,8,45,0,0,,,,1.0,,,,,0.1739130434782608,74.0,1.0945945945945943,0,13,0.0,0,1
711,49,205,74,0,,,,1.0,,,,,0.2378640776699029,465.0,1.529032258064516,1,7,0.0,0,0
61,4,39,0,0,,,,1.0,,,,,0.1,60.0,1.0166666666666666,0,15,0.0,0,1
3500,5641,5836,1,9,1.0,,,1.0,10800.0,,,,0.9664211067329108,760.0,4.605263157894737,1,7,0.0,0,1
5290,371,539,323,14,,,1.0,1.0,18000.0,,,,0.687037037037037,2016.0,2.6240079365079363,1,9,0.0,0,0
54,1,41,0,0,,,,1.0,,,,,0.0238095238095238,71.0,0.7605633802816901,0,15,0.0,0,1
502,412,256,0,54,,,1.0,1.0,-14400.0,,,,1.603112840466926,2558.0,0.1962470680218921,1,18,0.0,0,1
2,509,494,0,2,,,1.0,1.0,-14400.0,,,,1.0282828282828282,2413.0,0.0008288437629506,1,12,0.0,0,1
11681,1335,1260,1,10,,,,1.0,-18000.0,,,,1.0586835844567803,1041.0,11.220941402497598,1,15,0.0666666666666666,1,1
5471,243,304,415,4,,,1.0,1.0,-25200.0,,,,0.7967213114754098,1815.0,3.0143250688705234,1,14,0.0,0,0
6564,337,346,9247,0,,,,1.0,-14400.0,,,,0.9711815561959656,2124.0,3.0903954802259888,1,4,0.2727272727272727,1,0
55,12,37,0,0,,,,1.0,,,,,0.3157894736842105,69.0,0.7971014492753623,0,13,0.0,0,1
121,2,0,0,0,,,,1.0,10800.0,,,,2.0,874.0,0.1384439359267734,1,14,0.0,0,1
112,0,0,0,0,,,,1.0,10800.0,,,,0.0,874.0,0.1281464530892448,1,16,0.0,0,1
15,568,541,0,5,,,1.0,1.0,-18000.0,,,,1.047970479704797,2504.0,0.0059904153354632,1,12,0.0,0,1
12190,1168,1679,1,13,,,,1.0,-14400.0,,,,0.6952380952380952,1404.0,8.682336182336183,1,11,0.0,0,1
244,615,536,0,35,,,1.0,1.0,-14400.0,,,,1.1452513966480449,2505.0,0.0974051896207584,1,12,0.0,0,1
83,285,274,0,14,,,1.0,1.0,-14400.0,,,,1.0363636363636364,2382.0,0.0348446683459277,1,18,0.0,0,1
15595,1280,1985,3786,5,,,,1.0,-21600.0,,,,0.6445115810674723,1535.0,10.159609120521171,1,4,0.0,0,0
19,272,1046,0,1,,,,,,,,,0.2597898758357211,,,0,15,0.0,0,1
55,388,264,0,8,,,,,,,,,1.4641509433962263,,,1,4,0.0,0,1
1323,411,831,40,4,1.0,,,1.0,-18000.0,,,,0.4939903846153846,2235.0,0.5919463087248322,1,14,0.0,0,0
2439,236,223,2940,2,,,,,36000.0,,,,1.0535714285714286,372.0,6.556451612903226,1,7,0.0,0,0
64,4,41,0,1,,,,1.0,,,,,0.0952380952380952,67.0,0.9552238805970148,0,13,0.0,0,1
2733,177,239,2510,2,1.0,,1.0,1.0,-25200.0,,,,0.7375,150.0,18.22,1,6,0.0,0,0
460,3731,3994,0,1,,,,1.0,,,,,0.9339173967459324,147.0,3.129251700680272,1,12,0.0,0,1
4,276,273,0,2,,,1.0,1.0,-14400.0,,,,1.0072992700729928,2477.0,0.0016148566814695,1,18,0.0,0,1
17,280,219,0,4,,,1.0,1.0,-36000.0,,,,1.2727272727272727,1379.0,0.0123277737490935,1,17,0.0,0,1
23657,380,333,43,1,,,1.0,1.0,-14400.0,,,,1.1377245508982037,1554.0,15.223294723294725,1,8,0.0,0,0
57,281,262,0,14,,,1.0,1.0,-14400.0,,,,1.0684410646387832,2381.0,0.0239395212095758,1,19,0.0,0,1
75,10,41,0,0,,,,1.0,,,,,0.238095238095238,73.0,1.0273972602739727,0,14,0.0,0,1
133,301,352,0,0,,,,1.0,10800.0,,,,0.8526912181303116,874.0,0.1521739130434782,1,15,0.0,0,1
64,6,42,0,0,,,,1.0,,,,,0.1395348837209302,62.0,1.032258064516129,0,13,0.0,0,1
1,544,494,0,3,,,1.0,1.0,-14400.0,,,,1.098989898989899,2367.0,0.0004224757076468,1,16,0.0,0,1
2839,63,61,211,2,,,,1.0,28800.0,,,,1.0161290322580645,262.0,10.83587786259542,1,4,0.0,0,0
37,2,36,0,0,,,,1.0,,,,,0.054054054054054,66.0,0.5606060606060606,0,15,0.0,0,1
65,12,40,0,0,,,,1.0,,,,,0.2926829268292683,66.0,0.9848484848484848,0,12,0.0,0,1
11600,615,436,1873,2,1.0,,1.0,1.0,-25200.0,,,,1.4073226544622426,1226.0,9.461663947797716,1,6,0.0,0,0
44,2,40,0,0,,,,1.0,,,,,0.048780487804878,68.0,0.6470588235294118,0,16,0.0,0,1
463,160,221,11441,4,,,,1.0,19800.0,,,,0.7207207207207207,1371.0,0.337709700948213,1,19,0.0,0,0
64059,322,331,15265,6,,,1.0,1.0,7200.0,,,,0.9698795180722892,639.0,100.2488262910798,1,3,0.0,0,0
6716,126,63,3727,3,,,1.0,1.0,-25200.0,,,,1.96875,793.0,8.469104665825977,1,6,0.0,0,0
4,266,230,0,2,,,1.0,1.0,-14400.0,,,,1.1515151515151516,2558.0,0.0015637216575449,1,18,0.0,0,1
42,0,40,0,0,,,,1.0,,,,,0.0,56.0,0.75,0,11,0.0,0,1
5361,261,485,713,3,,,,1.0,,,,,0.5370370370370371,2203.0,2.433499773036768,1,6,0.2857142857142857,1,0
703,81,140,396,0,,,1.0,,,,,,0.574468085106383,151.0,4.655629139072848,0,9,0.0,0,0
40,0,0,0,0,,,,1.0,10800.0,,,,0.0,872.0,0.0458715596330275,1,15,0.0,0,1
231,356,253,0,33,,,1.0,1.0,-14400.0,,,,1.4015748031496065,2557.0,0.0903402424716464,1,18,0.0,0,1
12,775,494,0,13,,,1.0,1.0,-14400.0,,,,1.5656565656565655,2486.0,0.0048270313757039,1,9,0.0,0,1
69,6,39,0,0,,,,1.0,,,,,0.15,71.0,0.971830985915493,0,15,0.0,0,1
20388,399,402,529,3,,,1.0,1.0,-10800.0,,,,0.9900744416873448,1205.0,16.919502074688797,1,7,0.0,0,0
55,9,40,0,0,,,,1.0,,,,,0.2195121951219512,68.0,0.8088235294117647,0,14,0.0,0,1
70,298,281,0,18,,,1.0,1.0,-14400.0,,,,1.0567375886524824,2381.0,0.0293994120117597,1,18,0.0,0,1
47,4,39,0,0,,,,1.0,,,,,0.1,71.0,0.6619718309859155,0,13,0.0,0,1
2320,185,321,325,11,,,,1.0,,,,,0.5745341614906833,1806.0,1.2846068660022147,1,10,0.1,1,0
23942,1024,562,16216,0,,,1.0,1.0,-18000.0,,1.0,,1.8188277087033748,1367.0,17.51426481346013,1,5,0.0,0,0
83,9,43,0,0,,,,1.0,,,,,0.2045454545454545,72.0,1.1527777777777777,0,12,0.0,0,1
42,4,46,0,0,,,,1.0,,,,,0.0851063829787234,67.0,0.6268656716417911,0,13,0.0,0,1
36,5,37,0,0,,,,1.0,,,,,0.131578947368421,67.0,0.5373134328358209,0,15,0.0,0,1
212,985,1982,4,1,,,,,,,,,0.4967221381744831,,,0,10,0.0,0,1
10811,189,186,856,6,,,1.0,1.0,19800.0,,,,1.0106951871657754,1858.0,5.818622174381055,1,5,0.0,0,0
64,4,37,0,0,,,,1.0,,,,,0.1052631578947368,71.0,0.9014084507042254,0,14,0.0,0,1
40,5,31,0,0,,,,1.0,,,,,0.15625,59.0,0.6779661016949152,0,15,0.0,0,1
16010,22513,15257,803,28,,,1.0,1.0,7200.0,,1.0,,1.475488268449338,1236.0,12.953074433656958,1,9,0.1,1,0
58,4,38,0,0,,,,1.0,,,,,0.1025641025641025,61.0,0.9508196721311476,0,15,0.0,0,1
37,329,293,0,16,,,1.0,1.0,-14400.0,,,,1.119047619047619,2564.0,0.0144305772230889,1,18,0.0,0,1
280,17,28,76,1,1.0,,1.0,1.0,,,1.0,,0.5862068965517241,114.0,2.456140350877193,1,10,0.0,0,0
60,3,35,0,0,,,,1.0,,,,,0.0833333333333333,63.0,0.9523809523809524,0,11,0.0,0,1
49,10,19,2,0,,,,,,,,,0.5,97.0,0.5051546391752577,1,15,0.0,0,0
139,0,0,0,0,,,,1.0,10800.0,,,,0.0,873.0,0.1592210767468499,1,14,0.0,0,1
3,252,223,0,7,,,1.0,1.0,-14400.0,,,,1.125,2527.0,0.001187178472497,1,20,0.0,0,1
1034,750,794,0,3,1.0,,,1.0,10800.0,,,,0.9433962264150944,449.0,2.3028953229398663,0,7,0.0,0,1
21519,352,394,1223,1,,,1.0,1.0,28800.0,,,,0.8911392405063291,2168.0,9.925738007380074,1,4,0.0,0,0
106,27,35,0,0,,,,1.0,10800.0,,,,0.75,874.0,0.1212814645308924,1,11,0.0,0,1
41,3,37,0,0,,,,1.0,,,,,0.0789473684210526,57.0,0.7192982456140351,0,16,0.0,0,1
595,58,103,219,2,,,1.0,1.0,43200.0,,,,0.5576923076923077,1986.0,0.2995971802618328,1,8,0.0,0,0
51977,647,631,2657,9,,,1.0,,28800.0,,,,1.0237341772151898,1849.0,28.11087074094105,1,15,0.0,0,0
81,563,537,0,10,,,1.0,1.0,-14400.0,,,,1.046468401486989,2505.0,0.0323353293413173,1,12,0.0,0,1
71,6,44,0,0,,,,1.0,,,,,0.1333333333333333,74.0,0.9594594594594594,0,15,0.0,0,1
44,3,36,0,0,,,,1.0,,,,,0.081081081081081,67.0,0.6567164179104478,0,12,0.0,0,1
1051,82,224,317,0,,,1.0,1.0,-18000.0,,,,0.3644444444444444,1820.0,0.5774725274725274,0,12,0.0,0,0
42,6,39,0,0,,,,1.0,,,,,0.15,58.0,0.7241379310344828,0,12,0.0,0,1
13373,221,307,8927,4,1.0,,1.0,1.0,-25200.0,,,,0.7175324675324676,746.0,17.92627345844504,1,10,0.1538461538461538,1,0
47,3,43,0,0,,,,1.0,,,,,0.0681818181818181,67.0,0.7014925373134329,0,14,0.0,0,1
18,248,1145,0,0,,,,,,,,,0.2164048865619546,,,0,5,0.0,0,1
21113,715,563,7845,4,,,1.0,1.0,-14400.0,,,,1.267730496453901,1339.0,15.76773711725168,1,6,0.0,0,0
44603,768,1557,4151,7,,,,1.0,3600.0,,,,0.4929396662387676,1775.0,25.12845070422535,1,15,0.0,0,0
55,7,39,0,0,,,,1.0,,,,,0.175,62.0,0.8870967741935484,0,16,0.0,0,1
8493,463,675,4632,2,,,,1.0,-14400.0,,,,0.6849112426035503,1067.0,7.959700093720712,1,17,0.1428571428571428,1,0
32,0,0,0,0,,,,1.0,10800.0,,,,0.0,872.0,0.036697247706422,1,11,0.1666666666666666,1,1
2393,284,118,528,2,1.0,,1.0,1.0,-39600.0,,,,2.3865546218487395,111.0,21.55855855855856,1,13,0.0,0,0
34,6,20,0,0,,,,1.0,,,,,0.2857142857142857,65.0,0.5230769230769231,0,12,0.0,0,1
19446,1334,1188,6524,11,,,1.0,,-14400.0,,,,1.1219512195121952,1721.0,11.299244625217897,1,11,0.0,0,0
37732,14613,11076,8172,79,,,1.0,1.0,-28800.0,,,,1.319220005416629,1278.0,29.52425665101721,1,11,0.0,0,0
41,0,0,0,0,,,,1.0,10800.0,,,,0.0,874.0,0.0469107551487414,1,14,0.0,0,1
346,451,403,1875,0,1.0,,,1.0,,,,,1.1163366336633664,718.0,0.4818941504178273,1,5,0.0,0,0
53,3,38,0,0,,,,1.0,,,,,0.0769230769230769,63.0,0.8412698412698413,0,13,0.0,0,1
122,238,330,0,0,,,,1.0,10800.0,,,,0.7190332326283988,801.0,0.1523096129837703,1,12,0.0,0,1
64,2,40,0,0,,,,1.0,,,,,0.048780487804878,72.0,0.8888888888888888,0,16,0.0,0,1
13730,1122,141,859,1,,,1.0,1.0,28800.0,,,,7.901408450704225,1292.0,10.626934984520124,1,8,0.0,0,0
77,4,43,0,0,,,,1.0,,,,,0.0909090909090909,74.0,1.0405405405405406,0,15,0.0,0,1
13741,214,374,11121,3,,,1.0,1.0,-18000.0,,,,0.5706666666666667,2142.0,6.415032679738562,1,4,0.0,0,0
16808,978,126,106,8,,,1.0,1.0,19800.0,,,,7.700787401574803,587.0,28.63373083475298,1,8,0.0,0,0
76,9,41,0,2,,,,1.0,,,,,0.2142857142857142,71.0,1.0704225352112675,0,14,0.0,0,1
1515,3656,238,24,14,,,,1.0,-10800.0,,,,15.297071129707112,381.0,3.9763779527559056,1,19,0.0,0,0
21694,609,403,2472,1,,,1.0,,28800.0,,,,1.5074257425742574,1791.0,12.11278615298716,1,15,0.0,0,0
12196,141,342,519,5,,,1.0,1.0,36000.0,,,,0.4110787172011662,2169.0,5.622867680958967,1,8,0.0,0,0
237,120,292,3,0,,,,1.0,,,,,0.409556313993174,161.0,1.4720496894409938,0,16,0.0,0,1
13,270,261,0,12,,,1.0,1.0,-14400.0,,,,1.0305343511450382,2256.0,0.0057624113475177,1,19,0.0,0,1
13001,1380,1232,1553,2,,,1.0,1.0,28800.0,,,,1.119221411192214,1126.0,11.546181172291297,1,16,0.0,0,0
22530,2068,1420,2140,29,,,,1.0,14400.0,,,,1.455313159746657,1985.0,11.350125944584384,1,15,0.0,0,0
23443,4326,231,6749,24,,,1.0,1.0,28800.0,,,,18.64655172413793,671.0,34.93740685543964,1,5,0.0,0,0
69,9,39,0,0,,,,1.0,,,,,0.225,68.0,1.0147058823529411,0,11,0.0,0,1
1,533,520,0,1,,,1.0,1.0,-14400.0,,,,1.0230326295585412,2476.0,0.0004038772213247,1,12,0.0,0,1
13294,854,1948,1,5,,,,1.0,-18000.0,,,,0.4381734222678297,1089.0,12.20752984389348,1,20,0.0,0,1
2485,179,339,257,4,,,1.0,1.0,28800.0,,,,0.5264705882352941,2282.0,1.088957055214724,1,16,0.0,0,0
68,8,39,0,0,,,,1.0,,,,,0.2,68.0,1.0,0,12,0.0,0,1
5057,625,566,919,1,,,1.0,1.0,3600.0,,,,1.1022927689594355,1415.0,3.573851590106007,1,4,0.0833333333333333,1,0
17,355,292,0,14,,,1.0,1.0,-14400.0,,,,1.21160409556314,2554.0,0.0066562255285826,1,15,0.0,0,1
355,889,1919,12,6,,,,,,,,,0.4630208333333333,,,0,14,0.0,0,1
42,3,39,0,0,,,,1.0,,,,,0.075,53.0,0.7924528301886793,0,16,0.0,0,1
56,4,42,0,0,,,,1.0,,,,,0.0930232558139534,71.0,0.7887323943661971,0,11,0.0,0,1
37,8,36,0,0,,,,1.0,,,,,0.2162162162162162,67.0,0.5522388059701493,0,13,0.0,0,1
12565,999,593,1,19,1.0,,,1.0,,,,,1.681818181818182,776.0,16.192010309278352,1,15,0.0,0,1
4836,146,137,652,0,1.0,,1.0,1.0,-18000.0,,,,1.0579710144927537,2078.0,2.327237728585178,1,11,0.0,0,0
44,4,38,0,0,,,,1.0,,,,,0.1025641025641025,59.0,0.7457627118644068,0,12,0.0,0,1
25,332,269,0,14,,,1.0,1.0,-18000.0,,,,1.2296296296296296,2129.0,0.0117426021606387,1,18,0.0,0,1
54,8,35,0,0,,,,1.0,,,,,0.2222222222222222,69.0,0.782608695652174,0,14,0.0,0,1
44,6,36,0,0,,,,1.0,,,,,0.1621621621621621,53.0,0.8301886792452831,0,16,0.0,0,1
53,5,32,0,0,,,,1.0,,,,,0.1515151515151515,70.0,0.7571428571428571,0,13,0.0,0,1
199,23,168,11,4,1.0,,,1.0,3600.0,,,,0.136094674556213,2258.0,0.0881310894596988,1,12,0.0,0,0
67,7,36,0,0,,,,1.0,,,,,0.1891891891891892,61.0,1.098360655737705,0,12,0.0,0,1
12858,1319,1895,1,5,1.0,,,1.0,,,,,0.695675105485232,776.0,16.56958762886598,1,15,0.0,0,1
11106,612,1518,2676,24,1.0,,1.0,1.0,36000.0,,,,0.4028966425279789,2641.0,4.205225293449451,1,12,0.0,0,0
58,774,2000,0,3,,,,,,,,,0.3868065967016492,,,0,16,0.0,0,1
27,170,739,0,1,,,,,,,,,0.2297297297297297,,,0,12,0.0,0,1
82,8,40,0,0,,,,1.0,,,,,0.1951219512195122,71.0,1.1549295774647887,0,12,0.0,0,1
814,2924,1106,4122,0,,,,1.0,-14400.0,,,,2.6413730803974707,221.0,3.683257918552036,1,3,0.0,0,0
1861,1449,1822,103,2,,,,1.0,7200.0,,,,0.7948436642896325,469.0,3.968017057569297,1,16,0.0,0,1
177,41,154,39,0,1.0,,,1.0,,,,,0.2645161290322581,2178.0,0.081267217630854,1,13,0.0,0,0
46809,1525,1335,539,2,,,1.0,1.0,-21600.0,,,,1.1414670658682635,1548.0,30.23837209302325,1,18,0.0,0,0
56,6,46,0,0,,,,1.0,,,,,0.1276595744680851,67.0,0.835820895522388,0,13,0.0,0,1
2183,188,148,922,1,1.0,,,1.0,,,,,1.261744966442953,1429.0,1.5276417074877535,0,15,0.0,0,0
12311,988,1730,1,5,1.0,,,1.0,,,,,0.5707683419988446,776.0,15.864690721649485,1,13,0.0,0,1
131,26,48,4,0,,,,1.0,,,,,0.5306122448979592,161.0,0.8136645962732919,0,16,0.0,0,1
58,4,38,0,1,,,,1.0,,,,,0.1025641025641025,68.0,0.8529411764705882,0,15,0.0,0,1
594,889,546,0,69,,,1.0,1.0,-14400.0,,,,1.6252285191956124,2505.0,0.237125748502994,1,15,0.0,0,1
2292,128,128,382,0,,,1.0,1.0,-28800.0,,,,0.992248062015504,2208.0,1.0380434782608696,1,14,0.0,0,0
150,101,242,3,0,,,,1.0,,,,,0.4156378600823045,160.0,0.9375,0,11,0.0,0,1
2380,496,989,2951,5,,,1.0,1.0,7200.0,,,,0.501010101010101,1359.0,1.7512877115526122,1,20,0.1,1,0
70,10,42,0,0,,,,1.0,,,,,0.2325581395348837,62.0,1.1290322580645162,0,14,0.0,0,1
40,4,35,0,0,,,,1.0,,,,,0.1111111111111111,53.0,0.7547169811320755,0,15,0.0,0,1
252,3997,4393,0,3,,,,1.0,10800.0,,,,0.9096495220755576,873.0,0.2886597938144329,1,6,0.0,0,1
64,5,40,0,0,,,,1.0,,,,,0.1219512195121951,68.0,0.9411764705882352,0,14,0.0,0,1
1157,135,108,2309,0,1.0,,,1.0,,,,,1.238532110091743,437.0,2.6475972540045767,1,9,0.0714285714285714,1,0
98,463,1733,0,0,,,,,,,,,0.2670126874279123,,,0,11,0.0,0,1
40,7,36,0,0,,,,1.0,,,,,0.1891891891891892,53.0,0.7547169811320755,0,14,0.0,0,1
34,3,41,0,0,,,,1.0,,,,,0.0714285714285714,55.0,0.6181818181818182,0,11,0.0,0,1
62,5,39,0,0,,,,1.0,,,,,0.125,70.0,0.8857142857142857,0,15,0.0,0,1
76,5,42,0,0,,,,1.0,,,,,0.1162790697674418,74.0,1.027027027027027,0,11,0.0,0,1
59,8,44,0,0,,,,1.0,,,,,0.1777777777777777,74.0,0.7972972972972973,0,10,0.0,0,1
78,12,47,0,1,,,,1.0,,,,,0.25,74.0,1.054054054054054,0,12,0.0,0,1
14258,341,748,1474,3,,,1.0,1.0,-14400.0,,,,0.4552736982643525,765.0,18.637908496732027,1,17,0.1666666666666666,1,0
43,4,38,0,0,,,,1.0,,,,,0.1025641025641025,56.0,0.7678571428571429,0,16,0.0,0,1
612,101,208,5,0,,,1.0,1.0,28800.0,,,,0.4832535885167464,1635.0,0.3743119266055046,1,18,0.125,1,0
1874,4552,5004,0,29,1.0,,,1.0,10800.0,,,,0.9094905094905096,779.0,2.405648267008986,1,14,0.0,0,1
9181,300,459,1789,0,1.0,,1.0,1.0,,,,,0.6521739130434783,522.0,17.588122605363985,1,7,0.4,1,0
2,275,270,0,4,,,1.0,1.0,-14400.0,,,,1.014760147601476,2380.0,0.0008403361344537,1,19,0.0,0,1
51,4,35,0,0,,,,1.0,,,,,0.1111111111111111,62.0,0.8225806451612904,0,15,0.0,0,1
42,2,42,0,1,,,,1.0,,,,,0.0465116279069767,55.0,0.7636363636363637,0,14,0.0,0,1
57,5,39,0,1,,,,1.0,,,,,0.125,66.0,0.8636363636363636,0,14,0.0,0,1
502,1475,1870,0,2,,,,1.0,,,,,0.7883484767504009,158.0,3.1772151898734178,1,10,0.0,0,1
85,13,43,0,0,,,,1.0,,,,,0.2954545454545454,72.0,1.1805555555555556,0,14,0.0,0,1
54,1,40,0,0,,,,1.0,,,,,0.024390243902439,67.0,0.8059701492537313,0,13,0.0,0,1
98,279,263,0,17,,,1.0,1.0,-14400.0,,,,1.056818181818182,2381.0,0.0411591768164636,1,19,0.0,0,1
46,273,262,0,14,,,1.0,1.0,-14400.0,,,,1.038022813688213,2381.0,0.0193196136077278,1,18,0.0,0,1
1977,124,304,461,2,1.0,,1.0,1.0,,,,,0.4065573770491803,2160.0,0.9152777777777776,1,19,0.0,0,0
20,173,838,0,0,,,,,,,,,0.2061978545887962,,,0,6,0.0,0,1
10103,299,1678,0,0,1.0,,,1.0,,,,,0.1780821917808219,450.0,22.45111111111111,1,15,0.0,0,1
35,15,20,762,0,1.0,,,1.0,,,,,0.7142857142857143,164.0,0.2134146341463414,1,8,0.5,1,0
532,1665,1795,0,4,,,,1.0,,,,,0.9270601336302896,158.0,3.367088607594937,1,4,0.0,0,1
10,753,837,0,3,,,,,,,,,0.8985680190930787,,,1,13,0.2857142857142857,1,1
327,5217,5724,0,3,,,,1.0,10800.0,,,,0.9112663755458515,874.0,0.3741418764302059,1,6,0.0,0,1
58,5,42,0,0,,,,1.0,,,,,0.1162790697674418,63.0,0.9206349206349206,0,15,0.0,0,1
44,10,37,0,0,,,,1.0,,,,,0.2631578947368421,53.0,0.8301886792452831,0,14,0.0,0,1
4,4,40,0,0,1.0,1.0,,1.0,,,,,0.0975609756097561,280.0,0.0142857142857142,0,6,0.0,0,0
43,2,39,0,0,,,,1.0,,,,,0.05,53.0,0.8113207547169812,0,12,0.0,0,1
1305,36,213,28,0,,,1.0,1.0,,,,,0.1682242990654205,1406.0,0.9281650071123756,1,17,0.0,0,0
4908,299,261,3074,0,1.0,,1.0,1.0,,,,,1.1412213740458017,886.0,5.539503386004514,1,11,0.0,0,0
41,2,43,0,0,,,,1.0,,,,,0.0454545454545454,56.0,0.7321428571428571,0,13,0.0,0,1
23799,462,272,4116,10,1.0,,,1.0,,,,,1.6923076923076923,1311.0,18.153318077803203,1,8,0.1428571428571428,1,0
69,6,50,0,1,,,,1.0,,,,,0.1176470588235294,71.0,0.971830985915493,0,11,0.0,0,1
1,96,614,0,1,,,,,,,,,0.1560975609756097,,,0,9,0.1538461538461538,1,1
3204,242,152,960,0,1.0,,1.0,1.0,,,,,1.5816993464052287,663.0,4.832579185520362,1,6,0.0,0,0
7733,705,577,18190,0,1.0,,1.0,1.0,-25200.0,,,,1.2197231833910034,631.0,12.25515055467512,1,15,0.1666666666666666,1,0
18,569,519,0,4,,,1.0,1.0,-18000.0,,,,1.0942307692307691,2504.0,0.0071884984025559,1,12,0.0,0,1
66,8,45,0,0,,,,1.0,,,,,0.1739130434782608,69.0,0.9565217391304348,0,15,0.0,0,1
894,55,65,43,1,,,,1.0,,,,,0.8333333333333334,326.0,2.7423312883435584,1,11,0.0,0,0
14,259,667,0,0,,,,,,,,,0.3877245508982035,,,0,13,0.0,0,1
2829,101,128,275,2,,,,,,,,,0.7829457364341085,537.0,5.268156424581005,1,8,0.0,0,0
4,277,267,0,11,,,1.0,1.0,-14400.0,,,,1.0335820895522387,2309.0,0.0017323516673884,1,19,0.0,0,1
55,2,41,0,0,,,,1.0,,,,,0.0476190476190476,67.0,0.8208955223880597,0,13,0.0,0,1
73,437,1818,0,0,,,,,,,,,0.2402418911489829,,,1,17,0.0,0,1
57613,622,475,11363,15,,,1.0,1.0,-25200.0,,,,1.3067226890756305,2361.0,24.401948326980094,1,8,0.0,0,0
44,4,38,0,0,,,,1.0,,,,,0.1025641025641025,52.0,0.8461538461538461,0,12,0.0,0,1
32,0,0,0,0,,,,1.0,10800.0,,,,0.0,872.0,0.036697247706422,1,13,0.0,0,1
52,9,42,0,0,,,,1.0,,,,,0.2093023255813953,67.0,0.7761194029850746,0,14,0.0,0,1
129,0,0,0,0,,,,1.0,10800.0,,,,0.0,801.0,0.1610486891385767,1,13,0.0,0,1
3027,111,207,159,8,1.0,,1.0,1.0,-14400.0,,,,0.5336538461538461,2005.0,1.509725685785536,1,15,0.25,1,0
9576,97,158,3523,0,,,1.0,1.0,-18000.0,,,,0.610062893081761,451.0,21.232815964523283,1,20,0.2,1,0
1190,74,114,1419,1,,,1.0,,,,,,0.6434782608695652,176.0,6.761363636363637,1,6,0.0,0,0
1779,256,564,1285,0,,,,1.0,28800.0,,,,0.4530973451327433,526.0,3.38212927756654,1,6,0.2,1,0
2976,3550,3910,0,13,1.0,,,1.0,10800.0,,,,0.9076962413704934,804.0,3.701492537313433,1,11,0.0,0,1
45,0,0,0,0,,,,1.0,10800.0,,,,0.0,870.0,0.0517241379310344,1,12,0.0,0,1
37,0,0,0,0,,,,1.0,10800.0,,,,0.0,870.0,0.0425287356321839,1,14,0.0,0,1
3007,744,642,1502,0,1.0,,1.0,1.0,-36000.0,,,,1.157076205287714,1315.0,2.286692015209125,1,11,0.125,1,0
505,178,227,636,6,1.0,,1.0,1.0,,,,,0.7807017543859649,475.0,1.063157894736842,1,12,0.0,0,0
44,5,42,0,0,,,,1.0,,,,,0.1162790697674418,69.0,0.6376811594202898,0,16,0.0,0,1
130,0,0,0,0,,,,1.0,10800.0,,,,0.0,803.0,0.161892901618929,1,15,0.0,0,1
68,4,37,0,0,,,,1.0,,,,,0.1052631578947368,69.0,0.9855072463768116,0,13,0.0,0,1
460,81,345,98,2,1.0,,1.0,1.0,28800.0,,,,0.2341040462427745,2084.0,0.2207293666026871,1,12,0.0,0,0
10860,656,1667,1,13,1.0,,,1.0,-18000.0,,,,0.3932853717026379,651.0,16.682027649769584,1,14,0.0,0,1
35914,771,392,4718,9,,,1.0,1.0,28800.0,,1.0,,1.9618320610687023,2079.0,17.274651274651276,1,17,0.0,0,0
49,1,42,0,0,,,,1.0,,,,,0.0232558139534883,68.0,0.7205882352941176,0,16,0.0,0,1
45,0,0,0,0,,,,1.0,10800.0,,,,0.0,872.0,0.0516055045871559,1,12,0.0,0,1
37,3,39,0,0,,,,1.0,,,,,0.075,55.0,0.6727272727272727,0,16,0.0,0,1
2000,3996,3895,0,15,1.0,,,1.0,10800.0,,,,1.0256673511293637,759.0,2.635046113306983,1,7,0.0,0,1
49705,919,934,0,7,,,,1.0,,,,,0.9828877005347594,648.0,76.70524691358025,1,9,0.0,0,1
78,6,42,0,0,,,,1.0,,,,,0.1395348837209302,71.0,1.0985915492957747,0,12,0.0,0,1
34,301,294,0,10,,,1.0,1.0,-14400.0,,,,1.0203389830508474,2374.0,0.0143218197135636,1,19,0.0,0,1
83,409,1869,0,0,,,,,,,,,0.2187165775401069,,,1,10,0.0,0,1
1302,1894,2012,76,101,,,,1.0,-25200.0,,,,0.9408842523596622,2299.0,0.5663331883427577,1,11,0.0,0,0
421,417,342,0,1,,,,1.0,,,,,1.215743440233236,157.0,2.6815286624203822,1,11,0.0,0,1
17390,378,251,14535,0,,,1.0,1.0,-25200.0,,,,1.5,1114.0,15.610412926391382,0,1,0.0,0,0
12300,1629,1065,2,9,,,,1.0,,,,,1.5281425891181988,730.0,16.84931506849315,1,14,0.0,0,1
1061,73,394,138,1,,,1.0,,-18000.0,,,,0.1848101265822785,2146.0,0.494408201304753,0,7,0.5714285714285714,1,0
1,272,274,0,5,,,1.0,1.0,-14400.0,,,,0.9890909090909092,2381.0,0.0004199916001679,1,19,0.0,0,1
2708,54,374,676,3,,,,1.0,-25200.0,,,,0.144,1300.0,2.083076923076923,1,11,0.0,0,0
64,8,42,0,0,,,,1.0,,,,,0.1860465116279069,73.0,0.8767123287671232,0,16,0.0,0,1
335,5919,5579,0,3,,,,1.0,10800.0,,,,1.060752688172043,871.0,0.3846153846153846,1,6,0.0,0,1
11475,316,657,829,3,,,,1.0,-14400.0,,,,0.4802431610942249,1405.0,8.167259786476869,1,16,0.0,0,0
64,4,45,0,0,,,,1.0,,,,,0.0869565217391304,71.0,0.9014084507042254,0,13,0.0,0,1
287,4435,4825,0,14,,,,1.0,10800.0,,,,0.9189805221715708,875.0,0.328,1,5,0.0,0,1
1503,178,174,100,8,1.0,,1.0,1.0,19800.0,,,,1.0171428571428571,2136.0,0.7036516853932584,1,11,0.2222222222222222,1,0
496,62,95,70,0,,,,1.0,,,,,0.6458333333333334,689.0,0.7198838896952104,1,17,0.0,0,0
81,0,0,0,0,,,,1.0,10800.0,,,,0.0,874.0,0.0926773455377574,1,15,0.0,0,1
43,2,40,0,0,1.0,,,1.0,,,,,0.048780487804878,58.0,0.7413793103448276,0,13,0.0,0,1
370,65,175,1,1,1.0,,,1.0,,,,,0.3693181818181818,276.0,1.3405797101449275,1,12,0.0,0,1
72,8,42,0,0,,,,1.0,,,,,0.1860465116279069,74.0,0.972972972972973,0,15,0.0,0,1
47,5,36,0,1,,,,1.0,,,,,0.1351351351351351,67.0,0.7014925373134329,0,13,0.0,0,1
7918,245,49,1410,3,,,1.0,1.0,19800.0,,,,4.9,393.0,20.147582697201017,1,5,0.0,0,0
1637,26,203,1,1,,,,,,,,,0.1274509803921568,293.0,5.587030716723549,1,13,0.0,0,0
37990,3551,128,11902,17,,,1.0,,7200.0,,,,27.527131782945737,334.0,113.74251497005989,1,5,0.0,0,0
103,0,0,0,0,,,,1.0,10800.0,,,,0.0,872.0,0.1181192660550458,1,12,0.0,0,1
57,7,35,0,0,,,,1.0,,,,,0.1944444444444444,62.0,0.9193548387096774,0,10,0.0,0,1
44,2,36,0,0,,,,1.0,,,,,0.054054054054054,59.0,0.7457627118644068,0,14,0.0,0,1
123,239,343,0,0,,,,1.0,10800.0,,,,0.6947674418604651,872.0,0.1410550458715596,1,12,0.0,0,1
116,0,0,0,0,,,,1.0,10800.0,,,,0.0,874.0,0.1327231121281464,1,11,0.0,0,1
22048,384,667,337,2,,,1.0,1.0,-14400.0,,,,0.5748502994011976,2201.0,10.017264879600182,1,14,0.0,0,0
391,609,494,0,127,,,1.0,1.0,-18000.0,,,,1.2303030303030302,2473.0,0.1581075616659927,1,12,0.0,0,1
30078,514,468,10444,1,,,1.0,1.0,-28800.0,,,,1.095948827292111,1576.0,19.08502538071066,1,6,0.0,0,0
28098,2317,1130,7162,78,,,,1.0,,,,,2.048629531388152,1182.0,23.771573604060915,1,17,0.0,0,0
5438,56,255,95,1,1.0,,,1.0,,,,,0.21875,597.0,9.108877721943047,1,9,0.5,1,0
3097,3626,3602,0,12,1.0,,,1.0,10800.0,,,,1.006383569247849,773.0,4.00646830530401,1,14,0.0,0,1
49,3,31,0,0,,,,1.0,,,,,0.09375,67.0,0.7313432835820896,0,15,0.0,0,1
12740,434,54,41,0,,,1.0,,28800.0,,,,7.890909090909091,799.0,15.944931163954944,1,10,0.0,0,0
22435,1753,789,4363,8,,,1.0,1.0,3600.0,,,,2.218987341772152,1783.0,12.582725743129556,1,6,0.0,0,0
497,45,54,2,4,,,,1.0,-25200.0,,,,0.8181818181818182,2214.0,0.2244805781391147,1,9,0.0,0,0
4089,273,1474,0,6,,,,1.0,,,,,0.1850847457627118,253.0,16.16205533596838,1,19,0.0,0,1
97,2,11,1,0,1.0,,1.0,1.0,,,,,0.1666666666666666,143.0,0.6783216783216783,0,18,0.1428571428571428,1,0
9950,526,1305,1,1,1.0,,,1.0,,,,,0.4027565084226646,776.0,12.822164948453608,1,13,0.0,0,1
41,4,37,0,1,,,,1.0,,,,,0.1052631578947368,53.0,0.7735849056603774,0,14,0.0,0,1
7654,347,67,13916,0,,,,1.0,10800.0,,,,5.102941176470588,1323.0,5.785336356764928,1,6,0.0,0,0
15,287,279,0,5,,,1.0,1.0,-14400.0,,,,1.025,2267.0,0.0066166740185266,1,20,0.0,0,1
57,6,47,0,1,,,,1.0,,,,,0.125,72.0,0.7916666666666666,0,12,0.0,0,1
59,5,42,0,0,,,,1.0,,,,,0.1162790697674418,71.0,0.8309859154929577,0,15,0.0,0,1
10073,345,731,5522,0,1.0,,1.0,1.0,-28800.0,,,,0.4713114754098361,1216.0,8.283717105263158,1,5,0.0,0,0
66,7,46,0,0,,,,1.0,,,,,0.1489361702127659,69.0,0.9565217391304348,0,12,0.0,0,1
68,1,41,0,0,,,,1.0,,,,,0.0238095238095238,71.0,0.9577464788732394,0,13,0.0,0,1
7072,123,221,2282,2,,,1.0,1.0,28800.0,,,,0.5540540540540541,1946.0,3.634121274409044,1,7,0.0,0,0
87,33,129,0,0,,,,1.0,10800.0,,,,0.2538461538461538,867.0,0.1003460207612456,1,13,0.0,0,1
2850,633,584,1624,0,,,1.0,1.0,-25200.0,,,,1.082051282051282,473.0,6.025369978858351,1,5,0.0,0,0
57416,1347,891,21938,4,,,1.0,1.0,-25200.0,,,,1.5100896860986548,1023.0,56.12512218963832,1,4,0.0,0,0
604,27,46,75,0,,,,1.0,,,,,0.574468085106383,1114.0,0.5421903052064632,1,11,0.0,0,0
3211,418,410,5937,1,1.0,,,1.0,,,,,1.0170316301703164,509.0,6.30844793713163,1,4,0.2222222222222222,1,0
24257,510,322,8884,2,,,1.0,1.0,-18000.0,,,,1.5789473684210529,1159.0,20.929249352890423,0,9,0.1818181818181818,1,0
63,4,40,0,0,,,,1.0,,,,,0.0975609756097561,70.0,0.9,0,13,0.0,0,1
43,14,57,10,1,,,1.0,1.0,19800.0,,,,0.2413793103448276,2017.0,0.0213187902825979,1,9,0.0,0,0
73,4,42,0,1,,,,1.0,,,,,0.0930232558139534,74.0,0.9864864864864864,0,12,0.0,0,1
1,270,270,0,0,,,1.0,1.0,-14400.0,,,,0.996309963099631,2380.0,0.0004201680672268,1,19,0.0,0,1
46,0,0,0,0,,,,1.0,10800.0,,,,0.0,872.0,0.0527522935779816,1,14,0.0,0,1
416,435,287,0,112,,,1.0,1.0,-14400.0,,,,1.5104166666666667,2383.0,0.1745698699118757,1,19,0.0,0,1
94,539,1639,0,2,,,,,,,,,0.3286585365853658,,,1,14,0.0,0,1
55,5,43,0,0,,,,1.0,,,,,0.1136363636363636,63.0,0.873015873015873,0,15,0.0,0,1
16551,493,655,2959,6,,,,1.0,10800.0,,,,0.7515243902439024,1043.0,15.868648130393098,1,12,0.0,0,0
2218,182,120,258,1,1.0,,,1.0,,,,,1.5041322314049588,1173.0,1.8908780903665812,1,20,0.0,0,0
3563,127,100,2619,0,1.0,,,1.0,,,,,1.2574257425742574,304.0,11.720394736842104,0,14,0.0,0,0
11749,2407,526,3951,36,,,,1.0,,,,,4.567362428842505,587.0,20.015332197614992,1,9,0.0,0,0
9782,262,265,13229,1,,,1.0,,,,,,0.9849624060150376,742.0,13.183288409703504,1,16,0.0,0,0
464,86,376,170,0,,,1.0,1.0,-7200.0,,,,0.2281167108753315,145.0,3.2,1,10,0.0,0,1
648,343,536,217,16,,,1.0,1.0,7200.0,,,,0.638733705772812,1810.0,0.3580110497237569,1,12,0.0,0,0
15,246,962,0,1,,,,,,,,,0.2554517133956386,,,0,19,0.0,0,1
64,4,44,0,0,,,,1.0,,,,,0.0888888888888888,71.0,0.9014084507042254,0,12,0.0,0,1
62,6,34,0,0,,,,1.0,,,,,0.1714285714285714,69.0,0.8985507246376812,0,13,0.0,0,1
1748,142,122,241,2,,,1.0,1.0,28800.0,,,,1.1544715447154472,2121.0,0.8241395568128241,1,14,0.0,0,0
40,10,40,0,0,,,,1.0,,,,,0.2439024390243902,69.0,0.5797101449275363,0,14,0.0,0,1
14792,70,73,8,3,,,,1.0,32400.0,,,,0.945945945945946,2105.0,7.0270783847981,1,10,0.0,0,0
119,298,251,0,19,,,1.0,1.0,-14400.0,,,,1.1825396825396826,2573.0,0.0462495141857753,1,17,0.0,0,1
420,111,839,8,5,1.0,,1.0,1.0,,,,,0.1321428571428571,1212.0,0.3465346534653465,1,19,0.0,0,0
120,1,0,0,0,,,,1.0,10800.0,,,,1.0,874.0,0.137299771167048,1,11,0.0,0,1
2135,77,109,0,4,1.0,,,1.0,-18000.0,,,,0.7,2125.0,1.0047058823529411,1,10,0.0,0,0
39,4,43,0,0,,,,1.0,,,,,0.0909090909090909,67.0,0.582089552238806,0,11,0.0,0,1
3,46,322,0,1,,,,,,,,,0.1424148606811145,,,0,7,0.1666666666666666,1,1
55,4,36,0,0,,,,1.0,,,,,0.1081081081081081,69.0,0.7971014492753623,0,12,0.0,0,1
10145,435,1879,0,2,1.0,,,1.0,,,,,0.2313829787234042,524.0,19.360687022900763,1,13,0.0,0,1
140,329,280,0,26,,,1.0,1.0,-18000.0,,,,1.1708185053380782,2383.0,0.058749475451112,1,19,0.0,0,1
64,5,45,0,0,,,,1.0,,,,,0.108695652173913,63.0,1.0158730158730158,0,15,0.0,0,1
442,6642,6795,0,7,,,,1.0,7200.0,,,,0.9773396115361976,718.0,0.6155988857938719,1,5,0.0,0,1
73,10,41,0,0,,,,1.0,,,,,0.238095238095238,73.0,1.0,0,15,0.0,0,1
9104,222,210,4150,0,1.0,,1.0,1.0,-25200.0,,,,1.052132701421801,1500.0,6.069333333333334,1,13,0.25,1,0
76,8,43,0,0,,,,1.0,,,,,0.1818181818181818,74.0,1.027027027027027,0,15,0.0,0,1
1,138,528,0,0,,,,,,,,,0.2608695652173913,,,0,7,0.1818181818181818,1,1
2178,93,210,88,1,,,1.0,1.0,,,,,0.4407582938388625,495.0,4.4,1,5,0.0,0,0
40,1,42,0,0,,,,1.0,,,,,0.0232558139534883,68.0,0.5882352941176471,0,15,0.0,0,1
44987,218,62,1335,5,,,1.0,,-25200.0,,,,3.4603174603174605,2222.0,20.246174617461747,1,4,0.0,0,0
3023,611,305,598,4,,,1.0,1.0,-14400.0,,,,1.9967320261437909,1194.0,2.5318257956448917,1,12,0.0,0,0
1759,96,87,4300,4,1.0,,,1.0,-25200.0,,,,1.0909090909090908,169.0,10.40828402366864,1,12,0.0,0,0
101,0,0,0,0,,,,1.0,10800.0,,,,0.0,871.0,0.1159586681974741,1,13,0.0,0,1
57,3,34,0,0,,,,1.0,,,,,0.0857142857142857,68.0,0.8382352941176471,0,8,0.0,0,1
6523,389,892,295,0,,,1.0,1.0,28800.0,,,,0.4356103023516237,777.0,8.395109395109396,1,11,0.0,0,0
12620,613,2002,2,6,1.0,,,1.0,,,,,0.3060409385921118,776.0,16.262886597938145,1,11,0.0,0,1
61,2,38,0,0,,,,1.0,,,,,0.0512820512820512,66.0,0.9242424242424242,0,16,0.0,0,1
119,29,41,0,0,,,,1.0,10800.0,,,,0.6904761904761905,873.0,0.13631156930126,1,15,0.0,0,1
44,5,44,0,0,,,,1.0,,,,,0.1111111111111111,54.0,0.8148148148148148,0,11,0.0,0,1
47,6,41,0,0,,,,1.0,,,,,0.1428571428571428,67.0,0.7014925373134329,0,13,0.0,0,1
42,8,34,0,0,,,,1.0,,,,,0.2285714285714285,57.0,0.7368421052631579,0,12,0.0,0,1
5,0,0,0,0,,,,1.0,10800.0,,,,0.0,789.0,0.0063371356147021,1,16,0.0,0,1
5125,806,723,26589,39,,,,,43200.0,,,,1.1132596685082874,248.0,20.66532258064516,1,5,0.0,0,0
9532,644,1836,2,4,1.0,,,1.0,,,,,0.3505715841045182,776.0,12.283505154639176,1,13,0.0,0,1
58,8,33,0,0,,,,1.0,,,,,0.2352941176470588,65.0,0.8923076923076924,0,13,0.0,0,1
4614,384,320,68,0,,,,1.0,,,,,1.1962616822429906,1511.0,3.0536068828590337,1,15,0.4,1,0
39,5,33,0,0,,,,1.0,,,,,0.1470588235294117,59.0,0.6610169491525424,0,15,0.0,0,1
21545,679,358,2845,1,,,1.0,1.0,-14400.0,,,,1.891364902506964,1950.0,11.048717948717949,1,14,0.0,0,0
466,948,1192,0,3,,,,,,,,,0.7946353730092205,,,0,15,0.0,0,1
42,614,1656,0,15,,,,,,,,,0.3705491852745926,,,1,12,0.1,1,1
9,290,267,0,4,,,1.0,1.0,-14400.0,,,,1.082089552238806,2374.0,0.0037910699241786,1,18,0.0,0,1
1117,415,542,0,0,1.0,,,1.0,10800.0,,,,0.7642725598526704,450.0,2.482222222222222,0,8,0.0,0,1
2377,4331,4258,0,16,1.0,,,1.0,10800.0,,,,1.0169053768490257,750.0,3.1693333333333333,1,13,0.0,0,1
33,5,37,0,0,,,,1.0,,,,,0.131578947368421,58.0,0.5689655172413793,0,14,0.0,0,1
366,4778,4797,0,5,,,,1.0,10800.0,,,,0.995831596498541,874.0,0.4187643020594965,1,5,0.0,0,1
27257,1299,1108,5753,2,,,1.0,1.0,-18000.0,,,,1.1713255184851217,2148.0,12.68947858472998,1,4,0.0,0,0
2,106,601,0,0,,,,,,,,,0.1760797342192691,,,0,8,0.0769230769230769,1,1
61,5,41,0,0,,,,1.0,,,,,0.119047619047619,73.0,0.8356164383561644,0,16,0.0,0,1
42,6,40,0,0,,,,1.0,,,,,0.1463414634146341,53.0,0.7924528301886793,0,14,0.0,0,1
42079,6692,4497,10431,75,,,1.0,1.0,28800.0,,,,1.4877723432636727,925.0,45.490810810810814,1,11,0.0,0,0
89,41,284,28,1,,,1.0,,,,,,0.143859649122807,987.0,0.0901722391084093,0,13,0.0,0,0
60,6,39,0,0,,,,1.0,,,,,0.15,66.0,0.9090909090909092,0,14,0.0,0,1
1596,229,163,3051,1,,,1.0,1.0,-14400.0,,,,1.396341463414634,1365.0,1.1692307692307693,1,6,0.0,0,0
1024,92,137,43,3,,,1.0,1.0,28800.0,,,,0.6666666666666666,2053.0,0.4987822698490015,1,5,0.2222222222222222,1,0
5024,765,961,914,1,1.0,,,1.0,-25200.0,,,,0.7952182952182952,924.0,5.437229437229437,1,16,0.0,0,0
75,6,47,0,0,,,,1.0,,,,,0.125,72.0,1.0416666666666667,0,15,0.0,0,1
9344,600,46,570,2,,,1.0,1.0,19800.0,,,,12.76595744680851,773.0,12.08796895213454,1,20,0.0,0,0
145,976,1713,1,1,,,,,,,,,0.5694282380396732,,,1,8,0.0,0,1
138,11,31,0,0,,,,1.0,10800.0,,,,0.34375,873.0,0.1580756013745704,1,11,0.1666666666666666,1,1
5901,236,298,3731,2,,,1.0,1.0,-25200.0,,,,0.7892976588628763,777.0,7.594594594594595,1,7,0.0,0,0
13382,564,169,723,0,,,1.0,1.0,-18000.0,,,,3.3176470588235296,1293.0,10.349574632637278,1,14,0.1666666666666666,1,0
12518,195,155,15923,0,,,1.0,,-25200.0,,,,1.25,1166.0,10.735849056603774,1,17,0.0,0,0
842,219,356,47,4,1.0,,,1.0,-18000.0,,,,0.6134453781512605,2207.0,0.3815133665609425,0,11,0.0,0,0
40,10,38,0,0,,,,1.0,,,,,0.2564102564102564,70.0,0.5714285714285714,0,15,0.0,0,1
970,1022,541,0,62,,,1.0,1.0,-14400.0,,,,1.8856088560885609,2505.0,0.3872255489021956,1,15,0.0,0,1
70,5,32,0,0,,,,1.0,,,,,0.1515151515151515,75.0,0.9333333333333332,0,12,0.0,0,1
4382,154,1153,549,0,,,1.0,1.0,7200.0,,,,0.1334488734835355,610.0,7.18360655737705,1,12,0.0,0,1
6218,484,629,6868,2,,,1.0,1.0,-25200.0,,,,0.7682539682539683,877.0,7.090079817559864,1,17,0.25,1,0
2583,280,337,4537,0,,,,1.0,,,,,0.8284023668639053,129.0,20.023255813953487,0,9,0.0,0,0
79,1198,1980,0,5,,,,,,,,,0.6047450782433115,,,0,9,0.0,0,1
53,379,330,0,35,,,1.0,1.0,-14400.0,,,,1.1450151057401812,2574.0,0.0205905205905205,1,18,0.0,0,1
399,5736,6310,0,9,,,,1.0,10800.0,,,,0.9088892410077642,718.0,0.5557103064066853,1,4,0.0,0,1
194518,5821,5133,8134,234,,,1.0,,-25200.0,,,,1.133813790416829,2153.0,90.3474222015792,1,15,0.0,0,0
483,5089,5293,0,4,,,,1.0,,,,,0.961276917264828,156.0,3.0961538461538463,1,13,0.0,0,1
20348,510,103,33,2,,,,,19800.0,,,,4.903846153846154,1524.0,13.351706036745409,1,6,0.0,0,0
2132,7122,5199,135,37,,,,1.0,7200.0,,,,1.369615384615385,498.0,4.281124497991968,1,18,0.0,0,1
2796,409,317,2796,1,1.0,,,1.0,,,,,1.2861635220125789,375.0,7.456,1,4,0.0,0,0
77,6,40,0,0,,,,1.0,,,,,0.1463414634146341,72.0,1.0694444444444444,0,14,0.0,0,1
64,6,46,0,0,,,,1.0,,,,,0.1276595744680851,73.0,0.8767123287671232,0,13,0.0,0,1
1,292,263,0,9,,,1.0,1.0,-14400.0,,,,1.106060606060606,2558.0,0.0003909304143862,1,18,0.0,0,1
35667,1131,104,18223,16,1.0,,1.0,1.0,-25200.0,,,,10.771428571428572,723.0,49.33195020746888,1,4,0.0,0,0
3457,947,777,1842,1,1.0,,,1.0,,,,,1.2172236503856042,619.0,5.584814216478191,1,17,0.0,0,0
60296,23854,20017,8275,26,,,1.0,1.0,-21600.0,,,,1.1916275352183034,2001.0,30.132933533233384,1,18,0.0,0,0
62,8,42,0,0,,,,1.0,,,,,0.1860465116279069,70.0,0.8857142857142857,0,13,0.0,0,1
40607,440,620,5547,6,,,,1.0,-25200.0,,,,0.7085346215780999,1683.0,24.12774806892454,1,11,0.0,0,0
63388,2166,1996,4139,3,,,1.0,1.0,-18000.0,,,,1.084626940410616,1798.0,35.25472747497219,1,10,0.0,0,0
59,3,34,0,0,,,,1.0,,,,,0.0857142857142857,73.0,0.8082191780821918,0,11,0.0,0,1
30,274,1310,0,6,,,,,,,,,0.2090007627765064,,,0,8,0.0,0,1
65,11,40,0,0,,,,1.0,,,,,0.2682926829268293,69.0,0.9420289855072465,0,13,0.0,0,1
12386,237,187,413,3,,,1.0,1.0,-14400.0,,,,1.2606382978723405,624.0,19.84935897435897,1,20,0.0,0,0
136,91,251,7,0,,,,1.0,,,,,0.3611111111111111,161.0,0.84472049689441,0,14,0.0,0,1
44,2,36,0,0,,,,1.0,,,,,0.054054054054054,57.0,0.7719298245614035,0,11,0.0,0,1
4017,2316,2558,9,6,,,,1.0,7200.0,,,,0.9050410316529894,761.0,5.278580814717477,1,15,0.0,0,1
3,477,292,0,14,,,1.0,1.0,-18000.0,,,,1.627986348122867,2041.0,0.0014698677119059,1,17,0.0,0,1
41,8,46,0,0,,,,1.0,,,,,0.1702127659574468,55.0,0.7454545454545455,0,14,0.0,0,1
84,8,37,0,0,,,,1.0,,,,,0.2105263157894736,71.0,1.1830985915492958,0,15,0.0,0,1
8106,499,506,878,0,1.0,,,1.0,,,,,0.9842209072978304,814.0,9.958230958230958,1,14,0.1111111111111111,1,0
34479,224,470,28547,16,,,1.0,1.0,,,,,0.4755838641188959,325.0,106.08923076923077,1,12,0.125,1,0
3673,1524,614,1772,7,,,1.0,1.0,7200.0,,,,2.478048780487805,751.0,4.89081225033289,1,8,0.375,1,0
35,1,40,0,0,,,,1.0,,,,,0.024390243902439,68.0,0.5147058823529411,0,15,0.0,0,1
1,545,494,0,0,,,,1.0,-14400.0,,,,1.101010101010101,2339.0,0.0004275331338178,1,18,0.0769230769230769,1,1
61,9,33,0,0,,,,1.0,,,,,0.2647058823529412,72.0,0.8472222222222222,0,16,0.0,0,1
26,190,861,0,2,,,,,,,,,0.2204176334106728,,,0,4,0.0,0,1
45,5,35,0,0,,,,1.0,,,,,0.1388888888888889,57.0,0.7894736842105263,0,14,0.0,0,1
97,518,1779,0,1,,,,,,,,,0.2910112359550562,,,1,15,0.0,0,1
312,292,635,0,3,,,,,,,,,0.4591194968553459,,,0,4,0.0,0,1
1,182,582,0,0,,,,,,,,,0.3121783876500857,,,0,5,0.2222222222222222,1,1
6585,178,564,1613,7,,,1.0,1.0,7200.0,,,,0.3150442477876106,1238.0,5.319063004846527,1,19,0.0,0,0
9678,403,337,225,1,,,1.0,1.0,-25200.0,,,,1.1923076923076923,1888.0,5.126059322033898,1,14,0.0,0,0
115,0,0,0,0,,,,1.0,10800.0,,,,0.0,873.0,0.131729667812142,1,14,0.0,0,1
4691,322,81,1351,5,,,1.0,,19800.0,,,,3.926829268292683,302.0,15.533112582781458,1,19,0.0,0,0
68,5,43,0,1,,,,1.0,,,,,0.1136363636363636,72.0,0.9444444444444444,0,13,0.0,0,1
75414,268,530,1853,6,,,1.0,1.0,28800.0,,,,0.504708097928437,2121.0,35.55586987270156,1,13,0.0,0,0
59933,2866,168,26472,15,,,1.0,1.0,-25200.0,,,,16.958579881656803,659.0,90.9453717754173,0,4,0.0,0,0
43,2,39,0,0,,,,1.0,,,,,0.05,59.0,0.7288135593220338,0,15,0.0,0,1
138,0,0,0,0,,,,1.0,10800.0,,,,0.0,875.0,0.1577142857142857,1,14,0.0,0,1
7,192,181,0,7,,,1.0,1.0,-14400.0,,,,1.054945054945055,2564.0,0.0027301092043681,1,20,0.0,0,1
3830,331,622,2559,0,,,1.0,1.0,-18000.0,,,,0.5313001605136437,1218.0,3.144499178981937,1,17,0.3076923076923077,1,0
52,0,0,0,0,,,,1.0,10800.0,,,,0.0,874.0,0.0594965675057208,1,11,0.1666666666666666,1,1
35,1,44,0,0,,,,1.0,,,,,0.0222222222222222,54.0,0.6481481481481481,0,12,0.0,0,1
60,3,41,0,0,,,,1.0,,,,,0.0714285714285714,61.0,0.9836065573770492,0,12,0.0,0,1
55,8,39,0,0,,,,1.0,,,,,0.2,73.0,0.7534246575342466,0,16,0.0,0,1
76,6,39,0,0,,,,1.0,,,,,0.15,71.0,1.0704225352112675,0,15,0.0,0,1
43,2,39,0,0,,,,1.0,,,,,0.05,55.0,0.7818181818181819,0,15,0.0,0,1
544,4850,4920,0,7,,,,1.0,,,,,0.9855720382036172,157.0,3.464968152866242,1,11,0.0,0,1
3681,5907,5645,1,17,1.0,,,1.0,10800.0,,,,1.0462274176408075,770.0,4.78051948051948,1,14,0.0,0,1
7,286,874,0,0,,,,,,,,,0.3268571428571428,,,0,14,0.0,0,1
60,4,41,0,0,,,,1.0,,,,,0.0952380952380952,74.0,0.8108108108108109,0,13,0.0,0,1
101,27,79,63,0,,,,1.0,10800.0,,,,0.3375,924.0,0.1093073593073593,1,15,0.0,0,0
43,4,32,0,0,,,,1.0,,,,,0.1212121212121212,55.0,0.7818181818181819,0,16,0.0,0,1
51,15,38,0,0,,,,1.0,,,,,0.3846153846153846,75.0,0.68,0,14,0.0,0,1
30460,826,489,13347,2,,,1.0,,-25200.0,,,,1.6857142857142855,2121.0,14.361150400754362,1,2,0.0,0,0
1703,589,1963,0,6,,,,,,,,,0.29989816700611,,,0,13,0.0,0,1
2508,326,177,935,1,1.0,,1.0,1.0,,,1.0,,1.8314606741573036,643.0,3.900466562986003,1,14,0.1538461538461538,1,0
75,0,0,0,0,,,,1.0,10800.0,,,,0.0,874.0,0.085812356979405,1,13,0.0,0,1
3068,1542,341,9882,4,1.0,,,1.0,,,,,4.508771929824562,428.0,7.168224299065421,1,6,0.0,0,0
3371,238,712,10578,0,,,1.0,,28800.0,,1.0,,0.3338008415147265,357.0,9.442577030812323,1,7,0.0833333333333333,1,0
2,49,278,0,0,,,,,,,,,0.1756272401433691,,,1,4,0.1666666666666666,1,1
172402,11781,12621,185467,135,,,1.0,1.0,3600.0,,,,0.9333703058152432,1765.0,97.67818696883852,1,18,0.0,0,0
19,94,250,0,1,,,,,,,,,0.3745019920318725,,,0,5,0.0,0,1
63,5,37,0,0,,,,1.0,,,,,0.131578947368421,72.0,0.875,0,12,0.0,0,1
3049,175,177,41,1,,,1.0,1.0,,,,,0.9831460674157304,1512.0,2.016534391534392,1,18,0.0,0,0
8952,297,192,9,0,1.0,,1.0,1.0,,,,,1.538860103626943,283.0,31.632508833922262,1,8,0.0,0,0
12343,1223,1337,1,8,,,,1.0,-18000.0,,,,0.914050822122571,1090.0,11.323853211009174,1,19,0.0,0,1
254,10,14,73,0,1.0,,,1.0,28800.0,,,,0.6666666666666666,1611.0,0.1576660459342023,0,8,0.0,0,0
27,13,49,27,0,1.0,,,1.0,,,,,0.26,70.0,0.3857142857142857,1,10,0.0,0,0
43,4,41,0,0,,,,1.0,,,,,0.0952380952380952,55.0,0.7818181818181819,0,15,0.0,0,1
44,5,38,0,0,,,,1.0,,,,,0.1282051282051282,68.0,0.6470588235294118,0,16,0.0,0,1
31,277,263,0,8,,,1.0,1.0,-18000.0,,,,1.0492424242424243,2012.0,0.0154075546719681,1,15,0.0,0,1
46768,1813,320,43723,5,1.0,,1.0,1.0,,,,,5.64797507788162,311.0,150.37942122186496,1,15,0.0,0,0
49,8,45,0,0,,,,1.0,,,,,0.1739130434782608,68.0,0.7205882352941176,0,11,0.0,0,1
222,3931,3954,0,8,,,,1.0,10800.0,,,,0.9939317319848292,872.0,0.2545871559633027,1,3,0.0,0,1
77,0,0,0,0,,,,1.0,10800.0,,,,0.0,872.0,0.0883027522935779,1,15,0.0,0,1
25,192,471,134,0,1.0,,,1.0,,,,,0.4067796610169492,170.0,0.1470588235294117,0,14,0.25,1,0
20,236,950,0,0,,,,,,,,,0.2481598317560462,,,0,8,0.0,0,1
3954,284,218,1205,6,,,1.0,1.0,-18000.0,,,,1.2968036529680365,2214.0,1.7859078590785908,1,15,0.0,0,0
78,2,36,0,0,,,,1.0,,,,,0.054054054054054,71.0,1.0985915492957747,0,14,0.0,0,1
42,5,36,0,0,,,,1.0,,,,,0.1351351351351351,58.0,0.7241379310344828,0,14,0.0,0,1
1,95,724,0,0,,,,,,,,,0.1310344827586207,,,0,6,0.3,1,1
7752,887,911,13064,10,1.0,,1.0,1.0,,,,,0.9725877192982456,1200.0,6.46,1,8,0.1111111111111111,1,0
267,450,255,0,30,,,1.0,1.0,-14400.0,,,,1.7578125,2543.0,0.1049941014549744,1,18,0.0,0,1
84,9,37,0,1,,,,1.0,,,,,0.2368421052631578,74.0,1.135135135135135,0,12,0.0,0,1
22067,10200,10070,15593,62,,,1.0,1.0,-25200.0,,,,1.012809055704498,2218.0,9.949053201082055,1,14,0.0,0,0
69,7,39,0,0,,,,1.0,,,,,0.175,74.0,0.9324324324324323,0,14,0.0,0,1
1929,537,528,0,7,1.0,,,1.0,,,,,1.0151228733459357,378.0,5.103174603174603,1,11,0.0833333333333333,1,1
142,0,0,0,0,,,,1.0,10800.0,,,,0.0,874.0,0.1624713958810068,1,10,0.0,0,1
18263,491,886,9310,16,,,1.0,1.0,,,,,0.5535512965050733,882.0,20.70634920634921,1,8,0.0,0,0
54,1,34,0,0,,,,1.0,,,,,0.0285714285714285,68.0,0.7941176470588235,0,15,0.0,0,1
65927,2355,1904,735,14,,,1.0,1.0,19800.0,,,,1.236220472440945,1010.0,65.27425742574258,1,16,0.0,0,0
41,8,44,0,0,,,,1.0,,,,,0.1777777777777777,56.0,0.7321428571428571,0,14,0.0,0,1
48,388,335,0,5,,,,,,,,,1.1547619047619049,,,0,12,0.0833333333333333,1,1
45,6,40,0,0,,,,1.0,,,,,0.1463414634146341,67.0,0.6716417910447762,0,15,0.0,0,1
61,277,251,0,5,,,1.0,1.0,-14400.0,,,,1.0992063492063493,2558.0,0.0238467552775605,1,18,0.0,0,1
7964,159,154,998,3,1.0,,1.0,1.0,,,,,1.0258064516129033,1056.0,7.541666666666667,1,18,0.0,0,0
18375,1213,1180,1161,7,,,1.0,1.0,3600.0,,,,1.0270956816257408,1280.0,14.35546875,1,13,0.0,0,0
12011,720,1957,1,6,1.0,,,1.0,,,,,0.3677221654749744,776.0,15.478092783505154,1,17,0.0,0,1
53,5,40,0,0,,,,1.0,,,,,0.1219512195121951,67.0,0.7910447761194029,0,14,0.0,0,1
62,2,48,0,0,,,,1.0,,,,,0.0408163265306122,72.0,0.8611111111111112,0,13,0.0,0,1
32,273,227,0,15,,,1.0,1.0,-14400.0,,,,1.1973684210526316,2563.0,0.0124853687085446,1,19,0.0,0,1
6315,11003,11072,99,129,,,,,-25200.0,,,,0.9936783166260272,2170.0,2.910138248847926,1,12,0.0,0,0
7638,482,99,2028,1,1.0,,1.0,1.0,-21600.0,,,,4.82,1197.0,6.380952380952381,1,12,0.1538461538461538,1,0
10026,1060,1616,0,10,,,,1.0,-14400.0,,,,0.655534941249227,783.0,12.804597701149426,1,14,0.0,0,1
27844,1936,1920,734,29,,,1.0,1.0,,,,,1.0078084331077564,1866.0,14.921757770632368,1,14,0.0,0,0
53,6,37,0,0,,,,1.0,,,,,0.1578947368421052,63.0,0.8412698412698413,0,16,0.0,0,1
46,2,35,0,0,1.0,,,1.0,,,,,0.0555555555555555,58.0,0.7931034482758621,0,12,0.0,0,1
52,10,43,0,0,,,,1.0,,,,,0.2272727272727272,67.0,0.7761194029850746,0,13,0.0,0,1
11301,539,618,1,2,1.0,,,1.0,,,,,0.8707592891760905,776.0,14.563144329896907,1,17,0.0,0,1
1004,3656,3950,0,17,1.0,,,1.0,10800.0,,,,0.9253353581371804,750.0,1.338666666666667,1,16,0.0,0,1
60,5,40,0,0,,,,1.0,,,,,0.1219512195121951,71.0,0.8450704225352113,0,13,0.0,0,1
963,547,1026,1222,0,1.0,,1.0,1.0,,,,,0.5326192794547225,125.0,7.704,1,6,0.0,0,0
9071,750,1586,1,6,1.0,,,1.0,,,,,0.4725897920604915,776.0,11.689432989690722,1,14,0.0,0,1
60,9,35,0,0,,,,1.0,,,,,0.25,66.0,0.9090909090909092,0,14,0.0,0,1
14,316,990,0,0,,,,,,,,,0.3188698284561049,,,1,14,0.0,0,1
43,0,0,0,0,,,,1.0,10800.0,,,,0.0,873.0,0.0492554410080183,1,15,0.0,0,1
6,298,286,0,3,,,1.0,1.0,-25200.0,,,,1.038327526132404,1740.0,0.0034482758620689,1,20,0.0,0,1
561,1763,889,0,1,,,,1.0,,,,,1.9808988764044944,162.0,3.462962962962963,0,15,0.0,0,1
11159,588,1324,1,4,,,,1.0,-14400.0,,,,0.4437735849056604,784.0,14.23341836734694,1,9,0.0,0,1
58,0,38,0,0,,,,1.0,,,,,0.0,65.0,0.8923076923076924,0,14,0.0,0,1
2,154,142,0,3,,,1.0,1.0,-25200.0,,,,1.0769230769230769,1281.0,0.0015612802498048,1,19,0.0,0,1
44,6,34,0,0,,,,1.0,,,,,0.1714285714285714,57.0,0.7719298245614035,0,14,0.0,0,1
4212,736,148,3377,5,1.0,,1.0,1.0,-18000.0,,,,4.939597315436242,284.0,14.830985915492958,1,2,0.0,0,0
1901,138,424,1363,5,,,1.0,,,,,,0.3247058823529412,415.0,4.580722891566265,1,6,0.1818181818181818,1,0
8021,123,102,3465,0,1.0,,1.0,1.0,-18000.0,,,,1.194174757281553,1154.0,6.950606585788561,1,10,0.0,0,0
17737,531,393,635,2,,,,1.0,-18000.0,,,,1.3477157360406091,1937.0,9.156943727413529,1,14,0.0,0,0
102,371,282,0,31,,,1.0,1.0,-14400.0,,,,1.3109540636042405,2381.0,0.0428391432171356,1,19,0.0,0,1
36,2,36,0,0,,,,1.0,,,,,0.054054054054054,53.0,0.6792452830188679,0,13,0.0,0,1
7130,6021,5032,773,218,,,1.0,1.0,-25200.0,,,,1.1963043910192728,2239.0,3.184457347029924,1,12,0.0,0,0
129,15,30,0,0,,,,1.0,10800.0,,,,0.4838709677419355,874.0,0.1475972540045766,1,17,0.0,0,1
91853,2380,957,27355,35,,,,1.0,7200.0,,,,2.4843423799582465,1703.0,53.93599530240752,1,5,0.0,0,0
41096,1342,1199,1465,2,,,,1.0,28800.0,,,,1.1183333333333334,1377.0,29.84458968772694,1,18,0.0,0,0
10147,322,175,653,7,,,1.0,1.0,-25200.0,,,,1.8295454545454544,1877.0,5.405966968566862,1,12,0.0,0,0
12660,924,1996,1,6,,,,1.0,-14400.0,,,,0.4626940410615924,1070.0,11.83177570093458,1,16,0.0,0,1
29842,1436,204,6252,25,,,1.0,1.0,-18000.0,,,,7.004878048780488,1550.0,19.252903225806453,1,17,0.0,0,0
59,6,41,0,0,,,,1.0,,,,,0.1428571428571428,74.0,0.7972972972972973,0,12,0.0,0,1
39,2,35,0,0,,,,1.0,,,,,0.0555555555555555,69.0,0.5652173913043478,0,13,0.0,0,1
8,280,214,0,35,,,1.0,1.0,-14400.0,,,,1.302325581395349,2571.0,0.0031116297160637,1,20,0.0,0,1
6583,202,632,1253,9,,,1.0,1.0,32400.0,,,,0.3191153238546603,1743.0,3.776821572002295,1,16,0.0,0,0
54,10,41,0,0,,,,1.0,,,,,0.238095238095238,69.0,0.782608695652174,0,13,0.0,0,1
7783,58,97,9,2,,,,1.0,28800.0,,,,0.5918367346938775,1371.0,5.676878191101386,1,14,0.0,0,0
496,572,254,0,72,,,1.0,1.0,-14400.0,,,,2.243137254901961,2566.0,0.1932969602494154,1,13,0.0,0,1
70,6,42,0,0,,,,1.0,,,,,0.1395348837209302,69.0,1.0144927536231885,0,10,0.0,0,1
5341,223,223,3119,0,,,1.0,1.0,,,,,0.9955357142857144,472.0,11.315677966101696,1,7,0.0,0,0
10339,385,200,72,7,,,1.0,1.0,19800.0,,,,1.9154228855721396,1646.0,6.281287970838396,1,15,0.0,0,0
55,356,325,0,32,,,1.0,1.0,-14400.0,,,,1.0920245398773003,2568.0,0.021417445482866,1,15,0.0,0,1
9554,1446,1047,731,35,,,1.0,,-25200.0,,,,1.3797709923664123,2370.0,4.031223628691983,1,12,0.0,0,0
72,4,46,0,0,,,,1.0,,,,,0.0851063829787234,75.0,0.96,0,14,0.0,0,1
50738,310,409,1403,7,,,1.0,,,,,,0.7560975609756098,1731.0,29.31138070479492,1,20,0.0,0,0
56,2,39,0,0,,,,1.0,,,,,0.05,70.0,0.8,0,12,0.0,0,1
11236,680,1695,1,4,,,,1.0,-18000.0,,,,0.4009433962264151,1200.0,9.363333333333332,1,13,0.0,0,1
9,152,603,0,2,,,,,,,,,0.2516556291390728,,,0,12,0.25,1,1
72,5,35,0,1,,,,1.0,,,,,0.1388888888888889,73.0,0.9863013698630136,0,12,0.0,0,1
21918,3138,1247,1828,19,,,,1.0,-25200.0,,,,2.514423076923077,1939.0,11.30376482723053,1,9,0.0,0,0
4202,170,230,4560,0,1.0,,1.0,1.0,,,,,0.7359307359307359,259.0,16.223938223938223,1,3,0.0,0,0
65,11,42,0,0,,,,1.0,,,,,0.2558139534883721,74.0,0.8783783783783784,0,13,0.0,0,1
5244,422,359,4762,2,,,1.0,1.0,-28800.0,,,,1.1722222222222225,2162.0,2.425531914893617,1,11,0.0,0,0
5529,1151,1125,1566,25,,,,1.0,-25200.0,,,,1.022202486678508,2174.0,2.5432382704691814,1,17,0.0,0,0
46,7,43,0,0,,,,1.0,,,,,0.1590909090909091,53.0,0.8679245283018868,0,12,0.0,0,1
67,4,40,0,0,,,,1.0,,,,,0.0975609756097561,73.0,0.9178082191780822,0,14,0.0,0,1
22,285,279,0,8,,,1.0,1.0,-14400.0,,,,1.0178571428571428,2382.0,0.0092359361880772,1,19,0.0,0,1
124,2,0,0,0,,,,1.0,10800.0,,,,2.0,873.0,0.1420389461626575,1,13,0.1428571428571428,1,1
132,0,0,0,0,,,,1.0,10800.0,,,,0.0,874.0,0.1510297482837528,1,14,0.0,0,1
52,3,42,0,0,,,,1.0,,,,,0.0697674418604651,68.0,0.7647058823529411,0,14,0.0,0,1
64,5,34,0,0,,,,1.0,,,,,0.1428571428571428,69.0,0.927536231884058,0,16,0.0,0,1
2,59,1517,0,0,,,,,,,,,0.038866930171278,,,0,8,0.0,0,1
65,4,37,0,0,,,,1.0,,,,,0.1052631578947368,71.0,0.9154929577464788,0,12,0.0,0,1
22,191,860,0,2,,,,,,,,,0.2218350754936121,,,0,9,0.0,0,1
340,1385,1881,0,43,,,,,,,,,0.7359192348565357,,,1,16,0.0,0,1
54,10,91,14,0,1.0,,,1.0,,,,,0.108695652173913,1610.0,0.0335403726708074,0,12,0.3333333333333333,1,0
20,71,1161,0,1,,,,,,,,,0.0611015490533562,,,0,9,0.0,0,1
50,0,0,0,0,,,,1.0,10800.0,,,,0.0,803.0,0.062266500622665,1,15,0.0,0,1
52,352,251,0,4,,,1.0,1.0,-14400.0,,,,1.3968253968253967,2557.0,0.020336331638639,1,18,0.0,0,1
116,290,366,0,1,,,,1.0,10800.0,,,,0.7901907356948229,875.0,0.1325714285714285,1,16,0.0,0,1
361,5299,5829,0,8,,,,1.0,10800.0,,,,0.9089193825042882,719.0,0.502086230876217,1,8,0.0,0,1
4083,154,107,12030,3,1.0,,,1.0,,,,,1.4259259259259258,471.0,8.668789808917197,1,10,0.25,1,0
69,6,30,0,0,,,,1.0,,,,,0.1935483870967742,75.0,0.92,0,13,0.0,0,1
652,21,37,599,0,,,,,,,,,0.5526315789473685,163.0,4.0,1,8,0.0,0,0
44,7,39,0,0,,,,1.0,,,,,0.175,59.0,0.7457627118644068,0,16,0.0,0,1
4218,107,152,1474,1,1.0,,,1.0,,,,,0.6993464052287581,217.0,19.43778801843318,1,5,0.0,0,0
4772,452,389,3744,1,1.0,,1.0,1.0,,,,,1.158974358974359,1150.0,4.149565217391304,1,14,0.1333333333333333,1,0
10,302,283,0,5,,,1.0,1.0,-25200.0,,,,1.0633802816901408,1741.0,0.0057438253877082,1,18,0.0,0,1
43,3,38,0,0,,,,1.0,,,,,0.0769230769230769,53.0,0.8113207547169812,0,13,0.0,0,1
77,2,36,0,0,,,,1.0,,,,,0.054054054054054,75.0,1.0266666666666666,0,14,0.0,0,1
391,4569,5021,0,5,,,,1.0,10800.0,,,,0.9097968936678614,718.0,0.5445682451253482,1,18,0.0,0,1
50446,1047,365,9805,1,,,1.0,1.0,-28800.0,,,,2.860655737704918,1645.0,30.66626139817629,1,20,0.0,0,0
722,49,378,992,3,,,1.0,,19800.0,,,,0.129287598944591,628.0,1.1496815286624205,1,12,0.0,0,0
272,33,98,25,1,,,,1.0,-18000.0,,,,0.3333333333333333,2236.0,0.1216457960644007,0,8,0.0,0,0
390,5270,5253,0,6,,,,1.0,10800.0,,,,1.0030452988199468,875.0,0.4457142857142857,1,4,0.1428571428571428,1,1
86,314,244,0,8,,,1.0,1.0,-14400.0,,,,1.2816326530612243,2577.0,0.0333721381451299,1,17,0.0,0,1
77,7,43,0,0,,,,1.0,,,,,0.1590909090909091,72.0,1.0694444444444444,0,11,0.0,0,1
1,323,294,0,2,,,1.0,1.0,-14400.0,,,,1.0949152542372882,2579.0,0.0003877471888328,1,19,0.0,0,1
439,343,274,0,47,,,1.0,1.0,-14400.0,,,,1.2472727272727273,2382.0,0.1842989084802686,1,18,0.0,0,1
40,2,13,0,0,,,,1.0,,,,,0.1428571428571428,56.0,0.7142857142857143,0,16,0.0,0,1
23992,227,181,8541,2,,,1.0,,-25200.0,,,,1.2472527472527473,2113.0,11.354472314245148,1,11,0.0,0,0
24073,614,595,5632,9,,,1.0,1.0,-39600.0,,,,1.0302013422818792,2062.0,11.67458777885548,1,12,0.0,0,0
671,14,3,3,0,,,,,,,,,3.5,154.0,4.357142857142857,1,15,0.0,0,0
2,294,282,0,6,,,1.0,1.0,-25200.0,,,,1.03886925795053,1741.0,0.0011487650775416,1,18,0.0,0,1
124,0,0,0,0,,,,1.0,10800.0,,,,0.0,873.0,0.1420389461626575,1,15,0.0,0,1
493,89,320,477,1,1.0,,,1.0,,,,,0.2772585669781931,557.0,0.8850987432675045,1,12,0.0,0,0
63,5,42,0,0,,,,1.0,,,,,0.1162790697674418,73.0,0.863013698630137,0,12,0.0,0,1
27337,1045,106,305,19,,,,1.0,-25200.0,,,,9.766355140186915,2067.0,13.225447508466376,0,15,0.0666666666666666,1,0
77,0,0,0,0,,,,1.0,10800.0,,,,0.0,874.0,0.0881006864988558,1,13,0.0,0,1
68,8,41,0,0,,,,1.0,,,,,0.1904761904761904,70.0,0.9714285714285714,0,14,0.0,0,1
12876,900,820,1,3,,,,1.0,-18000.0,,,,1.0962241169305724,1090.0,11.812844036697248,1,13,0.0,0,1
3170,536,235,2472,0,,,1.0,1.0,,,,,2.2711864406779663,1322.0,2.3978819969742813,1,11,0.1666666666666666,1,0
61294,561,118,590,4,,,1.0,1.0,-14400.0,,,,4.714285714285714,1529.0,40.08763897972531,1,7,0.0666666666666666,1,0
99,22,29,0,0,,,,1.0,10800.0,,,,0.7333333333333333,874.0,0.1132723112128146,1,16,0.0,0,1
5209,350,791,1304,3,,,1.0,1.0,-28800.0,,,,0.4419191919191919,1719.0,3.030250145433392,1,13,0.0,0,0
12309,1373,2001,4908,41,,,1.0,1.0,-18000.0,,,,0.6858141858141859,2352.0,5.233418367346939,1,10,0.0,0,0
67,3,40,0,0,,,,1.0,,,,,0.073170731707317,73.0,0.9178082191780822,0,14,0.0,0,1
35,3,42,0,0,,,,1.0,,,,,0.0697674418604651,59.0,0.5932203389830508,0,12,0.0,0,1
179448,2681,2700,168011,94,,,,1.0,-14400.0,,,,0.9925953350610884,323.0,555.5665634674923,1,17,0.0,0,0
43,3,43,0,0,,,,1.0,,,,,0.0681818181818181,54.0,0.7962962962962963,0,13,0.0,0,1
3036,319,158,500,0,,,,1.0,-18000.0,,,,2.006289308176101,2149.0,1.4127501163331782,0,10,0.1666666666666666,1,0
60,7,42,0,0,,,,1.0,,,,,0.1627906976744186,65.0,0.9230769230769232,0,10,0.0,0,1
37,509,1154,0,3,,,,,,,,,0.4406926406926407,,,1,12,0.0,0,1
59,5,35,0,0,,,,1.0,,,,,0.1388888888888889,62.0,0.9516129032258064,0,15,0.0,0,1
524,7530,8101,0,8,,,,1.0,,,,,0.9294001481115772,156.0,3.358974358974359,1,12,0.0,0,1
23163,967,1997,5559,2,,,,1.0,-25200.0,,,,0.4839839839839839,1159.0,19.985332182916306,1,4,0.0,0,0
59,9,42,0,0,,,,1.0,,,,,0.2093023255813953,67.0,0.8805970149253731,0,13,0.0,0,1
1898,50,143,152,2,,,1.0,1.0,7200.0,,,,0.3472222222222222,1013.0,1.873642645607108,1,5,0.0,0,0
1,175,597,0,1,,,,,,,,,0.2926421404682274,,,0,5,0.2222222222222222,1,1
18166,253,75,6312,1,,,1.0,,-28800.0,,,,3.3289473684210527,1512.0,12.014550264550264,0,14,0.0,0,0
1,254,639,0,1,,,,,,,,,0.396875,,,0,5,0.2222222222222222,1,1
64,7,36,0,0,,,,1.0,,,,,0.1891891891891892,70.0,0.9142857142857144,0,11,0.0,0,1
64,8,36,0,0,,,,1.0,,,,,0.2162162162162162,71.0,0.9014084507042254,0,16,0.0,0,1
1,629,494,0,18,,,1.0,1.0,-14400.0,,,,1.270707070707071,2491.0,0.0004014452027298,1,12,0.0,0,1
2321,147,85,2426,0,,,,1.0,46800.0,,,,1.7093023255813953,629.0,3.689984101748808,1,1,0.0,0,0
23,644,532,0,27,,,1.0,1.0,-14400.0,,,,1.2082551594746718,2491.0,0.009233239662786,1,12,0.0,0,1
62,3,38,0,0,,,,1.0,,,,,0.0769230769230769,73.0,0.8493150684931506,0,15,0.0,0,1
947,141,50,567,1,,,,,-36000.0,,,,2.764705882352941,1666.0,0.5684273709483794,0,12,0.0,0,0
82,6,34,0,1,,,,1.0,,,,,0.1714285714285714,74.0,1.108108108108108,0,13,0.0,0,1
1,206,181,0,10,,,1.0,1.0,-14400.0,,,,1.1318681318681318,2556.0,0.0003912363067292,1,20,0.0,0,1
128,319,252,0,16,,,1.0,1.0,-14400.0,,,,1.2608695652173914,2558.0,0.0500390930414386,1,18,0.0,0,1
368,5615,5581,0,6,,,,1.0,10800.0,,,,1.005911859548549,873.0,0.4215349369988545,1,13,0.0,0,1
66,6,49,0,0,,,,1.0,,,,,0.12,67.0,0.9850746268656716,0,14,0.0,0,1
13018,844,2001,1,3,,,,1.0,-18000.0,,,,0.4215784215784215,1199.0,10.857381150959132,1,17,0.0,0,1
70,4,35,0,0,,,,1.0,,,,,0.1111111111111111,73.0,0.958904109589041,0,13,0.0,0,1
4790,3325,1327,235,5,,,1.0,,,,,,2.503765060240964,1431.0,3.347309573724668,1,10,0.1666666666666666,1,0
9648,198,228,24,5,,,1.0,1.0,10800.0,,,,0.8646288209606987,1809.0,5.333333333333333,1,6,0.1111111111111111,1,0
38,5,41,0,0,,,,1.0,,,,,0.119047619047619,58.0,0.6551724137931034,0,14,0.0,0,1
16763,118,98,134,3,,,1.0,1.0,-25200.0,,,,1.1919191919191918,1966.0,8.526449643947101,1,7,0.0,0,0
59,7,39,0,1,,,,1.0,,,,,0.175,68.0,0.8676470588235294,0,14,0.0,0,1
747,222,340,362,5,1.0,,,1.0,,,,,0.6510263929618768,413.0,1.808716707021792,1,7,0.0,0,0
131,311,270,0,25,,,1.0,1.0,-14400.0,,,,1.14760147601476,2382.0,0.0549958018471872,1,18,0.0,0,1
5171,241,193,337,5,,,1.0,1.0,-25200.0,,,,1.2422680412371134,2075.0,2.4920481927710845,1,8,0.0,0,0
8017,619,1948,1,3,1.0,,,1.0,,,,,0.3175987685992816,776.0,10.331185567010309,1,11,0.0,0,1
13293,730,1503,1,16,,,,1.0,-18000.0,,,,0.4853723404255319,1089.0,12.206611570247937,1,12,0.0769230769230769,1,1
9,271,272,0,36,,,1.0,1.0,-14400.0,,,,0.9926739926739928,2380.0,0.003781512605042,1,19,0.0,0,1
43,7,31,0,0,,,,1.0,,,,,0.21875,60.0,0.7166666666666667,0,12,0.0,0,1
37,0,0,0,0,,,,1.0,10800.0,,,,0.0,799.0,0.04630788485607,1,13,0.0,0,1
50,5,41,0,0,,,,1.0,,,,,0.119047619047619,66.0,0.7575757575757576,0,9,0.0,0,1
35,3,34,0,0,,,,1.0,,,,,0.0857142857142857,58.0,0.603448275862069,0,14,0.0,0,1
80,559,521,0,8,,,1.0,1.0,-14400.0,,,,1.0708812260536398,2504.0,0.0319488817891373,1,13,0.0,0,1
521,426,991,226,6,,,1.0,1.0,-18000.0,,,,0.4294354838709677,202.0,2.5792079207920797,1,11,0.2,1,0
42,7,37,0,0,,,,1.0,,,,,0.1842105263157894,52.0,0.8076923076923077,0,12,0.0,0,1
187388,1645,1911,1310,17,,,1.0,1.0,-18000.0,,,,0.8603556485355649,2218.0,84.48512173128945,1,6,0.0,0,0
42,3,34,0,0,,,,1.0,,,,,0.0857142857142857,57.0,0.7368421052631579,0,15,0.0,0,1
49,7,40,0,0,,,,1.0,,,,,0.1707317073170731,54.0,0.9074074074074074,0,13,0.0,0,1
15914,818,679,9878,2,,,1.0,1.0,-25200.0,,1.0,,1.2029411764705882,1471.0,10.81849082256968,1,15,0.0,0,0
66,6,43,0,0,,,,1.0,,,,,0.1363636363636363,70.0,0.9428571428571428,0,16,0.0,0,1
370,673,528,0,20,,,1.0,1.0,-14400.0,,,,1.272211720226843,2489.0,0.1486540779429489,1,15,0.0,0,1
42,4,32,0,0,,,,1.0,,,,,0.1212121212121212,56.0,0.75,0,12,0.0,0,1
3342,263,304,2743,0,,,,,,,1.0,,0.8622950819672132,199.0,16.79396984924623,1,11,0.0,0,0
6900,336,334,646,5,,,1.0,1.0,-18000.0,,,,1.0029850746268656,2205.0,3.129251700680272,0,10,0.0,0,0
8199,296,285,510,1,,,1.0,1.0,-25200.0,,,,1.034965034965035,1283.0,6.390491036632891,1,12,0.3333333333333333,1,0
48,8,33,0,0,,,,1.0,,,,,0.2352941176470588,68.0,0.7058823529411765,0,14,0.0,0,1
11,265,261,0,6,,,1.0,1.0,-14400.0,,,,1.0114503816793894,2381.0,0.0046199076018479,1,19,0.0,0,1
1506,274,482,89,5,,,1.0,1.0,7200.0,,,,0.567287784679089,2133.0,0.7060478199718706,1,15,0.0,0,0
7411,118,58,4346,0,,,,1.0,,,,,2.0,175.0,42.34857142857143,1,6,0.3076923076923077,1,0
35,5,35,0,0,,,,1.0,,,,,0.1388888888888889,59.0,0.5932203389830508,0,14,0.0,0,1
62,2,30,0,1,,,,1.0,,,,,0.064516129032258,64.0,0.96875,0,14,0.0,0,1
46,3,40,0,0,,,,1.0,,,,,0.073170731707317,53.0,0.8679245283018868,0,11,0.0,0,1
5451,1526,1011,3339,10,,,,,-25200.0,,,,1.507905138339921,146.0,37.33561643835616,1,9,0.0,0,0
16,189,886,0,0,,,,,,,,,0.2130777903043968,,,0,13,0.0,0,1
41,8,38,0,0,,,,1.0,,,,,0.2051282051282051,69.0,0.5942028985507246,0,14,0.0,0,1
35,2,40,0,0,,,,1.0,,,,,0.048780487804878,56.0,0.625,0,12,0.0,0,1
43,3,41,0,0,,,,1.0,,,,,0.0714285714285714,52.0,0.8269230769230769,0,14,0.0,0,1
64,372,247,0,23,,,1.0,1.0,-14400.0,,,,1.5,2556.0,0.0250391236306729,1,18,0.0,0,1
33,730,1809,0,12,,,,,,,,,0.4033149171270718,,,0,10,0.0,0,1
227,193,153,28,1,1.0,,1.0,1.0,,,,,1.2532467532467533,676.0,0.3357988165680473,1,11,0.0,0,0
1,287,273,0,0,,,1.0,1.0,-25200.0,,,,1.0474452554744529,1741.0,0.0005743825387708,1,19,0.0,0,1
21178,418,363,568,0,,,1.0,1.0,43200.0,,,,1.1483516483516485,1315.0,16.10494296577947,1,2,0.0,0,0
13444,511,231,90,1,,,1.0,1.0,,,,,2.202586206896552,729.0,18.44170096021948,1,15,0.0,0,0
18665,12561,3442,16358,110,,,1.0,1.0,-7200.0,,,,3.648271855939588,1855.0,10.06199460916442,1,14,0.0,0,1
1,182,593,0,0,,,,,,,,,0.3063973063973064,,,0,6,0.2,1,1
91288,1266,2001,7796,9,,,1.0,1.0,-10800.0,,,,0.6323676323676324,1861.0,49.05319720580333,0,19,0.0,0,0
108575,15305,1543,11161,132,,,,1.0,19800.0,,,,9.912564766839376,1180.0,92.01271186440678,1,14,0.0,0,0
11525,239,431,756,3,,,1.0,1.0,-18000.0,,,,0.5532407407407407,2447.0,4.709848794442174,1,3,0.0,0,0
63,584,779,1,0,,,,,,,,,0.7487179487179487,,,0,20,0.0,0,1
152,995,534,0,36,,,1.0,1.0,-14400.0,,,,1.8598130841121496,2489.0,0.0610687022900763,1,11,0.0,0,1
33,309,285,0,17,,,1.0,1.0,-25200.0,,,,1.0804195804195804,1740.0,0.0189655172413793,1,18,0.0,0,1
1,126,459,0,1,,,,,,,,,0.2739130434782608,,,0,7,0.1818181818181818,1,1
22,559,1969,0,4,,,,,,,,,0.2837563451776649,,,0,6,0.0,0,1
25362,1285,586,1255,10,,,,,-18000.0,,,,2.189097103918228,1410.0,17.98723404255319,1,6,0.0,0,0
9086,255,300,5586,1,,,,1.0,-14400.0,,,,0.8471760797342193,1730.0,5.252023121387284,1,5,0.2666666666666666,1,0
22328,777,246,5071,29,,,,1.0,43200.0,,,,3.145748987854251,2091.0,10.678144428503108,1,10,0.0,0,0
2790,62,103,311,1,,,,,,,,,0.5961538461538461,41.0,68.04878048780488,1,4,0.0,0,0
523,5687,6170,0,7,,,,1.0,,,,,0.9215686274509804,161.0,3.248447204968944,0,13,0.0,0,1
41,516,1984,0,2,,,,,,,,,0.2599496221662468,,,0,16,0.0,0,1
15132,432,1154,3053,13,,,1.0,1.0,-18000.0,,,,0.374025974025974,2194.0,6.896991795806746,1,15,0.0,0,0
45,7,36,0,1,,,,1.0,,,,,0.1891891891891892,67.0,0.6716417910447762,0,9,0.0,0,1
3942,72,88,0,1,,,,,,,,,0.8089887640449438,,,1,5,0.0,0,1
724,2896,3489,3,11,,,,,,,,,0.8297994269340975,,,1,15,0.0,0,1
36,207,901,0,1,,,,,,,,,0.229490022172949,,,0,8,0.0,0,1
217,3792,4168,0,2,,,,1.0,10800.0,,,,0.9095706404413528,803.0,0.2702366127023661,1,4,0.0,0,1
1,195,620,0,0,,,,,,,,,0.3140096618357488,,,0,7,0.1818181818181818,1,1
2408,421,338,2227,5,1.0,,1.0,1.0,28800.0,,,,1.2418879056047198,753.0,3.197875166002656,1,12,0.125,1,0
57,3,41,0,0,,,,1.0,,,,,0.0714285714285714,69.0,0.8260869565217391,0,16,0.0,0,1
66,0,0,0,0,,,,1.0,10800.0,,,,0.0,803.0,0.0821917808219178,1,14,0.0,0,1
128929,437,304,607,27,,,,1.0,-14400.0,,,,1.4327868852459016,1713.0,75.26503210741389,1,17,0.0,0,0
56,15,28,0,0,,,1.0,1.0,43200.0,,,,0.5172413793103449,2229.0,0.0251233737101839,0,12,0.0,0,0
60,5,37,0,0,,,,1.0,,,,,0.131578947368421,62.0,0.967741935483871,0,14,0.0,0,1
95,1016,1951,0,16,,,,,,,,,0.5204918032786885,,,0,14,0.0,0,1
7738,243,297,1329,6,,,1.0,1.0,28800.0,,,,0.8154362416107382,2038.0,3.796859666339549,1,14,0.0,0,0
66,0,0,0,0,,,,1.0,10800.0,,,,0.0,874.0,0.0755148741418764,1,12,0.0,0,1
77,5,43,0,0,,,,1.0,,,,,0.1136363636363636,72.0,1.0694444444444444,0,14,0.0,0,1
18087,423,152,28,24,,,1.0,1.0,10800.0,,,,2.764705882352941,2558.0,7.070758405003909,1,7,0.0,0,0
633,89,330,533,0,1.0,,,1.0,,,,,0.2688821752265861,1836.0,0.3447712418300653,1,16,0.0833333333333333,1,0
1,289,281,0,3,,,1.0,1.0,-25200.0,,,,1.024822695035461,1735.0,0.0005763688760806,1,18,0.0,0,1
3839,1593,1994,2,4,1.0,,,1.0,7200.0,,,,0.7984962406015037,735.0,5.22312925170068,1,9,0.0,0,1
42719,118,202,5585,1,,,,1.0,-18000.0,,,,0.5812807881773399,1005.0,42.506467661691545,1,14,0.0,0,0
77,13,18,196,0,1.0,,,1.0,28800.0,,,,0.6842105263157895,1587.0,0.0485192186515437,1,11,0.5,1,0
139,243,292,0,0,,,,1.0,10800.0,,,,0.8293515358361775,871.0,0.1595866819747416,1,15,0.0,0,1
82,4,41,0,0,,,,1.0,,,,,0.0952380952380952,71.0,1.1549295774647887,0,14,0.0,0,1
322470,3798,2886,11224,153,,,1.0,1.0,-18000.0,,,,1.315552476619328,2247.0,143.5113484646195,1,9,0.0,0,0
43,6,36,0,0,,,,1.0,,,,,0.1621621621621621,57.0,0.7543859649122807,0,9,0.0,0,1
3138,3392,3681,3,13,1.0,,,1.0,10800.0,,,,0.9212384573601304,762.0,4.118110236220472,1,15,0.0,0,1
78,8,48,0,0,,,,1.0,,,,,0.1632653061224489,73.0,1.0684931506849316,0,12,0.0,0,1
3688,237,218,7966,0,,,1.0,1.0,-18000.0,,,,1.082191780821918,1382.0,2.6685962373371925,1,5,0.1666666666666666,1,0
10212,645,638,0,2,1.0,,,1.0,,,,,1.0093896713615025,776.0,13.15979381443299,1,14,0.0,0,1
42,5,40,0,0,,,,1.0,,,,,0.1219512195121951,59.0,0.711864406779661,0,14,0.0,0,1
124,0,0,0,0,,,,1.0,10800.0,,,,0.0,874.0,0.1418764302059496,1,17,0.0,0,1
78166,369,224,47361,13,,,1.0,1.0,-21600.0,,,,1.64,577.0,135.46967071057193,1,5,0.25,1,0
51,5,42,0,0,,,,1.0,,,,,0.1162790697674418,68.0,0.75,0,14,0.0,0,1
17963,1077,696,9466,1,,,1.0,1.0,-14400.0,,1.0,,1.54519368723099,1190.0,15.094957983193275,1,10,0.0,0,0
61,6,35,0,1,,,,1.0,,,,,0.1666666666666666,71.0,0.8591549295774648,0,13,0.0,0,1
59,7,41,0,0,,,,1.0,,,,,0.1666666666666666,69.0,0.855072463768116,0,15,0.0,0,1
62,5,39,0,0,,,,1.0,,,,,0.125,69.0,0.8985507246376812,0,14,0.0,0,1
47,1,0,0,0,,,,1.0,10800.0,,,,1.0,875.0,0.0537142857142857,1,16,0.0,0,1
59,5,41,0,1,,,,1.0,,,,,0.119047619047619,72.0,0.8194444444444444,0,13,0.0,0,1
7553,1944,2147,11127,6,,,,,43200.0,,,,0.905027932960894,318.0,23.751572327044027,1,18,0.0,0,0
116,847,495,0,118,,,1.0,1.0,-14400.0,,,,1.7076612903225807,2482.0,0.0467365028203062,1,13,0.0,0,1
1,126,721,0,0,,,,,,,,,0.1745152354570637,,,0,7,0.1818181818181818,1,1
61,0,36,0,0,,,,1.0,,,,,0.0,72.0,0.8472222222222222,0,15,0.0,0,1
83,59,116,476,0,1.0,,,1.0,,,,,0.5042735042735043,292.0,0.2842465753424658,1,1,0.0,0,0
51,4,42,0,0,,,,1.0,,,,,0.0930232558139534,70.0,0.7285714285714285,0,16,0.0,0,1
54,3,32,0,0,,,,1.0,,,,,0.0909090909090909,71.0,0.7605633802816901,0,13,0.0,0,1
70,2,45,0,0,,,,1.0,,,,,0.0434782608695652,63.0,1.1111111111111112,0,11,0.0,0,1
64,7,51,0,0,,,,1.0,,,,,0.1346153846153846,76.0,0.8421052631578947,0,14,0.0,0,1
1,263,258,0,1,,,1.0,1.0,-18000.0,,,,1.0154440154440154,1865.0,0.0005361930294906,1,19,0.0,0,1
6319,285,295,310,3,,,1.0,1.0,-25200.0,,,,0.9628378378378378,2191.0,2.88407120036513,1,9,0.0,0,0
42806,529,132,5467,0,,,,1.0,-10800.0,,,,3.977443609022557,659.0,64.95599393019727,1,6,0.0,0,0
28,762,2001,0,2,,,,,,,,,0.3806193806193806,,,1,10,0.0,0,1
18523,1641,153,3103,1,,,1.0,1.0,-28800.0,,,,10.655844155844155,1335.0,13.8749063670412,1,5,0.0,0,0
54,3,41,0,0,,,,1.0,,,,,0.0714285714285714,69.0,0.782608695652174,0,16,0.0,0,1
47,267,234,0,7,,,1.0,1.0,-25200.0,,,,1.1361702127659574,1201.0,0.0391340549542048,1,20,0.0,0,1
184,262,1965,0,1,,,,,,,,,0.1332655137334689,,,0,7,0.0,0,1
57,3,39,0,0,,,,1.0,,,,,0.075,63.0,0.9047619047619048,0,16,0.0,0,1
18,205,855,0,0,,,,,,,,,0.2394859813084112,,,0,7,0.0,0,1
69,9,38,0,0,,,,1.0,,,,,0.2307692307692307,71.0,0.971830985915493,0,14,0.0,0,1
2,219,682,0,0,,,,,,,,,0.3206442166910688,,,0,5,0.2222222222222222,1,1
11,237,901,0,2,,,,,,,,,0.2627494456762749,,,1,14,0.0,0,1
18506,230,125,1564,1,1.0,,1.0,1.0,,,,,1.8253968253968251,504.0,36.71825396825397,0,15,0.4285714285714285,1,0
6160,195,228,4842,0,,,1.0,1.0,,,1.0,,0.851528384279476,539.0,11.428571428571429,1,2,0.0,0,0
9770,292,232,7600,4,,,,1.0,-10800.0,,,,1.2532188841201717,678.0,14.410029498525072,1,7,0.0,0,0
162921,1249,1724,1794,56,,,1.0,1.0,-18000.0,,,,0.7240579710144928,2290.0,71.14454148471616,1,5,0.0,0,0
15218,266,282,193,8,1.0,,1.0,1.0,,,,,0.939929328621908,1702.0,8.941245593419506,1,17,0.0,0,0
7,64,191,8,1,,,,1.0,-25200.0,,,,0.3333333333333333,1833.0,0.0038188761593016,1,3,0.0,0,0
56,2,33,0,0,,,,1.0,,,,,0.0588235294117647,63.0,0.8888888888888888,0,14,0.0,0,1
59,8,29,0,0,,,,1.0,,,,,0.2666666666666666,70.0,0.8428571428571429,0,10,0.0,0,1
53,6,38,0,0,,,,1.0,,,,,0.1538461538461538,67.0,0.7910447761194029,0,12,0.0,0,1
718,299,166,75,0,1.0,,,1.0,,,,,1.7904191616766467,26.0,27.615384615384617,1,15,0.0,0,0
26095,674,181,443,5,,,1.0,1.0,25200.0,,,,3.703296703296704,2011.0,12.97613127797116,1,9,0.0,0,0
44397,1340,1725,25143,26,,,1.0,1.0,-25200.0,,,,0.776361529548088,1348.0,32.93545994065282,1,10,0.1,1,0
56,2,41,0,0,,,,1.0,,,,,0.0476190476190476,66.0,0.8484848484848485,0,13,0.0,0,1
60,9,39,0,0,,,,1.0,,,,,0.225,70.0,0.8571428571428571,0,14,0.0,0,1
40,6,40,0,0,,,,1.0,,,,,0.1463414634146341,70.0,0.5714285714285714,0,11,0.0,0,1
94113,1357,520,91458,17,,,1.0,1.0,-18000.0,,,,2.6046065259117084,1947.0,48.33744221879815,1,2,0.0,0,0
1686,2028,2471,3,17,,,,,,,,,0.8203883495145631,,,1,11,0.0,0,1
69,4,31,0,0,,,,1.0,,,,,0.125,74.0,0.9324324324324323,0,11,0.0,0,1
944,158,249,1355,0,,,,1.0,-28800.0,,,,0.632,1820.0,0.5186813186813187,1,16,0.0,0,0
1,56,309,0,0,,,,,,,,,0.1806451612903225,,,0,5,0.3,1,1
79,8,24,23,0,1.0,,,1.0,,,,,0.32,324.0,0.2438271604938271,1,8,0.0,0,0
42,6,40,0,0,,,,1.0,,,,,0.1463414634146341,55.0,0.7636363636363637,0,13,0.0,0,1
399555,3584,2907,6455,135,,,1.0,1.0,3600.0,,,,1.2324621733149932,855.0,467.3157894736842,1,16,0.0,0,0
55,7,39,0,0,,,,1.0,,,,,0.175,63.0,0.873015873015873,0,12,0.0,0,1
3733,621,437,10165,0,1.0,,,1.0,,,,,1.417808219178082,546.0,6.836996336996337,1,9,0.2,1,0
11,30,90,0,0,,,,,,,,,0.3296703296703296,,,0,15,0.0,0,1
1,573,549,0,2,,,1.0,1.0,-14400.0,,,,1.0418181818181818,2505.0,0.0003992015968063,1,12,0.0,0,1
98,303,281,0,15,,,1.0,1.0,-14400.0,,,,1.074468085106383,2380.0,0.0411764705882352,1,19,0.0,0,1
35866,1128,863,1118,0,,,,1.0,-18000.0,,,,1.3055555555555556,1244.0,28.83118971061093,1,8,0.0,0,0
112,0,0,0,0,,,,1.0,10800.0,,,,0.0,869.0,0.1288837744533947,1,15,0.0,0,1
6569,391,147,9136,0,,,1.0,1.0,,,,,2.641891891891892,1096.0,5.993613138686132,1,2,0.0,0,0
42,2,36,0,0,,,,1.0,,,,,0.054054054054054,52.0,0.8076923076923077,0,13,0.0,0,1
2,327,311,0,4,,,1.0,1.0,-14400.0,,,,1.0480769230769231,2571.0,0.0007779074290159,1,18,0.0,0,1
3956,136,236,773,0,,,1.0,,28800.0,,,,0.5738396624472574,333.0,11.87987987987988,1,4,0.0,0,0
185,415,1103,0,1,,,,,,,,,0.3759057971014493,,,0,8,0.0,0,1
44,7,37,0,0,,,,1.0,,,,,0.1842105263157894,55.0,0.8,0,14,0.0,0,1
69,5,44,0,0,,,,1.0,,,,,0.1111111111111111,70.0,0.9857142857142858,0,16,0.0,0,1
802,106,203,11,3,,,,1.0,3600.0,,,,0.5196078431372549,1488.0,0.5389784946236559,1,14,0.0,0,0
276,59,604,0,0,,,,1.0,,,,,0.0975206611570247,127.0,2.173228346456693,0,13,0.0,0,1
46,2,35,0,0,,,,1.0,,,,,0.0555555555555555,52.0,0.8846153846153846,0,10,0.0,0,1
1094,602,885,0,5,1.0,,,1.0,10800.0,,,,0.6794582392776524,448.0,2.4419642857142856,1,20,0.0,0,1
2261,606,701,0,2,1.0,,,1.0,10800.0,,,,0.8632478632478633,754.0,2.9986737400530505,1,12,0.0,0,1
42,8,39,0,0,,,,1.0,,,,,0.2,53.0,0.7924528301886793,0,13,0.0,0,1
5003,89,120,22,0,,,,1.0,-18000.0,,,,0.7355371900826446,1725.0,2.900289855072464,1,12,0.0,0,0
59,4,40,0,1,,,,1.0,,,,,0.0975609756097561,65.0,0.9076923076923076,0,12,0.0,0,1
7,295,291,0,3,,,1.0,1.0,-14400.0,,,,1.0102739726027397,2541.0,0.0027548209366391,1,17,0.0,0,1
6039,393,775,2603,17,,,1.0,,-14400.0,,,,0.5064432989690721,2158.0,2.798424467099166,1,5,0.0,0,0
169,1357,2001,0,2,,,,,,,,,0.6778221778221778,,,1,14,0.0,0,1
169,682,531,0,24,,,1.0,1.0,-14400.0,,,,1.281954887218045,2489.0,0.0678987545198875,1,15,0.0,0,1
68,0,0,0,0,,,,1.0,10800.0,,,,0.0,874.0,0.0778032036613272,1,14,0.0,0,1
2,184,670,0,0,,,,,,,,,0.2742175856929955,,,0,5,0.2222222222222222,1,1
12330,1087,1844,1,7,,,,1.0,-18000.0,,,,0.589159891598916,1089.0,11.322314049586776,1,18,0.0,0,1
77,657,531,0,43,,,1.0,1.0,-14400.0,,,,1.2349624060150377,2505.0,0.0307385229540918,1,12,0.0,0,1
220,60,519,0,0,,,,1.0,,,,,0.1153846153846153,75.0,2.933333333333333,0,12,0.0,0,1
54,7,42,0,0,,,,1.0,,,,,0.1627906976744186,63.0,0.8571428571428571,0,11,0.0,0,1
25098,832,644,6107,1,1.0,,1.0,1.0,28800.0,,,,1.289922480620155,818.0,30.682151589242054,1,5,0.0,0,0
44,5,38,0,0,,,,1.0,,,,,0.1282051282051282,52.0,0.8461538461538461,0,13,0.0,0,1
63492,1616,1196,23832,27,,,1.0,1.0,-25200.0,,,,1.3500417710944026,1175.0,54.03574468085107,1,9,0.0,0,0
2782,212,185,5120,4,,,,,-10800.0,,,,1.1397849462365592,1169.0,2.3798118049615056,1,20,0.0,0,0
135,42,55,0,1,,,1.0,,,,,,0.75,1091.0,0.1237396883593033,0,14,0.0,0,0
361,60,223,99,0,,,,,-28800.0,,1.0,,0.2678571428571428,1372.0,0.2631195335276968,1,10,0.0,0,0
59,2,36,0,0,,,,1.0,,,,,0.054054054054054,72.0,0.8194444444444444,0,15,0.0,0,1
19548,2441,103,26245,24,,,,1.0,-14400.0,,,,23.471153846153847,324.0,60.333333333333336,1,11,0.0,0,0
25631,739,691,13006,5,1.0,,1.0,1.0,,,,,1.067919075144509,404.0,63.443069306930695,1,5,0.0,0,0
183,620,538,0,18,,,1.0,1.0,-14400.0,,,,1.150278293135436,2505.0,0.0730538922155688,1,12,0.0,0,1
12441,723,1994,1,2,1.0,,,1.0,,,,,0.362406015037594,776.0,16.03221649484536,1,16,0.0,0,1
19081,938,524,8860,6,,,1.0,1.0,36000.0,,,,1.7866666666666666,630.0,30.287301587301588,1,8,0.0,0,0
54,581,539,0,17,,,1.0,1.0,-14400.0,,,,1.075925925925926,2505.0,0.0215568862275449,1,12,0.0,0,1
1826,540,1549,23,8,,,1.0,1.0,,,,,0.3483870967741935,1778.0,1.0269966254218224,1,10,0.0,0,0
6165,181,1788,0,2,1.0,,,1.0,-14400.0,,,,0.1011738401341531,1007.0,6.12214498510427,1,13,0.0,0,1
8822,638,649,504,0,,,,1.0,28800.0,,,,0.9815384615384616,1190.0,7.413445378151261,1,4,0.0,0,0
3291,665,96,10758,2,,,1.0,,28800.0,,,,6.855670103092783,899.0,3.660734149054505,1,15,0.0,0,0
36705,599,256,76,8,,,1.0,1.0,-25200.0,,,,2.330739299610895,2079.0,17.655122655122653,1,7,0.0,0,0
31,227,221,0,1,,,1.0,1.0,-14400.0,,,,1.0225225225225223,2464.0,0.0125811688311688,1,18,0.0,0,1
85,0,0,0,0,,,,1.0,10800.0,,,,0.0,872.0,0.0974770642201834,1,16,0.0,0,1
41,8,38,0,0,,,,1.0,,,,,0.2051282051282051,54.0,0.7592592592592593,0,16,0.0,0,1
6904,46,118,176,3,,,,1.0,-18000.0,,,,0.3865546218487395,2168.0,3.1845018450184504,1,12,0.0,0,0
45,6,37,0,0,,,,1.0,,,,,0.1578947368421052,58.0,0.7758620689655172,0,15,0.0,0,1
83,4,41,0,1,,,,1.0,,,,,0.0952380952380952,73.0,1.1369863013698631,0,14,0.0,0,1
46,3,41,0,0,,,,1.0,,,,,0.0714285714285714,58.0,0.7931034482758621,0,12,0.0,0,1
26645,1618,1502,3425,11,,,1.0,1.0,-25200.0,,,,1.076513639387891,1128.0,23.62145390070922,1,8,0.0,0,0
7959,577,215,667,1,,,,,-14400.0,,,,2.6712962962962963,576.0,13.817708333333334,1,5,0.0,0,0
63,6,42,0,0,,,,1.0,,,,,0.1395348837209302,72.0,0.875,0,15,0.0,0,1
53,4,43,0,0,,,,1.0,,,,,0.0909090909090909,60.0,0.8833333333333333,0,13,0.0,0,1
47,0,0,0,0,,,,1.0,10800.0,,,,0.0,874.0,0.0537757437070938,1,13,0.0,0,1
42,1,34,0,0,,,,1.0,,,,,0.0285714285714285,55.0,0.7636363636363637,0,15,0.0,0,1
48,2,44,0,0,,1.0,,1.0,,,,,0.0444444444444444,54.0,0.8888888888888888,0,12,0.0,0,1
55,2,0,0,0,,,,1.0,10800.0,,,,2.0,874.0,0.062929061784897,1,13,0.0,0,1
11496,1402,909,0,108,,,1.0,1.0,19800.0,,,,1.5406593406593407,1632.0,7.044117647058823,1,20,0.0,0,0
43,7,45,0,0,,,,1.0,,,,,0.1521739130434782,69.0,0.6231884057971014,0,15,0.0,0,1
1560,350,106,806,35,1.0,,,1.0,,,,,3.2710280373831777,428.0,3.644859813084112,1,5,0.0,0,0
3741,601,986,4037,2,1.0,,1.0,1.0,,,,,0.6089159067882473,549.0,6.814207650273224,1,8,0.0,0,0
49634,752,201,22587,4,1.0,,1.0,1.0,,,,,3.722772277227723,558.0,88.94982078853046,1,6,0.0714285714285714,1,0
46,5,38,0,0,,,,1.0,,,,,0.1282051282051282,58.0,0.7931034482758621,0,13,0.0,0,1
3185,35,342,0,0,1.0,,,1.0,,,,,0.1020408163265306,92.0,34.619565217391305,1,12,0.0,0,1
64,2,47,0,0,,,,1.0,,,,,0.0416666666666666,70.0,0.9142857142857144,0,11,0.0,0,1
81,8,43,0,0,,,,1.0,,,,,0.1818181818181818,76.0,1.0657894736842106,0,13,0.0,0,1
2340,112,136,7828,0,,,,,-18000.0,,,,0.8175182481751825,523.0,4.474187380497132,1,7,0.0,0,0
5802,240,1852,0,0,,,,1.0,-14400.0,,,,0.1295196977873718,1006.0,5.7673956262425445,1,13,0.0,0,1
16872,539,438,807,3,,,1.0,1.0,-28800.0,,,,1.2277904328018223,1583.0,10.658243840808591,1,5,0.0,0,0
40,5,40,0,1,,,,1.0,,,,,0.1219512195121951,59.0,0.6779661016949152,0,13,0.0,0,1
68,5,42,0,0,,,,1.0,,,,,0.1162790697674418,69.0,0.9855072463768116,0,12,0.0,0,1
443,4090,4498,0,1,,,,1.0,10800.0,,,,0.9090909090909092,910.0,0.4868131868131868,0,13,0.0,0,1
243,402,311,0,59,,,1.0,1.0,-14400.0,,,,1.2884615384615383,2383.0,0.1019723038187159,1,19,0.0,0,1
451,109,91,60,2,1.0,,1.0,1.0,,,,,1.184782608695652,558.0,0.8082437275985663,1,12,0.0,0,0
62,4,32,0,0,,,,1.0,,,,,0.1212121212121212,68.0,0.9117647058823528,0,15,0.0,0,1
2759,555,422,1730,0,,,1.0,1.0,-25200.0,,,,1.3120567375886525,2157.0,1.2790913305516922,1,5,0.0,0,0
3807,442,414,1749,5,1.0,,1.0,1.0,,,,,1.0650602409638554,198.0,19.227272727272727,1,8,0.0,0,0
1,34,288,0,0,,,,,,,,,0.1176470588235294,,,0,10,0.3333333333333333,1,1
57,1,38,0,0,,,,1.0,,,,,0.0256410256410256,64.0,0.890625,0,13,0.0,0,1
3098,2506,1991,229,194,,,,1.0,-18000.0,,,,1.2580321285140563,2274.0,1.3623570800351803,1,12,0.0,0,0
46,1,34,0,0,,,,1.0,,,,,0.0285714285714285,53.0,0.8679245283018868,0,13,0.0,0,1
365,5059,5375,0,6,,,,1.0,10800.0,,,,0.9410342261904762,799.0,0.4568210262828536,1,5,0.0,0,1
50703,520,473,17380,17,1.0,,1.0,1.0,,,,,1.0970464135021096,1022.0,49.61154598825832,1,13,0.0,0,0
7410,324,292,5131,1,,,1.0,,,,,,1.10580204778157,475.0,15.6,1,8,0.0,0,0
230131,1994,496,165741,29,,,1.0,1.0,19800.0,,,,4.012072434607646,1244.0,184.9927652733119,1,13,0.1428571428571428,1,0
43,665,1977,0,2,,,,,,,,,0.3361981799797776,,,0,14,0.0,0,1
1432,108,105,3786,5,,,1.0,1.0,,,,,1.018867924528302,454.0,3.154185022026432,1,6,0.0,0,0
45,1,39,0,0,,,,1.0,,,,,0.025,55.0,0.8181818181818182,0,13,0.0,0,1
15793,549,307,13755,2,,,,1.0,-18000.0,,,,1.7824675324675323,1276.0,12.376959247648903,1,19,0.0,0,0
1352,1048,2000,115,8,,,,,-25200.0,,,,0.5237381309345327,265.0,5.10188679245283,1,12,0.1,1,0
12,335,278,0,2,,,1.0,1.0,-25200.0,,,,1.200716845878136,1415.0,0.0084805653710247,1,15,0.0,0,1
55,4,40,0,0,,,,1.0,,,,,0.0975609756097561,68.0,0.8088235294117647,0,14,0.0,0,1
16,676,1956,0,13,,,,,,,,,0.345426673479816,,,1,13,0.0,0,1
6,195,182,0,12,,,1.0,1.0,-28800.0,,,,1.0655737704918034,1531.0,0.0039190071848465,1,15,0.0,0,1
47,5,30,0,0,,,,1.0,,,,,0.1612903225806451,60.0,0.7833333333333333,0,15,0.0,0,1
46,6,37,0,0,,,,1.0,,,,,0.1578947368421052,69.0,0.6666666666666666,0,16,0.0,0,1
230,4222,4611,0,3,,,,1.0,10800.0,,,,0.9154379878577624,873.0,0.2634593356242841,1,7,0.0,0,1
1171,945,1176,0,0,1.0,,,1.0,10800.0,,,,0.8028887000849617,446.0,2.625560538116592,1,6,0.0,0,1
8,3534,3901,0,82,,,,,,,,,0.9056893900563814,,,1,12,0.0,0,1
55,2,34,0,0,,,,1.0,,,,,0.0571428571428571,63.0,0.873015873015873,0,14,0.0,0,1
9053,195,135,4675,1,,,1.0,1.0,-25200.0,,,,1.4338235294117647,1336.0,6.776197604790419,1,8,0.0,0,0
62,6,42,0,0,,,,1.0,,,,,0.1395348837209302,70.0,0.8857142857142857,0,12,0.0,0,1
96566,4955,4359,14265,48,,,,1.0,10800.0,,,,1.136467889908257,1100.0,87.78727272727272,1,5,0.0,0,0
14451,1517,1613,1,16,,,,1.0,-14400.0,,,,0.9399008674101612,1402.0,10.307417974322396,1,14,0.0,0,1
12006,1149,1982,1,10,1.0,,,1.0,,,,,0.5794251134644478,776.0,15.471649484536082,1,12,0.0,0,1
1,205,592,0,0,,,,,,,,,0.3456998313659359,,,0,7,0.1818181818181818,1,1
1,53,1509,0,0,,,,,,,,,0.0350993377483443,,,0,15,0.0,0,1
4789,439,287,7911,1,,,1.0,1.0,-25200.0,,,,1.5243055555555556,928.0,5.160560344827586,1,6,0.1538461538461538,1,0
203,343,283,0,48,,,1.0,1.0,-18000.0,,,,1.2077464788732395,2382.0,0.0852225020990764,1,19,0.0,0,1
46,2,41,0,0,1.0,,,1.0,,,,,0.0476190476190476,57.0,0.8070175438596491,0,14,0.0,0,1
364,522,272,0,46,,,1.0,1.0,-14400.0,,,,1.912087912087912,2558.0,0.1422986708365911,1,18,0.0,0,1
49,3,42,0,0,,,,1.0,,,,,0.0697674418604651,64.0,0.765625,0,12,0.0,0,1
1,20,754,0,0,,,,,,,,,0.0264900662251655,,,0,14,0.0,0,1
18458,221,321,641,2,,,,1.0,28800.0,,,,0.6863354037267081,1942.0,9.50463439752832,1,13,0.0,0,0
485,58,101,1,5,,,,1.0,-25200.0,,,,0.5686274509803921,2654.0,0.1827430293896006,1,10,0.0,0,0
6679,589,613,9902,2,1.0,,1.0,1.0,,,,,0.9592833876221498,2145.0,3.1137529137529136,1,11,0.0,0,0
4591,42,24,2646,2,,,1.0,1.0,,,,,1.68,585.0,7.847863247863247,1,15,0.0,0,0
27,55,160,1,1,,,,,,,,,0.3416149068322981,,,0,15,0.0,0,1
44,3,40,0,0,,,,1.0,,,,,0.073170731707317,56.0,0.7857142857142857,0,13,0.0,0,1
66,0,0,0,0,,,,1.0,10800.0,,,,0.0,803.0,0.0821917808219178,1,15,0.0,0,1
84,416,1866,0,0,,,,,,,,,0.2228173540439207,,,1,16,0.0,0,1
78,634,1877,0,0,,,,,,,,,0.3375931842385516,,,1,16,0.0,0,1
43,5,36,0,0,,,,1.0,,,,,0.1351351351351351,52.0,0.8269230769230769,0,14,0.0,0,1
2449,148,134,495,0,,,1.0,1.0,-18000.0,,,,1.0962962962962963,2201.0,1.1126760563380282,1,15,0.0,0,0
92,292,244,0,18,,,1.0,1.0,-14400.0,,,,1.1918367346938776,2573.0,0.0357559269335406,1,17,0.0,0,1
34,3,38,0,0,,,,1.0,,,,,0.0769230769230769,53.0,0.6415094339622641,0,15,0.0,0,1
143,12475,12131,0,91,,,,,,,,,1.0282723376195186,,,1,12,0.0,0,1
4,347,292,0,17,,,1.0,1.0,-14400.0,,,,1.1843003412969284,2565.0,0.0015594541910331,1,15,0.0,0,1
41,2,40,0,0,,,,1.0,,,,,0.048780487804878,58.0,0.7068965517241379,0,11,0.0,0,1
595,75,63,273,0,,,,1.0,28800.0,,,,1.171875,559.0,1.0644007155635062,1,7,0.0,0,0
154,82,54,8,0,1.0,,,1.0,,,,,1.490909090909091,566.0,0.2720848056537102,1,18,0.0,0,1
9001,126,135,3987,1,,,1.0,1.0,28800.0,,,,0.9264705882352942,574.0,15.681184668989546,1,16,0.0,0,0
17282,242,139,466,16,,,1.0,1.0,7200.0,,,,1.7285714285714286,2570.0,6.724513618677043,1,10,0.0,0,0
10755,663,337,0,1,1.0,,,1.0,,,,,1.9615384615384612,776.0,13.859536082474229,1,14,0.0,0,1
46,0,0,0,0,1.0,,,1.0,10800.0,,,,0.0,874.0,0.0526315789473684,1,15,0.0,0,1
11644,1884,337,361,41,,,1.0,,-18000.0,,,,5.57396449704142,2074.0,5.61427193828351,1,18,0.0,0,0
45,5,34,0,0,,,,1.0,,,,,0.1428571428571428,55.0,0.8181818181818182,0,12,0.0,0,1
330,4189,4447,0,5,,,,1.0,10800.0,,,,0.9417715827338128,801.0,0.4119850187265917,0,18,0.0,0,1
3361,361,670,10832,1,1.0,,1.0,1.0,-25200.0,,,,0.5380029806259314,585.0,5.745299145299145,1,5,0.0,0,0
5,518,494,0,10,,,1.0,1.0,-14400.0,,,,1.0464646464646463,2412.0,0.0020729684908789,1,12,0.0,0,1
59,7,48,0,1,,,,1.0,,,,,0.1428571428571428,68.0,0.8676470588235294,0,13,0.0,0,1
17,758,2000,0,1,,,,,,,,,0.3788105947026486,,,0,14,0.0,0,1
25931,555,365,1600,2,,,,1.0,,,,,1.5163934426229508,449.0,57.75278396436526,1,10,0.0833333333333333,1,0
21206,304,310,403,2,,,1.0,1.0,-28800.0,,,,0.977491961414791,2181.0,9.723062815222375,1,14,0.0,0,0
36,10,43,0,0,,,,1.0,,,,,0.2272727272727272,70.0,0.5142857142857142,0,12,0.0,0,1
56,297,1988,0,1,,,,,,,,,0.1493212669683258,,,0,22,0.0,0,1
19,249,184,0,21,,,1.0,1.0,-14400.0,,,,1.345945945945946,2564.0,0.0074102964118564,1,20,0.0,0,1
10720,901,1727,0,16,,,,1.0,-14400.0,,,,0.5214120370370371,784.0,13.673469387755102,1,16,0.0,0,1
2204,180,158,363,0,1.0,,,1.0,,,,,1.1320754716981132,303.0,7.273927392739274,1,6,0.0714285714285714,1,0
34,4,35,0,0,,,,1.0,,,,,0.1111111111111111,58.0,0.5862068965517241,0,10,0.0,0,1
59,6,36,0,0,,,,1.0,,,,,0.1621621621621621,68.0,0.8676470588235294,0,12,0.0,0,1
12,300,290,0,4,,,1.0,1.0,-14400.0,,,,1.0309278350515465,2567.0,0.0046747175691468,1,18,0.0,0,1
37,6,40,0,0,,,,1.0,,,,,0.1463414634146341,56.0,0.6607142857142857,0,15,0.0,0,1
2,305,293,0,6,,,1.0,1.0,-14400.0,,,,1.0374149659863945,2525.0,0.0007920792079207,1,17,0.0,0,1
8095,843,622,3320,15,,,1.0,1.0,32400.0,,,,1.3531300160513644,1864.0,4.342811158798283,1,3,0.0,0,0
53,7,50,0,0,,,,1.0,,,,,0.1372549019607843,72.0,0.7361111111111112,0,12,0.0,0,1
55,466,1950,2,6,,,,,,,,,0.238851870835469,,,0,5,0.0,0,1
1599,119,145,272,4,,,1.0,1.0,-14400.0,,,,0.815068493150685,2395.0,0.6676409185803758,1,15,0.0,0,0
18216,537,475,1489,0,,,1.0,1.0,-10800.0,,,,1.1281512605042017,1195.0,15.243514644351464,1,7,0.0,0,0
75,257,1978,0,4,,,,,,,,,0.1298635674583123,,,0,12,0.1111111111111111,1,1
8643,254,336,64,1,,,1.0,1.0,-25200.0,,,,0.7537091988130564,1610.0,5.368322981366459,1,7,0.1111111111111111,1,0
45,7,41,0,0,,,,1.0,,,,,0.1666666666666666,59.0,0.7627118644067796,0,12,0.0,0,1
24,0,0,0,0,,,,1.0,10800.0,,,,0.0,871.0,0.0275545350172215,1,14,0.0,0,1
239,224,177,0,0,,,,1.0,,,,,1.2584269662921348,154.0,1.551948051948052,1,14,0.0,0,1
88,5,48,0,0,,,,1.0,,,,,0.1020408163265306,75.0,1.1733333333333331,0,14,0.0,0,1
40,6,33,0,0,,,,1.0,,,,,0.1764705882352941,53.0,0.7547169811320755,0,14,0.0,0,1
45,3,40,0,0,,,,1.0,,,,,0.073170731707317,58.0,0.7758620689655172,0,13,0.0,0,1
13,293,282,0,0,,,1.0,1.0,-18000.0,,,,1.0353356890459364,2170.0,0.0059907834101382,1,18,0.0,0,1
399,714,288,0,60,,,1.0,1.0,-14400.0,,,,2.4705882352941178,2558.0,0.1559812353401094,1,18,0.0,0,1
1,210,599,0,1,,,,,,,,,0.35,,,0,8,0.1666666666666666,1,1
9585,326,216,178,2,,,,1.0,-18000.0,,,,1.5023041474654375,1484.0,6.458894878706199,1,3,0.0,0,0
58,8,42,0,0,,,,1.0,,,,,0.1860465116279069,69.0,0.8405797101449275,0,8,0.0,0,1
67,3,35,0,0,,,,1.0,,,,,0.0833333333333333,70.0,0.9571428571428572,0,15,0.0,0,1
73,9,47,0,0,,,,1.0,,,,,0.1875,73.0,1.0,0,9,0.0,0,1
3338,434,448,978,0,,,1.0,1.0,-18000.0,,,,0.9665924276169264,357.0,9.35014005602241,1,15,0.0,0,0
81569,1227,273,735,5,,,1.0,1.0,10800.0,,,,4.478102189781022,1647.0,49.52580449301761,1,15,0.0,0,0
39,10,44,0,0,,,,1.0,,,,,0.2222222222222222,67.0,0.582089552238806,0,16,0.0,0,1
41,2,40,0,0,,,,1.0,,,,,0.048780487804878,52.0,0.7884615384615384,0,12,0.0,0,1
8623,409,290,2686,1,,,1.0,1.0,,,,,1.4054982817869417,1047.0,8.235912129894938,1,2,0.0,0,0
63,4,35,0,0,,,,1.0,,,,,0.1111111111111111,73.0,0.863013698630137,0,13,0.0,0,1
144,19,41,0,0,,,,1.0,10800.0,,,,0.4523809523809524,874.0,0.1647597254004576,1,16,0.0,0,1
1801,360,369,256,8,1.0,,1.0,1.0,-25200.0,,,,0.972972972972973,2095.0,0.8596658711217183,1,12,0.0,0,0
2216,40,53,91,2,1.0,,1.0,1.0,32400.0,,,,0.7407407407407407,726.0,3.0523415977961434,1,6,0.3333333333333333,1,0
64,958,905,0,36,,,,,,,,,1.0573951434878588,,,1,4,0.2,1,1
1,88,467,0,1,,,,,,,,,0.188034188034188,,,0,6,0.2,1,1
50,0,34,0,0,,,,1.0,,,,,0.0,67.0,0.746268656716418,0,16,0.0,0,1
59,9,39,0,1,,,,1.0,,,,,0.225,67.0,0.8805970149253731,0,14,0.0,0,1
6433,357,341,5881,1,,,1.0,1.0,-21600.0,,,,1.043859649122807,1289.0,4.990690457719162,1,7,0.0,0,0
14253,266,166,6836,0,,,1.0,1.0,-25200.0,,,,1.592814371257485,592.0,24.076013513513512,1,3,0.0,0,0
75,10,50,0,0,,,,1.0,,,,,0.196078431372549,74.0,1.0135135135135136,0,13,0.0,0,1
1,95,591,0,0,,,,,,,,,0.1604729729729729,,,0,5,0.2222222222222222,1,1
7679,289,320,1756,1,1.0,,1.0,1.0,-25200.0,,,,0.9003115264797508,1507.0,5.095554080955541,1,4,0.0,0,0
18,454,1949,1,2,,,,,,,,,0.2328205128205128,,,0,18,0.2,1,1
3803,2061,2275,0,8,,,,,,,,,0.905536028119508,,,1,8,0.0,0,1
44,1,0,0,0,,,,1.0,10800.0,,,,1.0,874.0,0.0503432494279176,1,16,0.0,0,1
7975,398,350,11,2,,,,1.0,-25200.0,,,,1.1339031339031338,1769.0,4.508196721311475,1,18,0.0,0,1
68,292,278,0,14,,,1.0,1.0,-14400.0,,,,1.0465949820788532,2383.0,0.0285354595048258,1,19,0.0,0,1
57,9,37,0,0,,,,1.0,,,,,0.2368421052631578,69.0,0.8260869565217391,0,10,0.0,0,1
834,70,88,483,1,,,,1.0,,,,,0.7865168539325843,160.0,5.2125,0,19,0.2222222222222222,1,0
47,2,49,0,0,,,,1.0,,,,,0.04,69.0,0.6811594202898551,0,13,0.0,0,1
1,209,186,0,3,,,1.0,1.0,-14400.0,,,,1.1176470588235294,2564.0,0.000390015600624,1,20,0.0,0,1
141,77,179,3,0,,,,1.0,,,,,0.4277777777777777,160.0,0.88125,0,10,0.0,0,1
42,3,44,0,0,,,,1.0,,,,,0.0666666666666666,58.0,0.7241379310344828,0,14,0.0,0,1
16828,384,345,464,5,,,1.0,1.0,-18000.0,,,,1.1098265895953756,1195.0,14.082008368200835,1,16,0.1666666666666666,1,0
58,2,46,0,0,,,,1.0,,,,,0.0425531914893617,75.0,0.7733333333333333,0,14,0.0,0,1
5,319,289,0,3,,,1.0,1.0,-14400.0,,,,1.1,2554.0,0.0019577133907595,1,18,0.0,0,1
60,924,2001,1,4,,,,,,,,,0.4615384615384615,,,0,19,0.0,0,1
65,580,1888,0,0,,,,,,,,,0.3070407623080995,,,1,9,0.0,0,1
61,9,42,0,0,,,,1.0,,,,,0.2093023255813953,69.0,0.8840579710144928,0,15,0.0,0,1
25,1,0,0,0,,,,1.0,10800.0,,,,1.0,870.0,0.028735632183908,1,13,0.0,0,1
32,290,283,0,6,,,1.0,1.0,-14400.0,,,,1.0211267605633805,2380.0,0.0134453781512605,1,19,0.0,0,1
9493,12478,1131,5393,306,,,1.0,1.0,,,,,11.02296819787986,1273.0,7.457187745483111,1,10,0.0,0,0
31,563,519,0,10,,,1.0,1.0,-14400.0,,,,1.0826923076923076,2492.0,0.0124398073836276,1,12,0.0,0,1
75,4,40,0,0,,,,1.0,,,,,0.0975609756097561,74.0,1.0135135135135136,0,15,0.0,0,1
38,7,41,0,0,,,,1.0,,,,,0.1666666666666666,70.0,0.5428571428571428,0,14,0.0,0,1
783,816,508,0,129,,,1.0,1.0,-14400.0,,,,1.6031434184675837,2489.0,0.3145841703495379,1,11,0.0,0,1
14998,322,263,4973,1,,,1.0,1.0,-25200.0,,,,1.2196969696969695,1521.0,9.860618014464167,1,10,0.1666666666666666,1,0
1447,321,1605,165,3,,,1.0,1.0,19800.0,,,,0.1998754669987546,1855.0,0.7800539083557951,1,12,0.2222222222222222,1,0
24,270,260,0,8,,,1.0,1.0,-14400.0,,,,1.0344827586206895,2381.0,0.0100797984040319,1,19,0.0,0,1
3,102,1765,0,2,,,,,,,,,0.0577576443941109,,,0,14,0.3333333333333333,1,1
1,108,640,0,1,,,,,,,,,0.1684867394695788,,,0,7,0.1818181818181818,1,1
1,273,267,0,0,,,1.0,1.0,-25200.0,,,,1.0186567164179106,1704.0,0.0005868544600938,1,19,0.0,0,1
89,450,1849,0,2,,,,,,,,,0.2432432432432432,,,1,13,0.0,0,1
110,19,27,0,0,1.0,,,1.0,10800.0,,,,0.6785714285714286,873.0,0.1260022909507445,1,16,0.0,0,1
61,7,39,0,0,,,,1.0,,,,,0.175,67.0,0.9104477611940298,0,11,0.0,0,1
384,5052,5503,0,5,,,,1.0,10800.0,,,,0.9178779069767442,718.0,0.5348189415041783,1,8,0.0,0,1
29910,249,185,9304,4,,,,,,,,,1.3387096774193548,499.0,59.93987975951904,1,12,0.0,0,0
106,295,262,0,19,,,1.0,1.0,-14400.0,,,,1.1216730038022813,2381.0,0.0445191096178076,1,18,0.0,0,1
40,6,35,0,0,,,,1.0,,,,,0.1666666666666666,68.0,0.5882352941176471,0,15,0.0,0,1
44,4,40,0,0,,,,1.0,,,,,0.0975609756097561,54.0,0.8148148148148148,0,15,0.0,0,1
203,658,537,0,13,,,1.0,1.0,-14400.0,,,,1.2230483271375463,2505.0,0.0810379241516966,1,12,0.0,0,1
49,5,45,0,0,,,,1.0,,,,,0.108695652173913,70.0,0.7,0,12,0.0,0,1
11843,1019,1223,2649,4,1.0,,,1.0,,,,,0.8325163398692811,537.0,22.054003724394786,1,10,0.0,0,0
41,6,42,0,0,,,,1.0,,,,,0.1395348837209302,54.0,0.7592592592592593,0,13,0.0,0,1
27538,2104,972,2045,8,,,1.0,1.0,28800.0,,,,2.1623843782117165,1221.0,22.553644553644556,1,12,0.1333333333333333,1,0
41,5,42,0,0,,,,1.0,,,,,0.1162790697674418,68.0,0.6029411764705882,0,13,0.0,0,1
133,27,29,0,0,,,,1.0,10800.0,,,,0.9,873.0,0.1523482245131729,1,14,0.0,0,1
43,4,40,0,1,,,,1.0,,,,,0.0975609756097561,53.0,0.8113207547169812,0,13,0.0,0,1
78,4,41,0,0,,,,1.0,,,,,0.0952380952380952,72.0,1.0833333333333333,0,15,0.0,0,1
43,0,0,0,0,,,,1.0,10800.0,,,,0.0,796.0,0.0540201005025125,1,16,0.0,0,1
2151,2912,804,89,83,,,1.0,1.0,3600.0,,,,3.617391304347826,2311.0,0.9307659022068367,1,12,0.0,0,0
139,281,334,0,0,,,,1.0,10800.0,,,,0.8388059701492537,875.0,0.1588571428571428,1,12,0.0,0,1
35,0,49,0,1,,,,1.0,,,,,0.0,68.0,0.5147058823529411,0,15,0.0,0,1
32311,655,512,4023,12,,,1.0,1.0,28800.0,,1.0,,1.2768031189083822,1810.0,17.851381215469612,1,2,0.3333333333333333,1,0
10594,559,1267,1,3,1.0,,,1.0,,,,,0.4408517350157728,776.0,13.652061855670103,1,11,0.0,0,1
10467,253,110,2634,2,,,1.0,1.0,-18000.0,,,,2.279279279279279,1127.0,9.28748890860692,1,6,0.0,0,0
6141,223,318,23,1,,,1.0,1.0,-18000.0,,,,0.6990595611285266,1417.0,4.333803810868031,1,13,0.0,0,0
62,0,0,0,0,,,,1.0,10800.0,,,,0.0,873.0,0.0710194730813287,1,14,0.0,0,1
102,34,100,0,0,,,,1.0,10800.0,,,,0.3366336633663366,869.0,0.1173762945914844,1,11,0.0,0,1
37,942,1935,0,3,,,,,,,,,0.4865702479338843,,,0,10,0.1,1,1
61,11,42,0,0,,,,1.0,,,,,0.2558139534883721,73.0,0.8356164383561644,0,11,0.0,0,1
51,8,35,0,0,,,,1.0,,,,,0.2222222222222222,68.0,0.75,0,16,0.0,0,1
41,7,37,0,0,,,,1.0,,,,,0.1842105263157894,56.0,0.7321428571428571,0,11,0.0,0,1
16068,1068,678,3626,33,1.0,,1.0,1.0,-18000.0,,,,1.572901325478645,1865.0,8.615549597855228,1,13,0.0,0,0
42,0,0,0,0,,,,1.0,10800.0,,,,0.0,870.0,0.0482758620689655,1,15,0.0,0,1
2,61,1455,0,1,,,,,,,,,0.0418956043956043,,,0,11,0.0769230769230769,1,1
48,5,42,0,0,,,,1.0,,,,,0.1162790697674418,59.0,0.8135593220338984,0,14,0.0,0,1
9747,384,489,6313,2,,,1.0,1.0,-25200.0,,,,0.7836734693877551,880.0,11.076136363636364,1,14,0.0,0,0
2,602,494,0,22,,,,1.0,-14400.0,,,,1.2161616161616162,2397.0,0.0008343763037129,1,16,0.0769230769230769,1,1
35,5,36,0,0,,,,1.0,,,,,0.1351351351351351,58.0,0.603448275862069,0,14,0.0,0,1
276,234,137,544,2,1.0,,,1.0,,,,,1.6956521739130437,1121.0,0.2462087421944692,1,15,0.0,0,0
39,4,42,0,0,,,,1.0,,,,,0.0930232558139534,53.0,0.7358490566037735,0,9,0.0,0,1
2685,167,156,1888,1,,,1.0,1.0,-21600.0,,,,1.0636942675159236,1089.0,2.465564738292011,0,4,0.0,0,0
760,406,281,0,74,,,1.0,1.0,-14400.0,,,,1.4397163120567376,2381.0,0.3191936161276774,1,18,0.0,0,1
1116,78,136,307,4,1.0,,1.0,1.0,3600.0,,,,0.5693430656934306,264.0,4.227272727272728,1,6,0.0,0,0
3,282,280,0,2,,,,1.0,,,,,1.00355871886121,1643.0,0.0018259281801582,1,13,0.0,0,1
11841,1046,1499,1,5,,,,1.0,-18000.0,,,,0.6973333333333334,1275.0,9.287058823529412,1,17,0.0,0,1
28353,343,320,6442,2,,,1.0,,,,,,1.0685358255451711,920.0,30.818478260869565,1,16,0.25,1,0
60,5,41,0,0,,,,1.0,,,,,0.119047619047619,61.0,0.9836065573770492,0,14,0.0,0,1
11346,632,1376,1,8,1.0,,,1.0,,,,,0.4589687726942629,536.0,21.167910447761194,1,17,0.0,0,1
734,172,171,6859,0,,,1.0,1.0,-14400.0,,,,1.0,1414.0,0.5190947666195191,1,4,0.0,0,0
1196,202,199,1134,0,1.0,,1.0,1.0,,,,,1.01,739.0,1.618403247631935,1,20,0.0,0,0
39,5,41,0,0,,,,1.0,,,,,0.119047619047619,54.0,0.7222222222222222,0,15,0.0,0,1
516,473,250,0,64,,,1.0,1.0,-14400.0,,,,1.8844621513944224,2401.0,0.2149104539775093,1,20,0.0,0,1
45,4,35,0,0,,,,1.0,,,,,0.1111111111111111,60.0,0.75,0,16,0.0,0,1
54,3,35,0,0,,,,1.0,,,,,0.0833333333333333,70.0,0.7714285714285715,0,16,0.0,0,1
65,4,37,0,0,,,,1.0,,,,,0.1052631578947368,71.0,0.9154929577464788,0,10,0.0,0,1
363,136,921,1185,1,1.0,,1.0,1.0,-25200.0,,,,0.1475054229934924,2182.0,0.1663611365719523,1,16,0.0666666666666666,1,0
127,590,494,0,55,,,1.0,1.0,-14400.0,,,,1.1919191919191918,2482.0,0.0511684125705076,1,12,0.0,0,1
67,1,0,0,0,,,,1.0,10800.0,,,,1.0,875.0,0.0765714285714285,1,13,0.0,0,1
8641,393,985,4128,34,,,1.0,1.0,-25200.0,,,,0.3985801217038539,2747.0,3.145613396432472,1,13,0.0,0,0
19678,423,261,10626,4,,,,1.0,-14400.0,,,,1.6145038167938932,1607.0,12.245177349097698,1,20,0.0,0,0
125,296,435,1071,0,,,1.0,1.0,,,,,0.6788990825688074,528.0,0.2367424242424242,1,15,0.0,0,0
39,5,38,0,0,,,,1.0,,,,,0.1282051282051282,58.0,0.6724137931034483,0,16,0.0,0,1
33,7,35,0,0,,,,1.0,,,,,0.1944444444444444,54.0,0.6111111111111112,0,12,0.0,0,1
1785,181,216,14,1,,,1.0,1.0,3600.0,,,,0.8341013824884793,1642.0,1.087088915956151,1,6,0.0,0,0
45,7,39,0,0,,,,1.0,,,,,0.175,68.0,0.6617647058823529,0,15,0.0,0,1
18366,180,548,1385,6,,,1.0,1.0,28800.0,,,,0.3278688524590163,1373.0,13.376547705753824,1,11,0.0,0,0
78,5,36,0,0,,,,1.0,,,,,0.1351351351351351,74.0,1.054054054054054,0,13,0.0,0,1
42,3,37,0,0,,,,1.0,,,,,0.0789473684210526,58.0,0.7241379310344828,0,14,0.0,0,1
3139,1776,2001,38,25,,,,1.0,3600.0,,,,0.8871128871128872,378.0,8.304232804232804,1,9,0.0,0,1
86156,103,9,0,4,1.0,,,1.0,,,,,10.3,725.0,118.83586206896553,1,11,0.0,0,0
48,3,40,0,0,,,,1.0,,,,,0.073170731707317,69.0,0.6956521739130435,0,11,0.0,0,1
1342,79,179,329,0,,,,1.0,-36000.0,,,,0.4388888888888889,1178.0,1.1392190152801358,0,8,0.0,0,0
43,5,46,0,0,,,,1.0,,,,,0.1063829787234042,59.0,0.7288135593220338,0,14,0.0,0,1
1754,137,534,2141,1,1.0,,,1.0,,,,,0.2560747663551402,296.0,5.925675675675675,1,14,0.2727272727272727,1,0
43,2,41,0,0,,,,1.0,,,,,0.0476190476190476,55.0,0.7818181818181819,0,10,0.0,0,1
3,266,261,0,4,,,1.0,1.0,-18000.0,,,,1.015267175572519,2380.0,0.0012605042016806,1,19,0.0,0,1
51,3,42,0,0,,,,1.0,,,,,0.0697674418604651,62.0,0.8225806451612904,0,13,0.0,0,1
70365,618,453,15626,3,,,1.0,1.0,,,,,1.3612334801762114,1133.0,62.10503089143866,1,12,0.0,0,0
11896,990,1859,0,0,1.0,,,1.0,,,,,0.532258064516129,776.0,15.329896907216495,1,15,0.0,0,1
1471,289,462,9,1,1.0,,,1.0,-10800.0,,,,0.6241900647948164,2201.0,0.6683325761017719,1,19,0.0,0,0
42,2,29,0,0,,,,1.0,,,,,0.0666666666666666,54.0,0.7777777777777778,0,14,0.0,0,1
720,111,67,788,0,1.0,,1.0,1.0,-25200.0,,,,1.6323529411764706,373.0,1.93029490616622,1,5,0.0,0,0
124,284,335,0,1,,,,1.0,10800.0,,,,0.8452380952380952,872.0,0.1422018348623853,1,10,0.0,0,1
13296,700,1482,1,7,,,,1.0,-18000.0,,,,0.4720161834120027,1318.0,10.088012139605462,1,13,0.0,0,1
28150,563,590,1885,25,,,1.0,1.0,,,,,0.9526226734348562,1633.0,17.238211879975506,1,18,0.0,0,0
1,162,507,0,0,,,,,,,,,0.3188976377952756,,,0,5,0.2222222222222222,1,1
2182,254,292,620,1,1.0,,1.0,1.0,,,,,0.8668941979522184,733.0,2.9768076398362893,1,8,0.0,0,0
50,5,39,0,0,,,,1.0,,,,,0.125,52.0,0.9615384615384616,0,12,0.0,0,1
11,260,254,0,0,,,1.0,1.0,-18000.0,,,,1.0196078431372548,2103.0,0.0052306229196386,1,19,0.0,0,1
54,3,32,0,0,,,,1.0,,,,,0.0909090909090909,62.0,0.8709677419354839,0,15,0.0,0,1
46,7,39,0,0,,,,1.0,,,,,0.175,59.0,0.7796610169491526,0,13,0.0,0,1
850,41,112,115,2,,,1.0,1.0,-28800.0,,,,0.3628318584070796,2014.0,0.4220456802383316,1,16,0.2857142857142857,1,0
1,47,1513,0,0,,,,,,,,,0.0310435931307793,,,0,11,0.0,0,1
13551,341,971,3285,3,,,1.0,1.0,28800.0,,,,0.3508230452674897,1764.0,7.681972789115647,1,13,0.0,0,0
371,106,266,111,0,1.0,,,1.0,-14400.0,,,,0.3970037453183521,2223.0,0.1668915879442195,1,11,0.125,1,0
52,4,39,0,0,,,,1.0,,,,,0.1,63.0,0.8253968253968254,0,13,0.0,0,1
57000,421,436,2061,6,,,,,-28800.0,,,,0.9633867276887872,2216.0,25.72202166064982,1,5,0.2857142857142857,1,0
15,186,171,0,10,,,1.0,1.0,-14400.0,,,,1.0813953488372092,2568.0,0.0058411214953271,1,19,0.0,0,1
42,5,38,0,0,,,,1.0,,,,,0.1282051282051282,53.0,0.7924528301886793,0,12,0.0,0,1
62,5,37,0,0,,,,1.0,,,,,0.131578947368421,69.0,0.8985507246376812,0,12,0.0,0,1
43,4,35,0,0,,,,1.0,,,,,0.1111111111111111,57.0,0.7543859649122807,0,12,0.0,0,1
15150,645,508,1409,2,,,1.0,1.0,-18000.0,,,,1.267190569744597,1859.0,8.14954276492738,1,4,0.0,0,0
68,3,41,0,0,,,,1.0,,,,,0.0714285714285714,70.0,0.9714285714285714,0,11,0.0,0,1
6095,710,373,539,6,,,1.0,1.0,-25200.0,,,,1.8983957219251335,1870.0,3.2593582887700534,1,14,0.0,0,0
71,590,526,0,11,,,1.0,1.0,-14400.0,,,,1.1195445920303606,2489.0,0.0285255122539172,1,15,0.0,0,1
5998,342,340,5834,0,1.0,,,1.0,-10800.0,,,,1.002932551319648,1350.0,4.442962962962963,1,9,0.0,0,0
337,47,71,74,0,1.0,,,1.0,10800.0,,,,0.6527777777777778,273.0,1.2344322344322345,1,3,0.0,0,0
46,4,39,0,0,,,,1.0,,,,,0.1,56.0,0.8214285714285714,0,12,0.0,0,1
86,970,1991,0,2,,,,,,,,,0.4869477911646586,,,0,19,0.0,0,1
8733,454,1931,0,0,1.0,,,1.0,,,,,0.2349896480331263,448.0,19.493303571428573,1,16,0.0,0,1
60,1,43,0,0,,,,1.0,,,,,0.0227272727272727,67.0,0.8955223880597015,0,13,0.0,0,1
5,305,290,0,1,,,1.0,1.0,-14400.0,,,,1.0481099656357389,2574.0,0.0019425019425019,1,17,0.0,0,1
2843,608,466,1654,0,1.0,,,1.0,-14400.0,,,,1.3019271948608138,1467.0,1.937968643490116,1,11,0.25,1,0
27,3,39,0,0,,,,1.0,,,,,0.075,53.0,0.5094339622641509,0,12,0.0,0,1
65,0,0,0,0,,,,1.0,10800.0,,,,0.0,871.0,0.0746268656716417,1,12,0.0,0,1
1476,813,837,207,21,,,1.0,1.0,-25200.0,,,,0.9701670644391408,2491.0,0.5925331192292252,1,9,0.0,0,0
46,2,46,0,0,,,,1.0,,,,,0.0425531914893617,53.0,0.8679245283018868,0,16,0.0,0,1
35,7,34,0,0,,,,1.0,,,,,0.2,53.0,0.660377358490566,0,15,0.0,0,1
44,330,243,0,25,,,1.0,1.0,-14400.0,,,,1.352459016393443,2523.0,0.0174395560840269,1,18,0.0,0,1
41,2,34,0,0,,,,1.0,,,,,0.0571428571428571,56.0,0.7321428571428571,0,10,0.0,0,1
2608,2686,2848,4,6,1.0,,,1.0,7200.0,,,,0.9427869427869427,760.0,3.431578947368421,0,8,0.0,0,1
163,1310,1999,0,5,,,,,,,,,0.655,,,1,13,0.0,0,1
1091,269,328,1151,0,1.0,,,1.0,,,,,0.817629179331307,338.0,3.227810650887574,1,3,0.0,0,0
85,0,0,0,0,,,,1.0,10800.0,,,,0.0,803.0,0.1058530510585305,1,14,0.0,0,1
43,5,38,0,1,,,,1.0,,,,,0.1282051282051282,70.0,0.6142857142857143,0,12,0.0,0,1
76,4,39,0,0,,,,1.0,,,,,0.1,73.0,1.0410958904109588,0,13,0.0,0,1
52,3,42,0,0,,,,1.0,,,,,0.0697674418604651,61.0,0.8524590163934426,0,16,0.0,0,1
44785,6093,92,6,195,,,1.0,1.0,-18000.0,,,,65.51612903225806,1742.0,25.7089552238806,1,12,0.0,0,0
17358,1500,464,3125,66,,,,1.0,,,,,3.225806451612903,1359.0,12.772626931567329,1,12,0.0,0,0
62,5,40,0,0,,,,1.0,,,,,0.1219512195121951,72.0,0.8611111111111112,0,14,0.0,0,1
56,10,39,0,1,,,,1.0,,,,,0.25,70.0,0.8,0,14,0.0,0,1
45041,615,445,4446,0,,,1.0,1.0,-18000.0,,,,1.3789237668161436,1232.0,36.55925324675325,0,6,0.0,0,0
8624,78,187,0,0,,,,1.0,,,,,0.4148936170212766,372.0,23.18279569892473,1,17,0.0,0,1
21,239,1045,0,2,,,,,,,,,0.2284894837476099,,,0,7,0.0714285714285714,1,1
41,169,151,0,12,,,1.0,1.0,-36000.0,,,,1.111842105263158,1280.0,0.03203125,1,20,0.0,0,1
42,5,39,0,0,,,,1.0,,,,,0.125,53.0,0.7924528301886793,0,11,0.0,0,1
74,5,44,0,0,,,,1.0,,,,,0.1111111111111111,72.0,1.0277777777777777,0,15,0.0,0,1
12,235,183,0,7,,,1.0,1.0,-14400.0,,,,1.2771739130434785,2564.0,0.0046801872074883,1,20,0.0,0,1
17384,3261,68,7690,21,,,1.0,,-10800.0,,,,47.26086956521739,1089.0,15.963269054178143,1,4,0.0,0,0
45,14,40,0,0,,,,1.0,,,,,0.3414634146341463,70.0,0.6428571428571429,0,8,0.0,0,1
60,3,29,0,0,,,,1.0,,,,,0.1,69.0,0.8695652173913043,0,12,0.0,0,1
1120,79,261,49,2,,,,1.0,,,,,0.3015267175572519,2152.0,0.5204460966542751,0,11,0.0,0,0
96709,14665,389,15836,195,,,1.0,1.0,10800.0,,,,37.6025641025641,693.0,139.55122655122656,1,3,0.0,0,0
136,281,340,0,0,,,,1.0,10800.0,,,,0.8240469208211144,875.0,0.1554285714285714,1,13,0.0,0,1
40475,1127,629,246,2,,,1.0,1.0,-25200.0,,,,1.788888888888889,1923.0,21.047841913676542,1,5,0.0,0,0
44,4,44,0,0,,,,1.0,,,,,0.0888888888888888,58.0,0.7586206896551724,0,12,0.0,0,1
11662,478,469,4476,8,,,1.0,1.0,-25200.0,,,,1.0170212765957447,1345.0,8.670631970260223,1,13,0.0,0,0
58,7,40,0,1,,,,1.0,,,,,0.1707317073170731,62.0,0.935483870967742,0,11,0.0,0,1
8316,612,1613,648,4,,,,1.0,28800.0,,,,0.379182156133829,1122.0,7.411764705882353,1,8,0.0,0,0
15,197,189,0,4,,,1.0,1.0,-14400.0,,,,1.0368421052631578,2554.0,0.0058731401722787,1,18,0.0,0,1
17761,409,359,3186,3,,,1.0,,-28800.0,,,,1.136111111111111,2173.0,8.173492867004141,1,13,0.0,0,0
2270,4494,4090,1,21,1.0,,,1.0,10800.0,,,,1.098508922023955,799.0,2.8410513141426783,1,12,0.0,0,1
70,4,42,0,0,,,,1.0,,,,,0.0930232558139534,71.0,0.9859154929577464,0,11,0.0,0,1
45,5,35,0,0,,,,1.0,,,,,0.1388888888888889,67.0,0.6716417910447762,0,14,0.0,0,1
1,294,283,0,2,,,1.0,1.0,-25200.0,,,,1.0352112676056338,1734.0,0.0005767012687427,1,16,0.0,0,1
55,7,43,0,0,,,,1.0,,,,,0.1590909090909091,64.0,0.859375,0,10,0.0,0,1
1,72,745,0,0,,,,,,,,,0.0965147453083109,,,0,15,0.4,1,1
33694,1073,428,586,6,,,1.0,1.0,-18000.0,,,,2.501165501165501,2191.0,15.378366042902783,1,8,0.0,0,0
291,53,137,61,0,1.0,,1.0,1.0,,,,,0.3840579710144927,1021.0,0.2850146914789422,0,14,0.1538461538461538,1,0
19567,1071,504,2178,281,,,1.0,1.0,28800.0,,,,2.120792079207921,1923.0,10.175247009880396,1,10,0.0,0,0
110,986,1959,0,2,,,,,,,,,0.503061224489796,,,0,17,0.0,0,1
1,223,190,0,4,,,1.0,1.0,-14400.0,,,,1.1675392670157068,2555.0,0.0003913894324853,1,18,0.0,0,1
65,11,41,0,0,,,,1.0,,,,,0.2619047619047619,70.0,0.9285714285714286,0,10,0.0,0,1
33,9,39,0,0,,,,1.0,,,,,0.225,68.0,0.4852941176470588,0,15,0.0,0,1
236,168,360,4,5,,,,,-25200.0,,,,0.4653739612188365,1319.0,0.178923426838514,1,15,0.0,0,0
93,613,540,0,9,,,1.0,1.0,-14400.0,,,,1.133086876155268,2505.0,0.037125748502994,1,12,0.0,0,1
55,5,43,0,0,,,,1.0,,,,,0.1136363636363636,66.0,0.8333333333333334,0,15,0.0,0,1
3645,153,35,60,24,,,1.0,1.0,28800.0,,,,4.25,1791.0,2.0351758793969847,1,9,0.0,0,0
296,64,119,219,0,,,1.0,,,,,,0.5333333333333333,176.0,1.681818181818182,1,20,0.1333333333333333,1,0
48,6,40,0,0,,,,1.0,,,,,0.1463414634146341,62.0,0.7741935483870968,0,16,0.0,0,1
2,37,321,0,1,,,,,,,,,0.1149068322981366,,,0,4,0.2222222222222222,1,1
1,43,760,0,2,,,,,,,,,0.0565045992115637,,,0,10,0.2307692307692307,1,1
1876,334,912,587,0,,,1.0,1.0,,,,,0.3658269441401972,2124.0,0.8832391713747646,1,13,0.0,0,0
45,3,43,0,0,,,,1.0,,,,,0.0681818181818181,55.0,0.8181818181818182,0,15,0.0,0,1
263,701,542,0,30,,,1.0,1.0,-14400.0,,,,1.29097605893186,2505.0,0.1049900199600798,1,12,0.0,0,1
35,8,39,0,1,,,,1.0,,,,,0.2,56.0,0.625,0,13,0.0,0,1
86,7,44,0,0,,,,1.0,,,,,0.1555555555555555,72.0,1.1944444444444444,0,15,0.0,0,1
16430,156,248,748,0,,,1.0,1.0,28800.0,,,,0.6265060240963856,1370.0,11.992700729927009,1,10,0.0,0,0
46,0,0,0,0,,,,1.0,10800.0,,,,0.0,870.0,0.0528735632183908,1,14,0.0,0,1
2162,935,1798,1476,14,1.0,,,1.0,,,,,0.519733185102835,1244.0,1.7379421221864952,1,7,0.0,0,0
8117,223,177,1129,0,,,1.0,,-14400.0,,,,1.252808988764045,1078.0,7.529684601113172,0,4,0.0,0,0
9556,435,1587,0,6,1.0,,,1.0,-18000.0,,,,0.2739294710327456,653.0,14.633996937212864,1,10,0.1,1,1
49,6,36,0,0,,,,1.0,,,,,0.1621621621621621,56.0,0.875,0,12,0.0,0,1
1774,231,141,2871,0,,,1.0,1.0,-28800.0,,,,1.6267605633802815,1729.0,1.0260266049739737,1,11,0.0,0,0
107153,10960,2638,24587,101,,,1.0,1.0,28800.0,,1.0,,4.153088291019325,1062.0,100.89736346516008,1,5,0.0,0,0
88,5,32,0,0,,,,1.0,,,,,0.1515151515151515,74.0,1.1891891891891893,0,13,0.0,0,1
74,3,34,0,0,,,,1.0,,,,,0.0857142857142857,75.0,0.9866666666666668,0,12,0.0,0,1
1,327,308,0,4,,,1.0,1.0,-25200.0,,,,1.058252427184466,1623.0,0.0006161429451632,1,17,0.0,0,1
478,155,179,472,0,1.0,,,1.0,,,,,0.8611111111111112,198.0,2.414141414141414,0,12,0.1428571428571428,1,0
2178,224,213,2936,0,1.0,,1.0,1.0,,,,,1.0467289719626167,358.0,6.083798882681564,1,13,0.0,0,0
54834,9642,2447,3221,29,,,1.0,,43200.0,,,,3.938725490196079,1017.0,53.91740412979351,1,6,0.0,0,0
4333,108,368,5405,2,,,1.0,1.0,,,,,0.2926829268292683,2063.0,2.1003393116820166,1,10,0.0,0,0
72,3,39,0,0,,,,1.0,,,,,0.075,73.0,0.9863013698630136,0,10,0.0,0,1
41,9,39,0,0,,,,1.0,,,,,0.225,53.0,0.7735849056603774,0,9,0.0,0,1
71,3,35,0,0,,,,1.0,,,,,0.0833333333333333,70.0,1.0142857142857142,0,15,0.0,0,1
63,5,32,0,0,,,,1.0,,,,,0.1515151515151515,70.0,0.9,0,15,0.0,0,1
10370,617,858,1,10,1.0,,,1.0,-14400.0,,,,0.7182770663562281,572.0,18.12937062937063,1,18,0.0,0,1
1,191,531,0,0,,,,,,,,,0.3590225563909774,,,0,6,0.2,1,1
43,7,39,0,1,,,,1.0,,,,,0.175,68.0,0.6323529411764706,0,14,0.0,0,1
23209,566,419,2730,2,,,1.0,1.0,-25200.0,,,,1.3476190476190475,833.0,27.86194477791117,1,6,0.0,0,0
1,139,528,0,0,,,,,,,,,0.2627599243856333,,,0,8,0.25,1,1
142,266,340,0,0,,,,1.0,10800.0,,,,0.7800586510263929,874.0,0.1624713958810068,1,11,0.0,0,1
771,33,59,910,1,,,,1.0,18000.0,,,,0.55,1307.0,0.5899005355776588,0,10,0.5,1,0
1316,147,151,51,0,1.0,,,1.0,,,,,0.9671052631578948,496.0,2.653225806451613,1,6,0.0833333333333333,1,0
59,0,0,0,0,,,,1.0,10800.0,,,,0.0,870.0,0.067816091954023,1,14,0.0,0,1
94,301,281,0,22,,,1.0,1.0,-14400.0,,,,1.0673758865248226,2383.0,0.039446076374318,1,19,0.0,0,1
59,5,45,0,0,,,,1.0,,,,,0.108695652173913,69.0,0.855072463768116,0,12,0.0,0,1
44,666,529,0,36,,,1.0,1.0,-14400.0,,,,1.2566037735849056,2505.0,0.017564870259481,1,12,0.0,0,1
37,6,37,0,0,,,,1.0,,,,,0.1578947368421052,58.0,0.6379310344827587,0,15,0.0,0,1
2,294,290,0,2,,,1.0,1.0,-14400.0,,,,1.0103092783505154,2576.0,0.0007763975155279,1,19,0.0,0,1
3386,80,83,903,1,,,,1.0,36000.0,,,,0.9523809523809524,1331.0,2.5439519158527424,1,6,0.0,0,0
8334,349,213,1141,4,,,1.0,1.0,-25200.0,,,,1.6308411214953271,2211.0,3.769335142469471,1,7,0.0,0,0
169053,1193,351,3439,25,,,1.0,1.0,7200.0,,,,3.3892045454545454,1189.0,142.1808242220353,1,7,0.1666666666666666,1,0
52,642,494,0,52,,,1.0,1.0,-14400.0,,,,1.2969696969696969,2473.0,0.0210270926000808,1,12,0.0,0,1
37,3,36,0,0,,,,1.0,,,,,0.081081081081081,53.0,0.6981132075471698,0,14,0.0,0,1
250,277,242,0,12,,,1.0,1.0,-14400.0,,,,1.139917695473251,2400.0,0.1041666666666666,1,17,0.0,0,1
60,5,36,0,0,,,,1.0,,,,,0.1351351351351351,70.0,0.8571428571428571,0,16,0.0,0,1
3696,107,538,4092,1,1.0,,1.0,1.0,18000.0,,,,0.1985157699443413,1980.0,1.8666666666666667,1,9,0.0,0,0
45,0,0,0,0,1.0,,,1.0,10800.0,,,,0.0,874.0,0.051487414187643,1,11,0.0,0,1
10164,783,870,2045,32,,,,1.0,-18000.0,,,,0.8989667049368542,2109.0,4.8193456614509245,1,7,0.0,0,0
173,2,20,0,0,,,,1.0,-25200.0,,,,0.0952380952380952,48.0,3.6041666666666665,1,15,0.0,0,1
67,5,41,0,0,,,,1.0,,,,,0.119047619047619,73.0,0.9178082191780822,0,16,0.0,0,1
215,90,314,0,0,,,,1.0,-25200.0,,,,0.2857142857142857,148.0,1.4527027027027026,1,16,0.0,0,1
11541,745,1632,1,1,,,,1.0,-18000.0,,,,0.4562155541947336,850.0,13.57764705882353,1,11,0.0,0,1
11659,1241,1179,1,15,,,,1.0,-14400.0,,,,1.0516949152542372,1391.0,8.381739755571532,1,11,0.1666666666666666,1,1
53,6,44,0,1,,,,1.0,,,,,0.1333333333333333,65.0,0.8153846153846154,0,15,0.0,0,1
121,19,36,0,0,,,,1.0,10800.0,,,,0.5135135135135135,874.0,0.1384439359267734,1,13,0.0,0,1
1595,193,173,766,0,1.0,,1.0,1.0,,,,,1.1091954022988506,306.0,5.212418300653595,0,12,0.25,1,0
88,16,74,397,0,,,1.0,1.0,-25200.0,,,,0.2133333333333333,1367.0,0.0643745427944403,1,8,0.3333333333333333,1,0
13,675,1908,0,7,,,,,,,,,0.3535882661079099,,,0,9,0.0,0,1
4282,32,114,6,3,,,,1.0,-14400.0,,,,0.2782608695652174,265.0,16.158490566037734,1,11,0.0,0,0
1232,88,95,135,1,,,1.0,1.0,28800.0,,,,0.9166666666666666,1685.0,0.7311572700296736,1,18,0.0,0,0
45,1,42,0,0,,,,1.0,,,,,0.0232558139534883,53.0,0.8490566037735849,0,13,0.0,0,1
10215,557,998,14198,14,,,1.0,1.0,18000.0,,,,0.5575575575575575,1958.0,5.2170582226762,1,17,0.2727272727272727,1,0
62,0,0,0,0,,,,1.0,10800.0,,,,0.0,873.0,0.0710194730813287,1,14,0.0,0,1
444,5530,5873,0,5,,,,1.0,,,,,0.9414368403132448,1244.0,0.3569131832797427,1,9,0.2222222222222222,1,1
60,10,39,0,0,,,,1.0,,,,,0.25,73.0,0.821917808219178,0,11,0.0,0,1
38,4,42,0,0,,,,1.0,,,,,0.0930232558139534,54.0,0.7037037037037037,0,13,0.0,0,1
274,448,284,0,57,,,1.0,1.0,-14400.0,,,,1.5719298245614035,2383.0,0.1149811162400335,1,19,0.0,0,1
51,5,43,0,1,,,,1.0,,,,,0.1136363636363636,61.0,0.8360655737704918,0,14,0.0,0,1
66,4,39,0,1,,,,1.0,,,,,0.1,75.0,0.88,0,14,0.0,0,1
31284,1270,999,4745,2,,,1.0,1.0,28800.0,,,,1.27,1864.0,16.783261802575108,0,6,0.0,0,0
44,4,40,0,0,,,,1.0,,,,,0.0975609756097561,60.0,0.7333333333333333,0,10,0.0,0,1
13,659,1055,0,3,,,,,,,,,0.6240530303030303,,,1,11,0.0,0,1
49,12,40,0,0,,,,1.0,,,,,0.2926829268292683,68.0,0.7205882352941176,0,14,0.0,0,1
65,1,38,0,0,,,,1.0,,,,,0.0256410256410256,71.0,0.9154929577464788,0,12,0.0,0,1
118073,3030,283,68,106,,,,1.0,19800.0,,,,10.669014084507042,2583.0,45.71157568718544,1,2,0.3333333333333333,1,0
258,4089,4166,0,2,,,,1.0,10800.0,,,,0.9812814974802015,869.0,0.2968929804372842,1,5,0.0,0,1
133,250,297,0,1,,,,1.0,10800.0,,,,0.8389261744966443,871.0,0.1526980482204362,1,15,0.0,0,1
37358,92,215,37,8,,,,1.0,-14400.0,,,,0.4259259259259259,2162.0,17.279370952821463,1,8,0.0,0,0
3433,5676,6238,0,7,1.0,,,1.0,7200.0,,,,0.9097611796762302,781.0,4.395646606914212,0,15,0.0666666666666666,1,1
40490,1414,151,1562,12,,,1.0,1.0,18000.0,,,,9.302631578947368,1433.0,28.255408234473133,1,14,0.0,0,0
69,5,38,0,0,,,,1.0,,,,,0.1282051282051282,72.0,0.9583333333333334,0,16,0.0,0,1
62,6,39,0,0,,,,1.0,,,,,0.15,72.0,0.8611111111111112,0,11,0.0,0,1
4741,111,85,1061,0,,,1.0,1.0,-25200.0,,,,1.2906976744186047,608.0,7.797697368421052,1,7,0.0,0,0
65,4,38,0,0,,,,1.0,,,,,0.1025641025641025,70.0,0.9285714285714286,0,13,0.0,0,1
110996,525,166,0,41,,,1.0,,32400.0,,,,3.143712574850299,2526.0,43.94140934283452,1,12,0.0,0,0
64,11,43,0,0,,,,1.0,,,,,0.25,62.0,1.032258064516129,0,16,0.0,0,1
308,5318,5849,0,10,,,,1.0,10800.0,,,,0.9090598290598292,874.0,0.3524027459954233,1,6,0.0,0,1
57,3,41,0,0,,,,1.0,,,,,0.0714285714285714,70.0,0.8142857142857143,0,11,0.0,0,1
56,1,42,0,0,,,,1.0,,,,,0.0232558139534883,63.0,0.8888888888888888,0,14,0.0,0,1
76,2,42,0,0,,,,1.0,,,,,0.0465116279069767,73.0,1.0410958904109588,0,12,0.0,0,1
58,279,200,0,16,,,1.0,1.0,-14400.0,,,,1.388059701492537,2566.0,0.0226032735775526,1,20,0.0,0,1
11925,654,1776,0,5,1.0,,,1.0,-18000.0,,,,0.3680360157568936,776.0,15.367268041237113,1,13,0.0,0,1
148,97,308,3,0,,,,1.0,,,,,0.313915857605178,161.0,0.9192546583850932,0,13,0.0,0,1
8863,278,302,582,2,,,1.0,1.0,28800.0,,,,0.9174917491749176,561.0,15.798573975044564,1,10,0.0,0,0
50959,768,140,1340,2,,,1.0,1.0,-25200.0,,,,5.446808510638298,1286.0,39.62597200622084,1,9,0.0,0,0
260,4472,4753,0,4,,,,1.0,10800.0,,,,0.9406815313420278,874.0,0.2974828375286041,1,6,0.0,0,1
48,5,40,0,0,,,,1.0,,,,,0.1219512195121951,63.0,0.7619047619047619,0,12,0.0,0,1
46,6,38,0,0,,,,1.0,,,,,0.1538461538461538,67.0,0.6865671641791045,0,15,0.0,0,1
42,4,37,0,0,,,,1.0,,,,,0.1052631578947368,60.0,0.7,0,14,0.0,0,1
1249,1135,1441,0,3,1.0,,,1.0,10800.0,,,,0.7871012482662968,450.0,2.775555555555556,1,11,0.0,0,1
262,4415,4627,0,6,,,,1.0,10800.0,,,,0.9539757994814174,803.0,0.3262764632627646,0,6,0.0,0,1
39,4,36,0,0,,,,1.0,,,,,0.1081081081081081,67.0,0.582089552238806,0,16,0.0,0,1
8318,884,250,137,10,,,,,-18000.0,,,,3.521912350597609,2129.0,3.9069985908877407,1,13,0.0833333333333333,1,0
13,13,51,20,1,1.0,,,1.0,,,,,0.25,679.0,0.0191458026509572,1,14,0.0,0,0
4,344,295,0,5,,,1.0,1.0,-14400.0,,,,1.162162162162162,2579.0,0.0015509887553315,1,18,0.0,0,1
1211,24,63,6,6,1.0,,1.0,1.0,,,,,0.375,1393.0,0.8693467336683417,1,14,0.0,0,0
114232,10241,482,997,107,,,,1.0,-36000.0,,,,21.20289855072464,1885.0,60.60053050397878,1,1,0.0,0,0
748,935,2001,12,3,,,,,,,,,0.467032967032967,,,0,18,0.0,0,1
157,20,82,254,1,1.0,,,1.0,,,,,0.2409638554216867,101.0,1.5544554455445545,1,6,0.4,1,0
3,199,183,0,6,,,1.0,1.0,-14400.0,,,,1.0815217391304348,2564.0,0.001170046801872,1,20,0.0,0,1
1,62,1489,0,0,,,,,,,,,0.0416107382550335,,,0,13,0.0,0,1
64459,2122,1585,13784,1,,,1.0,1.0,-25200.0,,,,1.3379571248423707,570.0,113.0859649122807,1,20,0.0,0,0
6227,553,754,445,1,,,,1.0,-25200.0,,,,0.7324503311258278,1271.0,4.899291896144768,0,7,0.0,0,0
47,8,53,0,0,,,,1.0,-25200.0,,,,0.1481481481481481,141.0,0.3333333333333333,1,16,0.0,0,1
1,155,554,0,0,,,,,,,,,0.2792792792792792,,,0,5,0.3333333333333333,1,1
120,297,264,0,17,,,1.0,1.0,-14400.0,,,,1.120754716981132,2380.0,0.0504201680672268,1,19,0.0,0,1
1149,150,421,0,1,,,,1.0,-25200.0,,,,0.3554502369668246,333.0,3.4504504504504503,1,19,0.0,0,1
44,5,32,0,0,,,,1.0,,,,,0.1515151515151515,53.0,0.8301886792452831,0,11,0.0,0,1
73,1,0,0,0,,,,1.0,10800.0,,,,1.0,871.0,0.0838117106773823,1,20,0.0,0,1
57,5,41,0,1,,,,1.0,,,,,0.119047619047619,66.0,0.8636363636363636,0,13,0.0,0,1
55,0,0,0,0,,,,1.0,10800.0,,,,0.0,872.0,0.0630733944954128,1,19,0.0,0,1
550,444,465,777,1,,,1.0,1.0,-14400.0,,,,0.9527896995708156,367.0,1.4986376021798364,1,14,0.0,0,1
53,6,38,0,0,,,,1.0,,,,,0.1538461538461538,70.0,0.7571428571428571,0,12,0.0,0,1
3790,51,234,580,0,,,1.0,1.0,-25200.0,,,,0.2170212765957447,2147.0,1.7652538425710294,1,5,0.0,0,0
71,10,51,0,0,,,,1.0,,,,,0.1923076923076923,76.0,0.9342105263157896,0,12,0.0,0,1
140,612,520,0,12,,,1.0,1.0,-14400.0,,,,1.1746641074856046,2492.0,0.0561797752808988,1,12,0.0,0,1
4156,1242,1999,59,3,,,,1.0,7200.0,,,,0.621,848.0,4.900943396226415,1,11,0.0,0,0
19515,689,470,2463,26,,,1.0,1.0,7200.0,,,,1.4628450106157111,2204.0,8.854355716878404,1,7,0.0,0,0
52525,1227,413,88,55,,,,1.0,-25200.0,,,,2.963768115942029,2241.0,23.43819723337796,1,4,0.0,0,0
8863,361,1344,0,1,1.0,,,1.0,-18000.0,,,,0.2684014869888476,651.0,13.614439324116743,1,12,0.0,0,1
956,96,266,171,1,1.0,,1.0,1.0,,,,,0.3595505617977528,73.0,13.095890410958903,1,8,0.0,0,0
1,28,738,0,0,,,,,,,,,0.0378890392422192,,,0,11,0.2142857142857142,1,1
31,490,886,0,0,,,,,,,,,0.552423900789177,,,0,14,0.0,0,1
44,3,34,0,0,,,,1.0,,,,,0.0857142857142857,53.0,0.8301886792452831,0,13,0.0,0,1
66,4,0,0,0,,,,1.0,10800.0,,,,4.0,874.0,0.0755148741418764,1,15,0.0,0,1
2,57,341,0,2,,,,,,,,,0.1666666666666666,,,0,8,0.0769230769230769,1,1
252,32,606,3,1,,,1.0,1.0,43200.0,,,,0.0527182866556836,2039.0,0.1235899950956351,1,15,0.0,0,0
1,90,644,0,0,,,,,,,,,0.1395348837209302,,,0,5,0.2222222222222222,1,1
1,202,185,0,5,,,1.0,1.0,-14400.0,,,,1.086021505376344,2519.0,0.000396982929734,1,20,0.0,0,1
24981,881,896,11564,34,,,,1.0,19800.0,,,,0.9821627647714604,1851.0,13.495948136142626,1,15,0.0,0,0
4925,159,106,1737,0,,,,1.0,28800.0,,,,1.485981308411215,489.0,10.071574642126787,1,12,0.3333333333333333,1,0
1,53,1384,0,0,,,,,,,,,0.0382671480144404,,,0,13,0.0,0,1
24,1091,1102,2,1,,,,,,,,,0.9891205802357208,,,0,7,0.0,0,1
3710,3803,4143,0,9,1.0,,,1.0,7200.0,,,,0.9177123552123552,766.0,4.8433420365535245,1,6,0.0,0,1
1,69,565,0,1,,,,,,,,,0.1219081272084805,,,0,9,0.2307692307692307,1,1
31,0,0,0,0,,,,1.0,10800.0,,,,0.0,874.0,0.0354691075514874,1,12,0.0,0,1
40,4,38,0,0,,,,1.0,,,,,0.1025641025641025,59.0,0.6779661016949152,0,11,0.0,0,1
45,12,45,0,0,,,,1.0,,,,,0.2608695652173913,54.0,0.8333333333333334,0,16,0.0,0,1
289,305,256,0,21,,,1.0,1.0,-14400.0,,,,1.1867704280155642,2573.0,0.112320248736883,1,17,0.0,0,1
6931,375,298,4560,0,1.0,,1.0,1.0,,,,,1.254180602006689,471.0,14.715498938428874,1,17,0.0,0,0
46978,4964,2288,156,23,,,1.0,1.0,-25200.0,,,,2.1686325906509394,1065.0,44.11079812206573,1,5,0.0,0,0
43,0,0,0,0,,,,1.0,10800.0,,,,0.0,874.0,0.0491990846681922,1,15,0.0,0,1
4706,346,490,2847,0,,,1.0,1.0,-25200.0,,,,0.7046843177189409,1371.0,3.432530999270605,0,5,0.0833333333333333,1,0
134254,4337,471,74767,27,,,1.0,1.0,-14400.0,,1.0,,9.188559322033898,1203.0,111.59933499584372,1,7,0.0,0,0
7727,11,14,0,1,,,,1.0,,,,,0.7333333333333333,388.0,19.914948453608247,1,19,0.0,0,0
1043,763,2004,448,1,1.0,,,1.0,,,,,0.3805486284289276,129.0,8.085271317829458,1,14,0.2,1,0
6,202,181,0,3,,,1.0,1.0,-14400.0,,,,1.10989010989011,2509.0,0.0023913909924272,1,20,0.0,0,1
3,545,520,0,6,,,1.0,1.0,-14400.0,,,,1.0460652591170825,2492.0,0.0012038523274478,1,12,0.0,0,1
78,7,40,0,0,,,,1.0,,,,,0.1707317073170731,73.0,1.0684931506849316,0,12,0.0,0,1
23,349,271,0,18,,,1.0,1.0,-14400.0,,,,1.2830882352941178,2496.0,0.0092147435897435,1,18,0.0,0,1
39039,1364,1015,7511,11,1.0,,,1.0,,,,,1.34251968503937,533.0,73.2439024390244,1,13,0.0,0,0
476,1184,1497,0,0,,,,1.0,,,,,0.7903871829105474,151.0,3.152317880794702,1,15,0.0,0,1
63,591,540,0,3,,,1.0,1.0,-14400.0,,,,1.0924214417744915,2505.0,0.0251497005988023,1,12,0.0,0,1
38,3,47,0,0,,,,1.0,,,,,0.0625,53.0,0.7169811320754716,0,14,0.0,0,1
9266,207,262,9514,0,1.0,,,1.0,,,,,0.7870722433460076,1476.0,6.277777777777778,1,12,0.0,0,0
45,8,39,0,1,,,,1.0,,,,,0.2,55.0,0.8181818181818182,0,14,0.0,0,1
4916,358,259,10980,4,,,1.0,,-25200.0,,,,1.376923076923077,1167.0,4.212510711225364,1,13,0.0,0,0
10862,71,181,3501,4,,,,,-25200.0,,,,0.3901098901098901,1184.0,9.173986486486486,1,6,0.2,1,0
3093,393,306,3385,1,1.0,,1.0,1.0,,,,,1.280130293159609,999.0,3.096096096096096,0,3,0.0,0,0
62,0,0,0,0,,,,1.0,10800.0,,,,0.0,873.0,0.0710194730813287,1,15,0.1333333333333333,1,1
12288,164,397,5835,0,,,1.0,1.0,-18000.0,,,,0.4120603015075377,1111.0,11.06030603060306,1,13,0.0,0,0
40,1,0,0,0,,,,1.0,10800.0,,,,1.0,875.0,0.0457142857142857,1,15,0.0,0,1
81,10,40,0,0,,,,1.0,,,,,0.2439024390243902,75.0,1.08,0,12,0.0,0,1
1,288,269,0,2,,,1.0,1.0,-28800.0,,,,1.0666666666666669,1589.0,0.000629326620516,1,20,0.0,0,1
12181,1417,281,1509,115,,,1.0,1.0,-18000.0,,,,5.024822695035461,2364.0,5.1527072758037225,1,11,0.0,0,0
323,4190,4341,0,2,,,,1.0,10800.0,,,,0.9649930907415938,874.0,0.3695652173913043,1,4,0.0,0,1
2,276,269,0,0,,,1.0,1.0,-25200.0,,,,1.022222222222222,1740.0,0.0011494252873563,1,20,0.0,0,1
98,0,0,0,0,,,,,,,,,0.0,,,1,13,0.0,0,1
52,586,1989,0,0,,,,,,,,,0.2944723618090452,,,0,3,0.0,0,1
8024,183,120,390,3,,,1.0,1.0,28800.0,,,,1.512396694214876,1769.0,4.535895986433013,1,14,0.0,0,0
8158,158,347,5043,2,1.0,,1.0,1.0,-10800.0,,,,0.4540229885057471,1044.0,7.814176245210728,1,3,0.0,0,0
581,696,494,0,236,,,1.0,1.0,-14400.0,,,,1.406060606060606,2491.0,0.2332396627860297,1,12,0.0,0,1
3380,1090,2001,27,17,,,,1.0,-25200.0,,,,0.5444555444555444,1487.0,2.273032952252858,1,11,0.0,0,0
523,2569,2608,0,4,,,,1.0,,,,,0.9846684553468762,155.0,3.3741935483870966,1,12,0.0,0,1
128,0,0,0,0,,,,1.0,10800.0,,,,0.0,872.0,0.146788990825688,1,17,0.0666666666666666,1,1
65,5,39,0,0,,,,1.0,,,,,0.125,71.0,0.9154929577464788,0,16,0.0,0,1
13578,10885,1529,5593,622,1.0,,1.0,1.0,-18000.0,,,,7.11437908496732,2285.0,5.942231947483589,1,10,0.0,0,0
14,289,283,0,7,,,1.0,1.0,-14400.0,,,,1.017605633802817,2381.0,0.0058798824023519,1,19,0.0,0,1
13572,701,708,6970,0,,,1.0,1.0,-18000.0,,,,0.988716502115656,2090.0,6.49377990430622,1,5,0.0,0,0
76,4,38,0,0,,,,1.0,,,,,0.1025641025641025,73.0,1.0410958904109588,0,12,0.0,0,1
4262,7865,8199,7,18,1.0,,,1.0,10800.0,,,,0.9591463414634146,766.0,5.563968668407311,1,14,0.0,0,1
59,7,37,0,0,,,,1.0,,,,,0.1842105263157894,62.0,0.9516129032258064,0,15,0.0,0,1
58,6,35,0,0,,,,1.0,,,,,0.1666666666666666,61.0,0.9508196721311476,0,12,0.0,0,1
133,72,460,146,0,1.0,,,1.0,,,,,0.1561822125813449,11.0,12.090909090909092,0,13,0.0,0,0
17952,277,417,8186,6,,,1.0,1.0,-7200.0,,,,0.6626794258373205,1456.0,12.32967032967033,1,19,0.0,0,0
77,3,42,0,0,,,,1.0,,,,,0.0697674418604651,74.0,1.0405405405405406,0,16,0.0,0,1
8275,3409,96,90,56,,,1.0,1.0,-18000.0,,,,35.144329896907216,1869.0,4.427501337613697,1,11,0.0,0,0
1156,384,262,34,14,1.0,,1.0,1.0,19800.0,,,,1.4600760456273765,824.0,1.4029126213592231,1,15,0.0,0,0
1,103,644,0,0,,,,,,,,,0.1596899224806201,,,0,6,0.2,1,1
71,4,38,0,0,,,,1.0,,,,,0.1025641025641025,73.0,0.9726027397260274,0,16,0.0,0,1
42,4,36,0,0,,,,1.0,,,,,0.1081081081081081,68.0,0.6176470588235294,0,14,0.0,0,1
1286,536,988,559,11,,,1.0,1.0,,,,,0.5419615773508595,1914.0,0.6718913270637409,1,10,0.0,0,0
24314,213,578,125,2,,,1.0,1.0,-18000.0,,,,0.3678756476683937,1858.0,13.08611410118407,1,13,0.3,1,0
181,27,108,513,0,,,,1.0,10800.0,,,,0.2477064220183486,720.0,0.2513888888888889,1,13,0.2222222222222222,1,0
249,56,146,372,0,,,,1.0,,,,,0.3809523809523809,78.0,3.1923076923076925,1,9,0.0,0,0
77,8,39,0,0,,,,1.0,,,,,0.2,73.0,1.0547945205479452,0,10,0.0,0,1
17,160,788,0,3,,,,,,,,,0.2027883396704689,,,0,5,0.0,0,1
28,90,536,315,3,,,1.0,1.0,28800.0,,,,0.1675977653631284,1803.0,0.0155296727676095,1,18,0.0,0,0
53,5,46,0,0,,,,1.0,,,,,0.1063829787234042,67.0,0.7910447761194029,0,13,0.0,0,1
3629,269,187,1229,0,,,1.0,1.0,-18000.0,,,,1.430851063829787,1937.0,1.8735157459989675,1,3,0.0,0,0
13009,367,245,8327,13,,,,1.0,-10800.0,,,,1.491869918699187,1004.0,12.957171314741036,1,4,0.0,0,0
2906,466,1997,4934,2,,,,1.0,,,,,0.2332332332332332,2212.0,1.31374321880651,1,14,0.0,0,0
5,15,52,2,0,,,1.0,,-25200.0,,,,0.2830188679245283,1447.0,0.0034554250172771,0,11,0.0,0,0
396,4908,5244,0,3,1.0,,,1.0,10800.0,,,,0.9357483317445184,718.0,0.5515320334261838,1,13,0.0,0,1
12512,506,527,168,27,,,1.0,1.0,18000.0,,,,0.9583333333333334,2212.0,5.656419529837251,1,13,0.0,0,0
73,305,275,0,22,,,1.0,1.0,-14400.0,,,,1.105072463768116,2381.0,0.0306593868122637,1,18,0.0,0,1
7990,584,1775,3261,15,,,1.0,,-25200.0,,,,0.3288288288288288,1520.0,5.256578947368421,1,14,0.0,0,0
50,3,40,0,0,,,,1.0,,,,,0.073170731707317,53.0,0.9433962264150944,0,15,0.0,0,1
66,1,40,0,1,,,,1.0,,,,,0.024390243902439,69.0,0.9565217391304348,0,14,0.0,0,1
30,330,288,0,13,,,1.0,1.0,-18000.0,,,,1.1418685121107266,2186.0,0.0137236962488563,1,19,0.0,0,1
38,7,39,0,0,,,,1.0,,,,,0.175,59.0,0.6440677966101694,0,13,0.0,0,1
43,343,296,0,12,,,1.0,1.0,-14400.0,,,,1.1548821548821548,2562.0,0.016783762685402,1,20,0.0,0,1
12353,823,1736,1,2,,,,1.0,-18000.0,,,,0.4738054116292458,1073.0,11.512581547064306,1,11,0.1,1,1
3879,210,262,3187,2,,,1.0,1.0,-28800.0,,,,0.7984790874524715,1291.0,3.004647560030984,1,7,0.0,0,0
67,6,47,0,0,,,,1.0,,,,,0.125,75.0,0.8933333333333333,0,15,0.0,0,1
32407,2418,2465,7282,90,,,1.0,1.0,-18000.0,,,,0.9805352798053528,2157.0,15.02410755679184,1,15,0.3333333333333333,1,0
1034,139,472,272,5,,,,1.0,-18000.0,,,,0.2938689217758985,329.0,3.142857142857143,1,12,0.0,0,0
66,15,49,129,0,1.0,,1.0,1.0,,,1.0,,0.3,241.0,0.2738589211618257,0,14,0.0,0,0
2466,3913,165,156,96,1.0,,1.0,1.0,7200.0,,,,23.572289156626507,1787.0,1.3799664241745944,1,17,0.0,0,0
2640,189,328,2552,0,1.0,,,1.0,,,,,0.574468085106383,681.0,3.876651982378855,1,20,0.2727272727272727,1,0
2,715,494,0,9,,,1.0,1.0,-14400.0,,,,1.4444444444444444,2358.0,0.0008481764206955,1,14,0.0,0,1
11086,673,1200,135,2,,,1.0,1.0,3600.0,,,,0.5603663613655288,1945.0,5.69974293059126,1,15,0.0,0,0
121,18,73,28,0,1.0,,1.0,1.0,-14400.0,,,,0.2432432432432432,2204.0,0.0549001814882032,0,15,0.0,0,0
21,396,1414,31,6,,,,,,,,,0.2798586572438162,,,0,16,0.0,0,1
10977,771,1521,0,12,1.0,,,1.0,,,,,0.5065703022339028,543.0,20.215469613259668,1,13,0.0,0,1
5352,2834,2003,42,56,,,1.0,1.0,-14400.0,,,,1.4141716566866267,2220.0,2.4108108108108106,1,14,0.0,0,0
978,281,277,1019,0,,,1.0,,-25200.0,,,,1.0107913669064748,894.0,1.0939597315436242,1,12,0.0,0,0
131,102,312,3,0,,,,1.0,,,,,0.3258785942492013,160.0,0.81875,0,10,0.0,0,1
11939,840,1827,1,7,1.0,,,1.0,,,,,0.4595185995623632,776.0,15.385309278350515,1,10,0.0,0,1
2494,261,253,156,0,,,1.0,1.0,,,,,1.0275590551181102,702.0,3.5527065527065527,1,6,0.3076923076923077,1,0
30,922,1929,0,2,,,,,,,,,0.477720207253886,,,0,7,0.0,0,1
477,70,100,122,1,,,,1.0,,,,,0.693069306930693,214.0,2.2289719626168223,1,13,0.0,0,0
43,79,301,0,0,,,,1.0,10800.0,,,,0.2615894039735099,871.0,0.0493685419058553,1,16,0.0,0,1
46,5,38,0,0,,,,1.0,,,,,0.1282051282051282,59.0,0.7796610169491526,0,13,0.0,0,1
38,2,38,0,0,,,,1.0,,,,,0.0512820512820512,53.0,0.7169811320754716,0,13,0.0,0,1
12643,987,1324,1,6,1.0,,,1.0,,,,,0.7449056603773585,776.0,16.292525773195877,1,18,0.0,0,1
38,7,43,0,0,,,,1.0,,,,,0.1590909090909091,67.0,0.5671641791044776,0,13,0.0,0,1
6776,10147,10813,7,22,1.0,,,1.0,10800.0,,,,0.9383206953948584,769.0,8.81144343302991,1,12,0.1538461538461538,1,1
22314,4476,4845,8786,68,1.0,,,1.0,,,,,0.9236483697895173,1179.0,18.92620865139949,1,14,0.0714285714285714,1,0
1,138,539,0,0,,,,,,,,,0.2555555555555555,,,0,8,0.1666666666666666,1,1
67,0,0,0,0,,,,1.0,10800.0,,,,0.0,873.0,0.0767468499427262,1,13,0.2,1,1
43,1,38,0,0,,,,1.0,,,,,0.0256410256410256,51.0,0.8431372549019608,0,13,0.0,0,1
30833,1519,1993,25614,42,,,,,,,,,0.7617853560682046,253.0,121.8695652173913,1,10,0.3333333333333333,1,0
38,518,1823,0,0,,,,,,,,,0.2839912280701754,,,0,6,0.0,0,1
8396,470,480,9197,0,,,1.0,,-25200.0,,,,0.9771309771309772,1263.0,6.647664291369755,1,14,0.4444444444444444,1,0
1,289,289,0,1,,,1.0,1.0,-14400.0,,,,0.996551724137931,2567.0,0.0003895597974289,1,17,0.0,0,1
59,3,38,0,0,,,,1.0,,,,,0.0769230769230769,61.0,0.9672131147540984,0,12,0.0,0,1
79,3,38,0,0,,,,1.0,,,,,0.0769230769230769,73.0,1.082191780821918,0,11,0.0,0,1
63,7,40,0,0,,,,1.0,,,,,0.1707317073170731,70.0,0.9,0,15,0.0,0,1
136,292,341,0,0,,,,1.0,10800.0,,,,0.8538011695906432,873.0,0.1557846506300114,1,16,0.0,0,1
63,2,0,0,0,,,,1.0,10800.0,,,,2.0,874.0,0.0720823798627002,1,15,0.0,0,1
62,4,42,0,0,,,,1.0,,,,,0.0930232558139534,62.0,1.0,0,11,0.0,0,1
1108,48,172,131,0,1.0,,1.0,1.0,,,,,0.2774566473988439,594.0,1.8653198653198653,1,16,0.5714285714285714,1,0
38,6,41,0,0,,,,1.0,,,,,0.1428571428571428,53.0,0.7169811320754716,0,14,0.0,0,1
31,591,515,0,9,,,1.0,1.0,-14400.0,,,,1.1453488372093024,2504.0,0.0123801916932907,1,12,0.0,0,1
12939,1096,1998,0,3,1.0,,,1.0,,,,,0.5482741370685342,776.0,16.673969072164947,1,12,0.0,0,1
13200,1407,1638,1,7,,,,1.0,-18000.0,,,,0.8584502745576571,1200.0,11.0,1,14,0.0,0,1
1144,483,566,0,0,1.0,,,1.0,10800.0,,,,0.8518518518518519,450.0,2.542222222222222,1,16,0.0,0,1
11256,322,227,1086,0,,,1.0,1.0,-25200.0,,,,1.412280701754386,1562.0,7.206145966709347,0,13,0.0,0,0
1,507,494,0,2,,,1.0,1.0,-14400.0,,,,1.0242424242424242,2347.0,0.0004260758414997,1,16,0.0,0,1
63,0,35,0,0,,,,1.0,,,,,0.0,73.0,0.863013698630137,0,15,0.0,0,1
7924,531,263,3677,1,,,1.0,1.0,,,,,2.011363636363636,1057.0,7.496688741721854,0,5,0.0,0,0
34,240,169,0,23,,,1.0,1.0,-14400.0,,,,1.411764705882353,2564.0,0.0132605304212168,1,20,0.0,0,1
61,8,36,0,0,,,,1.0,,,,,0.2162162162162162,71.0,0.8591549295774648,0,16,0.0,0,1
25,273,264,0,17,,,1.0,1.0,-14400.0,,,,1.030188679245283,2382.0,0.0104953820319059,1,19,0.0,0,1
11604,400,288,2747,2,,,1.0,1.0,,,,,1.3840830449826989,1431.0,8.10901467505241,1,18,0.0,0,0
15,745,2002,0,1,,,,,,,,,0.3719420868696954,,,1,6,0.0,0,1
20,0,0,0,0,,,,1.0,10800.0,,,,0.0,797.0,0.0250941028858218,1,15,0.0666666666666666,1,1
46,8,36,0,0,,,,1.0,,,,,0.2162162162162162,69.0,0.6666666666666666,0,16,0.0,0,1
9545,1030,1258,4497,0,1.0,,1.0,1.0,,,,,0.818109610802224,493.0,19.36105476673428,1,14,0.0,0,0
43,6,39,0,0,,,,1.0,,,,,0.15,58.0,0.7413793103448276,0,11,0.0,0,1
804,15,20,7,1,,,,1.0,3600.0,,,,0.7142857142857143,121.0,6.644628099173554,1,3,0.5,1,0
778,27,63,543,0,,,1.0,1.0,,,,,0.421875,740.0,1.0513513513513513,1,11,0.0,0,0
54210,1341,1971,5011,37,,,1.0,1.0,3600.0,,,,0.6800202839756593,2262.0,23.96551724137931,1,17,0.0,0,0
131,544,685,0,0,,,,1.0,10800.0,,,,0.793002915451895,875.0,0.1497142857142857,1,13,0.1428571428571428,1,1
71,8,33,0,0,,,,1.0,,,,,0.2352941176470588,73.0,0.9726027397260274,0,11,0.0,0,1
71,0,0,0,0,,,,1.0,10800.0,,,,0.0,801.0,0.0886392009987515,1,13,0.0,0,1
43,4,41,0,0,,,,1.0,,,,,0.0952380952380952,66.0,0.6515151515151515,0,9,0.0,0,1
46,5,41,0,0,,,,1.0,,,,,0.119047619047619,70.0,0.6571428571428571,0,10,0.0,0,1
2249,304,194,2472,1,,,1.0,1.0,,,,,1.558974358974359,494.0,4.552631578947368,1,5,0.1538461538461538,1,0
45,2,32,0,0,,,,1.0,,,,,0.0606060606060606,53.0,0.8490566037735849,0,15,0.0,0,1
31793,587,434,571,0,,,1.0,1.0,-10800.0,,,,1.349425287356322,768.0,41.39713541666666,1,15,0.0,0,0
59,5,40,0,0,,,,1.0,,,,,0.1219512195121951,67.0,0.8805970149253731,0,12,0.0,0,1
68,4,36,0,1,,,,1.0,,,,,0.1081081081081081,70.0,0.9714285714285714,0,14,0.0,0,1
145,1,0,0,0,,,,1.0,10800.0,,,,1.0,873.0,0.1660939289805269,1,14,0.0,0,1
76,4,33,0,0,,,,1.0,,,,,0.1176470588235294,74.0,1.027027027027027,0,16,0.0,0,1
129517,1962,1334,8175,14,,,1.0,1.0,18000.0,,,,1.4696629213483146,1806.0,71.71483942414174,1,5,0.0,0,0
50,3,35,0,0,,,,1.0,,,,,0.0833333333333333,65.0,0.7692307692307693,0,12,0.0,0,1
46,7,34,0,1,,,,1.0,,,,,0.2,69.0,0.6666666666666666,0,9,0.0,0,1
8,203,182,0,19,,,1.0,1.0,-18000.0,,,,1.1092896174863387,2564.0,0.0031201248049922,1,20,0.0,0,1
68,3,42,0,0,,,,1.0,,,,,0.0697674418604651,72.0,0.9444444444444444,0,13,0.0,0,1
3239,134,288,437,0,,,1.0,1.0,-10800.0,,,,0.4636678200692041,1466.0,2.209413369713506,1,6,0.0,0,0
47,2,38,0,0,,,,1.0,,,,,0.0512820512820512,53.0,0.8867924528301887,0,13,0.0,0,1
1802,464,457,1171,1,,,,1.0,32400.0,,,,1.0131004366812226,367.0,4.91008174386921,1,13,0.0,0,0
67,3,38,0,0,,,,1.0,,,,,0.0769230769230769,63.0,1.0634920634920637,0,12,0.0,0,1
47,6,38,0,0,,,,1.0,,,,,0.1538461538461538,67.0,0.7014925373134329,0,12,0.0,0,1
331,331,269,0,41,,,1.0,1.0,-14400.0,,,,1.225925925925926,2381.0,0.1390172196556069,1,18,0.0,0,1
57,5,39,0,1,,,,1.0,,,,,0.125,63.0,0.9047619047619048,0,12,0.0,0,1
4655,281,421,2466,1,,,,1.0,,,,,0.6658767772511849,566.0,8.224381625441696,1,7,0.0,0,0
1,32,747,0,0,,,,,,,,,0.0427807486631016,,,0,16,0.3636363636363636,1,1
64,6,39,0,0,,,,1.0,,,,,0.15,69.0,0.927536231884058,0,15,0.0,0,1
2,62,532,0,0,,,,,,,,,0.1163227016885553,,,0,8,0.25,1,1
8,1091,494,0,15,,,1.0,1.0,-14400.0,,,,2.204040404040404,2388.0,0.0033500837520938,1,19,0.0,0,1
9996,875,563,3204,0,1.0,,,1.0,,,,,1.551418439716312,1528.0,6.541884816753926,1,12,0.1538461538461538,1,0
32808,1835,258,6952,3,,,1.0,1.0,-25200.0,,,,7.084942084942085,1219.0,26.913863822805578,1,4,0.0,0,0
11230,774,1587,1,1,,,,1.0,-18000.0,,,,0.4874055415617128,850.0,13.211764705882352,1,10,0.0,0,1
9685,652,419,12042,0,,,1.0,,-25200.0,,,,1.5523809523809524,1309.0,7.39877769289534,0,14,0.0,0,0
101,0,0,0,0,,,,1.0,10800.0,,,,0.0,873.0,0.1156930126002291,1,16,0.0,0,1
33909,448,415,3729,2,,,1.0,1.0,-18000.0,,,,1.0769230769230769,812.0,41.75985221674877,1,6,0.0,0,0
15259,134,401,55,1,,,1.0,1.0,7200.0,,,,0.3333333333333333,1592.0,9.584798994974877,1,7,0.0,0,1
4904,216,201,4542,1,,,1.0,1.0,28800.0,,,,1.0693069306930694,756.0,6.486772486772487,1,13,0.0,0,0
46,8,41,0,2,,,,1.0,,,,,0.1904761904761904,53.0,0.8679245283018868,0,16,0.0,0,1
285,13,101,328,0,1.0,,,1.0,-14400.0,,,,0.1274509803921568,357.0,0.7983193277310925,0,10,0.1111111111111111,1,0
66,6,45,0,0,,,,1.0,,,,,0.1304347826086956,73.0,0.9041095890410958,0,12,0.0,0,1
26,67,150,98,0,1.0,,,1.0,,,,,0.4437086092715231,486.0,0.0534979423868312,1,2,0.0,0,0
56,7,37,0,0,,,,1.0,,,,,0.1842105263157894,62.0,0.9032258064516128,0,13,0.0,0,1
14632,491,497,5714,9,1.0,,1.0,1.0,10800.0,,,,0.9859437751004017,1447.0,10.11195577055978,1,13,0.0769230769230769,1,0
129,5,0,0,0,,,,1.0,10800.0,,,,5.0,874.0,0.1475972540045766,1,16,0.0,0,1
264,5066,5569,0,5,,,,1.0,10800.0,,,,0.9095152603231598,830.0,0.3180722891566265,1,7,0.0,0,1
67,4,41,0,0,,,,1.0,,,,,0.0952380952380952,69.0,0.9710144927536232,0,14,0.0,0,1
9840,820,588,4612,0,,,1.0,,-14400.0,,,,1.3921901528013585,395.0,24.91139240506329,1,11,0.1538461538461538,1,0
1108,243,326,7,13,,,1.0,1.0,10800.0,,,,0.7431192660550459,2128.0,0.5206766917293233,1,15,0.0,0,0
5376,415,228,6122,0,,,1.0,1.0,-14400.0,,,,1.812227074235808,839.0,6.407628128724673,1,4,0.0,0,0
42,1,43,0,0,,,,1.0,,,,,0.0227272727272727,54.0,0.7777777777777778,0,14,0.0,0,1
10404,1119,1885,473,9,1.0,,,1.0,-18000.0,,,,0.5933191940615058,756.0,13.761904761904765,1,20,0.4285714285714285,1,1
233,3733,4106,0,3,,,,1.0,10800.0,,,,0.908935962990017,875.0,0.2662857142857143,1,3,0.0,0,1
16,206,962,0,1,,,,,,,,,0.2139148494288681,,,0,13,0.0,0,1
74,7,42,0,0,,,,1.0,,,,,0.1627906976744186,75.0,0.9866666666666668,0,15,0.0,0,1
49,3,42,0,0,,,,1.0,,,,,0.0697674418604651,69.0,0.7101449275362319,0,13,0.0,0,1
9772,32011,27899,4,108,,,,1.0,10800.0,,,,1.147347670250896,720.0,13.572222222222225,1,12,0.0,0,1
283,859,564,0,38,,,1.0,1.0,-14400.0,,,,1.520353982300885,2489.0,0.1137002812374447,1,13,0.0,0,1
2545,96,127,6043,1,,,,,-25200.0,,1.0,,0.75,362.0,7.030386740331492,0,14,0.1818181818181818,1,0
6,202,182,0,6,,,1.0,1.0,-14400.0,,,,1.1038251366120218,2565.0,0.0023391812865497,1,16,0.0,0,1
10241,457,1894,0,3,1.0,,,1.0,-18000.0,,,,0.2411609498680738,651.0,15.731182795698924,1,13,0.0,0,1
7360,106,529,1556,1,1.0,,1.0,1.0,,,,,0.2,247.0,29.79757085020243,1,12,0.0,0,0
77001,1574,1427,10150,13,,,1.0,,-14400.0,,,,1.1022408963585435,1389.0,55.43628509719223,1,5,0.0,0,0
1,94,609,0,0,,,,,,,,,0.1540983606557377,,,0,5,0.2222222222222222,1,1
76,5,46,0,0,,,,1.0,,,,,0.1063829787234042,73.0,1.0410958904109588,0,16,0.0,0,1
79,3,32,0,0,,,,1.0,,,,,0.0909090909090909,72.0,1.0972222222222223,0,15,0.0,0,1
59,11,34,0,0,,,,1.0,,,,,0.3142857142857143,74.0,0.7972972972972973,0,15,0.0,0,1
8,72,291,0,0,,,,,,,,,0.2465753424657534,,,0,15,0.0,0,1
66,5,35,0,0,,,,1.0,,,,,0.1388888888888889,74.0,0.8918918918918919,0,13,0.0,0,1
4869,263,250,1569,1,1.0,,,1.0,,,,,1.047808764940239,482.0,10.101659751037344,1,1,0.0,0,0
4049,305,211,4008,7,,,1.0,,-10800.0,,,,1.4386792452830188,274.0,14.777372262773724,1,12,0.0,0,0
63,6,40,0,0,,,,1.0,,,,,0.1463414634146341,67.0,0.9402985074626866,0,12,0.0,0,1
11189,355,263,156,1,,,1.0,1.0,-7200.0,,,,1.3446969696969695,1392.0,8.038074712643677,1,3,0.0,0,0
69,7,42,0,0,,,,1.0,,,,,0.1627906976744186,75.0,0.92,0,16,0.0,0,1
51,6,37,0,0,,,,1.0,,,,,0.1578947368421052,63.0,0.8095238095238095,0,12,0.0,0,1
107,203,288,0,0,,,,1.0,10800.0,,,,0.7024221453287197,870.0,0.1229885057471264,1,14,0.0,0,1
1362,301,500,24,4,1.0,,,1.0,,,,,0.6007984031936128,1439.0,0.9464906184850592,1,13,0.0,0,0
1178,54,156,617,2,1.0,,,1.0,,,,,0.3439490445859872,1083.0,1.087719298245614,1,15,0.0,0,0
85,2,45,0,0,,,,1.0,,,,,0.0434782608695652,72.0,1.1805555555555556,0,13,0.0,0,1
82,1,40,0,0,,,,1.0,,,,,0.024390243902439,74.0,1.108108108108108,0,11,0.0,0,1
56,6,45,0,0,,,,1.0,,,,,0.1304347826086956,64.0,0.875,0,15,0.0,0,1
291,4548,4685,0,2,,,,1.0,10800.0,,,,0.970550576184379,873.0,0.3333333333333333,1,7,0.0,0,1
53,4,30,0,0,1.0,1.0,,1.0,,,,,0.1290322580645161,65.0,0.8153846153846154,0,14,0.0,0,1
40,264,247,0,10,,,1.0,1.0,-14400.0,,,,1.064516129032258,2399.0,0.0166736140058357,1,17,0.0,0,1
41,3,45,0,0,,,,1.0,,,,,0.0652173913043478,55.0,0.7454545454545455,0,13,0.0,0,1
24586,1201,1679,265,24,1.0,,1.0,1.0,36000.0,,,,0.7148809523809524,1064.0,23.107142857142858,1,11,0.0,0,0
63,6,42,0,0,,,,1.0,,,,,0.1395348837209302,68.0,0.9264705882352942,0,11,0.0,0,1
1,720,494,0,9,,,1.0,1.0,-14400.0,,,,1.4545454545454546,2361.0,0.0004235493434985,1,15,0.0,0,1
942,747,494,0,241,,,1.0,1.0,-14400.0,,,,1.509090909090909,2482.0,0.3795326349717969,1,12,0.0,0,1
51,2,39,0,0,,,,1.0,,,,,0.05,63.0,0.8095238095238095,0,11,0.0,0,1
69,8,43,0,0,,,,1.0,,,,,0.1818181818181818,69.0,1.0,0,14,0.0,0,1
708,820,491,32,39,,,,1.0,-14400.0,,,,1.6666666666666667,1409.0,0.5024840312278211,1,14,0.0,0,0
16375,395,164,2029,0,,,,1.0,-25200.0,,,,2.393939393939394,943.0,17.36479321314952,1,7,0.0,0,0
8441,448,400,3454,1,,,1.0,1.0,28800.0,,,,1.1172069825436408,1392.0,6.063936781609195,1,15,0.0,0,0
927,110,706,572,1,,,1.0,1.0,32400.0,,,,0.1555869872701555,2213.0,0.4188883868052417,1,14,0.0,0,0
44,6,34,0,0,,,,1.0,,,,,0.1714285714285714,57.0,0.7719298245614035,0,12,0.0,0,1
234,685,541,0,37,,,1.0,1.0,-14400.0,,,,1.263837638376384,2505.0,0.0934131736526946,1,12,0.0,0,1
73,7,45,0,0,,,,1.0,,,,,0.1521739130434782,74.0,0.9864864864864864,0,16,0.0,0,1
63,9,44,0,0,,,,1.0,,,,,0.2,74.0,0.8513513513513513,0,11,0.0,0,1
5942,169,1736,0,2,,,,1.0,-14400.0,,,,0.0972941853770869,1007.0,5.900695134061569,1,10,0.0,0,1
143,0,0,0,0,,,,1.0,10800.0,,,,0.0,874.0,0.1636155606407322,1,11,0.0,0,1
24,584,542,0,4,,,1.0,1.0,-14400.0,,,,1.0755064456721914,2505.0,0.0095808383233532,1,12,0.0,0,1
112,306,283,0,27,,,1.0,1.0,-14400.0,,,,1.0774647887323945,2381.0,0.0470390592188156,1,18,0.0,0,1
490,1561,2001,0,0,,,,1.0,10800.0,,,,0.7797202797202797,1244.0,0.3938906752411575,1,14,0.0,0,1
75,2,36,0,0,,,,1.0,,,,,0.054054054054054,72.0,1.0416666666666667,0,12,0.0,0,1
40,5,36,0,0,,,,1.0,,,,,0.1351351351351351,52.0,0.7692307692307693,0,15,0.0,0,1
10295,2080,2125,0,8,,,,,3600.0,,,,0.9783631232361242,382.0,26.95026178010471,1,11,0.3636363636363636,1,1
3583,243,623,2239,1,,,1.0,,-14400.0,,,,0.3894230769230769,596.0,6.011744966442953,1,17,0.2857142857142857,1,0
12288,1029,1632,1,3,,,,1.0,-18000.0,,,,0.6301285976729945,1038.0,11.83815028901734,1,18,0.0,0,1
63,3,32,0,0,,,,1.0,,,,,0.0909090909090909,66.0,0.9545454545454546,0,12,0.0,0,1
31,734,1827,1,2,,,,,,,,,0.4015317286652078,,,1,16,0.0,0,1
2721,186,171,4201,0,1.0,,1.0,1.0,-14400.0,,,,1.0813953488372092,562.0,4.841637010676156,1,6,0.0,0,0
45,6,35,0,0,,,,1.0,,,,,0.1666666666666666,54.0,0.8333333333333334,0,12,0.0,0,1
59,7,42,0,0,,,,1.0,,,,,0.1627906976744186,70.0,0.8428571428571429,0,13,0.0,0,1
279,60,119,68,0,,,1.0,,,,,,0.5,344.0,0.811046511627907,0,6,0.0,0,0
126,1,0,0,0,,,,1.0,10800.0,,,,1.0,873.0,0.1443298969072164,1,12,0.0,0,1
26304,328,110,1031,13,,,1.0,1.0,18000.0,,,,2.954954954954955,2185.0,12.038443935926772,1,11,0.0,0,0
67,4,42,0,1,,,,1.0,,,,,0.0930232558139534,71.0,0.943661971830986,0,11,0.0,0,1
12116,681,1268,0,1,,,,1.0,-18000.0,,,,0.5366430260047281,850.0,14.254117647058823,1,10,0.0,0,1
11765,892,1620,1,0,,,,1.0,-18000.0,,,,0.5502776064157927,1090.0,10.793577981651376,1,12,0.0,0,1
360,5949,6540,0,6,,,,1.0,10800.0,,,,0.9094939611680172,872.0,0.4128440366972477,1,14,0.0,0,1
59,5,49,0,0,,,,1.0,,,,,0.1,70.0,0.8428571428571429,0,14,0.0,0,1
61,277,270,0,15,,,1.0,1.0,-14400.0,,,,1.022140221402214,2382.0,0.0256087321578505,1,18,0.0,0,1
1,85,576,0,0,,,,,,,,,0.1473136915077989,,,0,5,0.2222222222222222,1,1
2,58,1125,0,0,,,,,,,,,0.0515097690941385,,,0,15,0.4666666666666667,1,1
85,8,43,0,0,,,,1.0,,,,,0.1818181818181818,74.0,1.148648648648649,0,13,0.0,0,1
290,758,563,0,70,,,1.0,1.0,-14400.0,,,,1.3439716312056738,2488.0,0.1165594855305466,1,12,0.0,0,1
49,3,42,0,1,,,,1.0,,,,,0.0697674418604651,67.0,0.7313432835820896,0,13,0.0,0,1
43,2,34,0,0,1.0,1.0,,1.0,,,,,0.0571428571428571,56.0,0.7678571428571429,0,14,0.0,0,1
1,163,580,0,0,,,,,,,,,0.2805507745266781,,,0,7,0.1818181818181818,1,1
1,60,782,0,1,,,,,,,,,0.0766283524904214,,,0,11,0.2142857142857142,1,1
46,1,37,0,0,,,,1.0,,,,,0.0263157894736842,58.0,0.7931034482758621,0,9,0.0,0,1
28655,462,290,413,15,,,1.0,1.0,19800.0,,,,1.5876288659793814,1834.0,15.62431842966194,1,10,0.0,0,0
247,96,318,0,1,,,,1.0,-25200.0,,,,0.3009404388714733,148.0,1.6689189189189189,1,13,0.0,0,1
30,304,290,0,9,,,,1.0,-14400.0,,,,1.0446735395189004,2569.0,0.0116776956014013,1,19,0.0666666666666666,1,1
39,0,0,0,0,,,,1.0,10800.0,,,,0.0,800.0,0.04875,1,15,0.0,0,1
6359,312,195,11456,0,,,1.0,,-25200.0,,1.0,,1.5918367346938775,823.0,7.726609963547995,1,4,0.0,0,0
2630,76,158,632,1,,,1.0,1.0,3600.0,,,,0.4779874213836478,1322.0,1.9894099848714069,1,4,0.0,0,0
66,6,35,0,1,,,,1.0,,,,,0.1666666666666666,70.0,0.9428571428571428,0,12,0.0,0,1
44,15,33,0,0,,,,1.0,,,,,0.4411764705882353,55.0,0.8,0,9,0.0,0,1
23663,473,457,2988,2,,,1.0,1.0,7200.0,,,,1.032751091703057,305.0,77.58360655737705,1,1,0.0,0,0
34,7,43,0,0,,,,1.0,,,,,0.1590909090909091,55.0,0.6181818181818182,0,12,0.0,0,1
137,217,335,0,0,,,,1.0,10800.0,,,,0.6458333333333334,803.0,0.1706102117061021,1,13,0.0,0,1
5400,196,333,4376,1,1.0,,1.0,1.0,,,,,0.5868263473053892,985.0,5.482233502538071,1,13,0.0769230769230769,1,0
62,592,494,0,87,,,1.0,1.0,-14400.0,,,,1.195959595959596,2455.0,0.025254582484725,1,12,0.0,0,1
434,123,164,655,0,1.0,,,1.0,,,,,0.7454545454545455,500.0,0.868,0,8,0.1538461538461538,1,0
875,243,93,432,1,,,,1.0,,,,,2.5851063829787235,1088.0,0.8042279411764706,1,5,0.0,0,0
49,5,44,0,0,,,,1.0,,,,,0.1111111111111111,68.0,0.7205882352941176,0,16,0.0,0,1
66,2,42,0,1,,,,1.0,,,,,0.0465116279069767,72.0,0.9166666666666666,0,14,0.0,0,1
12004,832,1694,1,4,,,,1.0,-18000.0,,,,0.4908554572271386,1203.0,9.97838736492103,1,15,0.0,0,1
55,1345,1925,0,6,,,,,,,,,0.6983385254413291,,,1,7,0.2,1,1
4834,240,175,2901,1,,,1.0,1.0,-28800.0,,,,1.3636363636363635,1202.0,4.021630615640599,1,5,0.0,0,0
1202,225,441,360,1,,,1.0,1.0,7200.0,,,,0.5090497737556561,1345.0,0.8936802973977696,1,14,0.0,0,0
14,250,1869,0,4,,,,,,,,,0.1336898395721925,,,0,5,0.0,0,1
164,372,251,0,17,,,1.0,1.0,-14400.0,,,,1.4761904761904765,2558.0,0.0641125879593432,1,18,0.0,0,1
10187,88,181,179,2,,,1.0,1.0,28800.0,,,,0.4835164835164835,2190.0,4.651598173515982,1,13,0.0,0,0
1,46,317,0,1,,,,,,,,,0.1446540880503144,,,0,12,0.3333333333333333,1,1
23134,1066,961,24596,3,,,1.0,1.0,-18000.0,,,,1.108108108108108,2244.0,10.309269162210338,1,16,0.0,0,0
5108,352,223,1180,0,,,,1.0,7200.0,,,,1.5714285714285714,1269.0,4.02521670606777,0,16,0.0666666666666666,1,0
11688,1201,1191,351,61,,,1.0,1.0,43200.0,,,,1.0075503355704698,2181.0,5.359009628610729,1,5,0.0,0,0
42,7,36,0,0,,,,1.0,,,,,0.1891891891891892,60.0,0.7,0,11,0.0,0,1
12277,1037,1799,1,10,,,,1.0,-14400.0,,,,0.5761111111111111,1089.0,11.27364554637282,1,19,0.0,0,1
60,10,41,0,0,,,,1.0,,,,,0.238095238095238,69.0,0.8695652173913043,0,13,0.0,0,1
60,336,294,0,15,,,1.0,1.0,-14400.0,,,,1.1389830508474577,2568.0,0.0233644859813084,1,18,0.0,0,1
56,29,128,0,0,,,,1.0,10800.0,,,,0.2248062015503876,874.0,0.0640732265446224,1,14,0.1333333333333333,1,1
37,5,41,0,0,,,,1.0,,,,,0.119047619047619,67.0,0.5522388059701493,0,14,0.0,0,1
11713,822,1822,1,2,,,,1.0,-18000.0,,,,0.4509051014810751,1032.0,11.349806201550388,1,15,0.0,0,1
980,21,27,22,1,1.0,,,1.0,,,,,0.75,127.0,7.716535433070866,0,7,0.0,0,0
18,288,260,0,7,,,1.0,1.0,-18000.0,,,,1.103448275862069,2104.0,0.0085551330798479,1,19,0.0,0,1
53,2,40,0,0,,,,1.0,,,,,0.048780487804878,68.0,0.7794117647058824,0,9,0.0,0,1
50,4,36,0,0,,,,1.0,,,,,0.1081081081081081,69.0,0.7246376811594203,0,14,0.0,0,1
63,6,33,0,0,,,,1.0,,,,,0.1764705882352941,64.0,0.984375,0,14,0.0,0,1
74,7,45,0,0,,,,1.0,,,,,0.1521739130434782,73.0,1.0136986301369864,0,12,0.0,0,1
144,636,538,0,25,,,1.0,1.0,-14400.0,,,,1.1799628942486085,2505.0,0.0574850299401197,1,12,0.0,0,1
9405,703,223,6,9,,,1.0,1.0,-25200.0,,,,3.138392857142857,2226.0,4.225067385444744,1,14,0.0,0,0
26208,674,343,3724,0,,,,1.0,-25200.0,,,,1.9593023255813955,1401.0,18.70663811563169,1,5,0.0,0,0
75,9,42,0,0,,,,1.0,,,,,0.2093023255813953,74.0,1.0135135135135136,0,11,0.0,0,1
6923,308,326,21,10,,,,1.0,-18000.0,,,,0.9418960244648318,2284.0,3.0310858143607704,1,15,0.0,0,0
43,1,40,0,0,,1.0,,1.0,,,,,0.024390243902439,59.0,0.7288135593220338,0,15,0.0,0,1
2,313,291,0,3,,,1.0,1.0,-14400.0,,,,1.071917808219178,2579.0,0.0007754943776657,1,19,0.0,0,1
1,51,199,0,0,,,,,,,,,0.255,,,0,6,0.2,1,1
72,5,45,0,0,,,,1.0,,,,,0.108695652173913,74.0,0.972972972972973,0,14,0.0,0,1
51,6,36,0,0,,,,1.0,,,,,0.1621621621621621,68.0,0.75,0,14,0.0,0,1
12,0,0,0,0,,,,1.0,10800.0,,,,0.0,870.0,0.0137931034482758,1,13,0.0,0,1
118,15,36,0,0,,,,1.0,10800.0,,,,0.4054054054054054,874.0,0.1350114416475972,1,19,0.1428571428571428,1,1
5459,1234,1996,4477,26,,,1.0,1.0,-18000.0,,,,0.6179268903355033,803.0,6.7982565379825655,1,14,0.0,0,0
1,91,461,0,1,,,,,,,,,0.1969696969696969,,,0,5,0.2222222222222222,1,1
38,594,2001,0,1,,,,,,,,,0.2967032967032967,,,0,14,0.0,0,1
9731,394,311,4086,5,,,1.0,1.0,18000.0,,,,1.2628205128205128,1961.0,4.962264150943396,1,5,0.25,1,0
10714,4158,76,26583,4,,,,,-21600.0,,,,54.0,378.0,28.343915343915345,1,18,0.0,0,0
20,566,520,0,3,,,1.0,1.0,-14400.0,,,,1.0863723608445297,2492.0,0.0080256821829855,1,12,0.0,0,1
3398,151,102,1631,0,1.0,,,1.0,,,,,1.4660194174757282,1412.0,2.406515580736544,1,7,0.0,0,0
126,389,590,0,1,,,,1.0,10800.0,,,,0.6582064297800339,872.0,0.1444954128440367,1,13,0.1428571428571428,1,1
14412,137,177,1632,0,,,,,28800.0,,,,0.7696629213483146,1095.0,13.161643835616438,1,16,0.0,0,0
6,300,279,0,7,,,1.0,1.0,-25200.0,,,,1.0714285714285714,1704.0,0.0035211267605633,1,17,0.0,0,1
34,2,38,0,0,,,,1.0,,,,,0.0512820512820512,57.0,0.5964912280701754,0,6,0.0,0,1
1325,256,313,963,0,,,1.0,1.0,28800.0,,,,0.8152866242038217,1199.0,1.1050875729774812,1,8,0.0,0,0
10740,640,533,1498,1,,,1.0,1.0,-25200.0,,,,1.198501872659176,1132.0,9.487632508833922,1,14,0.125,1,0
35,8,39,0,0,,,,1.0,,,,,0.2,51.0,0.6862745098039216,0,14,0.0,0,1
10674,27789,1403,118225,595,,,,1.0,-18000.0,,,,19.792735042735043,2240.0,4.765178571428572,1,5,0.0,0,0
137,0,0,0,0,,,,1.0,10800.0,,,,0.0,875.0,0.1565714285714285,1,14,0.0,0,1
106,2,0,0,0,,,,1.0,10800.0,,,,2.0,873.0,0.1214203894616265,1,12,0.1538461538461538,1,1
132,226,316,0,2,,,,1.0,10800.0,,,,0.7129337539432177,874.0,0.1510297482837528,1,13,0.0,0,1
61,841,1498,3,1,,,,,,,,,0.5610406937958639,,,0,11,0.0,0,1
88,1,0,0,0,,,,1.0,10800.0,,,,1.0,874.0,0.1006864988558352,1,13,0.0,0,1
25,584,558,0,5,,,1.0,1.0,-14400.0,,,,1.0447227191413238,2390.0,0.0104602510460251,1,12,0.0,0,1
150,648,540,0,15,,,1.0,1.0,-14400.0,,,,1.1977818853974125,2505.0,0.059880239520958,1,12,0.0,0,1
65,10,41,0,0,,,,1.0,,,,,0.238095238095238,69.0,0.9420289855072465,0,16,0.0,0,1
60,3,37,0,0,,,,1.0,,,,,0.0789473684210526,63.0,0.9523809523809524,0,15,0.0,0,1
70334,422,97,71,7,,,1.0,1.0,,,,,4.306122448979592,1458.0,48.2400548696845,1,12,0.0,0,0
10581,1209,1973,0,9,,,,1.0,-18000.0,,,,0.6124620060790273,786.0,13.4618320610687,1,13,0.0,0,1
713,399,318,809,0,,,1.0,1.0,-18000.0,,,,1.250783699059561,721.0,0.9889042995839112,1,4,0.0,0,0
1776,545,458,1038,0,1.0,,,1.0,,,,,1.187363834422658,455.0,3.903296703296703,1,11,0.2857142857142857,1,0
78,4,42,0,1,,,,1.0,,,,,0.0930232558139534,73.0,1.0684931506849316,0,12,0.0,0,1
48,5,47,0,0,,,,1.0,,,,,0.1041666666666666,66.0,0.7272727272727273,0,16,0.0,0,1
5881,188,107,2061,0,,,,1.0,-10800.0,,,,1.7407407407407407,834.0,7.051558752997602,1,8,0.0,0,0
40,9,41,0,0,,,,1.0,,,,,0.2142857142857142,56.0,0.7142857142857143,0,12,0.0,0,1
189,723,530,0,16,,,1.0,1.0,-14400.0,,,,1.3615819209039548,2489.0,0.0759341100843712,1,15,0.0,0,1
478,5508,5642,0,3,,,,1.0,,,,,0.9760765550239234,1244.0,0.3842443729903537,1,13,0.2222222222222222,1,1
49542,1388,1233,551,76,,,1.0,1.0,7200.0,,,,1.1247974068071314,2491.0,19.88839823364111,1,13,0.0,0,0
37,5,38,0,0,,,,1.0,,,,,0.1282051282051282,67.0,0.5522388059701493,0,13,0.0,0,1
55,8,35,0,1,,,,1.0,,,,,0.2222222222222222,66.0,0.8333333333333334,0,14,0.0,0,1
156,670,494,0,126,,,1.0,1.0,-14400.0,,,,1.3535353535353536,2475.0,0.063030303030303,1,12,0.0,0,1
42,7,44,0,0,,,,1.0,,,,,0.1555555555555555,68.0,0.6176470588235294,0,12,0.0,0,1
2296,252,573,3150,1,1.0,,,1.0,,,,,0.4390243902439024,311.0,7.382636655948553,1,6,0.0,0,0
140,233,351,0,0,,,,1.0,10800.0,,,,0.6619318181818182,874.0,0.160183066361556,1,14,0.0,0,1
1129,1500,1764,2,2,1.0,,,1.0,10800.0,,,,0.8498583569405099,449.0,2.514476614699332,1,5,0.0,0,1
73778,3178,417,27052,7,,,1.0,,-28800.0,,,,7.6028708133971294,1669.0,44.20491312162972,0,6,0.0,0,0
13449,951,426,6801,1,1.0,,1.0,1.0,,,,,2.227166276346604,373.0,36.056300268096514,1,7,0.2727272727272727,1,0
277,26,76,9,0,1.0,,,1.0,7200.0,,,,0.3376623376623376,1927.0,0.1437467566165023,0,18,0.0,0,0
190,3637,342,10,0,,,,1.0,,,,,10.603498542274052,252.0,0.753968253968254,1,19,0.0,0,1
319,5659,6219,0,7,,,,1.0,10800.0,,,,0.909807073954984,803.0,0.3972602739726027,1,4,0.0,0,1
70,4,41,0,0,,,,1.0,,,,,0.0952380952380952,71.0,0.9859154929577464,0,14,0.0,0,1
9498,914,807,0,7,1.0,,,1.0,-18000.0,,,,1.131188118811881,653.0,14.545176110260336,1,12,0.1538461538461538,1,1
22,226,1020,0,0,,,,,,,,,0.2213516160626836,,,0,6,0.0,0,1
514,4870,5350,0,8,,,,1.0,,,,,0.91011025976453,1244.0,0.4131832797427652,1,13,0.1818181818181818,1,1
49,7,42,0,0,,,,1.0,,,,,0.1627906976744186,63.0,0.7777777777777778,0,13,0.0,0,1
335,4888,5285,0,6,,,,1.0,10800.0,,,,0.9247067726068862,874.0,0.3832951945080091,1,15,0.0,0,1
45,1,37,0,0,,,,1.0,,,,,0.0263157894736842,53.0,0.8490566037735849,0,15,0.0,0,1
593,690,494,0,250,,,1.0,1.0,-14400.0,,,,1.393939393939394,2487.0,0.2384398874145556,1,12,0.0,0,1
806,2782,2063,0,34,,,,,,,,,1.3478682170542635,,,0,18,0.0,0,1
41468,1154,232,22,3,,,1.0,1.0,-25200.0,,,,4.952789699570816,2141.0,19.36851938346567,1,9,0.0,0,0
4287,312,628,1893,2,,,1.0,1.0,-18000.0,,,,0.4960254372019078,377.0,11.371352785145888,1,5,0.0,0,0
61,3,35,0,0,,,,1.0,,,,,0.0833333333333333,68.0,0.8970588235294118,0,14,0.0,0,1
514,6311,6781,0,19,,,,1.0,,,,,0.9305514597463876,155.0,3.3161290322580643,1,11,0.0,0,1
5,240,186,0,11,,,1.0,1.0,-14400.0,,,,1.2834224598930482,2565.0,0.0019493177387914,1,19,0.0,0,1
1,68,1769,0,2,,,,,,,,,0.0384180790960452,,,0,4,0.1538461538461538,1,1
70,4,48,0,2,,,,1.0,,,,,0.0816326530612244,72.0,0.9722222222222222,0,14,0.0,0,1
9398,481,324,2145,19,,,1.0,,,,,,1.48,992.0,9.473790322580646,1,11,0.0,0,0
8336,294,1700,0,2,1.0,,,1.0,,,,,0.1728395061728395,444.0,18.774774774774773,1,13,0.0,0,1
42,0,38,0,0,,,,1.0,,,,,0.0,51.0,0.8235294117647058,0,14,0.0,0,1
42,7,41,0,0,,,,1.0,,,,,0.1666666666666666,67.0,0.6268656716417911,0,16,0.0,0,1
31,0,0,0,0,,,,1.0,10800.0,,,,0.0,874.0,0.0354691075514874,1,13,0.0,0,1
19161,797,774,4966,13,,,1.0,1.0,-14400.0,,,,1.0283870967741937,1127.0,17.001774622892636,1,8,0.0,0,0
2,72,1499,0,0,,,,,,,,,0.048,,,0,17,0.3333333333333333,1,1
54,3,39,0,0,,,,1.0,,,,,0.075,62.0,0.8709677419354839,0,14,0.0,0,1
15890,973,1994,566,12,,,1.0,1.0,-36000.0,,,,0.487719298245614,2112.0,7.523674242424242,1,14,0.0,0,0
6623,384,131,6017,2,1.0,,1.0,1.0,-18000.0,,,,2.909090909090909,96.0,68.98958333333333,1,6,0.0,0,0
2177,208,332,265,1,,,1.0,,,,,,0.6246246246246246,689.0,3.159651669085632,1,15,0.5,1,0
48,0,38,0,0,,,,1.0,,,,,0.0,55.0,0.8727272727272727,0,13,0.0,0,1
268,4940,5430,0,5,,,,1.0,10800.0,,,,0.90959307678144,803.0,0.3337484433374844,1,4,0.0,0,1
72393,2233,999,13120,5,,,1.0,1.0,-18000.0,,,,2.233,2144.0,33.76539179104478,0,6,0.0,0,0
2084,1613,1991,0,2,1.0,,,1.0,10800.0,,,,0.8097389558232931,755.0,2.760264900662252,1,15,0.0,0,1
77,5,40,0,0,,,,1.0,,,,,0.1219512195121951,73.0,1.0547945205479452,0,15,0.0,0,1
75,6,40,0,0,,,,1.0,,,,,0.1463414634146341,75.0,1.0,0,16,0.0,0,1
78,12,41,0,0,,,,1.0,,,,,0.2857142857142857,74.0,1.054054054054054,0,13,0.0,0,1
4,295,277,0,8,,,1.0,1.0,-25200.0,,,,1.0611510791366907,1741.0,0.0022975301550832,1,20,0.0,0,1
55,2,35,0,0,,,,1.0,,,,,0.0555555555555555,62.0,0.8870967741935484,0,15,0.0,0,1
43,1,41,0,0,,,,1.0,,,,,0.0238095238095238,59.0,0.7288135593220338,0,14,0.0,0,1
44535,314,290,16169,1,1.0,,1.0,1.0,,,,,1.0790378006872852,676.0,65.8801775147929,1,15,0.0,0,0
1,127,464,0,2,,,,,,,,,0.2731182795698925,,,0,8,0.1666666666666666,1,1
45,6,34,0,0,,,,1.0,,,,,0.1714285714285714,52.0,0.8653846153846154,0,15,0.0,0,1
62,4,40,0,0,,,,1.0,,,,,0.0975609756097561,70.0,0.8857142857142857,0,12,0.0,0,1
65,5,40,0,0,,,,1.0,,,,,0.1219512195121951,73.0,0.8904109589041096,0,11,0.0,0,1
8,37,383,0,3,,,,,,,,,0.0963541666666666,,,0,13,0.25,1,1
2450,109,106,1315,0,,,,1.0,16200.0,,1.0,,1.0186915887850467,199.0,12.311557788944723,1,2,0.0,0,0
79,4,41,0,0,,,,1.0,,,,,0.0952380952380952,74.0,1.0675675675675675,0,11,0.0,0,1
41,5,29,0,0,,,,1.0,,,,,0.1666666666666666,54.0,0.7592592592592593,0,13,0.0,0,1
234,322,234,1,8,,,,1.0,18000.0,,,,1.3702127659574468,2064.0,0.1133720930232558,1,11,0.0,0,0
12341,770,1417,0,8,1.0,,,1.0,,,,,0.5430183356840621,776.0,15.903350515463918,1,15,0.0,0,1
3435,859,1588,11185,1,,,1.0,1.0,-10800.0,,,,0.540591567023285,469.0,7.32409381663113,1,13,0.0,0,0
378,6137,5755,0,7,,,,1.0,10800.0,,,,1.0661917998610146,718.0,0.5264623955431755,1,5,0.0,0,1
73,3,32,0,0,,,,1.0,,,,,0.0909090909090909,75.0,0.9733333333333334,0,14,0.0,0,1
151,237,323,0,2,,,,1.0,10800.0,,,,0.7314814814814815,803.0,0.1880448318804483,1,15,0.0,0,1
122,320,281,0,25,,,1.0,1.0,-14400.0,,,,1.1347517730496457,2382.0,0.051217464315701,1,19,0.0,0,1
121,341,247,0,12,,,1.0,1.0,-14400.0,,,,1.375,2558.0,0.0473025801407349,1,18,0.0,0,1
409,137,242,1050,3,1.0,,1.0,1.0,-18000.0,,,,0.5637860082304527,435.0,0.9402298850574712,1,11,0.0,0,0
42,3,33,0,0,,,,1.0,,,,,0.088235294117647,56.0,0.75,0,16,0.0,0,1
10515,14383,3,0,1,,,,1.0,-21600.0,,,,3595.75,968.0,10.862603305785123,0,18,0.0,0,1
11167,1111,1798,1,2,,,,1.0,-14400.0,,,,0.6175653140633686,772.0,14.465025906735752,1,16,0.0,0,1
57,4,35,0,0,,,,1.0,,,,,0.1111111111111111,62.0,0.9193548387096774,0,13,0.0,0,1
77,4,45,0,1,,,,1.0,,,,,0.0869565217391304,71.0,1.0845070422535212,0,13,0.0,0,1
74,8,42,0,0,,,,1.0,,,,,0.1860465116279069,73.0,1.0136986301369864,0,14,0.0,0,1
69,6,43,0,1,,,,1.0,,,,,0.1363636363636363,74.0,0.9324324324324323,0,12,0.0,0,1
18,265,262,0,9,,,1.0,1.0,-14400.0,,,,1.0076045627376429,2380.0,0.007563025210084,1,19,0.0,0,1
404,139,172,365,0,1.0,,,1.0,,,,,0.8034682080924855,670.0,0.6029850746268657,0,12,0.0,0,0
78,4,38,0,0,,,,1.0,,,,,0.1025641025641025,72.0,1.0833333333333333,0,14,0.0,0,1
58,718,2001,0,3,,,,,,,,,0.3586413586413586,,,0,13,0.0,0,1
14210,320,193,13278,1,,,1.0,,-25200.0,,,,1.649484536082474,652.0,21.79447852760736,1,6,0.0,0,0
39,6,33,0,2,,,,1.0,,,,,0.1764705882352941,70.0,0.5571428571428572,0,10,0.0,0,1
45,5,47,0,0,,,,1.0,,,,,0.1041666666666666,67.0,0.6716417910447762,0,14,0.0,0,1
59,4,40,0,0,,,,1.0,,,,,0.0975609756097561,62.0,0.9516129032258064,0,11,0.0,0,1
12,573,1906,0,16,,,,,,,,,0.3004719454640797,,,0,16,0.0833333333333333,1,1
32096,3837,952,13755,13,,,1.0,1.0,-18000.0,,,,4.026232948583421,1728.0,18.574074074074076,1,5,0.0,0,0
64,7,40,0,0,,,,1.0,,,,,0.1707317073170731,68.0,0.9411764705882352,0,13,0.0,0,1
38,0,0,0,0,,,,1.0,10800.0,,,,0.0,874.0,0.0434782608695652,1,16,0.0,0,1
39,464,2002,2,1,,,,,,,,,0.2316525212181727,,,0,18,0.0,0,1
53,3,37,0,0,,,,1.0,,,,,0.0789473684210526,62.0,0.8548387096774194,0,14,0.0,0,1
750,104,102,266,6,,,,1.0,28800.0,,,,1.0097087378640777,372.0,2.0161290322580645,1,11,0.0,0,0
19,188,874,0,0,,,,,,,,,0.2148571428571428,,,0,18,0.0,0,1
62,5,36,0,0,,,,1.0,,,,,0.1351351351351351,63.0,0.984126984126984,0,12,0.0,0,1
977,212,400,370,0,1.0,,1.0,1.0,,,,,0.5286783042394015,490.0,1.993877551020408,1,11,0.0909090909090909,1,0
6,263,257,0,3,,,1.0,1.0,-18000.0,,,,1.0193798449612403,2104.0,0.0028517110266159,1,17,0.0,0,1
12396,725,1912,1,5,,,,1.0,-18000.0,,,,0.3789858860428646,1208.0,10.26158940397351,1,11,0.0,0,1
1846,25,87,756,3,1.0,,,1.0,,,,,0.2840909090909091,221.0,8.352941176470589,1,5,0.0,0,0
66,6,43,0,0,,,,1.0,,,,,0.1363636363636363,71.0,0.9295774647887324,0,14,0.0,0,1
2,196,185,0,5,,,1.0,1.0,-14400.0,,,,1.053763440860215,2554.0,0.0007830853563038,1,18,0.0,0,1
27689,1282,838,4067,11,,,1.0,1.0,10800.0,,,,1.5280095351609058,1135.0,24.395594713656383,1,12,0.0,0,0
31,611,1952,0,4,,,,,,,,,0.3128520225294419,,,0,15,0.0,0,1
41,7,43,0,0,,,,1.0,,,,,0.1590909090909091,67.0,0.6119402985074627,0,14,0.0,0,1
50,2,40,0,0,,,,1.0,,,,,0.048780487804878,68.0,0.7352941176470589,0,13,0.0,0,1
43,1,35,0,0,,,,1.0,,,,,0.0277777777777777,54.0,0.7962962962962963,0,12,0.0,0,1
110,0,0,0,0,,,,1.0,10800.0,,,,0.0,873.0,0.1260022909507445,1,13,0.0,0,1
54,5,37,0,0,,,,1.0,,,,,0.131578947368421,70.0,0.7714285714285715,0,14,0.0,0,1
45655,3001,538,4034,6,1.0,,1.0,1.0,-36000.0,,,,5.567717996289425,926.0,49.30345572354212,1,7,0.1333333333333333,1,0
44,10,40,0,0,,,,1.0,,,,,0.2439024390243902,55.0,0.8,0,12,0.0,0,1
9156,285,205,4088,1,,,1.0,,,,1.0,,1.383495145631068,586.0,15.62457337883959,1,5,0.0,0,0
58,3,35,0,0,,,,1.0,,,,,0.0833333333333333,66.0,0.8787878787878788,0,15,0.0,0,1
407,4817,5040,0,7,,,,1.0,10800.0,,,,0.9555643721483832,716.0,0.5684357541899442,1,11,0.0909090909090909,1,1
3157,605,94,204,1,,,1.0,1.0,28800.0,,1.0,,6.368421052631579,857.0,3.6837806301050176,1,1,0.0,0,0
125,0,0,0,0,,,,1.0,10800.0,,,,0.0,875.0,0.1428571428571428,1,13,0.0,0,1
60,3,37,0,0,,,,1.0,,,,,0.0789473684210526,63.0,0.9523809523809524,0,12,0.0,0,1
12489,1341,1717,1,5,,,,1.0,-14400.0,,,,0.780558789289872,1006.0,12.414512922465208,1,11,0.0,0,1
131,1,0,0,0,,,,1.0,10800.0,,,,1.0,874.0,0.1498855835240274,1,16,0.0,0,1
6051,1214,1989,1492,28,,,1.0,1.0,43200.0,,,,0.6100502512562814,2445.0,2.474846625766871,1,9,0.0,0,0
4984,486,599,1002,14,,,,1.0,,,,,0.81,323.0,15.430340557275542,1,6,0.0,0,0
256,227,1413,0,1,,,,,,,,,0.1605374823196605,,,0,12,0.0,0,1
3635,919,2001,1743,17,,,1.0,1.0,-18000.0,,,,0.459040959040959,1487.0,2.444519166106254,1,17,0.0,0,0
77869,4941,420,39704,34,,,1.0,1.0,,,,,11.736342042755345,451.0,172.65853658536585,1,12,0.0,0,0
14,302,217,0,30,,,1.0,1.0,-14400.0,,,,1.385321100917431,2564.0,0.0054602184087363,1,20,0.0,0,1
21651,683,97,295,55,,,1.0,1.0,10800.0,,,,6.969387755102041,2538.0,8.530732860520095,1,8,0.0,0,0
65,13,44,0,0,,,,1.0,,,,,0.2888888888888888,68.0,0.9558823529411764,0,13,0.0,0,1
3,197,182,0,4,,,1.0,1.0,-14400.0,,,,1.0765027322404372,2554.0,0.0011746280344557,1,16,0.0,0,1
761,104,297,0,3,,,,1.0,-14400.0,,,,0.348993288590604,258.0,2.949612403100775,1,12,0.0,0,1
44,7,37,0,1,,,,1.0,,,,,0.1842105263157894,68.0,0.6470588235294118,0,13,0.0,0,1
34,2,38,0,0,,,,1.0,,,,,0.0512820512820512,56.0,0.6071428571428571,0,16,0.0,0,1
8147,1867,456,827,24,1.0,,1.0,1.0,19800.0,,,,4.085339168490153,695.0,11.72230215827338,1,18,0.0,0,0
36,223,166,864,2,,,,1.0,-25200.0,,,,1.3353293413173652,444.0,0.081081081081081,1,15,0.0909090909090909,1,0
2,75,384,0,0,,,,,,,,,0.1948051948051948,,,0,4,0.3333333333333333,1,1
51,4,36,0,0,,,,1.0,,,,,0.1081081081081081,68.0,0.75,0,15,0.0,0,1
5090,232,492,339,2,,,1.0,1.0,,,,,0.4705882352941176,2023.0,2.5160652496292637,1,15,0.2307692307692307,1,0
1833,59,133,120,2,1.0,,,1.0,,,,,0.4402985074626865,276.0,6.641304347826087,1,14,0.0,0,0
45,298,227,0,17,,,1.0,1.0,-14400.0,,,,1.3070175438596492,2563.0,0.0175575497463909,1,19,0.0,0,1
53,333,251,0,8,,,1.0,1.0,-14400.0,,,,1.3214285714285714,2557.0,0.020727414939382,1,18,0.0,0,1
7811,244,242,5385,3,,,1.0,,3600.0,,,,1.0041152263374489,925.0,8.444324324324324,1,5,0.0,0,0
15934,54,48,1993,2,1.0,,,1.0,-25200.0,,,,1.1020408163265305,579.0,27.51986183074266,1,20,0.0,0,0
3,87,1715,0,0,,,,,,,,,0.0506993006993006,,,0,11,0.4545454545454545,1,1
99,299,279,0,14,,,1.0,1.0,-14400.0,,,,1.0678571428571428,2382.0,0.0415617128463476,1,19,0.0,0,1
5,499,495,0,1,,,1.0,1.0,-14400.0,,,,1.0060483870967742,2412.0,0.0020729684908789,1,12,0.0,0,1
2572,669,648,1076,1,1.0,,1.0,1.0,,,,,1.0308166409861326,178.0,14.44943820224719,1,16,0.2,1,0
2329,121,208,708,1,,,1.0,1.0,18000.0,,,,0.5789473684210527,305.0,7.636065573770492,1,3,0.0,0,0
4272,122,215,42,2,,,1.0,1.0,-14400.0,,,,0.5648148148148148,1355.0,3.1527675276752767,1,15,0.0,0,0
36586,1133,856,9220,4,,,1.0,1.0,28800.0,,,,1.322053675612602,1442.0,25.37170596393897,1,10,0.0,0,0
59543,4126,4094,2170,195,,,1.0,1.0,-18000.0,,,,1.0075702075702075,2453.0,24.27354260089686,1,11,0.0,0,0
360,346,329,281,0,1.0,,1.0,1.0,,,,,1.0484848484848486,142.0,2.535211267605634,1,9,0.5,1,0
124,2157,2368,0,2,,,,1.0,10800.0,,,,0.910510764035458,803.0,0.1544209215442092,1,2,0.0,0,1
160,601,692,0,0,,,,1.0,10800.0,,,,0.8672438672438673,874.0,0.183066361556064,1,15,0.0,0,1
2467,267,342,1194,0,1.0,,,1.0,,,,,0.7784256559766763,1392.0,1.7722701149425288,0,6,0.3846153846153846,1,0
65,4,46,0,0,,,,1.0,,,,,0.0851063829787234,71.0,0.9154929577464788,0,16,0.0,0,1
1,199,627,0,0,,,,,,,,,0.3168789808917197,,,0,7,0.1818181818181818,1,1
43,4,37,0,0,,,,1.0,,,,,0.1052631578947368,55.0,0.7818181818181819,0,16,0.0,0,1
59,275,268,0,15,,,1.0,1.0,-14400.0,,,,1.0223048327137547,2381.0,0.0247795044099118,1,18,0.0,0,1
69,12,33,0,0,,,,1.0,,,,,0.3529411764705882,70.0,0.9857142857142858,0,14,0.0,0,1
47,8,40,0,0,,,,1.0,,,,,0.1951219512195122,67.0,0.7014925373134329,0,12,0.0,0,1
55738,816,638,11034,4,,,1.0,1.0,-28800.0,,,,1.2769953051643192,1403.0,39.72772630078404,1,10,0.0,0,0
4059,599,585,105,8,,,,1.0,7200.0,,,,1.022184300341297,1881.0,2.1578947368421053,1,8,0.0,0,0
43,1,32,0,0,,,,1.0,,,,,0.0303030303030303,54.0,0.7962962962962963,0,13,0.0,0,1
60,4,39,0,0,,,,1.0,,,,,0.1,64.0,0.9375,0,14,0.0,0,1
10607,644,798,0,5,1.0,,,1.0,,,,,0.8060075093867334,573.0,18.51134380453752,1,11,0.0,0,1
81,5,42,0,0,,1.0,,1.0,,,,,0.1162790697674418,73.0,1.1095890410958904,0,16,0.0,0,1
57,7,39,0,0,,,,1.0,,,,,0.175,69.0,0.8260869565217391,0,14,0.0,0,1
43,2,34,0,0,,,,1.0,,,,,0.0571428571428571,53.0,0.8113207547169812,0,14,0.0,0,1
44,9,45,0,0,,,,1.0,,,,,0.1956521739130435,65.0,0.676923076923077,0,12,0.0,0,1
38,5,36,0,0,,,,1.0,,,,,0.1351351351351351,69.0,0.5507246376811594,0,12,0.0,0,1
38625,1299,1164,14114,12,,,1.0,1.0,-21600.0,,,,1.115021459227468,1231.0,31.376929325751423,1,11,0.0,0,0
30,333,246,0,30,,,1.0,1.0,-14400.0,,,,1.3481781376518218,2514.0,0.0119331742243436,1,18,0.0,0,1
2,105,752,0,0,,,,,,,,,0.1394422310756972,,,0,4,0.3333333333333333,1,1
547,1276,1918,0,1,,,,1.0,,,,,0.6649296508598228,160.0,3.41875,1,12,0.0,0,1
12068,505,196,14001,1,1.0,,1.0,1.0,-25200.0,,,,2.563451776649746,774.0,15.591731266149871,1,2,0.0,0,0
38617,1356,591,6822,6,,,1.0,1.0,-21600.0,,,,2.2905405405405403,1699.0,22.729252501471453,1,11,0.0,0,0
61,1531,2000,0,10,,,,,,,,,0.7651174412793603,,,0,9,0.0,0,1
52,9,38,0,0,,,,1.0,,,,,0.2307692307692307,68.0,0.7647058823529411,0,11,0.0,0,1
45,4,45,0,0,,,,1.0,,,,,0.0869565217391304,53.0,0.8490566037735849,0,9,0.0,0,1
17,661,1622,0,1,,,,,,,,,0.4072704867529266,,,0,13,0.0,0,1
154,34,49,45,1,1.0,,,1.0,43200.0,,,,0.68,2236.0,0.0688729874776386,1,13,0.0,0,0
32,294,274,0,14,,,1.0,1.0,-14400.0,,,,1.069090909090909,2380.0,0.0134453781512605,1,19,0.0,0,1
2,307,290,0,3,,,1.0,1.0,-14400.0,,,,1.0549828178694158,2568.0,0.0007788161993769,1,17,0.0,0,1
204,22,146,40,0,1.0,,1.0,1.0,,,,,0.1496598639455782,97.0,2.1030927835051547,1,11,0.5333333333333333,1,0
11022,817,1501,1,9,,,,1.0,-18000.0,,,,0.5439414114513982,1318.0,8.36267071320182,1,17,0.0,0,1
62,6,35,0,0,,,,1.0,,,,,0.1666666666666666,68.0,0.9117647058823528,0,15,0.0,0,1
42,4,33,0,0,,,,1.0,,,,,0.1176470588235294,55.0,0.7636363636363637,0,11,0.0,0,1
259,4208,4605,0,2,,,,1.0,10800.0,,,,0.9135909683022144,874.0,0.2963386727688787,1,7,0.0,0,1
18745,553,1856,81,8,,,1.0,1.0,-18000.0,,,,0.2977921378567582,2138.0,8.767539756782039,1,15,0.0,0,0
55,4,36,0,0,,,,1.0,,,,,0.1081081081081081,67.0,0.8208955223880597,0,16,0.0,0,1
112,0,0,0,0,,,,1.0,10800.0,,,,0.0,872.0,0.128440366972477,1,16,0.0,0,1
299,59,74,156,1,,,,,28800.0,,,,0.7866666666666666,111.0,2.6936936936936937,1,3,0.0,0,0
8507,306,377,12989,1,1.0,,1.0,1.0,,,,,0.8095238095238095,823.0,10.336573511543136,1,6,0.4444444444444444,1,0
51,1,38,0,0,,,,1.0,,,,,0.0256410256410256,66.0,0.7727272727272727,0,14,0.0,0,1
36,6,43,0,0,,,,1.0,,,,,0.1363636363636363,70.0,0.5142857142857142,0,11,0.0,0,1
249,194,721,0,1,,,,,,,,,0.2686980609418282,,,0,7,0.0,0,1
9770,21460,2574,0,0,1.0,,,1.0,,,,,8.333980582524271,543.0,17.992633517495396,1,12,0.0,0,1
877,50,161,443,0,,,,,-18000.0,,,,0.3086419753086419,161.0,5.447204968944099,1,7,0.0,0,0
574,99,197,1,8,1.0,,,1.0,,,,,0.5,1838.0,0.3122959738846572,1,14,0.0,0,0
2208,73,228,1381,1,1.0,,,1.0,,,,,0.3187772925764192,1520.0,1.4526315789473685,1,9,0.0,0,0
1271,14,38,62,0,1.0,,,1.0,,,,,0.358974358974359,419.0,3.0334128878281623,0,4,0.0,0,0
47956,1299,2001,3538,37,,,1.0,1.0,7200.0,,,,0.6488511488511488,1797.0,26.686700055648306,1,17,0.0,0,0
77,4,38,0,0,,,,1.0,,,,,0.1025641025641025,73.0,1.0547945205479452,0,12,0.0,0,1
41,285,728,0,2,,,,,,,,,0.3909465020576131,,,0,15,0.0,0,1
57210,1645,2001,35952,5,,,1.0,1.0,-28800.0,,,,0.8216783216783217,1263.0,45.296912114014255,1,17,0.0,0,0
57,9,32,0,0,,,,1.0,,,,,0.2727272727272727,61.0,0.9344262295081968,0,13,0.0,0,1
64,9,45,0,0,,,,1.0,,,,,0.1956521739130435,72.0,0.8888888888888888,0,13,0.0,0,1
34,2,44,0,0,,1.0,,1.0,,,,,0.0444444444444444,58.0,0.5862068965517241,0,15,0.0,0,1
460,3800,4185,0,2,,,,1.0,,,,,0.9077878643096036,910.0,0.5054945054945055,1,9,0.0,0,1
1588,1297,1998,701,31,,,,1.0,-14400.0,,,,0.6488244122061031,2587.0,0.613838422883649,1,16,0.0,0,0
215,37,112,66,1,,,,1.0,-25200.0,,,,0.3274336283185841,2096.0,0.1025763358778625,1,11,0.0,0,0
61850,836,688,872,1,,,1.0,1.0,-18000.0,,,,1.2133526850507983,1445.0,42.80276816608997,1,12,0.0,0,0
2,583,519,0,0,,,1.0,1.0,-18000.0,,,,1.1211538461538462,2503.0,0.0007990411506192,1,12,0.0,0,1
31,4,45,0,0,,,,1.0,,,,,0.0869565217391304,60.0,0.5166666666666667,0,13,0.0,0,1
63,7,42,0,0,,,,1.0,,,,,0.1627906976744186,63.0,1.0,0,14,0.0,0,1
24,235,947,0,7,,,,,,,,,0.2478902953586498,,,0,5,0.0,0,1
45,3,42,0,0,,,,1.0,,,,,0.0697674418604651,66.0,0.6818181818181818,0,15,0.0,0,1
4891,273,286,2216,0,1.0,,1.0,1.0,,,,,0.951219512195122,1019.0,4.799803729146221,0,4,0.0,0,0
82700,1110,997,3186,10,,,1.0,1.0,43200.0,,,,1.1122244488977957,2202.0,37.55676657584014,0,11,0.0,0,0
533,373,281,0,44,,,1.0,1.0,-14400.0,,,,1.322695035460993,2382.0,0.2237615449202351,1,19,0.0,0,1
26577,2474,224,1962,77,,,,1.0,-14400.0,,,,10.995555555555557,2454.0,10.830073349633253,1,19,0.0,0,0
33,271,883,1,1,,,,,,,,,0.3065610859728507,,,0,14,0.0,0,1
38916,515,494,536,9,,,1.0,1.0,-18000.0,,,,1.0404040404040404,2172.0,17.917127071823206,1,8,0.0,0,0
727,79,99,439,1,1.0,,,1.0,,,,,0.79,91.0,7.989010989010989,1,8,0.3,1,0
21397,850,399,13703,0,,,1.0,1.0,-14400.0,,,,2.125,1103.0,19.398912058023573,0,4,0.0,0,0
125,296,269,0,32,,,1.0,1.0,-14400.0,,,,1.0962962962962963,2382.0,0.0524769101595298,1,18,0.0,0,1
17,55,241,0,0,,,,,,,,,0.2272727272727272,,,0,11,0.0,0,1
66,2,39,0,0,,,,1.0,,,,,0.05,65.0,1.015384615384615,0,12,0.0,0,1
22993,504,43,10968,2,1.0,,1.0,1.0,-18000.0,,,,11.454545454545457,1039.0,22.12993262752647,1,20,0.0,0,0
40,295,280,0,15,,,1.0,1.0,-14400.0,,,,1.0498220640569396,2382.0,0.0167926112510495,1,19,0.0,0,1
1735,209,438,5934,2,,,,1.0,-21600.0,,,,0.4760820045558087,1282.0,1.3533541341653663,0,10,0.0,0,0
15,311,240,0,10,,,1.0,1.0,-14400.0,,,,1.2904564315352698,2517.0,0.0059594755661501,1,18,0.0,0,1
17465,582,686,0,0,1.0,,,1.0,,,,,0.8471615720524017,543.0,32.16390423572744,0,10,0.0,0,0
11815,785,1824,0,15,,,,1.0,-14400.0,,,,0.4301369863013699,1067.0,11.073102155576382,1,15,0.0,0,1
10963,1050,348,837,4,1.0,,1.0,1.0,-25200.0,,,,3.008595988538682,126.0,87.0079365079365,1,4,0.0,0,0
33129,1302,632,0,34,,,,,3600.0,,,,2.056872037914692,1397.0,23.71438797423049,1,15,0.0,0,1
42,4,29,0,0,,,,1.0,,,,,0.1333333333333333,68.0,0.6176470588235294,0,15,0.0,0,1
14,285,247,0,7,,,1.0,1.0,-14400.0,,,,1.1491935483870968,2495.0,0.0056112224448897,1,18,0.0,0,1
2429,199,99,97,3,,,,1.0,-25200.0,,,,1.99,2171.0,1.1188392445877475,1,14,0.0,0,0
55,9,38,0,0,,,,1.0,,,,,0.2307692307692307,68.0,0.8088235294117647,0,15,0.0,0,1
14,262,189,0,17,,,1.0,1.0,-14400.0,,,,1.3789473684210527,2564.0,0.0054602184087363,1,20,0.0,0,1
41,3,36,5,0,,,1.0,1.0,28800.0,,,,0.081081081081081,101.0,0.4059405940594059,1,18,0.0,0,0
18822,904,1996,30438,12,,,1.0,1.0,,,,,0.4526790185277917,725.0,25.961379310344828,1,13,0.1333333333333333,1,0
130705,35272,35095,10395,186,,,1.0,1.0,32400.0,,,,1.0050148165033053,765.0,170.8562091503268,1,14,0.0,0,0
46,225,1,0,15,1.0,1.0,1.0,1.0,-25200.0,,,,112.5,1343.0,0.0342516753536857,1,20,0.0,0,1
476,18,235,439,0,,,,1.0,7200.0,,,,0.0762711864406779,1405.0,0.3387900355871886,1,9,0.0,0,0
35,0,0,0,0,,,,1.0,10800.0,,,,0.0,873.0,0.0400916380297823,1,16,0.0,0,1
780,147,171,1004,1,1.0,,1.0,1.0,,,,,0.8546511627906976,381.0,2.047244094488189,0,7,0.0,0,0
33928,968,799,2955,5,,,1.0,1.0,-18000.0,,,,1.21,1921.0,17.66163456533056,1,19,0.0,0,0
43,8,34,0,0,,,,1.0,,,,,0.2285714285714285,58.0,0.7413793103448276,0,14,0.0,0,1
79,9,39,0,0,,,,1.0,,,,,0.225,73.0,1.082191780821918,0,12,0.0,0,1
5587,223,217,7362,0,,,1.0,1.0,,,,,1.0229357798165135,1699.0,3.288404944084756,1,11,0.0,0,0
25639,1187,434,26323,4,,,1.0,1.0,-25200.0,,,,2.728735632183908,1682.0,15.243162901307969,1,13,0.0,0,0
47,7,39,0,0,,,,1.0,,,,,0.175,66.0,0.7121212121212122,0,14,0.0,0,1
74500,633,451,254,3,,,1.0,1.0,-14400.0,,,,1.4004424778761062,2193.0,33.97172822617419,0,10,0.0,0,0
55,7,33,0,0,,,,1.0,,,,,0.2058823529411764,70.0,0.7857142857142857,0,13,0.0,0,1
260,4208,4628,0,1,,,,1.0,10800.0,,,,0.909051631021819,873.0,0.2978235967926689,1,7,0.0,0,1
167,37,309,279,1,,,,1.0,-25200.0,,,,0.1193548387096774,721.0,0.231622746185853,0,9,0.0,0,0
64,8,42,0,0,,,,1.0,,,,,0.1860465116279069,63.0,1.0158730158730158,0,15,0.0,0,1
3,47,296,0,0,,,,,,,,,0.1582491582491582,,,0,7,0.1666666666666666,1,1
20861,151,71,4763,1,,,,1.0,-10800.0,,,,2.0972222222222223,1030.0,20.253398058252422,1,8,0.0,0,0
4019,150,256,157,1,1.0,,1.0,1.0,,,,,0.5836575875486382,820.0,4.901219512195122,1,10,0.1818181818181818,1,0
1241,1867,1643,1,2,1.0,,,1.0,10800.0,,,,1.1356447688564475,450.0,2.7577777777777777,1,19,0.0,0,1
65,4,43,0,0,,,,1.0,,,,,0.0909090909090909,73.0,0.8904109589041096,0,14,0.0,0,1
1044,240,146,167,4,,,,,43200.0,,,,1.6326530612244898,2020.0,0.5168316831683168,1,9,0.0,0,0
43,4,38,0,0,,,,1.0,,,,,0.1025641025641025,59.0,0.7288135593220338,0,16,0.0,0,1
9899,324,196,4208,2,,,1.0,1.0,,,,,1.6446700507614214,550.0,17.99818181818182,1,10,0.0,0,0
27,526,494,0,20,,,1.0,1.0,-14400.0,,,,1.0626262626262626,2410.0,0.0112033195020746,1,12,0.0,0,1
539,1153,567,0,73,,,1.0,1.0,-14400.0,,,,2.0299295774647885,2505.0,0.2151696606786427,1,16,0.0,0,1
71,0,0,0,0,,,,1.0,10800.0,,,,0.0,874.0,0.0812356979405034,1,13,0.0,0,1
3366,275,1260,630,4,,,,,-25200.0,,,,0.2180808881839809,1313.0,2.563594821020564,0,17,0.4,1,0
21417,341,2001,3515,8,,,,1.0,10800.0,,,,0.1703296703296703,1317.0,16.261958997722097,1,6,0.0,0,0
57768,348,389,13804,4,,,1.0,1.0,,,,,0.8923076923076924,739.0,78.17050067658998,1,6,0.0,0,0
55,5,47,0,0,,,,1.0,,,,,0.1041666666666666,71.0,0.7746478873239436,0,15,0.0,0,1
2285,58,138,142,4,,,1.0,1.0,-25200.0,,,,0.4172661870503597,1167.0,1.958011996572408,1,6,0.0,0,0
43,5,34,0,0,,,,1.0,,,,,0.1428571428571428,53.0,0.8113207547169812,0,16,0.0,0,1
39,628,1842,0,1,,,,,,,,,0.3407487791644059,,,0,11,0.0,0,1
423,6214,6315,0,4,1.0,,,1.0,10800.0,,,,0.9838505383153896,719.0,0.588317107093185,1,14,0.0,0,1
62,4,42,0,1,,,,1.0,,,,,0.0930232558139534,70.0,0.8857142857142857,0,13,0.0,0,1
431,4326,4760,0,7,,,,1.0,10800.0,,,,0.9086326402016384,718.0,0.6002785515320335,1,13,0.0,0,1
844,93,385,27,0,,,,1.0,19800.0,,,,0.2409326424870466,1722.0,0.4901277584204414,1,13,0.0,0,0
6356,356,818,31,6,1.0,,1.0,1.0,-25200.0,,,,0.4346764346764347,2057.0,3.089936801166748,1,12,0.0,0,0
73,4,33,0,0,,,,1.0,,,,,0.1176470588235294,69.0,1.0579710144927537,0,16,0.0,0,1
73443,2844,1861,9562,71,,,1.0,1.0,-25200.0,,,,1.5273899033297529,1583.0,46.39481996209728,1,9,0.0,0,0
310,88,198,23,0,,,1.0,1.0,-14400.0,,,,0.4422110552763819,107.0,2.897196261682243,0,6,0.0,0,0
1940,104,64,129,3,,,,1.0,-18000.0,,,,1.6,968.0,2.0041322314049586,1,10,0.0,0,0
41,3,43,0,0,,,,1.0,,,,,0.0681818181818181,57.0,0.7192982456140351,0,15,0.0,0,1
23130,1999,184,402,41,,,1.0,1.0,-25200.0,,1.0,,10.805405405405406,2153.0,10.74314909428704,1,11,0.0,0,0
8,340,306,0,15,,,1.0,1.0,-14400.0,,,,1.1074918566775245,2549.0,0.003138485680659,1,19,0.0,0,1
319,71,41,552,0,1.0,,1.0,1.0,,,,,1.6904761904761905,782.0,0.4079283887468031,1,9,0.0,0,0
4282,315,311,6284,0,,,,1.0,-25200.0,,,,1.0096153846153846,1755.0,2.43988603988604,1,9,0.0,0,0
11656,95,92,3079,0,,,,1.0,-14400.0,,,,1.021505376344086,1122.0,10.388591800356506,1,5,0.3333333333333333,1,0
62,4,43,0,0,,,,1.0,,,,,0.0909090909090909,73.0,0.8493150684931506,0,11,0.0,0,1
36,4,41,0,0,,,,1.0,,,,,0.0952380952380952,57.0,0.631578947368421,0,15,0.0,0,1
212,2639,2661,0,2,,,,1.0,10800.0,,,,0.9913598797896318,803.0,0.2640099626400996,1,5,0.0,0,1
61,11,39,0,0,,,,1.0,,,,,0.275,70.0,0.8714285714285714,0,16,0.0,0,1
57,7,40,0,0,,,,1.0,,,,,0.1707317073170731,62.0,0.9193548387096774,0,15,0.0,0,1
62,5,35,0,1,,,,1.0,,,,,0.1388888888888889,69.0,0.8985507246376812,0,13,0.0,0,1
1410,844,1416,111,24,,,,1.0,-25200.0,,,,0.5956245589273113,2557.0,0.5514274540477122,1,20,0.0,0,0
102,40,223,0,0,,,,1.0,10800.0,,,,0.1785714285714285,873.0,0.1168384879725085,1,16,0.0,0,1
8,271,192,0,59,,,1.0,1.0,-14400.0,,,,1.4041450777202074,2568.0,0.0031152647975077,1,20,0.0,0,1
226,3774,4048,0,0,,,,1.0,10800.0,,,,0.932081995554458,874.0,0.2585812356979405,1,6,0.0,0,1
37,5,32,0,0,,,,1.0,,,,,0.1515151515151515,59.0,0.6271186440677966,0,13,0.0,0,1
63,4,37,0,0,,,,1.0,,,,,0.1052631578947368,73.0,0.863013698630137,0,14,0.0,0,1
4236,249,278,1787,0,1.0,,1.0,1.0,,,,,0.8924731182795699,1796.0,2.3585746102449887,1,12,0.0,0,0
1,45,320,0,0,,,,,,,,,0.1401869158878504,,,0,6,0.2727272727272727,1,1
59,5,39,0,1,,,,1.0,,,,,0.125,69.0,0.855072463768116,0,16,0.0,0,1
88,347,299,0,27,,,1.0,1.0,-14400.0,,,,1.1566666666666667,2383.0,0.0369282417121275,1,19,0.0,0,1
70,3,38,0,0,,,,1.0,,,,,0.0769230769230769,72.0,0.9722222222222222,0,14,0.0,0,1
76,9,46,0,1,,,,1.0,,,,,0.1914893617021276,74.0,1.027027027027027,0,14,0.0,0,1
275,345,281,0,38,,,1.0,1.0,-14400.0,,,,1.2234042553191489,2382.0,0.1154492023509655,1,19,0.0,0,1
6838,624,1894,0,5,1.0,,,1.0,,,,,0.329287598944591,506.0,13.51383399209486,1,17,0.0,0,1
16,163,757,0,1,,,,,,,,,0.2150395778364116,,,0,1,0.8,1,1
76,11,44,0,0,,,,1.0,,,,,0.2444444444444444,73.0,1.0410958904109588,0,14,0.0,0,1
59,11,38,0,0,,,,1.0,,,,,0.282051282051282,70.0,0.8428571428571429,0,11,0.0,0,1
88,485,1818,0,2,,,,,,,,,0.2666300164925783,,,1,13,0.0,0,1
3803,386,925,40,13,,,1.0,1.0,-18000.0,,,,0.4168466522678186,2216.0,1.7161552346570397,1,13,0.125,1,0
21036,416,67,553,8,,,,1.0,-18000.0,,,,6.117647058823529,2250.0,9.349333333333334,1,11,0.0909090909090909,1,0
1893,72,181,30,0,,,1.0,1.0,-25200.0,,,,0.3956043956043956,2193.0,0.8632010943912448,1,11,0.0,0,0
63,12,39,0,0,,,,1.0,,,,,0.3,70.0,0.9,0,14,0.0,0,1
43,5,44,0,0,,,,1.0,,,,,0.1111111111111111,68.0,0.6323529411764706,0,12,0.0,0,1
63,3,42,0,0,,,,1.0,,,,,0.0697674418604651,72.0,0.875,0,13,0.0,0,1
12574,280,814,5935,4,,,1.0,1.0,28800.0,,,,0.3435582822085889,631.0,19.927099841521397,1,17,0.1818181818181818,1,0
11647,539,1114,0,10,,,,1.0,-14400.0,,,,0.4834080717488789,784.0,14.855867346938776,1,15,0.0,0,1
1765,58,74,283,2,1.0,,,1.0,18000.0,,,,0.7733333333333333,885.0,1.994350282485876,1,10,0.0,0,0
69,626,1856,0,1,,,,,,,,,0.3371028540656973,,,0,11,0.0,0,1
71,8,43,0,0,,,,1.0,,,,,0.1818181818181818,74.0,0.9594594594594594,0,16,0.0,0,1
112,291,268,0,14,,,1.0,1.0,-14400.0,,,,1.0817843866171004,2382.0,0.0470193115029387,1,18,0.0,0,1
45,5,43,0,1,,,,1.0,,,,,0.1136363636363636,52.0,0.8653846153846154,0,15,0.0,0,1
56,3,38,0,0,,,,1.0,,,,,0.0769230769230769,66.0,0.8484848484848485,0,14,0.0,0,1
52,6,41,0,0,,,,1.0,,,,,0.1428571428571428,68.0,0.7647058823529411,0,16,0.0,0,1
33,6,35,0,0,,,,1.0,,,,,0.1666666666666666,56.0,0.5892857142857143,0,15,0.0,0,1
35,0,0,0,0,,,,1.0,10800.0,,,,0.0,799.0,0.0438047559449311,1,13,0.0,0,1
5768,567,539,1057,2,,,1.0,1.0,28800.0,,,,1.05,1271.0,4.5381589299763965,1,6,0.0,0,0
6791,3616,3841,2,5,1.0,,,1.0,10800.0,,,,0.9411764705882352,750.0,9.054666666666666,1,12,0.1538461538461538,1,1
37,2,37,0,0,,,,1.0,,,,,0.0526315789473684,54.0,0.6851851851851852,0,12,0.0,0,1
67,5,41,0,0,,,,1.0,,,,,0.119047619047619,69.0,0.9710144927536232,0,16,0.0,0,1
29249,1658,2002,29875,11,,,1.0,1.0,-25200.0,,,,0.8277583624563155,312.0,93.74679487179488,1,7,0.0,0,0
60,6,41,0,0,,,,1.0,,,,,0.1428571428571428,69.0,0.8695652173913043,0,11,0.0,0,1
45,2,40,0,0,,,,1.0,,,,,0.048780487804878,68.0,0.6617647058823529,0,14,0.0,0,1
89,2,28,0,0,,,,1.0,,,,,0.0689655172413793,72.0,1.2361111111111112,0,14,0.0,0,1
63,2,41,0,0,,,,1.0,,,,,0.0476190476190476,66.0,0.9545454545454546,0,14,0.0,0,1
472,1547,1242,0,0,,,,1.0,,,,,1.244569589702333,151.0,3.1258278145695364,1,12,0.0,0,1
449,1124,1222,0,0,,,,1.0,,,,,0.9190515126737532,149.0,3.0134228187919465,1,16,0.0,0,1
52,6,37,0,1,,,,1.0,,,,,0.1578947368421052,66.0,0.7878787878787878,0,13,0.0,0,1
304,376,253,0,39,,,1.0,1.0,-14400.0,,,,1.4803149606299213,2558.0,0.1188428459734167,1,18,0.0,0,1
1891,66,76,1662,1,,,1.0,1.0,-25200.0,,,,0.8571428571428571,949.0,1.9926238145416229,1,7,0.0,0,0
3743,6873,7559,1,25,1.0,,,1.0,10800.0,,,,0.909126984126984,780.0,4.7987179487179485,1,15,0.0,0,1
44,5,39,0,0,,,,1.0,,,,,0.125,59.0,0.7457627118644068,0,12,0.0,0,1
48,11,46,0,0,,,,1.0,,,,,0.2340425531914893,69.0,0.6956521739130435,0,12,0.0,0,1
58,37,125,0,0,,,,1.0,10800.0,,,,0.2936507936507936,872.0,0.0665137614678899,1,16,0.0,0,1
17,174,799,0,1,,,,,,,,,0.2175,,,0,3,0.0,0,1
651,26,62,8,0,1.0,,,1.0,,,,,0.4126984126984127,747.0,0.8714859437751004,1,6,0.0,0,0
296,4617,4852,0,3,,,,1.0,10800.0,,,,0.9513702864207708,864.0,0.3425925925925926,1,13,0.1428571428571428,1,1
2,294,277,0,5,,,1.0,1.0,-25200.0,,,,1.0575539568345325,1740.0,0.0011494252873563,1,19,0.0,0,1
82175,1283,734,8612,20,,,1.0,,-25200.0,,,,1.745578231292517,1779.0,46.19168071950534,1,2,0.0,0,0
21,0,0,0,0,,,,1.0,10800.0,,,,0.0,871.0,0.0241102181400688,1,15,0.0,0,1
218,3254,3520,0,4,,,,1.0,10800.0,,,,0.9241692700937234,872.0,0.25,1,7,0.0,0,1
2,73,1435,0,0,,,,,,,,,0.0508356545961002,,,0,12,0.0,0,1
15,349,244,0,21,,,1.0,1.0,-14400.0,,,,1.424489795918367,2513.0,0.0059689614007162,1,18,0.0,0,1
23056,433,288,27152,0,,,1.0,1.0,-25200.0,,,,1.4982698961937717,1011.0,22.805143422354107,1,3,0.0,0,0
46932,533,421,7242,1,,,1.0,1.0,-18000.0,,,,1.2630331753554502,1472.0,31.883152173913043,1,7,0.0,0,0
439,9,384,0,0,1.0,,,1.0,,,,,0.0233766233766233,446.0,0.984304932735426,0,13,0.0714285714285714,1,1
121,0,0,0,0,,,,1.0,10800.0,,,,0.0,872.0,0.1387614678899082,1,16,0.0,0,1
43,10,13,26,0,1.0,,,1.0,,,,,0.7142857142857143,20.0,2.15,1,7,0.0833333333333333,1,0
4340,226,186,9190,0,,,1.0,1.0,,,,,1.2085561497326205,456.0,9.517543859649123,1,16,0.0,0,0
11763,1285,1944,1,30,,,,1.0,-18000.0,,,,0.6606683804627249,1275.0,9.225882352941175,1,9,0.0,0,1
4028,138,737,101,5,1.0,,1.0,1.0,19800.0,,,,0.1869918699186991,2525.0,1.595247524752475,1,14,0.0909090909090909,1,0
36,0,45,0,0,,,,1.0,,,,,0.0,56.0,0.6428571428571429,0,13,0.0,0,1
8564,461,382,3226,0,1.0,,,1.0,,,,,1.2036553524804177,793.0,10.799495586380832,1,10,0.1538461538461538,1,0
68,5,43,0,1,,,,1.0,,,,,0.1136363636363636,70.0,0.9714285714285714,0,13,0.0,0,1
523,432,291,0,35,,,1.0,1.0,-14400.0,,,,1.4794520547945205,2569.0,0.2035811599844297,1,17,0.0,0,1
397,187,288,1,7,1.0,1.0,,1.0,-25200.0,,,,0.6470588235294118,452.0,0.8783185840707964,1,12,0.0769230769230769,1,0
358,152,1052,0,1,,,,1.0,,,,,0.144349477682811,157.0,2.280254777070064,0,12,0.0,0,1
18257,399,466,7682,7,,,1.0,1.0,28800.0,,,,0.854389721627409,2267.0,8.053374503749449,1,3,0.3333333333333333,1,0
8,287,276,0,9,,,1.0,1.0,-14400.0,,,,1.036101083032491,2382.0,0.0033585222502099,1,19,0.0,0,1
25701,1487,726,352,79,,,1.0,1.0,-25200.0,,,,2.045392022008253,2582.0,9.95391169635941,1,13,0.0,0,0
10866,238,147,2713,3,,,1.0,1.0,28800.0,,,,1.608108108108108,388.0,28.00515463917526,1,3,0.0,0,0
64,9,43,0,0,,,,1.0,,,,,0.2045454545454545,73.0,0.8767123287671232,0,12,0.0,0,1
18035,1620,591,361,72,,,1.0,1.0,-14400.0,,,,2.7364864864864864,3005.0,6.001663893510815,1,20,0.0,0,0
83,7,42,0,0,,,,1.0,,,,,0.1627906976744186,72.0,1.1527777777777777,0,14,0.0,0,1
12111,925,1569,1,3,,,,1.0,-18000.0,,,,0.589171974522293,1090.0,11.111009174311926,1,12,0.0,0,1
42,6,44,0,0,,,,1.0,,,,,0.1333333333333333,53.0,0.7924528301886793,0,16,0.0,0,1
528,391,277,0,60,,,1.0,1.0,-14400.0,,,,1.4064748201438848,2381.0,0.2217555648887022,1,18,0.0,0,1
19,558,542,0,1,,,1.0,1.0,-18000.0,,,,1.0276243093922652,2504.0,0.0075878594249201,1,12,0.0,0,1
1251,39,22,1014,0,,,1.0,,-25200.0,,,,1.6956521739130437,51.0,24.529411764705884,1,5,0.0,0,0
31897,321,547,4466,7,,,1.0,1.0,-14400.0,,,,0.5857664233576643,2194.0,14.538286235186874,1,15,0.1666666666666666,1,0
45,4,38,0,0,,,,1.0,,,,,0.1025641025641025,53.0,0.8490566037735849,0,16,0.0,0,1
46,7,34,0,0,,,,1.0,,,,,0.2,53.0,0.8679245283018868,0,12,0.0,0,1
1223,696,507,0,211,,,1.0,1.0,-14400.0,,,,1.3700787401574803,2482.0,0.4927477840451249,1,12,0.0769230769230769,1,1
4503,96,119,1365,1,1.0,,,1.0,,,1.0,,0.8,509.0,8.846758349705304,1,5,0.0,0,0
41,9,41,0,0,,,,1.0,,,,,0.2142857142857142,70.0,0.5857142857142857,0,14,0.0,0,1
400,13,68,54,0,1.0,,,1.0,32400.0,,,,0.1884057971014492,396.0,1.0101010101010102,1,3,0.0,0,0
12305,1517,1173,1,17,,,,1.0,-14400.0,,,,1.2921635434412266,1253.0,9.820430965682364,1,12,0.1538461538461538,1,1
60,0,38,0,0,,,,1.0,,,,,0.0,68.0,0.8823529411764706,0,14,0.0,0,1
49,7,42,0,0,,,,1.0,,,,,0.1627906976744186,75.0,0.6533333333333333,0,13,0.0,0,1
62,291,279,0,19,,,1.0,1.0,-14400.0,,,,1.0392857142857144,2381.0,0.0260394792104157,1,19,0.0,0,1
74,690,2001,0,6,,,,,,,,,0.3446553446553446,,,0,7,0.0,0,1
40,5,33,0,0,,,,1.0,,,,,0.1470588235294117,53.0,0.7547169811320755,0,13,0.0,0,1
3516,138,416,831,7,,,,1.0,43200.0,,,,0.3309352517985611,1505.0,2.336212624584717,1,6,0.0,0,0
56,4,38,0,0,,,,1.0,,,,,0.1025641025641025,61.0,0.918032786885246,0,14,0.0,0,1
81,6,39,0,0,,,,1.0,,,,,0.15,73.0,1.1095890410958904,0,12,0.0,0,1
1,301,290,0,1,,,1.0,1.0,-14400.0,,,,1.034364261168385,2579.0,0.0003877471888328,1,19,0.0,0,1
49,4,37,0,0,,,,1.0,,,,,0.1052631578947368,64.0,0.765625,0,14,0.0,0,1
5,196,189,0,2,,,1.0,1.0,-14400.0,,,,1.0315789473684212,2568.0,0.0019470404984423,1,18,0.0,0,1
46,3,36,0,0,,,,1.0,,,,,0.081081081081081,55.0,0.8363636363636363,0,12,0.0,0,1
36,601,494,0,10,,,,1.0,-14400.0,,,,1.2141414141414142,2573.0,0.0139914496696463,1,17,0.0769230769230769,1,1
88,0,0,0,0,,,,1.0,10800.0,,,,0.0,803.0,0.1095890410958904,1,15,0.0,0,1
67,356,291,0,18,,,1.0,1.0,-14400.0,,,,1.2191780821917808,2562.0,0.026151444184231,1,20,0.0,0,1
45,11,43,0,0,,,,1.0,,,,,0.25,69.0,0.6521739130434783,0,11,0.0,0,1
7629,214,101,19715,9,,,,1.0,28800.0,,,,2.0980392156862746,2227.0,3.425684777727885,1,3,0.5,1,0
339,5488,5532,0,3,,,,1.0,10800.0,,,,0.9918669799385506,803.0,0.4221668742216687,1,6,0.0,0,1
63,4,38,0,0,,,,1.0,,,,,0.1025641025641025,63.0,1.0,0,11,0.0,0,1
13199,23604,4308,1199,23,,,1.0,1.0,-14400.0,,,,5.477837085170573,567.0,23.278659611992943,1,11,0.0,0,0
57,6,44,0,0,,,,1.0,,,,,0.1333333333333333,62.0,0.9193548387096774,0,13,0.0,0,1
50,4,43,0,0,,,,1.0,,,,,0.0909090909090909,62.0,0.8064516129032258,0,15,0.0,0,1
306,65,746,0,0,,,,1.0,,,,,0.0870147255689424,157.0,1.9490445859872607,0,13,0.0,0,1
71,2,44,0,0,,,,1.0,,,,,0.0444444444444444,75.0,0.9466666666666668,0,12,0.0,0,1
59,3,43,0,1,,,,1.0,,,,,0.0681818181818181,71.0,0.8309859154929577,0,10,0.0,0,1
30,1,0,0,0,,,,1.0,10800.0,,,,1.0,874.0,0.034324942791762,1,14,0.0,0,1
49,1,40,0,0,,,,1.0,,,,,0.024390243902439,68.0,0.7205882352941176,0,10,0.0,0,1
74,9,35,0,0,,,,1.0,,,,,0.25,75.0,0.9866666666666668,0,12,0.0,0,1
531,26,24,5,0,1.0,,,1.0,-25200.0,,1.0,,1.04,621.0,0.855072463768116,1,13,0.0,0,0
53,10,37,0,0,,,,1.0,,,,,0.2631578947368421,71.0,0.7464788732394366,0,12,0.0,0,1
72,5,45,0,0,,,,1.0,,,,,0.108695652173913,72.0,1.0,0,14,0.0,0,1
1,176,571,0,2,,,,,,,,,0.3076923076923077,,,0,7,0.1818181818181818,1,1
18656,200,78,784,0,,,1.0,1.0,3600.0,,,,2.5316455696202533,2264.0,8.240282685512367,1,6,0.0,0,0
221,552,257,0,37,,,,1.0,-14400.0,,,,2.13953488372093,2558.0,0.0863956215793588,1,20,0.0,0,1
61,1,28,0,0,,,,1.0,,,,,0.0344827586206896,60.0,1.0166666666666666,0,13,0.0,0,1
46,4,40,0,0,,,,1.0,,,,,0.0975609756097561,68.0,0.6764705882352942,0,15,0.0,0,1
960,804,636,2134,10,,,1.0,,3600.0,,,,1.262166405023548,206.0,4.660194174757281,1,8,0.0,0,0
1431,224,302,48,7,,,1.0,1.0,-14400.0,,,,0.7392739273927392,2212.0,0.6469258589511754,1,19,0.0,0,0
46,4,34,0,0,,,,1.0,,,,,0.1142857142857142,59.0,0.7796610169491526,0,13,0.0,0,1
33,1,31,0,0,,,,1.0,,,,,0.03125,56.0,0.5892857142857143,0,14,0.0,0,1
195,316,280,0,23,,,1.0,1.0,-14400.0,,,,1.124555160142349,2383.0,0.0818296265211917,1,19,0.0,0,1
26783,22452,24691,195,492,,,,1.0,-25200.0,,,,0.9092823586586748,2572.0,10.413297045101087,1,18,0.0,0,0
64,1,39,0,0,,,,1.0,,,,,0.025,74.0,0.8648648648648649,0,12,0.0,0,1
3673,371,722,2227,3,,,1.0,1.0,-18000.0,,,,0.5131396957123098,1556.0,2.360539845758354,1,12,0.0,0,0
1704,677,1316,1512,3,1.0,,,1.0,7200.0,,,,0.5140470766894457,424.0,4.018867924528302,1,10,0.25,1,0
17348,321,231,7932,1,,,,1.0,28800.0,,,,1.3836206896551724,980.0,17.70204081632653,1,10,0.0,0,0
160,96,244,3,0,,,,1.0,,,,,0.3918367346938775,161.0,0.9937888198757764,0,15,0.0,0,1
25583,149,317,4,25,1.0,,,1.0,7200.0,,,,0.4685534591194968,1532.0,16.699086161879894,1,10,0.0,0,0
38417,344,335,23322,4,,,1.0,1.0,-25200.0,,,,1.0238095238095235,1484.0,25.887466307277627,1,13,0.0,0,0
41,3,39,0,0,,,,1.0,,,,,0.075,53.0,0.7735849056603774,0,14,0.0,0,1
7259,863,819,19271,5,,,,1.0,28800.0,,,,1.052439024390244,2009.0,3.6132404181184663,1,4,0.0,0,0
411,5694,5987,0,7,,,,1.0,10800.0,,,,0.9509018036072144,717.0,0.5732217573221757,1,7,0.0,0,1
50,741,2002,0,5,,,,,,,,,0.3699450823764353,,,0,15,0.0,0,1
1198,750,506,0,155,,,1.0,1.0,-14400.0,,,,1.4792899408284024,2489.0,0.4813177983125753,1,11,0.0,0,1
20225,398,301,8486,21,,,,1.0,-25200.0,,,,1.3178807947019868,2962.0,6.828156650911546,1,14,0.0,0,0
58,4,32,0,0,,,,1.0,,,,,0.1212121212121212,70.0,0.8285714285714286,0,16,0.0,0,1
35,3,41,0,0,,,,1.0,,,,,0.0714285714285714,56.0,0.625,0,13,0.0,0,1
283,206,662,191,0,1.0,,1.0,1.0,,,,,0.310708898944193,427.0,0.6627634660421545,1,20,0.0,0,0
11,229,189,0,14,,,1.0,1.0,-14400.0,,,,1.2052631578947368,2564.0,0.0042901716068642,1,20,0.0,0,1
21,0,0,0,0,,,,1.0,10800.0,,,,0.0,874.0,0.0240274599542334,1,15,0.0,0,1
7,292,279,0,2,,,1.0,1.0,-25200.0,,,,1.042857142857143,1741.0,0.0040206777713957,1,18,0.0,0,1
16,284,282,0,8,,,1.0,1.0,-14400.0,,,,1.0035335689045937,2381.0,0.0067198656026879,1,19,0.0,0,1
1214,1759,1989,0,2,1.0,,,1.0,10800.0,,,,0.8839195979899498,446.0,2.721973094170404,1,5,0.0,0,1
212,348,280,0,45,,,1.0,1.0,-14400.0,,,,1.2384341637010676,2384.0,0.0889261744966442,1,19,0.0,0,1
32,284,278,0,9,,,1.0,1.0,-14400.0,,,,1.017921146953405,2381.0,0.0134397312053758,1,18,0.0,0,1
1502,1356,1542,0,1,1.0,,,1.0,10800.0,,,,0.8788075178224238,450.0,3.3377777777777777,1,7,0.0,0,1
40,586,538,0,8,,,1.0,1.0,-14400.0,,,,1.0871985157699444,2505.0,0.0159680638722554,1,12,0.0,0,1
1143,755,495,0,238,,,1.0,1.0,-14400.0,,,,1.5221774193548387,2487.0,0.459589867310012,1,12,0.0,0,1
74,591,1062,0,1,,,,,,,,,0.5559736594543744,,,0,11,0.0833333333333333,1,1
3347,570,980,1339,5,1.0,,,1.0,,,,,0.581039755351682,958.0,3.4937369519832986,1,10,0.0,0,0
65,5,41,0,0,,,,1.0,,,,,0.119047619047619,72.0,0.9027777777777778,0,12,0.0,0,1
48,7,39,0,0,,,,1.0,,,,,0.175,63.0,0.7619047619047619,0,14,0.0,0,1
56,2,42,0,0,,,,1.0,,,,,0.0465116279069767,71.0,0.7887323943661971,0,14,0.0,0,1
42,0,43,0,0,,,,1.0,,,,,0.0,54.0,0.7777777777777778,0,11,0.0,0,1
14,545,519,0,1,,,,1.0,,,,,1.0480769230769231,2196.0,0.006375227686703,1,12,0.0,0,1
40,9,39,0,0,,,,1.0,,,,,0.225,60.0,0.6666666666666666,0,12,0.0,0,1
5955,236,124,8134,1,,,,1.0,-18000.0,,,,1.888,2452.0,2.42862969004894,0,6,0.0,0,0
4371,515,939,12,5,,,1.0,1.0,,,,,0.5478723404255319,1386.0,3.153679653679654,1,18,0.0,0,0
1116,777,296,82,4,,,1.0,1.0,-10800.0,,,,2.6161616161616164,1108.0,1.0072202166064983,1,10,0.0,0,0
1052,189,248,362,0,1.0,,,1.0,-18000.0,,,,0.7590361445783133,1434.0,0.7336122733612274,1,11,0.25,1,0
43,6,42,0,0,,,,1.0,,,,,0.1395348837209302,59.0,0.7288135593220338,0,12,0.0,0,1
2323,158,152,744,3,,,1.0,,,,,,1.0326797385620916,1182.0,1.9653130287648053,1,10,0.0,0,0
350,5043,4668,0,6,,,,1.0,10800.0,,,,1.080102805739987,874.0,0.4004576659038901,1,8,0.0,0,1
19669,9684,456,10898,292,,,,1.0,-25200.0,,,,21.190371991247265,2146.0,9.16542404473439,1,19,0.0,0,0
5101,146,300,94,5,1.0,,,1.0,-14400.0,,,,0.4850498338870432,996.0,5.121485943775101,0,14,0.0,0,0
17566,456,274,2874,0,,,1.0,1.0,-14400.0,,,,1.6581818181818182,1491.0,11.781354795439302,1,14,0.0,0,0
58,7,37,0,0,,,,1.0,,,,,0.1842105263157894,70.0,0.8285714285714286,0,12,0.0,0,1
1,286,285,0,1,,,1.0,1.0,-14400.0,,,,1.0,2565.0,0.0003898635477582,1,17,0.0,0,1
76,6,34,0,0,,,,1.0,,,,,0.1714285714285714,74.0,1.027027027027027,0,15,0.0,0,1
9756,879,1777,0,2,1.0,,,1.0,,,,,0.4943757030371203,511.0,19.09197651663405,1,16,0.0,0,1
124,188,256,0,0,1.0,,,1.0,10800.0,,,,0.7315175097276264,868.0,0.1428571428571428,1,16,0.0,0,1
76,9,38,0,0,,,,1.0,,,,,0.2307692307692307,74.0,1.027027027027027,0,12,0.0,0,1
65,9,39,0,0,,,,1.0,,,,,0.225,68.0,0.9558823529411764,0,14,0.0,0,1
1916,221,265,2412,1,,,,1.0,-14400.0,,,,0.8308270676691729,1020.0,1.87843137254902,1,14,0.2222222222222222,1,0
10129,501,1294,0,5,1.0,,,1.0,-18000.0,,,,0.3868725868725868,653.0,15.511485451761102,1,13,0.0769230769230769,1,1
60,5,41,0,1,,,,1.0,,,,,0.119047619047619,67.0,0.8955223880597015,0,12,0.0,0,1
22,601,519,0,9,,,1.0,1.0,-14400.0,,,,1.1557692307692309,2504.0,0.0087859424920127,1,12,0.0,0,1
46,4,27,0,0,,,,1.0,,,,,0.1428571428571428,54.0,0.8518518518518519,0,15,0.0,0,1
89,280,262,0,21,,,1.0,1.0,-14400.0,,,,1.064638783269962,2381.0,0.0373792524149517,1,18,0.0,0,1
2,72,1507,0,0,,,,,,,,,0.0477453580901856,,,0,9,0.3333333333333333,1,1
206,237,394,227,1,1.0,,1.0,1.0,,,,,0.6,72.0,2.861111111111111,1,5,0.0,0,0
229,314,288,0,35,,,1.0,1.0,-14400.0,,,,1.086505190311419,2382.0,0.0961376994122586,1,19,0.0,0,1
63,6,33,0,0,,,,1.0,,,,,0.1764705882352941,66.0,0.9545454545454546,0,15,0.0,0,1
224,22,121,93,0,1.0,,1.0,1.0,28800.0,,,,0.180327868852459,962.0,0.2328482328482328,0,10,0.0,0,0
46,2,29,0,0,,,,1.0,,,,,0.0666666666666666,57.0,0.8070175438596491,0,14,0.0,0,1
19044,822,758,4960,67,,,1.0,1.0,-18000.0,,,,1.08300395256917,2102.0,9.059942911512843,1,14,0.0,0,0
47,4,41,0,0,,,,1.0,,,,,0.0952380952380952,67.0,0.7014925373134329,0,14,0.0,0,1
81,6,39,0,0,,,,1.0,,,,,0.15,70.0,1.1571428571428573,0,14,0.0,0,1
62,6,32,0,0,,,,1.0,,,,,0.1818181818181818,68.0,0.9117647058823528,0,12,0.0,0,1
11984,197,303,720,4,,,1.0,1.0,28800.0,,,,0.6480263157894737,1011.0,11.853610286844708,1,12,0.0,0,0
3377,349,596,5616,2,,,1.0,1.0,,,,,0.5845896147403685,587.0,5.75298126064736,1,3,0.0,0,0
113,1,0,0,0,,,,1.0,10800.0,,,,1.0,873.0,0.129438717067583,1,15,0.0,0,1
42,821,1977,0,4,,,,,,,,,0.4150657229524772,,,0,18,0.0,0,1
59,6,38,0,0,,,,1.0,,,,,0.1538461538461538,68.0,0.8676470588235294,0,16,0.0,0,1
46,4,37,0,0,,,,1.0,,,,,0.1052631578947368,55.0,0.8363636363636363,0,11,0.0,0,1
540,18,33,11,1,,,,1.0,28800.0,,,,0.5294117647058824,678.0,0.7964601769911505,1,5,0.0,0,0
78,0,0,0,0,,,,1.0,10800.0,,,,0.0,875.0,0.0891428571428571,1,15,0.0666666666666666,1,1
1382,520,1302,1143,1,1.0,,,1.0,,,,,0.3990790483499616,508.0,2.720472440944882,1,16,0.0,0,0
8901,406,744,1006,13,1.0,,1.0,1.0,-36000.0,,,,0.5449664429530201,2271.0,3.919418758256275,0,16,0.0,0,0
251,4584,5040,0,9,,,,1.0,10800.0,,,,0.909343384249157,873.0,0.2875143184421534,1,7,0.0,0,1
18657,449,302,5993,2,,,1.0,1.0,-25200.0,,,,1.481848184818482,1372.0,13.598396501457726,0,15,0.0,0,0
41,8,39,0,1,,,,1.0,,,,,0.2,56.0,0.7321428571428571,0,15,0.0,0,1
4711,530,586,4580,32,,,,,,,,,0.9028960817717206,456.0,10.331140350877194,1,19,0.0,0,0
21570,1228,132,8751,14,,,1.0,1.0,-18000.0,,,,9.233082706766917,704.0,30.639204545454547,0,1,0.0,0,0
70,26,77,9,2,1.0,,,1.0,,,,,0.3333333333333333,623.0,0.1123595505617977,1,17,0.3333333333333333,1,0
33478,1125,866,3690,2,,,1.0,,-18000.0,,,,1.2975778546712802,644.0,51.98447204968944,1,12,0.0,0,0
66292,421,280,28862,2,,,,1.0,-25200.0,,,,1.498220640569395,1026.0,64.61208576998051,1,9,0.2307692307692307,1,0
2719,226,750,1498,7,,,,1.0,-25200.0,,,,0.3009320905459387,1877.0,1.4485881726158765,1,8,0.0,0,0
138,13,27,0,0,,,,1.0,10800.0,,,,0.4642857142857143,872.0,0.1582568807339449,1,11,0.0,0,1
7089,1368,90,293,76,,,,,-25200.0,,,,15.032967032967033,1708.0,4.150468384074942,1,12,0.0,0,0
44,3,40,0,0,,,,1.0,,,,,0.073170731707317,58.0,0.7586206896551724,0,13,0.0,0,1
72,1,43,0,0,,,,1.0,,,,,0.0227272727272727,75.0,0.96,0,12,0.0,0,1
2127,229,262,510,0,1.0,,1.0,1.0,-28800.0,,,,0.870722433460076,1221.0,1.742014742014742,1,14,0.0,0,0
1,136,575,0,0,,,,,,,,,0.2361111111111111,,,0,7,0.1818181818181818,1,1
1,98,411,0,0,,,,,,,,,0.2378640776699029,,,0,9,0.1538461538461538,1,1
224,436,303,0,47,,,1.0,1.0,-14400.0,,,,1.4342105263157894,2554.0,0.0877055599060297,1,18,0.0,0,1
14537,865,250,0,20,,,1.0,1.0,14400.0,,,,3.446215139442231,1083.0,13.422899353647276,1,16,0.0,0,0
543,1293,1437,0,3,,,,1.0,,,,,0.8991655076495132,155.0,3.503225806451613,1,13,0.0,0,1
140,708,1977,0,2,,,,,,,,,0.3579373104145602,,,0,12,0.0833333333333333,1,1
44,12,43,0,0,,,,1.0,,,,,0.2727272727272727,57.0,0.7719298245614035,0,16,0.0,0,1
3955,231,262,277,0,,,,1.0,-25200.0,,,,0.8783269961977186,1284.0,3.0802180685358254,1,13,0.0,0,0
1,183,180,0,1,,,1.0,1.0,-14400.0,,,,1.011049723756906,2564.0,0.000390015600624,1,20,0.0,0,1
54668,2094,2235,85051,49,1.0,,1.0,1.0,,,,,0.9364937388193202,193.0,283.2538860103627,1,19,0.0,0,0
944,81,92,1697,0,1.0,,,1.0,,,,,0.8709677419354839,207.0,4.560386473429952,1,14,0.0909090909090909,1,0
5121,218,522,2584,2,1.0,,,1.0,,,,,0.4168260038240918,121.0,42.32231404958678,1,7,0.1666666666666666,1,0
56,4,37,0,0,,,,1.0,,,,,0.1052631578947368,73.0,0.7671232876712328,0,15,0.0,0,1
324,92,171,1538,1,,,,1.0,32400.0,,,,0.5348837209302325,1108.0,0.2924187725631769,1,3,0.0,0,0
1428,721,774,148,22,,,1.0,1.0,-14400.0,,,,0.9303225806451612,2431.0,0.5874125874125874,1,12,0.0,0,0
77,8,46,0,1,,,,1.0,,,,,0.1702127659574468,74.0,1.0405405405405406,0,14,0.0,0,1
63,11,45,0,0,,,,1.0,,,,,0.2391304347826087,68.0,0.9264705882352942,0,15,0.0,0,1
28548,1800,1950,8895,14,1.0,,1.0,1.0,,,,,0.9226037929267042,1326.0,21.529411764705884,1,11,0.3333333333333333,1,0
1238,192,175,624,0,,,,1.0,-10800.0,,,,1.0909090909090908,691.0,1.7916063675832128,1,6,0.0,0,0
37,6,43,0,0,,,,1.0,,,,,0.1363636363636363,59.0,0.6271186440677966,0,16,0.0,0,1
12047,1342,932,1,7,,,,1.0,-18000.0,,,,1.4383708467309753,793.0,15.191677175283733,1,10,0.0,0,1
73,5,39,0,0,,,,1.0,,,,,0.125,72.0,1.0138888888888888,0,13,0.0,0,1
1,117,629,0,1,,,,,,,,,0.1857142857142857,,,0,6,0.2,1,1
37,6,41,0,0,,,,1.0,,,,,0.1428571428571428,66.0,0.5606060606060606,0,11,0.0,0,1
84759,766,1099,357,23,,,,1.0,-18000.0,,,,0.6963636363636364,2297.0,36.89986939486286,1,13,0.0,0,0
1572,2736,2247,8804,7,,,,1.0,-25200.0,,,,1.217081850533808,1015.0,1.548768472906404,0,16,0.0,0,0
5844,245,310,4319,13,,,,1.0,19800.0,,,,0.7877813504823151,2129.0,2.744950681070925,1,11,0.2666666666666666,1,0
55,4,45,0,0,,,,1.0,,,,,0.0869565217391304,65.0,0.8461538461538461,0,16,0.0,0,1
36,5,36,0,0,,,,1.0,,,,,0.1351351351351351,57.0,0.631578947368421,0,12,0.0,0,1
2497,427,303,3151,0,1.0,,,1.0,-25200.0,,,,1.4046052631578947,800.0,3.12125,1,17,0.4444444444444444,1,0
59,6,40,0,0,,,,1.0,,,,,0.1463414634146341,64.0,0.921875,0,15,0.0,0,1
9665,271,223,58,1,,,1.0,1.0,,,,,1.2098214285714286,1581.0,6.113219481340924,1,18,0.0,0,0
166,39,90,444,0,1.0,,,1.0,,,,,0.4285714285714285,971.0,0.1709577754891864,0,8,0.0,0,0
9342,986,1241,9963,19,,,1.0,1.0,-25200.0,,,,0.7938808373590982,2247.0,4.157543391188251,1,14,0.0,0,0
1,139,704,0,1,,,,,,,,,0.1971631205673759,,,0,11,0.0,0,1
3101,345,219,1169,4,,,1.0,,-25200.0,,,,1.568181818181818,2166.0,1.4316712834718377,0,13,0.0,0,0
45750,7644,359,54926,46,,,1.0,1.0,-25200.0,,,,21.23333333333333,396.0,115.53030303030305,1,4,0.3333333333333333,1,0
3,779,494,0,11,,,1.0,1.0,-14400.0,,,,1.5737373737373737,2372.0,0.001264755480607,1,17,0.0,0,1
525,36,71,53,0,,,1.0,1.0,28800.0,,,,0.5,1571.0,0.3341820496499045,1,11,0.0,0,0
16,156,564,0,1,,,,,,,,,0.2761061946902655,,,1,16,0.0,0,1
81,8,40,0,0,,,,1.0,,,,,0.1951219512195122,69.0,1.173913043478261,0,14,0.0,0,1
39,4,38,0,0,,,,1.0,,,,,0.1025641025641025,59.0,0.6610169491525424,0,11,0.0,0,1
90601,62370,427,16576,1547,,,,1.0,-25200.0,,,,145.72429906542055,2870.0,31.568292682926828,1,12,0.0,0,0
1,332,292,0,9,,,1.0,1.0,-14400.0,,,,1.1331058020477816,2576.0,0.0003881987577639,1,19,0.0,0,1
16670,219,518,246,7,,,,1.0,19800.0,,,,0.4219653179190751,2118.0,7.870632672332389,1,9,0.0,0,0
15831,134,94,6729,1,,,1.0,1.0,-18000.0,,,,1.4105263157894736,1080.0,14.658333333333331,1,19,0.2727272727272727,1,0
69,5,45,0,0,,,,1.0,,,,,0.108695652173913,72.0,0.9583333333333334,0,14,0.0,0,1
28189,614,578,3218,4,,,1.0,,-25200.0,,,,1.0604490500863557,1351.0,20.865284974093264,1,16,0.0,0,0
21,184,884,0,1,,,,,,,,,0.207909604519774,,,0,5,0.5714285714285714,1,1
3557,527,389,5458,0,1.0,,,1.0,-25200.0,,,,1.3512820512820514,971.0,3.663233779608651,1,5,0.0,0,0
24728,2097,888,5166,10,,,1.0,1.0,18000.0,,,,2.358830146231721,902.0,27.414634146341463,1,8,0.0,0,0
11769,737,1652,1,3,1.0,,,1.0,,,,,0.4458560193587417,776.0,15.166237113402062,1,15,0.0,0,1
13,342,298,0,13,,,1.0,1.0,-14400.0,,,,1.1438127090301002,2564.0,0.0050702028081123,1,18,0.0,0,1
455,716,542,0,62,,,1.0,1.0,-14400.0,,,,1.3186003683241252,2505.0,0.1816367265469061,1,12,0.0,0,1
719,861,538,0,47,,,,1.0,-14400.0,,,,1.5974025974025974,2489.0,0.28887103254319,1,17,0.0,0,1
62,4,37,0,0,,,,1.0,,,,,0.1052631578947368,70.0,0.8857142857142857,0,12,0.0,0,1
32549,774,698,26037,0,,,1.0,1.0,-25200.0,,,,1.1072961373390555,1131.0,28.7789566755084,1,8,0.0,0,0
177,308,243,0,27,,,1.0,1.0,-14400.0,,,,1.2622950819672132,2399.0,0.0737807419758232,1,17,0.0,0,1
2287,71,56,295,3,,,,1.0,-28800.0,,,,1.2456140350877194,1977.0,1.1568032372281234,1,13,0.0,0,0
8522,1523,1762,0,2,1.0,,,1.0,,,,,0.8638684061259218,604.0,14.109271523178808,1,18,0.0,0,1
8195,303,642,4656,3,,,1.0,1.0,,,,,0.4712286158631415,1445.0,5.671280276816609,1,15,0.0,0,0
66,3,37,0,2,,,,1.0,,,,,0.0789473684210526,69.0,0.9565217391304348,0,12,0.0,0,1
380,5607,6156,0,4,1.0,,,1.0,10800.0,,,,0.9106707812246224,719.0,0.5285118219749653,1,12,0.1538461538461538,1,1
2,188,181,0,3,,,1.0,1.0,-14400.0,,,,1.032967032967033,2564.0,0.000780031201248,1,20,0.0,0,1
6629,286,127,1110,2,,,1.0,1.0,10800.0,,,,2.234375,1021.0,6.4926542605288935,1,4,0.0,0,0
2117,137,212,13,6,,,1.0,1.0,32400.0,,,,0.6431924882629108,1529.0,1.3845650752125571,1,9,0.0,0,0
60,6,44,0,0,,,,1.0,,,,,0.1333333333333333,72.0,0.8333333333333334,0,14,0.0,0,1
69,6,49,0,0,,,,1.0,,,,,0.12,74.0,0.9324324324324323,0,15,0.0,0,1
82454,4016,314,46049,44,,,1.0,1.0,,,,,12.749206349206348,760.0,108.4921052631579,1,6,0.0,0,0
33,283,270,0,10,,,1.0,1.0,-14400.0,,,,1.044280442804428,2381.0,0.0138597228055438,1,18,0.0,0,1
65,5,40,0,1,,,,1.0,,,,,0.1219512195121951,73.0,0.8904109589041096,0,13,0.0,0,1
78,3,36,0,0,,,,1.0,,,,,0.081081081081081,71.0,1.0985915492957747,0,10,0.0,0,1
1312,176,137,383,1,,,1.0,,-28800.0,,,,1.2753623188405796,1857.0,0.7065158858373721,1,7,0.0,0,0
47,2,42,0,0,,,,1.0,,,,,0.0465116279069767,59.0,0.7966101694915254,0,16,0.0,0,1
41,5,34,0,0,,,,1.0,,,,,0.1428571428571428,54.0,0.7592592592592593,0,12,0.0,0,1
66,0,0,0,0,,,,1.0,10800.0,,,,0.0,875.0,0.0754285714285714,1,16,0.0,0,1
26486,1232,270,16802,14,,,1.0,1.0,7200.0,,,,4.546125461254612,1220.0,21.70983606557377,1,7,0.0,0,0
30,649,2001,0,4,,,,,,,,,0.3241758241758242,,,0,8,0.0,0,1
538,42,144,123,0,1.0,,,1.0,,,,,0.2896551724137931,393.0,1.3689567430025444,1,4,0.0,0,0
79,2,42,0,1,,,,1.0,,,,,0.0465116279069767,70.0,1.1285714285714286,0,16,0.0,0,1
9,321,302,0,1,,,1.0,1.0,-25200.0,,,,1.0594059405940597,1424.0,0.0063202247191011,1,20,0.0,0,1
44,3,42,0,0,,,,1.0,,,,,0.0697674418604651,60.0,0.7333333333333333,0,16,0.0,0,1
49,7,39,0,0,,,,1.0,,,,,0.175,62.0,0.7903225806451613,0,15,0.0,0,1
358,4683,4580,0,6,1.0,,,1.0,10800.0,,,,1.0222658808120495,708.0,0.5056497175141242,1,6,0.0,0,1
1,291,288,0,0,,,1.0,1.0,-14400.0,,,,1.0069204152249136,2554.0,0.0003915426781519,1,17,0.0,0,1
126,0,0,0,0,,,,1.0,10800.0,,,,0.0,872.0,0.1444954128440367,1,16,0.0,0,1
54850,1468,313,6043,13,,,1.0,1.0,7200.0,,,,4.67515923566879,1523.0,36.01444517399869,1,13,0.0,0,0
10730,225,218,9650,0,1.0,,1.0,1.0,,,,,1.0273972602739727,262.0,40.954198473282446,1,11,0.0833333333333333,1,0
47,10,41,0,0,,,,1.0,,,,,0.238095238095238,53.0,0.8867924528301887,0,16,0.0,0,1
13,573,522,0,6,,,1.0,1.0,-14400.0,,,,1.095602294455067,2505.0,0.005189620758483,1,12,0.0,0,1
50171,783,497,24217,5,1.0,,,1.0,,,,,1.572289156626506,977.0,51.35209825997953,1,3,0.0,0,0
43,2,40,0,0,,,,1.0,,,,,0.048780487804878,55.0,0.7818181818181819,0,10,0.0,0,1
134,0,0,0,0,,,,1.0,10800.0,,,,0.0,875.0,0.1531428571428571,1,15,0.0,0,1
35,7,37,0,0,,,,1.0,,,,,0.1842105263157894,52.0,0.6730769230769231,0,11,0.0,0,1
11680,650,1813,2,4,1.0,,,1.0,,,,,0.3583241455347298,776.0,15.051546391752575,1,14,0.0,0,1
2892,287,237,999,0,1.0,,,1.0,,,,,1.2058823529411764,545.0,5.306422018348624,0,12,0.0,0,0
15813,1787,838,829,87,,,,1.0,-18000.0,,,,2.129916567342074,2495.0,6.337875751503006,1,19,0.0,0,0
63,6,37,0,0,,,,1.0,,,,,0.1578947368421052,66.0,0.9545454545454546,0,11,0.0,0,1
44,4,40,0,0,,,,1.0,,,,,0.0975609756097561,55.0,0.8,0,12,0.0,0,1
3,225,197,0,2,,,1.0,1.0,-14400.0,,,,1.1363636363636365,2568.0,0.0011682242990654,1,18,0.0,0,1
86520,6624,234,9428,3,,,1.0,1.0,25200.0,,,,28.187234042553197,381.0,227.0866141732284,1,13,0.0,0,0
2416,124,161,402,0,,,,,-25200.0,,,,0.7654320987654321,567.0,4.261022927689594,1,1,0.0,0,0
87,7,44,0,0,,,,1.0,,,,,0.1555555555555555,71.0,1.2253521126760565,0,14,0.0,0,1
79,4,33,0,1,,,,1.0,,,,,0.1176470588235294,73.0,1.082191780821918,0,10,0.0,0,1
8435,131,78,3012,0,1.0,,1.0,1.0,28800.0,,,,1.6582278481012658,1107.0,7.6196928635953025,1,12,0.0,0,0
67,3,45,0,0,,,,1.0,,,,,0.0652173913043478,76.0,0.881578947368421,0,15,0.0,0,1
1184,305,318,731,0,1.0,,,1.0,,,,,0.9561128526645768,570.0,2.07719298245614,1,7,0.0666666666666666,1,0
543,1039,541,0,75,,,1.0,1.0,-14400.0,,,,1.916974169741697,2505.0,0.2167664670658682,1,8,0.0,0,1
1,586,494,0,5,,,1.0,1.0,-14400.0,,,,1.183838383838384,2384.0,0.0004194630872483,1,14,0.0,0,1
306,466,682,7,0,,,,,7200.0,,,,0.6822840409956076,964.0,0.3174273858921161,0,16,0.1538461538461538,1,1
53,952,1960,0,7,,,,,,,,,0.4854665986741458,,,0,9,0.0,0,1
63,0,0,0,0,,,,1.0,10800.0,,,,0.0,874.0,0.0720823798627002,1,16,0.0,0,1
1,196,587,0,1,,,,,,,,,0.3333333333333333,,,0,5,0.2222222222222222,1,1
45,6,34,0,1,,,,1.0,,,,,0.1714285714285714,67.0,0.6716417910447762,0,15,0.0,0,1
1,179,607,0,1,,,,,,,,,0.2944078947368421,,,0,6,0.2,1,1
1479,314,188,1603,3,1.0,,1.0,1.0,,,,,1.6613756613756614,928.0,1.59375,1,3,0.0,0,0
44,5,38,0,0,,,,1.0,,,,,0.1282051282051282,69.0,0.6376811594202898,0,13,0.0,0,1
42,4,37,0,0,,,,1.0,,,,,0.1052631578947368,58.0,0.7241379310344828,0,14,0.0,0,1
43,1,31,0,0,,,,1.0,,,,,0.03125,56.0,0.7678571428571429,0,14,0.0,0,1
80,6,42,0,0,,,,1.0,,,,,0.1395348837209302,74.0,1.0810810810810811,0,13,0.0,0,1
58,6,41,0,0,,,,1.0,,,,,0.1428571428571428,66.0,0.8787878787878788,0,13,0.0,0,1
335,5270,5490,0,7,,,,1.0,10800.0,,,,0.959752321981424,872.0,0.3841743119266055,1,5,0.0,0,1
44,7,43,0,0,,,,1.0,,,,,0.1590909090909091,59.0,0.7457627118644068,0,16,0.0,0,1
1974,324,433,913,0,,,,1.0,,,,,0.7465437788018433,1271.0,1.5531077891424077,1,12,0.25,1,0
267,4534,4943,0,5,,,,1.0,10800.0,,,,0.9170711974110032,802.0,0.3329177057356609,1,6,0.0,0,1
33,5,38,0,0,,,,1.0,,,,,0.1282051282051282,52.0,0.6346153846153846,0,12,0.0,0,1
7930,45,301,213,0,,,,1.0,-18000.0,,,,0.1490066225165563,792.0,10.012626262626265,1,4,0.0,0,0
558,151,434,336,0,1.0,,,1.0,-14400.0,,,,0.3471264367816092,148.0,3.77027027027027,1,6,0.0,0,0
245,914,1949,2,4,,,1.0,,,,,,0.4687179487179487,,,1,16,0.1111111111111111,1,1
186,346,278,0,37,,,1.0,1.0,-14400.0,,,,1.2401433691756272,2382.0,0.0780856423173803,1,19,0.0,0,1
43,3,39,0,0,,,,1.0,,,,,0.075,54.0,0.7962962962962963,0,11,0.0,0,1
2083,110,109,5621,1,1.0,,1.0,1.0,,,,,1.0,430.0,4.844186046511628,1,20,0.0,0,0
15937,323,234,3024,4,,,1.0,1.0,-18000.0,,,,1.374468085106383,1272.0,12.529088050314463,1,4,0.0,0,0
31,267,269,0,12,,,1.0,1.0,-14400.0,,,,0.9888888888888888,2382.0,0.0130142737195633,1,18,0.0,0,1
13360,725,1959,1,7,,,,1.0,-18000.0,,,,0.3698979591836734,1038.0,12.870905587668592,1,16,0.0,0,1
4519,2182,798,83,54,,,1.0,,-21600.0,,,,2.730913642052566,1629.0,2.774094536525476,1,20,0.0,0,0
79,4,42,0,0,,,,1.0,,,,,0.0930232558139534,73.0,1.082191780821918,0,11,0.0,0,1
67,2,42,0,1,,,,1.0,,,,,0.0465116279069767,72.0,0.9305555555555556,0,12,0.0,0,1
74,4,44,0,0,,,,1.0,,,,,0.0888888888888888,76.0,0.9736842105263158,0,8,0.0,0,1
57,4,41,0,0,,,,1.0,,,,,0.0952380952380952,65.0,0.8769230769230769,0,15,0.0,0,1
1251,248,274,17,17,,,,1.0,-18000.0,,,,0.901818181818182,1707.0,0.7328646748681898,1,12,0.0,0,0
43,3,39,0,0,,,,1.0,,,,,0.075,68.0,0.6323529411764706,0,14,0.0,0,1
80,3,35,0,0,,,,1.0,,,,,0.0833333333333333,71.0,1.1267605633802815,0,15,0.0,0,1
2,290,300,0,2,,,,,,,,,0.9634551495016612,,,0,7,0.0,0,1
18838,129,670,8843,3,,,,1.0,-18000.0,,,,0.1922503725782414,1106.0,17.03254972875226,1,16,0.0,0,0
45,4,41,0,0,,,,1.0,,,,,0.0952380952380952,68.0,0.6617647058823529,0,10,0.0,0,1
65,9,41,0,0,,,,1.0,,,,,0.2142857142857142,70.0,0.9285714285714286,0,13,0.0,0,1
59,8,38,0,1,,,,1.0,,,,,0.2051282051282051,60.0,0.9833333333333332,0,16,0.0,0,1
52,6,40,0,1,,,,1.0,,,,,0.1463414634146341,64.0,0.8125,0,13,0.0,0,1
4809,358,315,523,22,,,,1.0,-25200.0,,,,1.1329113924050631,1249.0,3.850280224179344,1,16,0.0,0,0
72,3,30,0,0,,,,1.0,,,,,0.0967741935483871,73.0,0.9863013698630136,0,15,0.0,0,1
74,4,44,0,0,,,,1.0,,,,,0.0888888888888888,75.0,0.9866666666666668,0,14,0.0,0,1
68,279,263,0,13,,,1.0,1.0,-14400.0,,,,1.056818181818182,2381.0,0.0285594288114237,1,19,0.0,0,1
35710,2031,576,849,277,,,1.0,1.0,7200.0,,,,3.5199306759098787,2276.0,15.689806678383128,1,11,0.0,0,0
4160,191,257,978,6,,,,1.0,-18000.0,,,,0.7403100775193798,1399.0,2.973552537526805,1,14,0.0,0,0
6523,449,94,2781,2,,,1.0,1.0,10800.0,,,,4.726315789473684,1004.0,6.497011952191235,1,12,0.0,0,0
5439,342,95,165,12,,,,1.0,-25200.0,,,,3.5625,2662.0,2.043200601051841,1,11,0.0,0,0
15740,254,250,4636,1,,,1.0,1.0,-25200.0,,,,1.0119521912350598,555.0,28.36036036036036,1,11,0.0,0,0
59,4,37,0,1,,,,1.0,,,,,0.1052631578947368,66.0,0.8939393939393939,0,11,0.0,0,1
48,8,37,0,0,,,,1.0,,,,,0.2105263157894736,62.0,0.7741935483870968,0,15,0.0,0,1
36903,1216,1146,38,23,,,,,32400.0,,,,1.060156931124673,306.0,120.59803921568628,1,11,0.0,0,0
41,2,37,0,0,,,,1.0,,,,,0.0526315789473684,57.0,0.7192982456140351,0,14,0.0,0,1
181,5,49,0,0,1.0,,,1.0,,,,,0.1,430.0,0.4209302325581395,0,11,0.0,0,0
60,6,39,0,0,,,,1.0,,,,,0.15,62.0,0.967741935483871,0,12,0.0,0,1
44,4,35,0,0,,,,1.0,,,,,0.1111111111111111,57.0,0.7719298245614035,0,15,0.0,0,1
55,3,37,0,0,,,,1.0,,,,,0.0789473684210526,62.0,0.8870967741935484,0,15,0.0,0,1
62,0,0,0,0,,,,1.0,10800.0,,,,0.0,875.0,0.0708571428571428,1,16,0.0,0,1
63,1,41,0,0,,,,1.0,,,,,0.0238095238095238,62.0,1.0161290322580645,0,15,0.0,0,1
63,557,521,0,3,,,1.0,1.0,-14400.0,,,,1.067049808429119,2504.0,0.0251597444089456,1,12,0.0,0,1
29,291,1312,0,1,,,,,,,,,0.2216298552932216,,,0,13,0.0,0,1
2,214,678,0,0,,,,,,,,,0.3151693667157584,,,0,6,0.2,1,1
10,262,260,0,7,,,1.0,1.0,-14400.0,,,,1.003831417624521,2381.0,0.0041999160016799,1,18,0.0,0,1
1,178,605,0,0,,,,,,,,,0.2937293729372937,,,0,7,0.1818181818181818,1,1
1,39,300,0,0,,,,,,,,,0.1295681063122923,,,0,12,0.4,1,1
120,0,0,0,0,,,,1.0,10800.0,,,,0.0,875.0,0.1371428571428571,1,15,0.0,0,1
27859,919,1003,144,21,,,1.0,,-18000.0,,,,0.9153386454183268,241.0,115.59751037344398,1,19,0.0,0,0
151,19,118,10,1,1.0,,1.0,1.0,,,,,0.1596638655462184,1942.0,0.0777548918640576,1,13,0.2222222222222222,1,0
858,59,124,1194,0,1.0,,,1.0,,,,,0.472,243.0,3.5308641975308643,1,15,0.0,0,0
16799,765,1995,18796,20,,,1.0,1.0,18000.0,,,,0.3832665330661323,2078.0,8.084215591915303,1,19,0.1111111111111111,1,0
67,1,39,0,0,,,,1.0,,,,,0.025,70.0,0.9571428571428572,0,15,0.0,0,1
45,2,43,0,1,,,,1.0,,,,,0.0454545454545454,53.0,0.8490566037735849,0,14,0.0,0,1
36093,422,326,12075,7,,,,1.0,7200.0,,,,1.290519877675841,1080.0,33.419444444444444,1,3,0.0,0,0
47,2,35,0,0,,,,1.0,,,,,0.0555555555555555,58.0,0.8103448275862069,0,14,0.0,0,1
4,272,263,0,11,,,1.0,1.0,-18000.0,,,,1.0303030303030305,2207.0,0.0018124150430448,1,20,0.0,0,1
10977,687,600,5462,3,,,1.0,1.0,-28800.0,,,,1.1430948419301166,2114.0,5.192526017029328,1,11,0.0,0,0
19582,1108,998,713,43,,,,1.0,-18000.0,,,,1.1091091091091092,2230.0,8.781165919282511,1,15,0.0,0,0
4738,524,397,1594,1,1.0,,,1.0,,,,,1.3165829145728642,1267.0,3.7395422257300712,1,1,0.0,0,0
27,46,154,0,0,,,,1.0,10800.0,,,,0.2967741935483871,872.0,0.0309633027522935,1,15,0.0,0,1
127,0,0,0,0,,,,1.0,10800.0,,,,0.0,874.0,0.1453089244851258,1,14,0.0,0,1
59,5,30,0,0,,,,1.0,,,,,0.1612903225806451,71.0,0.8309859154929577,0,13,0.0,0,1
306,203,18,6407,3,1.0,,,1.0,,,,,10.68421052631579,237.0,1.2911392405063291,1,8,0.2222222222222222,1,0
63,4,43,0,0,,,,1.0,,,,,0.0909090909090909,69.0,0.9130434782608696,0,11,0.0,0,1
1,140,749,0,1,,,,,,,,,0.1866666666666666,,,0,5,0.2222222222222222,1,1
79,5,40,0,0,,,,1.0,,,,,0.1219512195121951,71.0,1.1126760563380282,0,14,0.0,0,1
14187,358,967,280,8,1.0,,1.0,1.0,-18000.0,,,,0.3698347107438016,1568.0,9.04783163265306,1,9,0.0,0,0
1,47,318,0,1,,,,,,,,,0.1473354231974921,,,0,10,0.3333333333333333,1,1
38594,6994,963,1780,86,,,,1.0,7200.0,,,,7.255186721991701,971.0,39.74665293511843,1,3,0.0,0,0
73,15,40,0,1,,,,1.0,,,,,0.3658536585365853,75.0,0.9733333333333334,0,16,0.0,0,1
6601,187,164,320,4,,,,1.0,-14400.0,,,,1.1333333333333333,1406.0,4.694879089615932,1,1,0.375,1,0
71,2,37,0,0,,,,1.0,,,,,0.0526315789473684,71.0,1.0,0,13,0.0,0,1
41690,3174,772,607,57,,,1.0,1.0,20700.0,,,,4.106080206985769,2041.0,20.42626163645272,1,14,0.0,0,0
45,7,40,0,0,,,,1.0,,,,,0.1707317073170731,68.0,0.6617647058823529,0,16,0.0,0,1
32,2,36,0,0,,,,1.0,,,,,0.054054054054054,53.0,0.6037735849056604,0,12,0.0,0,1
173,304,1349,851,2,,,,1.0,-25200.0,,,,0.2251851851851851,337.0,0.5133531157270029,1,13,0.0,0,0
309,1059,1310,0,0,,,,,,,,,0.8077803203661327,,,1,10,0.0,0,1
42,6,38,0,0,,,,1.0,,,,,0.1538461538461538,53.0,0.7924528301886793,0,13,0.0,0,1
49,1,40,0,0,,,,1.0,,,,,0.024390243902439,57.0,0.8596491228070176,0,13,0.0,0,1
730,1132,914,557,1,1.0,,1.0,1.0,,,,,1.2371584699453553,53.0,13.773584905660377,1,15,0.0,0,1
49,5,33,0,0,,,,1.0,,,,,0.1470588235294117,55.0,0.8909090909090909,0,13,0.0,0,1
47,4,40,0,0,,,,1.0,,,,,0.0975609756097561,54.0,0.8703703703703703,0,8,0.0,0,1
42,9,47,0,0,,,,1.0,,,,,0.1875,69.0,0.6086956521739131,0,14,0.0,0,1
13138,272,283,1042,0,,,1.0,1.0,-25200.0,,,,0.9577464788732394,1036.0,12.681467181467182,1,11,0.0,0,0
237,4785,5059,0,7,,,,1.0,10800.0,,,,0.9456521739130436,874.0,0.2711670480549199,1,6,0.0,0,1
47,1,37,0,1,,,,1.0,,,,,0.0263157894736842,68.0,0.6911764705882353,0,15,0.0,0,1
557,52,328,687,0,,,1.0,1.0,-28800.0,,,,0.1580547112462006,1881.0,0.2961190855927698,1,11,0.0,0,0
40,4,36,0,0,,,,1.0,,,,,0.1081081081081081,57.0,0.7017543859649122,0,14,0.0,0,1
47,309,241,0,12,,,1.0,1.0,-25200.0,,,,1.2768595041322317,1335.0,0.0352059925093632,1,18,0.0,0,1
15368,325,1530,197,8,,,1.0,1.0,43200.0,,,,0.2122795558458524,1432.0,10.731843575418994,1,5,0.0769230769230769,1,0
73,3,37,0,1,,,,1.0,,,,,0.0789473684210526,70.0,1.042857142857143,0,12,0.0,0,1
44,8,36,0,0,,,,1.0,,,,,0.2162162162162162,58.0,0.7586206896551724,0,12,0.0,0,1
34,2,37,0,0,,,,1.0,,,,,0.0526315789473684,56.0,0.6071428571428571,0,12,0.0,0,1
2205,91,187,2222,0,1.0,,1.0,1.0,,,,,0.4840425531914893,506.0,4.357707509881423,1,4,0.0769230769230769,1,0
17511,4774,3822,1031,214,,,,1.0,-18000.0,,,,1.2487575202720376,2350.0,7.451489361702127,1,13,0.0,0,0
7243,329,956,15478,11,1.0,,,1.0,,,,,0.3437826541274817,819.0,8.843711843711844,1,5,0.0,0,0
62,426,302,0,28,,,1.0,1.0,-14400.0,,,,1.405940594059406,2554.0,0.0242756460454189,1,20,0.0,0,1
44,0,0,0,0,,,,1.0,10800.0,,,,0.0,871.0,0.0505166475315729,1,13,0.0,0,1
13353,273,468,1574,5,,,,1.0,-18000.0,,,,0.582089552238806,1493.0,8.943737441393168,1,7,0.0,0,0
254,3633,3964,0,3,,,,1.0,10800.0,,,,0.9162673392181588,873.0,0.290950744558992,1,6,0.0,0,1
42,4,38,0,0,,,,1.0,,,,,0.1025641025641025,56.0,0.75,0,15,0.0,0,1
60,8,37,0,0,,,,1.0,,,,,0.2105263157894736,71.0,0.8450704225352113,0,12,0.0,0,1
26,285,277,0,20,,,1.0,1.0,-14400.0,,,,1.025179856115108,2413.0,0.0107749689183588,1,19,0.0,0,1
4504,374,1032,667,3,,,1.0,1.0,-28800.0,,,,0.3620522749273959,1455.0,3.09553264604811,1,6,0.0,0,0
9,33,306,0,0,,,,,,,,,0.1074918566775244,,,0,11,0.2307692307692307,1,1
121,417,245,0,29,,,1.0,1.0,-14400.0,,,,1.695121951219512,2558.0,0.0473025801407349,1,18,0.0,0,1
26559,326,264,7777,0,,,1.0,1.0,-10800.0,,,,1.230188679245283,690.0,38.49130434782609,1,5,0.0,0,0
1430,405,584,192,6,1.0,,,1.0,28800.0,,,,0.6923076923076923,285.0,5.017543859649122,1,16,0.0,0,0
219,601,539,0,30,,,1.0,1.0,-14400.0,,,,1.112962962962963,2505.0,0.0874251497005988,1,12,0.0,0,1
44,6,35,0,0,,,,1.0,,,,,0.1666666666666666,55.0,0.8,0,14,0.0,0,1
1314,369,1223,811,2,1.0,,1.0,1.0,-25200.0,,,,0.3014705882352941,1240.0,1.0596774193548386,1,4,0.0,0,0
4,265,260,0,2,,,1.0,1.0,-25200.0,,,,1.0153256704980842,1692.0,0.0023640661938534,1,18,0.0,0,1
11895,1007,1241,1,6,,,,1.0,-14400.0,,,,0.8107890499194848,1028.0,11.571011673151752,1,16,0.0,0,1
8213,642,675,18265,5,,,1.0,1.0,-10800.0,,,,0.9497041420118344,523.0,15.703632887189292,1,4,0.0,0,0
58821,1540,596,11751,209,,,,1.0,10800.0,,,,2.579564489112228,1555.0,37.82700964630225,1,12,0.0,0,1
29628,3298,2808,617,31,,,,1.0,-25200.0,,,,1.1740833036667853,970.0,30.544329896907215,1,12,0.0,0,0
232,315,246,0,21,,,1.0,1.0,-14400.0,,,,1.2753036437246963,2571.0,0.0902372617658498,1,17,0.0,0,1
4130,79,264,75,2,,,,1.0,18000.0,,,,0.2981132075471698,1132.0,3.648409893992933,1,18,0.0,0,0
4990,368,281,4189,1,,,,,-25200.0,,,,1.3049645390070923,1478.0,3.3761840324763197,1,6,0.0,0,0
72,5,44,0,0,,,,1.0,,,,,0.1111111111111111,69.0,1.0434782608695652,0,13,0.0,0,1
42,3,41,0,0,,,,1.0,,,,,0.0714285714285714,54.0,0.7777777777777778,0,14,0.0,0,1
1,88,495,0,0,,,,,,,,,0.1774193548387097,,,0,5,0.2222222222222222,1,1
74,5,46,0,0,,,,1.0,,,,,0.1063829787234042,74.0,1.0,0,13,0.0,0,1
57,6,39,0,0,,,,1.0,,,,,0.15,71.0,0.8028169014084507,0,15,0.0,0,1
67,4,41,0,0,,,,1.0,,,,,0.0952380952380952,63.0,1.0634920634920637,0,16,0.0,0,1
18,56,975,0,0,,,,,,,,,0.0573770491803278,,,0,13,0.0,0,1
5,14,180,0,0,,,,,,,,,0.0773480662983425,,,0,12,0.2727272727272727,1,1
50,8,40,0,0,,,,1.0,,,,,0.1951219512195122,73.0,0.684931506849315,0,14,0.0,0,1
32,304,278,0,0,,,1.0,1.0,-25200.0,,,,1.0896057347670252,1424.0,0.0224719101123595,1,15,0.0,0,1
75,623,535,0,47,,,,1.0,-14400.0,,,,1.162313432835821,2505.0,0.029940119760479,1,12,0.0,0,1
47,589,530,0,5,,,1.0,1.0,-14400.0,,,,1.1092278719397364,2489.0,0.0188830855765367,1,15,0.0,0,1
30,34,917,0,1,,,,,,,,,0.037037037037037,,,1,16,0.0,0,1
83,597,505,0,55,,,1.0,1.0,-14400.0,,,,1.1798418972332017,2492.0,0.03330658105939,1,12,0.0,0,1
8234,536,397,2684,0,,,1.0,1.0,-18000.0,,,,1.3467336683417086,1376.0,5.984011627906977,1,10,0.0,0,0
394,5718,5521,0,4,,,,1.0,10800.0,,,,1.0354943860919956,873.0,0.4513172966781214,1,5,0.0,0,1
77,9,39,0,0,,,,1.0,,,,,0.225,71.0,1.0845070422535212,0,11,0.0,0,1
1,196,177,0,2,,,1.0,1.0,-14400.0,,,,1.101123595505618,2568.0,0.0003894080996884,1,18,0.0,0,1
57,9,40,0,0,,,,1.0,,,,,0.2195121951219512,68.0,0.8382352941176471,0,15,0.0,0,1
85,3,38,0,0,,,,1.0,,,,,0.0769230769230769,73.0,1.1643835616438356,0,10,0.0,0,1
13382,397,519,168,8,,,,,-14400.0,,,,0.7634615384615384,2177.0,6.146991272393202,1,12,0.0,0,0
2,47,1441,0,1,,,,,,,,,0.0325936199722607,,,0,12,0.0769230769230769,1,1
9,7,28,0,0,,,,1.0,,,,,0.2413793103448276,2009.0,0.0044798407167745,0,14,0.0,0,0
13234,590,585,16745,18,,,1.0,1.0,43200.0,,,,1.006825938566553,1400.0,9.452857142857145,1,4,0.0,0,0
1,294,290,0,1,,,1.0,1.0,-14400.0,,,,1.0103092783505154,2562.0,0.0003903200624512,1,18,0.0,0,1
61,8,34,0,0,,,,1.0,,,,,0.2285714285714285,71.0,0.8591549295774648,0,12,0.0,0,1
48,2,34,0,0,,,,1.0,,,,,0.0571428571428571,65.0,0.7384615384615385,0,15,0.0,0,1
3600,183,135,415,2,,,1.0,1.0,-28800.0,,,,1.3455882352941178,1743.0,2.0654044750430294,1,17,0.0,0,0
67,3,49,0,0,,,,1.0,,,,,0.06,62.0,1.0806451612903225,0,10,0.0,0,1
35,8,36,0,0,,,,1.0,,,,,0.2162162162162162,57.0,0.6140350877192983,0,13,0.0,0,1
69,6,41,0,0,,,,1.0,,,,,0.1428571428571428,70.0,0.9857142857142858,0,15,0.0,0,1
59,1,28,0,0,,,,1.0,,,,,0.0344827586206896,75.0,0.7866666666666666,0,13,0.0,0,1
65562,837,834,2103,6,,,1.0,1.0,-14400.0,,1.0,,1.0023952095808384,2174.0,30.157313707451703,1,18,0.0,0,0
109,14,159,0,0,,,,1.0,,,,,0.0875,153.0,0.7124183006535948,0,14,0.0,0,1
66,21,40,0,0,,,,1.0,,,,,0.5121951219512195,72.0,0.9166666666666666,0,11,0.0,0,1
77,5,37,0,0,,,,1.0,,,,,0.131578947368421,72.0,1.0694444444444444,0,13,0.0,0,1
605,154,270,920,0,1.0,,1.0,1.0,,,,,0.5682656826568265,460.0,1.315217391304348,1,16,0.0,0,0
4535,263,91,4435,1,1.0,,,1.0,,,,,2.858695652173913,87.0,52.12643678160919,1,11,0.0,0,0
1899,424,316,5,3,,,1.0,1.0,,,,,1.337539432176656,2218.0,0.8561767357980162,1,9,0.0,0,0
42,4,38,0,0,,,,1.0,,,,,0.1025641025641025,53.0,0.7924528301886793,0,10,0.0,0,1
2,302,263,0,13,,,1.0,1.0,-18000.0,,,,1.143939393939394,2206.0,0.0009066183136899,1,20,0.0,0,1
3,54,1476,0,0,,,,,,,,,0.0365605958023019,,,0,8,0.0769230769230769,1,1
116,4,0,0,0,,,,1.0,10800.0,,,,4.0,869.0,0.1334867663981588,1,12,0.1538461538461538,1,1
66,6,41,0,0,,,,1.0,,,,,0.1428571428571428,70.0,0.9428571428571428,0,10,0.0,0,1
64,2,40,0,0,,,,1.0,,,,,0.048780487804878,71.0,0.9014084507042254,0,15,0.0,0,1
35421,786,718,10463,47,,,,1.0,32400.0,,,,1.0931849791376913,2136.0,16.582865168539325,0,17,0.0,0,0
21537,2622,1231,5837,63,,,1.0,1.0,-18000.0,,,,2.1282467532467533,2449.0,8.794201714985709,0,9,0.0,0,0
328,78,885,0,0,,,,1.0,,,,,0.0880361173814898,72.0,4.555555555555555,0,14,0.0,0,1
67,0,0,0,0,,,,1.0,,,,,0.0,72.0,0.9305555555555556,0,14,0.0,0,1
61,4,39,0,0,,,,1.0,,,,,0.1,62.0,0.9838709677419356,0,12,0.0,0,1
1339,126,194,2495,1,,,,1.0,-14400.0,,,,0.6461538461538462,279.0,4.799283154121864,1,3,0.0,0,0
1126,908,1492,0,1,1.0,,,1.0,10800.0,,,,0.608171466845278,450.0,2.502222222222222,1,10,0.0,0,1
224,666,528,0,30,,,1.0,1.0,-14400.0,,,,1.2589792060491494,2489.0,0.0899959823222177,1,15,0.0,0,1
20500,249,219,7458,0,1.0,,,1.0,,,,,1.1318181818181818,502.0,40.83665338645418,1,3,0.0,0,0
1,106,654,0,0,,,,,,,,,0.1618320610687023,,,0,5,0.2222222222222222,1,1
5194,247,177,3173,0,,,1.0,1.0,-18000.0,,1.0,,1.3876404494382022,1283.0,4.048324240062354,0,1,0.0,0,0
25,298,252,0,5,,,1.0,1.0,-14400.0,,,,1.1778656126482214,2557.0,0.0097770825185764,1,18,0.0,0,1
60,6,43,0,0,,,,1.0,,,,,0.1363636363636363,61.0,0.9836065573770492,0,15,0.0,0,1
11735,759,1678,1,4,,,,1.0,-14400.0,,,,0.4520547945205479,1195.0,9.820083682008368,1,18,0.0,0,1
43,6,42,0,0,,,,1.0,,,,,0.1395348837209302,69.0,0.6231884057971014,0,12,0.0,0,1
2461,325,205,12164,1,,,,1.0,-7200.0,,,,1.577669902912621,580.0,4.243103448275862,1,18,0.0,0,0
70,6,39,0,0,,,,1.0,,,,,0.15,75.0,0.9333333333333332,0,13,0.0,0,1
9483,259,619,2597,3,1.0,,1.0,1.0,,,,,0.4177419354838709,1031.0,9.197866149369544,1,9,0.0,0,0
63,769,1982,0,2,,,,,,,,,0.3877962682803832,,,0,7,0.0,0,1
2079,429,315,705,0,,,1.0,1.0,-21600.0,,,,1.3575949367088609,2142.0,0.9705882352941176,1,12,0.0,0,0
44,3,33,0,0,,,,1.0,,,,,0.088235294117647,53.0,0.8301886792452831,0,15,0.0,0,1
72,6,38,0,0,,,,1.0,,,,,0.1538461538461538,72.0,1.0,0,13,0.0,0,1
4242,1582,1500,2675,2,,,1.0,1.0,28800.0,,,,1.053964023984011,1098.0,3.863387978142077,1,17,0.0,0,0
38,591,532,0,11,,,1.0,1.0,-14400.0,,,,1.1088180112570356,2505.0,0.0151696606786427,1,12,0.0,0,1
59,9,39,0,0,,,,1.0,,,,,0.225,69.0,0.855072463768116,0,15,0.0,0,1
40,0,0,0,0,,,,1.0,10800.0,,,,0.0,799.0,0.0500625782227784,1,13,0.0,0,1
33279,900,600,31879,1,,,1.0,,,,,,1.497504159733777,930.0,35.78387096774193,1,6,0.0,0,0
81,7,44,0,1,,,,1.0,,,,,0.1555555555555555,75.0,1.08,0,13,0.0,0,1
415,5763,5968,0,9,,,,1.0,7200.0,,,,0.965488356508628,715.0,0.5804195804195804,1,13,0.0,0,1
1409,1823,1823,831,0,,,1.0,1.0,,,,,0.9994517543859648,933.0,1.510182207931404,1,6,0.0,0,0
53,3,42,0,0,,,,1.0,,,,,0.0697674418604651,66.0,0.803030303030303,0,12,0.0,0,1
39,766,1947,0,7,,,,,,,,,0.3932238193018481,,,0,12,0.1538461538461538,1,1
70,8,39,0,0,,,,1.0,,,,,0.2,73.0,0.958904109589041,0,15,0.0,0,1
19140,455,336,7048,0,,,1.0,1.0,-25200.0,,,,1.3501483679525224,1014.0,18.87573964497041,1,6,0.0,0,0
8922,26510,581,1595,26,,,,1.0,-36000.0,,,,45.54982817869416,2009.0,4.4410154305624685,1,14,0.0,0,0
48,7,40,0,0,,,,1.0,,,,,0.1707317073170731,69.0,0.6956521739130435,0,12,0.0,0,1
42,10,45,0,0,,,,1.0,,,,,0.217391304347826,69.0,0.6086956521739131,0,12,0.0,0,1
59,2,36,0,0,,,,1.0,,,,,0.054054054054054,73.0,0.8082191780821918,0,11,0.0,0,1
79,2,42,0,0,,,,1.0,,,,,0.0465116279069767,73.0,1.082191780821918,0,16,0.0,0,1
2916,144,115,2358,2,,,,1.0,28800.0,,,,1.2413793103448276,1775.0,1.6428169014084506,0,16,0.0,0,0
1,142,516,0,1,,,,,,,,,0.2746615087040619,,,0,5,0.2222222222222222,1,1
61237,481,504,2532,8,,,1.0,1.0,-18000.0,,,,0.9524752475247524,1415.0,43.27703180212014,1,6,0.0,0,0
385,460,19,1,9,,,,1.0,-25200.0,,,,23.0,317.0,1.2145110410094635,1,14,0.0,0,0
6095,816,643,4002,3,1.0,,1.0,1.0,,,,,1.2670807453416149,1058.0,5.760869565217392,1,5,0.0,0,0
246,459,324,0,29,,,1.0,1.0,-14400.0,,,,1.4123076923076925,2554.0,0.0963194988253719,1,15,0.0,0,1
285,13,38,0,0,1.0,,,1.0,,,,,0.3333333333333333,42.0,6.785714285714286,1,9,0.0,0,1
22,0,0,0,0,,,,1.0,10800.0,,,,0.0,796.0,0.0276381909547738,1,15,0.0,0,1
6492,532,759,2640,27,1.0,,1.0,1.0,-25200.0,,,,0.7,1255.0,5.172908366533864,1,15,0.0,0,0
152,155,449,0,1,,,,,,,,,0.3444444444444444,,,0,12,0.1538461538461538,1,1
13825,285,100,8089,1,1.0,,,1.0,-10800.0,,,,2.8217821782178216,1284.0,10.767133956386292,1,4,0.0,0,0
34,4,36,0,0,,,,1.0,,,,,0.1081081081081081,57.0,0.5964912280701754,0,13,0.0,0,1
58,3,44,0,0,,,,1.0,,,,,0.0666666666666666,65.0,0.8923076923076924,0,14,0.0,0,1
1157,112,106,361,0,1.0,,1.0,1.0,,,,,1.0467289719626167,211.0,5.483412322274882,1,8,0.0,0,0
76,19,47,0,1,,,,1.0,,,,,0.3958333333333333,72.0,1.0555555555555556,0,13,0.0,0,1
56,13,39,0,0,,,,1.0,,,,,0.325,70.0,0.8,0,14,0.0,0,1
15587,39,15,18,4,1.0,,,1.0,,,,,2.4375,107.0,145.6728971962617,0,13,0.0,0,0
43,8,39,0,0,,,,1.0,,,,,0.2,59.0,0.7288135593220338,0,12,0.0,0,1
47,7,36,0,0,,,,1.0,,,,,0.1891891891891892,57.0,0.8245614035087719,0,13,0.0,0,1
22,0,0,0,0,,,,1.0,10800.0,,,,0.0,874.0,0.0251716247139588,1,13,0.0,0,1
43,4,35,0,1,,,,1.0,,,,,0.1111111111111111,68.0,0.6323529411764706,0,12,0.0,0,1
734,839,540,0,54,,,1.0,1.0,-14400.0,,,,1.5508317929759703,2489.0,0.2948975492165528,1,17,0.0,0,1
2426,78,268,353,3,1.0,,1.0,1.0,-18000.0,,,,0.2899628252788104,2140.0,1.1336448598130842,1,13,0.1818181818181818,1,0
1,150,527,0,0,,,,,,,,,0.2840909090909091,,,0,5,0.3333333333333333,1,1
23875,2134,654,241,8,1.0,,,1.0,-14400.0,,,,3.2580152671755727,807.0,29.58488228004957,1,20,0.0,0,0
14898,502,653,4535,5,,,,1.0,-10800.0,,,,0.7675840978593272,1427.0,10.440084092501753,1,8,0.0,0,0
274,407,247,0,27,,,1.0,1.0,-18000.0,,,,1.6411290322580645,2400.0,0.1141666666666666,1,17,0.0,0,1
1,315,295,0,7,,,1.0,1.0,,,,,1.0641891891891893,2176.0,0.0004595588235294,1,17,0.0,0,1
1922,2151,531,1399,69,1.0,,1.0,1.0,-18000.0,,,,4.043233082706767,830.0,2.31566265060241,1,12,0.0,0,0
6643,373,1716,1052,4,,,1.0,1.0,-25200.0,,,,0.2172393709959231,1474.0,4.506784260515603,1,10,0.0,0,0
3268,141,311,39,2,1.0,,,1.0,-14400.0,,,,0.4519230769230769,1660.0,1.9686746987951809,1,12,0.0,0,0
45,521,496,0,22,,,1.0,1.0,-14400.0,,,,1.0482897384305836,2415.0,0.0186335403726708,1,12,0.0,0,1
436,5825,6223,0,8,,,,1.0,10800.0,,,,0.9358933161953727,718.0,0.6072423398328691,1,12,0.0,0,1
124,370,480,0,0,,,,1.0,10800.0,,,,0.7692307692307693,873.0,0.1420389461626575,1,16,0.0,0,1
12323,389,164,6449,5,,,,,-14400.0,,,,2.357575757575757,271.0,45.47232472324723,0,4,0.0,0,0
139,102,209,3,0,,,,1.0,,,,,0.4857142857142857,161.0,0.8633540372670807,0,12,0.0,0,1
482,4486,4935,0,5,,,,1.0,,,,,0.9088330632090762,910.0,0.5296703296703297,1,11,0.0,0,1
428,6463,6602,0,12,1.0,,,1.0,10800.0,,,,0.9787975162804786,718.0,0.596100278551532,1,4,0.1,1,1
299,32,196,13,7,,,1.0,1.0,-18000.0,,,,0.1624365482233502,2143.0,0.1395240317312179,1,6,0.0,0,0
2690,261,359,846,1,,,1.0,1.0,-18000.0,,,,0.725,1146.0,2.347294938917976,1,6,0.3636363636363636,1,0
48,4,38,0,2,,,,1.0,,,,,0.1025641025641025,55.0,0.8727272727272727,0,12,0.0,0,1
4862,1989,2318,0,28,,,,,,,,,0.8576972833117723,,,0,18,0.0,0,1
22,621,494,0,26,,,1.0,1.0,-14400.0,,,,1.2545454545454546,2368.0,0.0092905405405405,1,16,0.0,0,1
2831,887,1598,52,5,,,1.0,1.0,-18000.0,,,,0.5547217010631644,2547.0,1.1115037298782882,1,8,0.0,0,0
3697,203,217,2459,2,,,,1.0,-14400.0,,,,0.9311926605504588,1861.0,1.986566362170876,1,12,0.2,1,0
56,7,38,0,0,,,,1.0,,,,,0.1794871794871795,66.0,0.8484848484848485,0,12,0.0,0,1
4,55,87,0,4,,,1.0,1.0,-25200.0,,,,0.625,1281.0,0.0031225604996096,1,19,0.0,0,1
498,154,335,718,5,,,1.0,1.0,,,,,0.4583333333333333,2062.0,0.2415130940834141,1,12,0.0,0,0
109,122,229,211,0,1.0,,1.0,1.0,,,,,0.5304347826086957,122.0,0.8934426229508197,0,5,0.0,0,0
52,7,42,0,0,,,,1.0,,,,,0.1627906976744186,61.0,0.8524590163934426,0,15,0.0,0,1
1671,167,176,10708,0,1.0,,1.0,1.0,-14400.0,,,,0.943502824858757,925.0,1.8064864864864865,1,18,0.1428571428571428,1,0
74,6,47,0,0,,,,1.0,,,,,0.125,74.0,1.0,0,12,0.0,0,1
1137,680,825,0,0,1.0,,,1.0,10800.0,,,,0.8232445520581114,450.0,2.526666666666667,0,7,0.0,0,1
53,10,39,0,1,,,,1.0,,,,,0.25,61.0,0.8688524590163934,0,13,0.0,0,1
60,2,38,0,0,,,,1.0,,,,,0.0512820512820512,70.0,0.8571428571428571,0,13,0.0,0,1
47,3,34,0,0,,,,1.0,,,,,0.0857142857142857,55.0,0.8545454545454545,0,13,0.0,0,1
73,659,537,0,11,,,1.0,1.0,-14400.0,,,,1.224907063197026,2505.0,0.0291417165668662,1,12,0.0,0,1
65,279,265,0,14,,,1.0,1.0,-14400.0,,,,1.0488721804511278,2381.0,0.0272994540109197,1,18,0.0,0,1
76,4,42,0,0,,,,1.0,,,,,0.0930232558139534,73.0,1.0410958904109588,0,14,0.0,0,1
8431,484,475,4318,1,,,1.0,1.0,28800.0,,,,1.0168067226890756,1146.0,7.356893542757417,1,10,0.0,0,0
5301,9358,6865,2,329,,,1.0,,,,,,1.3629478590154385,,,1,16,0.0,0,1
11028,340,1744,1,0,1.0,,,1.0,,,,,0.1948424068767908,520.0,21.20769230769231,1,16,0.0,0,1
11900,654,1756,1,2,,,,1.0,-18000.0,,,,0.3722253841775754,1032.0,11.531007751937985,1,14,0.0,0,1
4707,761,1387,5,2,1.0,,,1.0,-25200.0,,,,0.5482708933717579,973.0,4.837615621788284,1,8,0.1333333333333333,1,0
65,9,45,0,0,,,,1.0,,,,,0.1956521739130435,61.0,1.0655737704918034,0,9,0.0,0,1
22769,657,398,16705,1,1.0,,,1.0,-18000.0,,,,1.6466165413533835,603.0,37.759535655058045,1,8,0.0,0,0
150,962,1990,1,6,,,1.0,,,,,,0.4831742842792566,,,1,5,0.1666666666666666,1,1
127,335,408,0,1,,,,1.0,10800.0,,,,0.8190709046454768,874.0,0.1453089244851258,1,13,0.0,0,1
283,4497,4666,0,4,,,,1.0,10800.0,,,,0.963574030426398,873.0,0.3241695303550974,1,8,0.0,0,1
53800,1330,729,934,6,,,,1.0,-25200.0,,,,1.821917808219178,1585.0,33.943217665615144,1,8,0.0,0,0
1179,996,1557,0,2,1.0,,,1.0,10800.0,,,,0.6392811296534018,450.0,2.62,0,7,0.0,0,1
704,236,445,104,14,,,1.0,1.0,-25200.0,,,,0.5291479820627802,2344.0,0.3003412969283277,1,15,0.0,0,0
302,5149,5484,0,6,,,,1.0,10800.0,,,,0.9387420237010028,874.0,0.3455377574370709,1,5,0.0,0,1
102,377,252,0,4,,,1.0,1.0,-14400.0,,,,1.4901185770750989,2554.0,0.0399373531714956,1,18,0.0,0,1
44,5,38,0,0,,,,1.0,,,,,0.1282051282051282,59.0,0.7457627118644068,0,10,0.0,0,1
73,529,1969,0,7,,,,,,,,,0.2685279187817259,,,0,13,0.0,0,1
